id,task_id,difficulty_tier,example_index,prompt,surface_format,indexing_scheme,instance_canonical_json,reference_solution_canonical_json,reference_objective_value,instance_surface_json,reference_solution_surface_json
PCENTER_M_001,PCENTER,M,1,"On a map of the neighborhood the job is to pick a set number of bike parking hubs from a bunch of candidate spots and make sure every intersection is linked to a single open hub — nothing omitted and no intersection assigned to more than one hub. The way success is judged is by the longest walk anyone has to take: for each intersection record its walk to its hub, take the maximum of those walks, and aim to minimize that maximum. The concrete site list and distance numbers come next.

{
  ""num_candidate_sites"": 14,
  ""num_hubs_to_open"": 1,
  ""intersection_ids"": [
    ""A"",
    ""B"",
    ""C"",
    ""D"",
    ""E"",
    ""F"",
    ""G"",
    ""H"",
    ""I"",
    ""J"",
    ""K"",
    ""L"",
    ""M"",
    ""N""
  ],
  ""data"": [
    {
      ""from_intersection_id"": ""A"",
      ""to_intersection_id"": ""B"",
      ""walking_distance"": 46
    },
    {
      ""from_intersection_id"": ""A"",
      ""to_intersection_id"": ""C"",
      ""walking_distance"": 65
    },
    {
      ""from_intersection_id"": ""A"",
      ""to_intersection_id"": ""D"",
      ""walking_distance"": 54
    },
    {
      ""from_intersection_id"": ""A"",
      ""to_intersection_id"": ""E"",
      ""walking_distance"": 49
    },
    {
      ""from_intersection_id"": ""A"",
      ""to_intersection_id"": ""F"",
      ""walking_distance"": 31
    },
    {
      ""from_intersection_id"": ""A"",
      ""to_intersection_id"": ""G"",
      ""walking_distance"": 25
    },
    {
      ""from_intersection_id"": ""A"",
      ""to_intersection_id"": ""H"",
      ""walking_distance"": 34
    },
    {
      ""from_intersection_id"": ""A"",
      ""to_intersection_id"": ""I"",
      ""walking_distance"": 53
    },
    {
      ""from_intersection_id"": ""A"",
      ""to_intersection_id"": ""J"",
      ""walking_distance"": 63
    },
    {
      ""from_intersection_id"": ""A"",
      ""to_intersection_id"": ""K"",
      ""walking_distance"": 66
    },
    {
      ""from_intersection_id"": ""A"",
      ""to_intersection_id"": ""L"",
      ""walking_distance"": 47
    },
    {
      ""from_intersection_id"": ""A"",
      ""to_intersection_id"": ""M"",
      ""walking_distance"": 21
    },
    {
      ""from_intersection_id"": ""A"",
      ""to_intersection_id"": ""N"",
      ""walking_distance"": 51
    },
    {
      ""from_intersection_id"": ""B"",
      ""to_intersection_id"": ""A"",
      ""walking_distance"": 46
    },
    {
      ""from_intersection_id"": ""B"",
      ""to_intersection_id"": ""C"",
      ""walking_distance"": 46
    },
    {
      ""from_intersection_id"": ""B"",
      ""to_intersection_id"": ""D"",
      ""walking_distance"": 75
    },
    {
      ""from_intersection_id"": ""B"",
      ""to_intersection_id"": ""E"",
      ""walking_distance"": 73
    },
    {
      ""from_intersection_id"": ""B"",
      ""to_intersection_id"": ""F"",
      ""walking_distance"": 56
    },
    {
      ""from_intersection_id"": ""B"",
      ""to_intersection_id"": ""G"",
      ""walking_distance"": 71
    },
    {
      ""from_intersection_id"": ""B"",
      ""to_intersection_id"": ""H"",
      ""walking_distance"": 55
    },
    {
      ""from_intersection_id"": ""B"",
      ""to_intersection_id"": ""I"",
      ""walking_distance"": 77
    },
    {
      ""from_intersection_id"": ""B"",
      ""to_intersection_id"": ""J"",
      ""walking_distance"": 79
    },
    {
      ""from_intersection_id"": ""B"",
      ""to_intersection_id"": ""K"",
      ""walking_distance"": 79
    },
    {
      ""from_intersection_id"": ""B"",
      ""to_intersection_id"": ""L"",
      ""walking_distance"": 61
    },
    {
      ""from_intersection_id"": ""B"",
      ""to_intersection_id"": ""M"",
      ""walking_distance"": 63
    },
    {
      ""from_intersection_id"": ""B"",
      ""to_intersection_id"": ""N"",
      ""walking_distance"": 69
    },
    {
      ""from_intersection_id"": ""C"",
      ""to_intersection_id"": ""A"",
      ""walking_distance"": 65
    },
    {
      ""from_intersection_id"": ""C"",
      ""to_intersection_id"": ""B"",
      ""walking_distance"": 46
    },
    {
      ""from_intersection_id"": ""C"",
      ""to_intersection_id"": ""D"",
      ""walking_distance"": 79
    },
    {
      ""from_intersection_id"": ""C"",
      ""to_intersection_id"": ""E"",
      ""walking_distance"": 52
    },
    {
      ""from_intersection_id"": ""C"",
      ""to_intersection_id"": ""F"",
      ""walking_distance"": 38
    },
    {
      ""from_intersection_id"": ""C"",
      ""to_intersection_id"": ""G"",
      ""walking_distance"": 54
    },
    {
      ""from_intersection_id"": ""C"",
      ""to_intersection_id"": ""H"",
      ""walking_distance"": 57
    },
    {
      ""from_intersection_id"": ""C"",
      ""to_intersection_id"": ""I"",
      ""walking_distance"": 64
    },
    {
      ""from_intersection_id"": ""C"",
      ""to_intersection_id"": ""J"",
      ""walking_distance"": 52
    },
    {
      ""from_intersection_id"": ""C"",
      ""to_intersection_id"": ""K"",
      ""walking_distance"": 42
    },
    {
      ""from_intersection_id"": ""C"",
      ""to_intersection_id"": ""L"",
      ""walking_distance"": 50
    },
    {
      ""from_intersection_id"": ""C"",
      ""to_intersection_id"": ""M"",
      ""walking_distance"": 46
    },
    {
      ""from_intersection_id"": ""C"",
      ""to_intersection_id"": ""N"",
      ""walking_distance"": 72
    },
    {
      ""from_intersection_id"": ""D"",
      ""to_intersection_id"": ""A"",
      ""walking_distance"": 54
    },
    {
      ""from_intersection_id"": ""D"",
      ""to_intersection_id"": ""B"",
      ""walking_distance"": 75
    },
    {
      ""from_intersection_id"": ""D"",
      ""to_intersection_id"": ""C"",
      ""walking_distance"": 79
    },
    {
      ""from_intersection_id"": ""D"",
      ""to_intersection_id"": ""E"",
      ""walking_distance"": 65
    },
    {
      ""from_intersection_id"": ""D"",
      ""to_intersection_id"": ""F"",
      ""walking_distance"": 64
    },
    {
      ""from_intersection_id"": ""D"",
      ""to_intersection_id"": ""G"",
      ""walking_distance"": 51
    },
    {
      ""from_intersection_id"": ""D"",
      ""to_intersection_id"": ""H"",
      ""walking_distance"": 58
    },
    {
      ""from_intersection_id"": ""D"",
      ""to_intersection_id"": ""I"",
      ""walking_distance"": 69
    },
    {
      ""from_intersection_id"": ""D"",
      ""to_intersection_id"": ""J"",
      ""walking_distance"": 58
    },
    {
      ""from_intersection_id"": ""D"",
      ""to_intersection_id"": ""K"",
      ""walking_distance"": 58
    },
    {
      ""from_intersection_id"": ""D"",
      ""to_intersection_id"": ""L"",
      ""walking_distance"": 62
    },
    {
      ""from_intersection_id"": ""D"",
      ""to_intersection_id"": ""M"",
      ""walking_distance"": 54
    },
    {
      ""from_intersection_id"": ""D"",
      ""to_intersection_id"": ""N"",
      ""walking_distance"": 60
    },
    {
      ""from_intersection_id"": ""E"",
      ""to_intersection_id"": ""A"",
      ""walking_distance"": 49
    },
    {
      ""from_intersection_id"": ""E"",
      ""to_intersection_id"": ""B"",
      ""walking_distance"": 73
    },
    {
      ""from_intersection_id"": ""E"",
      ""to_intersection_id"": ""C"",
      ""walking_distance"": 52
    },
    {
      ""from_intersection_id"": ""E"",
      ""to_intersection_id"": ""D"",
      ""walking_distance"": 65
    },
    {
      ""from_intersection_id"": ""E"",
      ""to_intersection_id"": ""F"",
      ""walking_distance"": 36
    },
    {
      ""from_intersection_id"": ""E"",
      ""to_intersection_id"": ""G"",
      ""walking_distance"": 52
    },
    {
      ""from_intersection_id"": ""E"",
      ""to_intersection_id"": ""H"",
      ""walking_distance"": 63
    },
    {
      ""from_intersection_id"": ""E"",
      ""to_intersection_id"": ""I"",
      ""walking_distance"": 12
    },
    {
      ""from_intersection_id"": ""E"",
      ""to_intersection_id"": ""J"",
      ""walking_distance"": 69
    },
    {
      ""from_intersection_id"": ""E"",
      ""to_intersection_id"": ""K"",
      ""walking_distance"": 74
    },
    {
      ""from_intersection_id"": ""E"",
      ""to_intersection_id"": ""L"",
      ""walking_distance"": 57
    },
    {
      ""from_intersection_id"": ""E"",
      ""to_intersection_id"": ""M"",
      ""walking_distance"": 46
    },
    {
      ""from_intersection_id"": ""E"",
      ""to_intersection_id"": ""N"",
      ""walking_distance"": 49
    },
    {
      ""from_intersection_id"": ""F"",
      ""to_intersection_id"": ""A"",
      ""walking_distance"": 31
    },
    {
      ""from_intersection_id"": ""F"",
      ""to_intersection_id"": ""B"",
      ""walking_distance"": 56
    },
    {
      ""from_intersection_id"": ""F"",
      ""to_intersection_id"": ""C"",
      ""walking_distance"": 38
    },
    {
      ""from_intersection_id"": ""F"",
      ""to_intersection_id"": ""D"",
      ""walking_distance"": 64
    },
    {
      ""from_intersection_id"": ""F"",
      ""to_intersection_id"": ""E"",
      ""walking_distance"": 36
    },
    {
      ""from_intersection_id"": ""F"",
      ""to_intersection_id"": ""G"",
      ""walking_distance"": 52
    },
    {
      ""from_intersection_id"": ""F"",
      ""to_intersection_id"": ""H"",
      ""walking_distance"": 37
    },
    {
      ""from_intersection_id"": ""F"",
      ""to_intersection_id"": ""I"",
      ""walking_distance"": 48
    },
    {
      ""from_intersection_id"": ""F"",
      ""to_intersection_id"": ""J"",
      ""walking_distance"": 58
    },
    {
      ""from_intersection_id"": ""F"",
      ""to_intersection_id"": ""K"",
      ""walking_distance"": 45
    },
    {
      ""from_intersection_id"": ""F"",
      ""to_intersection_id"": ""L"",
      ""walking_distance"": 27
    },
    {
      ""from_intersection_id"": ""F"",
      ""to_intersection_id"": ""M"",
      ""walking_distance"": 10
    },
    {
      ""from_intersection_id"": ""F"",
      ""to_intersection_id"": ""N"",
      ""walking_distance"": 40
    },
    {
      ""from_intersection_id"": ""G"",
      ""to_intersection_id"": ""A"",
      ""walking_distance"": 25
    },
    {
      ""from_intersection_id"": ""G"",
      ""to_intersection_id"": ""B"",
      ""walking_distance"": 71
    },
    {
      ""from_intersection_id"": ""G"",
      ""to_intersection_id"": ""C"",
      ""walking_distance"": 54
    },
    {
      ""from_intersection_id"": ""G"",
      ""to_intersection_id"": ""D"",
      ""walking_distance"": 51
    },
    {
      ""from_intersection_id"": ""G"",
      ""to_intersection_id"": ""E"",
      ""walking_distance"": 52
    },
    {
      ""from_intersection_id"": ""G"",
      ""to_intersection_id"": ""F"",
      ""walking_distance"": 52
    },
    {
      ""from_intersection_id"": ""G"",
      ""to_intersection_id"": ""H"",
      ""walking_distance"": 59
    },
    {
      ""from_intersection_id"": ""G"",
      ""to_intersection_id"": ""I"",
      ""walking_distance"": 64
    },
    {
      ""from_intersection_id"": ""G"",
      ""to_intersection_id"": ""J"",
      ""walking_distance"": 56
    },
    {
      ""from_intersection_id"": ""G"",
      ""to_intersection_id"": ""K"",
      ""walking_distance"": 41
    },
    {
      ""from_intersection_id"": ""G"",
      ""to_intersection_id"": ""L"",
      ""walking_distance"": 50
    },
    {
      ""from_intersection_id"": ""G"",
      ""to_intersection_id"": ""M"",
      ""walking_distance"": 43
    },
    {
      ""from_intersection_id"": ""G"",
      ""to_intersection_id"": ""N"",
      ""walking_distance"": 26
    },
    {
      ""from_intersection_id"": ""H"",
      ""to_intersection_id"": ""A"",
      ""walking_distance"": 34
    },
    {
      ""from_intersection_id"": ""H"",
      ""to_intersection_id"": ""B"",
      ""walking_distance"": 55
    },
    {
      ""from_intersection_id"": ""H"",
      ""to_intersection_id"": ""C"",
      ""walking_distance"": 57
    },
    {
      ""from_intersection_id"": ""H"",
      ""to_intersection_id"": ""D"",
      ""walking_distance"": 58
    },
    {
      ""from_intersection_id"": ""H"",
      ""to_intersection_id"": ""E"",
      ""walking_distance"": 63
    },
    {
      ""from_intersection_id"": ""H"",
      ""to_intersection_id"": ""F"",
      ""walking_distance"": 37
    },
    {
      ""from_intersection_id"": ""H"",
      ""to_intersection_id"": ""G"",
      ""walking_distance"": 59
    },
    {
      ""from_intersection_id"": ""H"",
      ""to_intersection_id"": ""I"",
      ""walking_distance"": 67
    },
    {
      ""from_intersection_id"": ""H"",
      ""to_intersection_id"": ""J"",
      ""walking_distance"": 39
    },
    {
      ""from_intersection_id"": ""H"",
      ""to_intersection_id"": ""K"",
      ""walking_distance"": 62
    },
    {
      ""from_intersection_id"": ""H"",
      ""to_intersection_id"": ""L"",
      ""walking_distance"": 53
    },
    {
      ""from_intersection_id"": ""H"",
      ""to_intersection_id"": ""M"",
      ""walking_distance"": 27
    },
    {
      ""from_intersection_id"": ""H"",
      ""to_intersection_id"": ""N"",
      ""walking_distance"": 58
    },
    {
      ""from_intersection_id"": ""I"",
      ""to_intersection_id"": ""A"",
      ""walking_distance"": 53
    },
    {
      ""from_intersection_id"": ""I"",
      ""to_intersection_id"": ""B"",
      ""walking_distance"": 77
    },
    {
      ""from_intersection_id"": ""I"",
      ""to_intersection_id"": ""C"",
      ""walking_distance"": 64
    },
    {
      ""from_intersection_id"": ""I"",
      ""to_intersection_id"": ""D"",
      ""walking_distance"": 69
    },
    {
      ""from_intersection_id"": ""I"",
      ""to_intersection_id"": ""E"",
      ""walking_distance"": 12
    },
    {
      ""from_intersection_id"": ""I"",
      ""to_intersection_id"": ""F"",
      ""walking_distance"": 48
    },
    {
      ""from_intersection_id"": ""I"",
      ""to_intersection_id"": ""G"",
      ""walking_distance"": 64
    },
    {
      ""from_intersection_id"": ""I"",
      ""to_intersection_id"": ""H"",
      ""walking_distance"": 67
    },
    {
      ""from_intersection_id"": ""I"",
      ""to_intersection_id"": ""J"",
      ""walking_distance"": 73
    },
    {
      ""from_intersection_id"": ""I"",
      ""to_intersection_id"": ""K"",
      ""walking_distance"": 84
    },
    {
      ""from_intersection_id"": ""I"",
      ""to_intersection_id"": ""L"",
      ""walking_distance"": 69
    },
    {
      ""from_intersection_id"": ""I"",
      ""to_intersection_id"": ""M"",
      ""walking_distance"": 58
    },
    {
      ""from_intersection_id"": ""I"",
      ""to_intersection_id"": ""N"",
      ""walking_distance"": 53
    },
    {
      ""from_intersection_id"": ""J"",
      ""to_intersection_id"": ""A"",
      ""walking_distance"": 63
    },
    {
      ""from_intersection_id"": ""J"",
      ""to_intersection_id"": ""B"",
      ""walking_distance"": 79
    },
    {
      ""from_intersection_id"": ""J"",
      ""to_intersection_id"": ""C"",
      ""walking_distance"": 52
    },
    {
      ""from_intersection_id"": ""J"",
      ""to_intersection_id"": ""D"",
      ""walking_distance"": 58
    },
    {
      ""from_intersection_id"": ""J"",
      ""to_intersection_id"": ""E"",
      ""walking_distance"": 69
    },
    {
      ""from_intersection_id"": ""J"",
      ""to_intersection_id"": ""F"",
      ""walking_distance"": 58
    },
    {
      ""from_intersection_id"": ""J"",
      ""to_intersection_id"": ""G"",
      ""walking_distance"": 56
    },
    {
      ""from_intersection_id"": ""J"",
      ""to_intersection_id"": ""H"",
      ""walking_distance"": 39
    },
    {
      ""from_intersection_id"": ""J"",
      ""to_intersection_id"": ""I"",
      ""walking_distance"": 73
    },
    {
      ""from_intersection_id"": ""J"",
      ""to_intersection_id"": ""K"",
      ""walking_distance"": 69
    },
    {
      ""from_intersection_id"": ""J"",
      ""to_intersection_id"": ""L"",
      ""walking_distance"": 54
    },
    {
      ""from_intersection_id"": ""J"",
      ""to_intersection_id"": ""M"",
      ""walking_distance"": 48
    },
    {
      ""from_intersection_id"": ""J"",
      ""to_intersection_id"": ""N"",
      ""walking_distance"": 49
    },
    {
      ""from_intersection_id"": ""K"",
      ""to_intersection_id"": ""A"",
      ""walking_distance"": 66
    },
    {
      ""from_intersection_id"": ""K"",
      ""to_intersection_id"": ""B"",
      ""walking_distance"": 79
    },
    {
      ""from_intersection_id"": ""K"",
      ""to_intersection_id"": ""C"",
      ""walking_distance"": 42
    },
    {
      ""from_intersection_id"": ""K"",
      ""to_intersection_id"": ""D"",
      ""walking_distance"": 58
    },
    {
      ""from_intersection_id"": ""K"",
      ""to_intersection_id"": ""E"",
      ""walking_distance"": 74
    },
    {
      ""from_intersection_id"": ""K"",
      ""to_intersection_id"": ""F"",
      ""walking_distance"": 45
    },
    {
      ""from_intersection_id"": ""K"",
      ""to_intersection_id"": ""G"",
      ""walking_distance"": 41
    },
    {
      ""from_intersection_id"": ""K"",
      ""to_intersection_id"": ""H"",
      ""walking_distance"": 62
    },
    {
      ""from_intersection_id"": ""K"",
      ""to_intersection_id"": ""I"",
      ""walking_distance"": 84
    },
    {
      ""from_intersection_id"": ""K"",
      ""to_intersection_id"": ""J"",
      ""walking_distance"": 69
    },
    {
      ""from_intersection_id"": ""K"",
      ""to_intersection_id"": ""L"",
      ""walking_distance"": 63
    },
    {
      ""from_intersection_id"": ""K"",
      ""to_intersection_id"": ""M"",
      ""walking_distance"": 55
    },
    {
      ""from_intersection_id"": ""K"",
      ""to_intersection_id"": ""N"",
      ""walking_distance"": 67
    },
    {
      ""from_intersection_id"": ""L"",
      ""to_intersection_id"": ""A"",
      ""walking_distance"": 47
    },
    {
      ""from_intersection_id"": ""L"",
      ""to_intersection_id"": ""B"",
      ""walking_distance"": 61
    },
    {
      ""from_intersection_id"": ""L"",
      ""to_intersection_id"": ""C"",
      ""walking_distance"": 50
    },
    {
      ""from_intersection_id"": ""L"",
      ""to_intersection_id"": ""D"",
      ""walking_distance"": 62
    },
    {
      ""from_intersection_id"": ""L"",
      ""to_intersection_id"": ""E"",
      ""walking_distance"": 57
    },
    {
      ""from_intersection_id"": ""L"",
      ""to_intersection_id"": ""F"",
      ""walking_distance"": 27
    },
    {
      ""from_intersection_id"": ""L"",
      ""to_intersection_id"": ""G"",
      ""walking_distance"": 50
    },
    {
      ""from_intersection_id"": ""L"",
      ""to_intersection_id"": ""H"",
      ""walking_distance"": 53
    },
    {
      ""from_intersection_id"": ""L"",
      ""to_intersection_id"": ""I"",
      ""walking_distance"": 69
    },
    {
      ""from_intersection_id"": ""L"",
      ""to_intersection_id"": ""J"",
      ""walking_distance"": 54
    },
    {
      ""from_intersection_id"": ""L"",
      ""to_intersection_id"": ""K"",
      ""walking_distance"": 63
    },
    {
      ""from_intersection_id"": ""L"",
      ""to_intersection_id"": ""M"",
      ""walking_distance"": 35
    },
    {
      ""from_intersection_id"": ""L"",
      ""to_intersection_id"": ""N"",
      ""walking_distance"": 57
    },
    {
      ""from_intersection_id"": ""M"",
      ""to_intersection_id"": ""A"",
      ""walking_distance"": 21
    },
    {
      ""from_intersection_id"": ""M"",
      ""to_intersection_id"": ""B"",
      ""walking_distance"": 63
    },
    {
      ""from_intersection_id"": ""M"",
      ""to_intersection_id"": ""C"",
      ""walking_distance"": 46
    },
    {
      ""from_intersection_id"": ""M"",
      ""to_intersection_id"": ""D"",
      ""walking_distance"": 54
    },
    {
      ""from_intersection_id"": ""M"",
      ""to_intersection_id"": ""E"",
      ""walking_distance"": 46
    },
    {
      ""from_intersection_id"": ""M"",
      ""to_intersection_id"": ""F"",
      ""walking_distance"": 10
    },
    {
      ""from_intersection_id"": ""M"",
      ""to_intersection_id"": ""G"",
      ""walking_distance"": 43
    },
    {
      ""from_intersection_id"": ""M"",
      ""to_intersection_id"": ""H"",
      ""walking_distance"": 27
    },
    {
      ""from_intersection_id"": ""M"",
      ""to_intersection_id"": ""I"",
      ""walking_distance"": 58
    },
    {
      ""from_intersection_id"": ""M"",
      ""to_intersection_id"": ""J"",
      ""walking_distance"": 48
    },
    {
      ""from_intersection_id"": ""M"",
      ""to_intersection_id"": ""K"",
      ""walking_distance"": 55
    },
    {
      ""from_intersection_id"": ""M"",
      ""to_intersection_id"": ""L"",
      ""walking_distance"": 35
    },
    {
      ""from_intersection_id"": ""M"",
      ""to_intersection_id"": ""N"",
      ""walking_distance"": 31
    },
    {
      ""from_intersection_id"": ""N"",
      ""to_intersection_id"": ""A"",
      ""walking_distance"": 51
    },
    {
      ""from_intersection_id"": ""N"",
      ""to_intersection_id"": ""B"",
      ""walking_distance"": 69
    },
    {
      ""from_intersection_id"": ""N"",
      ""to_intersection_id"": ""C"",
      ""walking_distance"": 72
    },
    {
      ""from_intersection_id"": ""N"",
      ""to_intersection_id"": ""D"",
      ""walking_distance"": 60
    },
    {
      ""from_intersection_id"": ""N"",
      ""to_intersection_id"": ""E"",
      ""walking_distance"": 49
    },
    {
      ""from_intersection_id"": ""N"",
      ""to_intersection_id"": ""F"",
      ""walking_distance"": 40
    },
    {
      ""from_intersection_id"": ""N"",
      ""to_intersection_id"": ""G"",
      ""walking_distance"": 26
    },
    {
      ""from_intersection_id"": ""N"",
      ""to_intersection_id"": ""H"",
      ""walking_distance"": 58
    },
    {
      ""from_intersection_id"": ""N"",
      ""to_intersection_id"": ""I"",
      ""walking_distance"": 53
    },
    {
      ""from_intersection_id"": ""N"",
      ""to_intersection_id"": ""J"",
      ""walking_distance"": 49
    },
    {
      ""from_intersection_id"": ""N"",
      ""to_intersection_id"": ""K"",
      ""walking_distance"": 67
    },
    {
      ""from_intersection_id"": ""N"",
      ""to_intersection_id"": ""L"",
      ""walking_distance"": 57
    },
    {
      ""from_intersection_id"": ""N"",
      ""to_intersection_id"": ""M"",
      ""walking_distance"": 31
    }
  ]
}

Also, when you send the chosen plan back, please stick to this relaxed JSON layout so it's easy to read and parse:

{
  ""solution"": {
    ""selected"": [<site_to_open>, <site_to_open>, ...],
    ""assignments"": [<chosen_open_site>, <chosen_open_site>, ...]
  }
}

Think of ""selected"" as the list of candidate spots you decide to open, and ""assignments"" as, for each intersection in the input, which open spot that intersection is linked to. This is just a sketch of the shape I need, not the real answer — fill it with the actual identifiers from the instance.

Please use the identifiers exactly as they appear in the instance input — no renaming and no new labels. 
- for example: ""Valid identifiers look like plain numbers such as “1” or “23”, single capital letters like “A” or “B”, or a capital letter followed by digits like “A1” or “X7”.""",json,names,"{""distance_matrix"": [[0, 46, 65, 54, 49, 31, 25, 34, 53, 63, 66, 47, 21, 51], [46, 0, 46, 75, 73, 56, 71, 55, 77, 79, 79, 61, 63, 69], [65, 46, 0, 79, 52, 38, 54, 57, 64, 52, 42, 50, 46, 72], [54, 75, 79, 0, 65, 64, 51, 58, 69, 58, 58, 62, 54, 60], [49, 73, 52, 65, 0, 36, 52, 63, 12, 69, 74, 57, 46, 49], [31, 56, 38, 64, 36, 0, 52, 37, 48, 58, 45, 27, 10, 40], [25, 71, 54, 51, 52, 52, 0, 59, 64, 56, 41, 50, 43, 26], [34, 55, 57, 58, 63, 37, 59, 0, 67, 39, 62, 53, 27, 58], [53, 77, 64, 69, 12, 48, 64, 67, 0, 73, 84, 69, 58, 53], [63, 79, 52, 58, 69, 58, 56, 39, 73, 0, 69, 54, 48, 49], [66, 79, 42, 58, 74, 45, 41, 62, 84, 69, 0, 63, 55, 67], [47, 61, 50, 62, 57, 27, 50, 53, 69, 54, 63, 0, 35, 57], [21, 63, 46, 54, 46, 10, 43, 27, 58, 48, 55, 35, 0, 31], [51, 69, 72, 60, 49, 40, 26, 58, 53, 49, 67, 57, 31, 0]], ""p"": 1, ""objective"": 63.0}","{""facilities"": [12], ""assignments"": [12, 12, 12, 12, 12, 12, 12, 12, 12, 12, 12, 12, 12, 12]}",63.0,"{""problem_type"": ""PCENTER"", ""num_nodes"": 14, ""num_open"": 1, ""sites"": [{""id"": ""A"", ""distances"": {""A"": 0, ""B"": 46, ""C"": 65, ""D"": 54, ""E"": 49, ""F"": 31, ""G"": 25, ""H"": 34, ""I"": 53, ""J"": 63, ""K"": 66, ""L"": 47, ""M"": 21, ""N"": 51}}, {""id"": ""B"", ""distances"": {""A"": 46, ""B"": 0, ""C"": 46, ""D"": 75, ""E"": 73, ""F"": 56, ""G"": 71, ""H"": 55, ""I"": 77, ""J"": 79, ""K"": 79, ""L"": 61, ""M"": 63, ""N"": 69}}, {""id"": ""C"", ""distances"": {""A"": 65, ""B"": 46, ""C"": 0, ""D"": 79, ""E"": 52, ""F"": 38, ""G"": 54, ""H"": 57, ""I"": 64, ""J"": 52, ""K"": 42, ""L"": 50, ""M"": 46, ""N"": 72}}, {""id"": ""D"", ""distances"": {""A"": 54, ""B"": 75, ""C"": 79, ""D"": 0, ""E"": 65, ""F"": 64, ""G"": 51, ""H"": 58, ""I"": 69, ""J"": 58, ""K"": 58, ""L"": 62, ""M"": 54, ""N"": 60}}, {""id"": ""E"", ""distances"": {""A"": 49, ""B"": 73, ""C"": 52, ""D"": 65, ""E"": 0, ""F"": 36, ""G"": 52, ""H"": 63, ""I"": 12, ""J"": 69, ""K"": 74, ""L"": 57, ""M"": 46, ""N"": 49}}, {""id"": ""F"", ""distances"": {""A"": 31, ""B"": 56, ""C"": 38, ""D"": 64, ""E"": 36, ""F"": 0, ""G"": 52, ""H"": 37, ""I"": 48, ""J"": 58, ""K"": 45, ""L"": 27, ""M"": 10, ""N"": 40}}, {""id"": ""G"", ""distances"": {""A"": 25, ""B"": 71, ""C"": 54, ""D"": 51, ""E"": 52, ""F"": 52, ""G"": 0, ""H"": 59, ""I"": 64, ""J"": 56, ""K"": 41, ""L"": 50, ""M"": 43, ""N"": 26}}, {""id"": ""H"", ""distances"": {""A"": 34, ""B"": 55, ""C"": 57, ""D"": 58, ""E"": 63, ""F"": 37, ""G"": 59, ""H"": 0, ""I"": 67, ""J"": 39, ""K"": 62, ""L"": 53, ""M"": 27, ""N"": 58}}, {""id"": ""I"", ""distances"": {""A"": 53, ""B"": 77, ""C"": 64, ""D"": 69, ""E"": 12, ""F"": 48, ""G"": 64, ""H"": 67, ""I"": 0, ""J"": 73, ""K"": 84, ""L"": 69, ""M"": 58, ""N"": 53}}, {""id"": ""J"", ""distances"": {""A"": 63, ""B"": 79, ""C"": 52, ""D"": 58, ""E"": 69, ""F"": 58, ""G"": 56, ""H"": 39, ""I"": 73, ""J"": 0, ""K"": 69, ""L"": 54, ""M"": 48, ""N"": 49}}, {""id"": ""K"", ""distances"": {""A"": 66, ""B"": 79, ""C"": 42, ""D"": 58, ""E"": 74, ""F"": 45, ""G"": 41, ""H"": 62, ""I"": 84, ""J"": 69, ""K"": 0, ""L"": 63, ""M"": 55, ""N"": 67}}, {""id"": ""L"", ""distances"": {""A"": 47, ""B"": 61, ""C"": 50, ""D"": 62, ""E"": 57, ""F"": 27, ""G"": 50, ""H"": 53, ""I"": 69, ""J"": 54, ""K"": 63, ""L"": 0, ""M"": 35, ""N"": 57}}, {""id"": ""M"", ""distances"": {""A"": 21, ""B"": 63, ""C"": 46, ""D"": 54, ""E"": 46, ""F"": 10, ""G"": 43, ""H"": 27, ""I"": 58, ""J"": 48, ""K"": 55, ""L"": 35, ""M"": 0, ""N"": 31}}, {""id"": ""N"", ""distances"": {""A"": 51, ""B"": 69, ""C"": 72, ""D"": 60, ""E"": 49, ""F"": 40, ""G"": 26, ""H"": 58, ""I"": 53, ""J"": 49, ""K"": 67, ""L"": 57, ""M"": 31, ""N"": 0}}], ""objective"": 63.0}","{""selected"": [""M""], ""assignments"": [""M"", ""M"", ""M"", ""M"", ""M"", ""M"", ""M"", ""M"", ""M"", ""M"", ""M"", ""M"", ""M"", ""M""]}"
PCENTER_M_002,PCENTER,M,2,"Many people in the coordination office are working out which temporary vaccination sites to open from a list of candidates, and then they’ll link every neighborhood to one of the open sites so no neighborhood is missed or assigned twice. The measure of success is straightforward: the plan that leaves the shortest possible longest trip wins — for any plan, look at each neighborhood’s travel time to its assigned site, pick the biggest one, and try to reduce that. There’s a strict limit on how many sites can be opened, and every neighborhood must be assigned to exactly one of those. The exact candidate locations, the travel times between places, and the number of sites allowed are shown below.

{
  ""num_locations"": 13,
  ""num_sites_to_open"": 1,
  ""location_ids"": [
    0,
    1,
    2,
    3,
    4,
    5,
    6,
    7,
    8,
    9,
    10,
    11,
    12
  ],
  ""data"": [
    {
      ""origin_location_id"": 0,
      ""destination_location_id"": 1,
      ""travel_time"": 36
    },
    {
      ""origin_location_id"": 0,
      ""destination_location_id"": 2,
      ""travel_time"": 42
    },
    {
      ""origin_location_id"": 0,
      ""destination_location_id"": 3,
      ""travel_time"": 41
    },
    {
      ""origin_location_id"": 0,
      ""destination_location_id"": 4,
      ""travel_time"": 34
    },
    {
      ""origin_location_id"": 0,
      ""destination_location_id"": 5,
      ""travel_time"": 31
    },
    {
      ""origin_location_id"": 0,
      ""destination_location_id"": 6,
      ""travel_time"": 51
    },
    {
      ""origin_location_id"": 0,
      ""destination_location_id"": 7,
      ""travel_time"": 40
    },
    {
      ""origin_location_id"": 0,
      ""destination_location_id"": 8,
      ""travel_time"": 44
    },
    {
      ""origin_location_id"": 0,
      ""destination_location_id"": 9,
      ""travel_time"": 41
    },
    {
      ""origin_location_id"": 0,
      ""destination_location_id"": 10,
      ""travel_time"": 37
    },
    {
      ""origin_location_id"": 0,
      ""destination_location_id"": 11,
      ""travel_time"": 49
    },
    {
      ""origin_location_id"": 0,
      ""destination_location_id"": 12,
      ""travel_time"": 28
    },
    {
      ""origin_location_id"": 1,
      ""destination_location_id"": 0,
      ""travel_time"": 36
    },
    {
      ""origin_location_id"": 1,
      ""destination_location_id"": 2,
      ""travel_time"": 33
    },
    {
      ""origin_location_id"": 1,
      ""destination_location_id"": 3,
      ""travel_time"": 32
    },
    {
      ""origin_location_id"": 1,
      ""destination_location_id"": 4,
      ""travel_time"": 40
    },
    {
      ""origin_location_id"": 1,
      ""destination_location_id"": 5,
      ""travel_time"": 36
    },
    {
      ""origin_location_id"": 1,
      ""destination_location_id"": 6,
      ""travel_time"": 43
    },
    {
      ""origin_location_id"": 1,
      ""destination_location_id"": 7,
      ""travel_time"": 19
    },
    {
      ""origin_location_id"": 1,
      ""destination_location_id"": 8,
      ""travel_time"": 36
    },
    {
      ""origin_location_id"": 1,
      ""destination_location_id"": 9,
      ""travel_time"": 32
    },
    {
      ""origin_location_id"": 1,
      ""destination_location_id"": 10,
      ""travel_time"": 24
    },
    {
      ""origin_location_id"": 1,
      ""destination_location_id"": 11,
      ""travel_time"": 37
    },
    {
      ""origin_location_id"": 1,
      ""destination_location_id"": 12,
      ""travel_time"": 26
    },
    {
      ""origin_location_id"": 2,
      ""destination_location_id"": 0,
      ""travel_time"": 42
    },
    {
      ""origin_location_id"": 2,
      ""destination_location_id"": 1,
      ""travel_time"": 33
    },
    {
      ""origin_location_id"": 2,
      ""destination_location_id"": 3,
      ""travel_time"": 27
    },
    {
      ""origin_location_id"": 2,
      ""destination_location_id"": 4,
      ""travel_time"": 30
    },
    {
      ""origin_location_id"": 2,
      ""destination_location_id"": 5,
      ""travel_time"": 30
    },
    {
      ""origin_location_id"": 2,
      ""destination_location_id"": 6,
      ""travel_time"": 44
    },
    {
      ""origin_location_id"": 2,
      ""destination_location_id"": 7,
      ""travel_time"": 25
    },
    {
      ""origin_location_id"": 2,
      ""destination_location_id"": 8,
      ""travel_time"": 35
    },
    {
      ""origin_location_id"": 2,
      ""destination_location_id"": 9,
      ""travel_time"": 23
    },
    {
      ""origin_location_id"": 2,
      ""destination_location_id"": 10,
      ""travel_time"": 28
    },
    {
      ""origin_location_id"": 2,
      ""destination_location_id"": 11,
      ""travel_time"": 34
    },
    {
      ""origin_location_id"": 2,
      ""destination_location_id"": 12,
      ""travel_time"": 25
    },
    {
      ""origin_location_id"": 3,
      ""destination_location_id"": 0,
      ""travel_time"": 41
    },
    {
      ""origin_location_id"": 3,
      ""destination_location_id"": 1,
      ""travel_time"": 32
    },
    {
      ""origin_location_id"": 3,
      ""destination_location_id"": 2,
      ""travel_time"": 27
    },
    {
      ""origin_location_id"": 3,
      ""destination_location_id"": 4,
      ""travel_time"": 34
    },
    {
      ""origin_location_id"": 3,
      ""destination_location_id"": 5,
      ""travel_time"": 32
    },
    {
      ""origin_location_id"": 3,
      ""destination_location_id"": 6,
      ""travel_time"": 40
    },
    {
      ""origin_location_id"": 3,
      ""destination_location_id"": 7,
      ""travel_time"": 31
    },
    {
      ""origin_location_id"": 3,
      ""destination_location_id"": 8,
      ""travel_time"": 34
    },
    {
      ""origin_location_id"": 3,
      ""destination_location_id"": 9,
      ""travel_time"": 33
    },
    {
      ""origin_location_id"": 3,
      ""destination_location_id"": 10,
      ""travel_time"": 34
    },
    {
      ""origin_location_id"": 3,
      ""destination_location_id"": 11,
      ""travel_time"": 28
    },
    {
      ""origin_location_id"": 3,
      ""destination_location_id"": 12,
      ""travel_time"": 27
    },
    {
      ""origin_location_id"": 4,
      ""destination_location_id"": 0,
      ""travel_time"": 34
    },
    {
      ""origin_location_id"": 4,
      ""destination_location_id"": 1,
      ""travel_time"": 40
    },
    {
      ""origin_location_id"": 4,
      ""destination_location_id"": 2,
      ""travel_time"": 30
    },
    {
      ""origin_location_id"": 4,
      ""destination_location_id"": 3,
      ""travel_time"": 34
    },
    {
      ""origin_location_id"": 4,
      ""destination_location_id"": 5,
      ""travel_time"": 31
    },
    {
      ""origin_location_id"": 4,
      ""destination_location_id"": 6,
      ""travel_time"": 36
    },
    {
      ""origin_location_id"": 4,
      ""destination_location_id"": 7,
      ""travel_time"": 25
    },
    {
      ""origin_location_id"": 4,
      ""destination_location_id"": 8,
      ""travel_time"": 38
    },
    {
      ""origin_location_id"": 4,
      ""destination_location_id"": 9,
      ""travel_time"": 32
    },
    {
      ""origin_location_id"": 4,
      ""destination_location_id"": 10,
      ""travel_time"": 30
    },
    {
      ""origin_location_id"": 4,
      ""destination_location_id"": 11,
      ""travel_time"": 33
    },
    {
      ""origin_location_id"": 4,
      ""destination_location_id"": 12,
      ""travel_time"": 26
    },
    {
      ""origin_location_id"": 5,
      ""destination_location_id"": 0,
      ""travel_time"": 31
    },
    {
      ""origin_location_id"": 5,
      ""destination_location_id"": 1,
      ""travel_time"": 36
    },
    {
      ""origin_location_id"": 5,
      ""destination_location_id"": 2,
      ""travel_time"": 30
    },
    {
      ""origin_location_id"": 5,
      ""destination_location_id"": 3,
      ""travel_time"": 32
    },
    {
      ""origin_location_id"": 5,
      ""destination_location_id"": 4,
      ""travel_time"": 31
    },
    {
      ""origin_location_id"": 5,
      ""destination_location_id"": 6,
      ""travel_time"": 23
    },
    {
      ""origin_location_id"": 5,
      ""destination_location_id"": 7,
      ""travel_time"": 26
    },
    {
      ""origin_location_id"": 5,
      ""destination_location_id"": 8,
      ""travel_time"": 29
    },
    {
      ""origin_location_id"": 5,
      ""destination_location_id"": 9,
      ""travel_time"": 30
    },
    {
      ""origin_location_id"": 5,
      ""destination_location_id"": 10,
      ""travel_time"": 30
    },
    {
      ""origin_location_id"": 5,
      ""destination_location_id"": 11,
      ""travel_time"": 34
    },
    {
      ""origin_location_id"": 5,
      ""destination_location_id"": 12,
      ""travel_time"": 26
    },
    {
      ""origin_location_id"": 6,
      ""destination_location_id"": 0,
      ""travel_time"": 51
    },
    {
      ""origin_location_id"": 6,
      ""destination_location_id"": 1,
      ""travel_time"": 43
    },
    {
      ""origin_location_id"": 6,
      ""destination_location_id"": 2,
      ""travel_time"": 44
    },
    {
      ""origin_location_id"": 6,
      ""destination_location_id"": 3,
      ""travel_time"": 40
    },
    {
      ""origin_location_id"": 6,
      ""destination_location_id"": 4,
      ""travel_time"": 36
    },
    {
      ""origin_location_id"": 6,
      ""destination_location_id"": 5,
      ""travel_time"": 23
    },
    {
      ""origin_location_id"": 6,
      ""destination_location_id"": 7,
      ""travel_time"": 25
    },
    {
      ""origin_location_id"": 6,
      ""destination_location_id"": 8,
      ""travel_time"": 34
    },
    {
      ""origin_location_id"": 6,
      ""destination_location_id"": 9,
      ""travel_time"": 38
    },
    {
      ""origin_location_id"": 6,
      ""destination_location_id"": 10,
      ""travel_time"": 34
    },
    {
      ""origin_location_id"": 6,
      ""destination_location_id"": 11,
      ""travel_time"": 48
    },
    {
      ""origin_location_id"": 6,
      ""destination_location_id"": 12,
      ""travel_time"": 33
    },
    {
      ""origin_location_id"": 7,
      ""destination_location_id"": 0,
      ""travel_time"": 40
    },
    {
      ""origin_location_id"": 7,
      ""destination_location_id"": 1,
      ""travel_time"": 19
    },
    {
      ""origin_location_id"": 7,
      ""destination_location_id"": 2,
      ""travel_time"": 25
    },
    {
      ""origin_location_id"": 7,
      ""destination_location_id"": 3,
      ""travel_time"": 31
    },
    {
      ""origin_location_id"": 7,
      ""destination_location_id"": 4,
      ""travel_time"": 25
    },
    {
      ""origin_location_id"": 7,
      ""destination_location_id"": 5,
      ""travel_time"": 26
    },
    {
      ""origin_location_id"": 7,
      ""destination_location_id"": 6,
      ""travel_time"": 25
    },
    {
      ""origin_location_id"": 7,
      ""destination_location_id"": 8,
      ""travel_time"": 27
    },
    {
      ""origin_location_id"": 7,
      ""destination_location_id"": 9,
      ""travel_time"": 30
    },
    {
      ""origin_location_id"": 7,
      ""destination_location_id"": 10,
      ""travel_time"": 9
    },
    {
      ""origin_location_id"": 7,
      ""destination_location_id"": 11,
      ""travel_time"": 23
    },
    {
      ""origin_location_id"": 7,
      ""destination_location_id"": 12,
      ""travel_time"": 22
    },
    {
      ""origin_location_id"": 8,
      ""destination_location_id"": 0,
      ""travel_time"": 44
    },
    {
      ""origin_location_id"": 8,
      ""destination_location_id"": 1,
      ""travel_time"": 36
    },
    {
      ""origin_location_id"": 8,
      ""destination_location_id"": 2,
      ""travel_time"": 35
    },
    {
      ""origin_location_id"": 8,
      ""destination_location_id"": 3,
      ""travel_time"": 34
    },
    {
      ""origin_location_id"": 8,
      ""destination_location_id"": 4,
      ""travel_time"": 38
    },
    {
      ""origin_location_id"": 8,
      ""destination_location_id"": 5,
      ""travel_time"": 29
    },
    {
      ""origin_location_id"": 8,
      ""destination_location_id"": 6,
      ""travel_time"": 34
    },
    {
      ""origin_location_id"": 8,
      ""destination_location_id"": 7,
      ""travel_time"": 27
    },
    {
      ""origin_location_id"": 8,
      ""destination_location_id"": 9,
      ""travel_time"": 34
    },
    {
      ""origin_location_id"": 8,
      ""destination_location_id"": 10,
      ""travel_time"": 35
    },
    {
      ""origin_location_id"": 8,
      ""destination_location_id"": 11,
      ""travel_time"": 41
    },
    {
      ""origin_location_id"": 8,
      ""destination_location_id"": 12,
      ""travel_time"": 28
    },
    {
      ""origin_location_id"": 9,
      ""destination_location_id"": 0,
      ""travel_time"": 41
    },
    {
      ""origin_location_id"": 9,
      ""destination_location_id"": 1,
      ""travel_time"": 32
    },
    {
      ""origin_location_id"": 9,
      ""destination_location_id"": 2,
      ""travel_time"": 23
    },
    {
      ""origin_location_id"": 9,
      ""destination_location_id"": 3,
      ""travel_time"": 33
    },
    {
      ""origin_location_id"": 9,
      ""destination_location_id"": 4,
      ""travel_time"": 32
    },
    {
      ""origin_location_id"": 9,
      ""destination_location_id"": 5,
      ""travel_time"": 30
    },
    {
      ""origin_location_id"": 9,
      ""destination_location_id"": 6,
      ""travel_time"": 38
    },
    {
      ""origin_location_id"": 9,
      ""destination_location_id"": 7,
      ""travel_time"": 30
    },
    {
      ""origin_location_id"": 9,
      ""destination_location_id"": 8,
      ""travel_time"": 34
    },
    {
      ""origin_location_id"": 9,
      ""destination_location_id"": 10,
      ""travel_time"": 32
    },
    {
      ""origin_location_id"": 9,
      ""destination_location_id"": 11,
      ""travel_time"": 39
    },
    {
      ""origin_location_id"": 9,
      ""destination_location_id"": 12,
      ""travel_time"": 24
    },
    {
      ""origin_location_id"": 10,
      ""destination_location_id"": 0,
      ""travel_time"": 37
    },
    {
      ""origin_location_id"": 10,
      ""destination_location_id"": 1,
      ""travel_time"": 24
    },
    {
      ""origin_location_id"": 10,
      ""destination_location_id"": 2,
      ""travel_time"": 28
    },
    {
      ""origin_location_id"": 10,
      ""destination_location_id"": 3,
      ""travel_time"": 34
    },
    {
      ""origin_location_id"": 10,
      ""destination_location_id"": 4,
      ""travel_time"": 30
    },
    {
      ""origin_location_id"": 10,
      ""destination_location_id"": 5,
      ""travel_time"": 30
    },
    {
      ""origin_location_id"": 10,
      ""destination_location_id"": 6,
      ""travel_time"": 34
    },
    {
      ""origin_location_id"": 10,
      ""destination_location_id"": 7,
      ""travel_time"": 9
    },
    {
      ""origin_location_id"": 10,
      ""destination_location_id"": 8,
      ""travel_time"": 35
    },
    {
      ""origin_location_id"": 10,
      ""destination_location_id"": 9,
      ""travel_time"": 32
    },
    {
      ""origin_location_id"": 10,
      ""destination_location_id"": 11,
      ""travel_time"": 26
    },
    {
      ""origin_location_id"": 10,
      ""destination_location_id"": 12,
      ""travel_time"": 25
    },
    {
      ""origin_location_id"": 11,
      ""destination_location_id"": 0,
      ""travel_time"": 49
    },
    {
      ""origin_location_id"": 11,
      ""destination_location_id"": 1,
      ""travel_time"": 37
    },
    {
      ""origin_location_id"": 11,
      ""destination_location_id"": 2,
      ""travel_time"": 34
    },
    {
      ""origin_location_id"": 11,
      ""destination_location_id"": 3,
      ""travel_time"": 28
    },
    {
      ""origin_location_id"": 11,
      ""destination_location_id"": 4,
      ""travel_time"": 33
    },
    {
      ""origin_location_id"": 11,
      ""destination_location_id"": 5,
      ""travel_time"": 34
    },
    {
      ""origin_location_id"": 11,
      ""destination_location_id"": 6,
      ""travel_time"": 48
    },
    {
      ""origin_location_id"": 11,
      ""destination_location_id"": 7,
      ""travel_time"": 23
    },
    {
      ""origin_location_id"": 11,
      ""destination_location_id"": 8,
      ""travel_time"": 41
    },
    {
      ""origin_location_id"": 11,
      ""destination_location_id"": 9,
      ""travel_time"": 39
    },
    {
      ""origin_location_id"": 11,
      ""destination_location_id"": 10,
      ""travel_time"": 26
    },
    {
      ""origin_location_id"": 11,
      ""destination_location_id"": 12,
      ""travel_time"": 28
    },
    {
      ""origin_location_id"": 12,
      ""destination_location_id"": 0,
      ""travel_time"": 28
    },
    {
      ""origin_location_id"": 12,
      ""destination_location_id"": 1,
      ""travel_time"": 26
    },
    {
      ""origin_location_id"": 12,
      ""destination_location_id"": 2,
      ""travel_time"": 25
    },
    {
      ""origin_location_id"": 12,
      ""destination_location_id"": 3,
      ""travel_time"": 27
    },
    {
      ""origin_location_id"": 12,
      ""destination_location_id"": 4,
      ""travel_time"": 26
    },
    {
      ""origin_location_id"": 12,
      ""destination_location_id"": 5,
      ""travel_time"": 26
    },
    {
      ""origin_location_id"": 12,
      ""destination_location_id"": 6,
      ""travel_time"": 33
    },
    {
      ""origin_location_id"": 12,
      ""destination_location_id"": 7,
      ""travel_time"": 22
    },
    {
      ""origin_location_id"": 12,
      ""destination_location_id"": 8,
      ""travel_time"": 28
    },
    {
      ""origin_location_id"": 12,
      ""destination_location_id"": 9,
      ""travel_time"": 24
    },
    {
      ""origin_location_id"": 12,
      ""destination_location_id"": 10,
      ""travel_time"": 25
    },
    {
      ""origin_location_id"": 12,
      ""destination_location_id"": 11,
      ""travel_time"": 28
    }
  ]
}

Oh, and when you reply with a plan, a handy little JSON sketch is easiest to parse. Something like this:

{
  ""solution"": {
    ""selected"": [<site_to_open>, <site_to_open>, ...],
    ""assignments"": [<assigned_site>, <assigned_site>, ...]
  }
}

""selected"" is just the list of candidate sites you decide to open. ""assignments"" lists, in the same order as the neighborhoods were given in the instance, which open site each neighborhood is linked to. Think of it as a simple form: which sites are open, and for each neighborhood which site they go to. This is only the expected shape — not the actual answer.

Please make sure to use the identifiers exactly as they appear in the instance input — do not rename or invent labels. Valid identifiers look like plain numbers such as “1” or “23”, single capital letters like “A” or “B”, or a capital letter followed by digits like “A1” or “X7”.",json,zero_based,"{""distance_matrix"": [[0, 36, 42, 41, 34, 31, 51, 40, 44, 41, 37, 49, 28], [36, 0, 33, 32, 40, 36, 43, 19, 36, 32, 24, 37, 26], [42, 33, 0, 27, 30, 30, 44, 25, 35, 23, 28, 34, 25], [41, 32, 27, 0, 34, 32, 40, 31, 34, 33, 34, 28, 27], [34, 40, 30, 34, 0, 31, 36, 25, 38, 32, 30, 33, 26], [31, 36, 30, 32, 31, 0, 23, 26, 29, 30, 30, 34, 26], [51, 43, 44, 40, 36, 23, 0, 25, 34, 38, 34, 48, 33], [40, 19, 25, 31, 25, 26, 25, 0, 27, 30, 9, 23, 22], [44, 36, 35, 34, 38, 29, 34, 27, 0, 34, 35, 41, 28], [41, 32, 23, 33, 32, 30, 38, 30, 34, 0, 32, 39, 24], [37, 24, 28, 34, 30, 30, 34, 9, 35, 32, 0, 26, 25], [49, 37, 34, 28, 33, 34, 48, 23, 41, 39, 26, 0, 28], [28, 26, 25, 27, 26, 26, 33, 22, 28, 24, 25, 28, 0]], ""p"": 1, ""objective"": 33.0}","{""facilities"": [12], ""assignments"": [12, 12, 12, 12, 12, 12, 12, 12, 12, 12, 12, 12, 12]}",33.0,"{""problem_type"": ""PCENTER"", ""num_nodes"": 13, ""num_open"": 1, ""sites"": [{""id"": 0, ""distances"": {""0"": 0, ""1"": 36, ""2"": 42, ""3"": 41, ""4"": 34, ""5"": 31, ""6"": 51, ""7"": 40, ""8"": 44, ""9"": 41, ""10"": 37, ""11"": 49, ""12"": 28}}, {""id"": 1, ""distances"": {""0"": 36, ""1"": 0, ""2"": 33, ""3"": 32, ""4"": 40, ""5"": 36, ""6"": 43, ""7"": 19, ""8"": 36, ""9"": 32, ""10"": 24, ""11"": 37, ""12"": 26}}, {""id"": 2, ""distances"": {""0"": 42, ""1"": 33, ""2"": 0, ""3"": 27, ""4"": 30, ""5"": 30, ""6"": 44, ""7"": 25, ""8"": 35, ""9"": 23, ""10"": 28, ""11"": 34, ""12"": 25}}, {""id"": 3, ""distances"": {""0"": 41, ""1"": 32, ""2"": 27, ""3"": 0, ""4"": 34, ""5"": 32, ""6"": 40, ""7"": 31, ""8"": 34, ""9"": 33, ""10"": 34, ""11"": 28, ""12"": 27}}, {""id"": 4, ""distances"": {""0"": 34, ""1"": 40, ""2"": 30, ""3"": 34, ""4"": 0, ""5"": 31, ""6"": 36, ""7"": 25, ""8"": 38, ""9"": 32, ""10"": 30, ""11"": 33, ""12"": 26}}, {""id"": 5, ""distances"": {""0"": 31, ""1"": 36, ""2"": 30, ""3"": 32, ""4"": 31, ""5"": 0, ""6"": 23, ""7"": 26, ""8"": 29, ""9"": 30, ""10"": 30, ""11"": 34, ""12"": 26}}, {""id"": 6, ""distances"": {""0"": 51, ""1"": 43, ""2"": 44, ""3"": 40, ""4"": 36, ""5"": 23, ""6"": 0, ""7"": 25, ""8"": 34, ""9"": 38, ""10"": 34, ""11"": 48, ""12"": 33}}, {""id"": 7, ""distances"": {""0"": 40, ""1"": 19, ""2"": 25, ""3"": 31, ""4"": 25, ""5"": 26, ""6"": 25, ""7"": 0, ""8"": 27, ""9"": 30, ""10"": 9, ""11"": 23, ""12"": 22}}, {""id"": 8, ""distances"": {""0"": 44, ""1"": 36, ""2"": 35, ""3"": 34, ""4"": 38, ""5"": 29, ""6"": 34, ""7"": 27, ""8"": 0, ""9"": 34, ""10"": 35, ""11"": 41, ""12"": 28}}, {""id"": 9, ""distances"": {""0"": 41, ""1"": 32, ""2"": 23, ""3"": 33, ""4"": 32, ""5"": 30, ""6"": 38, ""7"": 30, ""8"": 34, ""9"": 0, ""10"": 32, ""11"": 39, ""12"": 24}}, {""id"": 10, ""distances"": {""0"": 37, ""1"": 24, ""2"": 28, ""3"": 34, ""4"": 30, ""5"": 30, ""6"": 34, ""7"": 9, ""8"": 35, ""9"": 32, ""10"": 0, ""11"": 26, ""12"": 25}}, {""id"": 11, ""distances"": {""0"": 49, ""1"": 37, ""2"": 34, ""3"": 28, ""4"": 33, ""5"": 34, ""6"": 48, ""7"": 23, ""8"": 41, ""9"": 39, ""10"": 26, ""11"": 0, ""12"": 28}}, {""id"": 12, ""distances"": {""0"": 28, ""1"": 26, ""2"": 25, ""3"": 27, ""4"": 26, ""5"": 26, ""6"": 33, ""7"": 22, ""8"": 28, ""9"": 24, ""10"": 25, ""11"": 28, ""12"": 0}}], ""objective"": 33.0}","{""selected"": [12], ""assignments"": [12, 12, 12, 12, 12, 12, 12, 12, 12, 12, 12, 12, 12]}"
PCENTER_M_003,PCENTER,M,3,"Picture this: there’s a list of potential pickup locker locations and a chart of travel distances between every pair of points. The task is to switch on a specific number of those sites as actual lockers, then link every customer address to exactly one of the opened lockers — no address skipped and no multiple links. To judge any setup, look at each customer’s distance to their assigned locker and take the biggest of those distances; the aim is to make that biggest distance as small as possible so no one has to travel too far. The exact locations, counts, and distances are shown below.

# total_candidate_locations=10
# lockers_to_open=2
# location_ids=0, 1, 2, 3, 4, 5, 6, 7, 8, 9
origin_location_id,destination_location_id,travel_distance
0,1,169
0,2,200
0,3,241
0,4,223
0,5,169
0,6,174
0,7,225
0,8,251
0,9,182
1,0,169
1,2,31
1,3,98
1,4,183
1,5,156
1,6,161
1,7,171
1,8,140
1,9,195
2,0,200
2,1,31
2,3,67
2,4,193
2,5,125
2,6,130
2,7,181
2,8,171
2,9,164
3,0,241
3,1,98
3,2,67
3,4,177
3,5,168
3,6,173
3,7,165
3,8,134
3,9,127
4,0,223
4,1,183
4,2,193
4,3,177
4,5,68
4,6,63
4,7,12
4,8,59
4,9,159
5,0,169
5,1,156
5,2,125
5,3,168
5,4,68
5,6,5
5,7,56
5,8,103
5,9,127
6,0,174
6,1,161
6,2,130
6,3,173
6,4,63
6,5,5
6,7,51
6,8,98
6,9,132
7,0,225
7,1,171
7,2,181
7,3,165
7,4,12
7,5,56
7,6,51
7,8,47
7,9,171
8,0,251
8,1,140
8,2,171
8,3,134
8,4,59
8,5,103
8,6,98
8,7,47
8,9,157
9,0,182
9,1,195
9,2,164
9,3,127
9,4,159
9,5,127
9,6,132
9,7,171
9,8,157

Also, when you give the actual result, please stick to this simple JSON layout so it's easy to parse:

{
  ""solution"": {
    ""selected"": [<site_to_open>, <site_to_open>, ...],
    ""assignments"": [<assigned_site>, <assigned_site>, ...]
  }
}

This is just a sketch of the shape I expect, not the final answer itself. In plain terms: ""selected"" is the list of locker sites you decide to open, and ""assignments"" lists, for each original location in the instance, which opened site that location is linked to. Keep it light — think of ""selected"" as the checkboxes you tick, and ""assignments"" as the fill-in-the-blank that says which checkbox each address uses.

Quick reminder: use the exact identifiers from the instance input — don't rename them or invent new labels. Valid identifiers look like plain numbers such as “1” or “23”, single capital letters like “A” or “B”, or a capital letter followed by digits like “A1” or “X7”.",csv,zero_based,"{""distance_matrix"": [[0, 169, 200, 241, 223, 169, 174, 225, 251, 182], [169, 0, 31, 98, 183, 156, 161, 171, 140, 195], [200, 31, 0, 67, 193, 125, 130, 181, 171, 164], [241, 98, 67, 0, 177, 168, 173, 165, 134, 127], [223, 183, 193, 177, 0, 68, 63, 12, 59, 159], [169, 156, 125, 168, 68, 0, 5, 56, 103, 127], [174, 161, 130, 173, 63, 5, 0, 51, 98, 132], [225, 171, 181, 165, 12, 56, 51, 0, 47, 171], [251, 140, 171, 134, 59, 103, 98, 47, 0, 157], [182, 195, 164, 127, 159, 127, 132, 171, 157, 0]], ""p"": 2, ""objective"": 168.0}","{""facilities"": [0, 5], ""assignments"": [0, 5, 5, 5, 5, 5, 5, 5, 5, 5]}",168.0,"{""problem_type"": ""PCENTER"", ""num_nodes"": 10, ""num_open"": 2, ""sites"": [{""id"": 0, ""distances"": {""0"": 0, ""1"": 169, ""2"": 200, ""3"": 241, ""4"": 223, ""5"": 169, ""6"": 174, ""7"": 225, ""8"": 251, ""9"": 182}}, {""id"": 1, ""distances"": {""0"": 169, ""1"": 0, ""2"": 31, ""3"": 98, ""4"": 183, ""5"": 156, ""6"": 161, ""7"": 171, ""8"": 140, ""9"": 195}}, {""id"": 2, ""distances"": {""0"": 200, ""1"": 31, ""2"": 0, ""3"": 67, ""4"": 193, ""5"": 125, ""6"": 130, ""7"": 181, ""8"": 171, ""9"": 164}}, {""id"": 3, ""distances"": {""0"": 241, ""1"": 98, ""2"": 67, ""3"": 0, ""4"": 177, ""5"": 168, ""6"": 173, ""7"": 165, ""8"": 134, ""9"": 127}}, {""id"": 4, ""distances"": {""0"": 223, ""1"": 183, ""2"": 193, ""3"": 177, ""4"": 0, ""5"": 68, ""6"": 63, ""7"": 12, ""8"": 59, ""9"": 159}}, {""id"": 5, ""distances"": {""0"": 169, ""1"": 156, ""2"": 125, ""3"": 168, ""4"": 68, ""5"": 0, ""6"": 5, ""7"": 56, ""8"": 103, ""9"": 127}}, {""id"": 6, ""distances"": {""0"": 174, ""1"": 161, ""2"": 130, ""3"": 173, ""4"": 63, ""5"": 5, ""6"": 0, ""7"": 51, ""8"": 98, ""9"": 132}}, {""id"": 7, ""distances"": {""0"": 225, ""1"": 171, ""2"": 181, ""3"": 165, ""4"": 12, ""5"": 56, ""6"": 51, ""7"": 0, ""8"": 47, ""9"": 171}}, {""id"": 8, ""distances"": {""0"": 251, ""1"": 140, ""2"": 171, ""3"": 134, ""4"": 59, ""5"": 103, ""6"": 98, ""7"": 47, ""8"": 0, ""9"": 157}}, {""id"": 9, ""distances"": {""0"": 182, ""1"": 195, ""2"": 164, ""3"": 127, ""4"": 159, ""5"": 127, ""6"": 132, ""7"": 171, ""8"": 157, ""9"": 0}}], ""objective"": 168.0}","{""selected"": [0, 5], ""assignments"": [0, 5, 5, 5, 5, 5, 5, 5, 5, 5]}"
PCENTER_M_004,PCENTER,M,4,"I’m helping the school transport officer figure out where to put a fixed number of bus stops from a list of suggested spots, and then tie each household to exactly one of the stops that get opened. The idea is simple: pick that set number of stops and assign every home to one open stop so that, when you look at everyone’s walk to their stop and take the longest single walk, that longest walk is as short as possible. Nobody can be left out or sent to two stops, and only the chosen stops can be used. The concrete distances and candidate spots will be shown below.

{
  ""num_candidate_locations"": 14,
  ""num_stops_to_open"": 1,
  ""location_ids"": [
    ""A"",
    ""B"",
    ""C"",
    ""D"",
    ""E"",
    ""F"",
    ""G"",
    ""H"",
    ""I"",
    ""J"",
    ""K"",
    ""L"",
    ""M"",
    ""N""
  ],
  ""data"": [
    {
      ""origin_location_id"": ""A"",
      ""destination_location_id"": ""B"",
      ""walking_distance"": 64
    },
    {
      ""origin_location_id"": ""A"",
      ""destination_location_id"": ""C"",
      ""walking_distance"": 63
    },
    {
      ""origin_location_id"": ""A"",
      ""destination_location_id"": ""D"",
      ""walking_distance"": 52
    },
    {
      ""origin_location_id"": ""A"",
      ""destination_location_id"": ""E"",
      ""walking_distance"": 62
    },
    {
      ""origin_location_id"": ""A"",
      ""destination_location_id"": ""F"",
      ""walking_distance"": 59
    },
    {
      ""origin_location_id"": ""A"",
      ""destination_location_id"": ""G"",
      ""walking_distance"": 57
    },
    {
      ""origin_location_id"": ""A"",
      ""destination_location_id"": ""H"",
      ""walking_distance"": 59
    },
    {
      ""origin_location_id"": ""A"",
      ""destination_location_id"": ""I"",
      ""walking_distance"": 50
    },
    {
      ""origin_location_id"": ""A"",
      ""destination_location_id"": ""J"",
      ""walking_distance"": 53
    },
    {
      ""origin_location_id"": ""A"",
      ""destination_location_id"": ""K"",
      ""walking_distance"": 33
    },
    {
      ""origin_location_id"": ""A"",
      ""destination_location_id"": ""L"",
      ""walking_distance"": 46
    },
    {
      ""origin_location_id"": ""A"",
      ""destination_location_id"": ""M"",
      ""walking_distance"": 56
    },
    {
      ""origin_location_id"": ""A"",
      ""destination_location_id"": ""N"",
      ""walking_distance"": 64
    },
    {
      ""origin_location_id"": ""B"",
      ""destination_location_id"": ""A"",
      ""walking_distance"": 64
    },
    {
      ""origin_location_id"": ""B"",
      ""destination_location_id"": ""C"",
      ""walking_distance"": 45
    },
    {
      ""origin_location_id"": ""B"",
      ""destination_location_id"": ""D"",
      ""walking_distance"": 34
    },
    {
      ""origin_location_id"": ""B"",
      ""destination_location_id"": ""E"",
      ""walking_distance"": 54
    },
    {
      ""origin_location_id"": ""B"",
      ""destination_location_id"": ""F"",
      ""walking_distance"": 40
    },
    {
      ""origin_location_id"": ""B"",
      ""destination_location_id"": ""G"",
      ""walking_distance"": 53
    },
    {
      ""origin_location_id"": ""B"",
      ""destination_location_id"": ""H"",
      ""walking_distance"": 50
    },
    {
      ""origin_location_id"": ""B"",
      ""destination_location_id"": ""I"",
      ""walking_distance"": 52
    },
    {
      ""origin_location_id"": ""B"",
      ""destination_location_id"": ""J"",
      ""walking_distance"": 40
    },
    {
      ""origin_location_id"": ""B"",
      ""destination_location_id"": ""K"",
      ""walking_distance"": 43
    },
    {
      ""origin_location_id"": ""B"",
      ""destination_location_id"": ""L"",
      ""walking_distance"": 48
    },
    {
      ""origin_location_id"": ""B"",
      ""destination_location_id"": ""M"",
      ""walking_distance"": 61
    },
    {
      ""origin_location_id"": ""B"",
      ""destination_location_id"": ""N"",
      ""walking_distance"": 52
    },
    {
      ""origin_location_id"": ""C"",
      ""destination_location_id"": ""A"",
      ""walking_distance"": 63
    },
    {
      ""origin_location_id"": ""C"",
      ""destination_location_id"": ""B"",
      ""walking_distance"": 45
    },
    {
      ""origin_location_id"": ""C"",
      ""destination_location_id"": ""D"",
      ""walking_distance"": 40
    },
    {
      ""origin_location_id"": ""C"",
      ""destination_location_id"": ""E"",
      ""walking_distance"": 10
    },
    {
      ""origin_location_id"": ""C"",
      ""destination_location_id"": ""F"",
      ""walking_distance"": 35
    },
    {
      ""origin_location_id"": ""C"",
      ""destination_location_id"": ""G"",
      ""walking_distance"": 46
    },
    {
      ""origin_location_id"": ""C"",
      ""destination_location_id"": ""H"",
      ""walking_distance"": 26
    },
    {
      ""origin_location_id"": ""C"",
      ""destination_location_id"": ""I"",
      ""walking_distance"": 39
    },
    {
      ""origin_location_id"": ""C"",
      ""destination_location_id"": ""J"",
      ""walking_distance"": 35
    },
    {
      ""origin_location_id"": ""C"",
      ""destination_location_id"": ""K"",
      ""walking_distance"": 38
    },
    {
      ""origin_location_id"": ""C"",
      ""destination_location_id"": ""L"",
      ""walking_distance"": 34
    },
    {
      ""origin_location_id"": ""C"",
      ""destination_location_id"": ""M"",
      ""walking_distance"": 54
    },
    {
      ""origin_location_id"": ""C"",
      ""destination_location_id"": ""N"",
      ""walking_distance"": 54
    },
    {
      ""origin_location_id"": ""D"",
      ""destination_location_id"": ""A"",
      ""walking_distance"": 52
    },
    {
      ""origin_location_id"": ""D"",
      ""destination_location_id"": ""B"",
      ""walking_distance"": 34
    },
    {
      ""origin_location_id"": ""D"",
      ""destination_location_id"": ""C"",
      ""walking_distance"": 40
    },
    {
      ""origin_location_id"": ""D"",
      ""destination_location_id"": ""E"",
      ""walking_distance"": 30
    },
    {
      ""origin_location_id"": ""D"",
      ""destination_location_id"": ""F"",
      ""walking_distance"": 34
    },
    {
      ""origin_location_id"": ""D"",
      ""destination_location_id"": ""G"",
      ""walking_distance"": 26
    },
    {
      ""origin_location_id"": ""D"",
      ""destination_location_id"": ""H"",
      ""walking_distance"": 27
    },
    {
      ""origin_location_id"": ""D"",
      ""destination_location_id"": ""I"",
      ""walking_distance"": 32
    },
    {
      ""origin_location_id"": ""D"",
      ""destination_location_id"": ""J"",
      ""walking_distance"": 25
    },
    {
      ""origin_location_id"": ""D"",
      ""destination_location_id"": ""K"",
      ""walking_distance"": 26
    },
    {
      ""origin_location_id"": ""D"",
      ""destination_location_id"": ""L"",
      ""walking_distance"": 42
    },
    {
      ""origin_location_id"": ""D"",
      ""destination_location_id"": ""M"",
      ""walking_distance"": 49
    },
    {
      ""origin_location_id"": ""D"",
      ""destination_location_id"": ""N"",
      ""walking_distance"": 45
    },
    {
      ""origin_location_id"": ""E"",
      ""destination_location_id"": ""A"",
      ""walking_distance"": 62
    },
    {
      ""origin_location_id"": ""E"",
      ""destination_location_id"": ""B"",
      ""walking_distance"": 54
    },
    {
      ""origin_location_id"": ""E"",
      ""destination_location_id"": ""C"",
      ""walking_distance"": 10
    },
    {
      ""origin_location_id"": ""E"",
      ""destination_location_id"": ""D"",
      ""walking_distance"": 30
    },
    {
      ""origin_location_id"": ""E"",
      ""destination_location_id"": ""F"",
      ""walking_distance"": 45
    },
    {
      ""origin_location_id"": ""E"",
      ""destination_location_id"": ""G"",
      ""walking_distance"": 39
    },
    {
      ""origin_location_id"": ""E"",
      ""destination_location_id"": ""H"",
      ""walking_distance"": 33
    },
    {
      ""origin_location_id"": ""E"",
      ""destination_location_id"": ""I"",
      ""walking_distance"": 45
    },
    {
      ""origin_location_id"": ""E"",
      ""destination_location_id"": ""J"",
      ""walking_distance"": 45
    },
    {
      ""origin_location_id"": ""E"",
      ""destination_location_id"": ""K"",
      ""walking_distance"": 38
    },
    {
      ""origin_location_id"": ""E"",
      ""destination_location_id"": ""L"",
      ""walking_distance"": 44
    },
    {
      ""origin_location_id"": ""E"",
      ""destination_location_id"": ""M"",
      ""walking_distance"": 44
    },
    {
      ""origin_location_id"": ""E"",
      ""destination_location_id"": ""N"",
      ""walking_distance"": 61
    },
    {
      ""origin_location_id"": ""F"",
      ""destination_location_id"": ""A"",
      ""walking_distance"": 59
    },
    {
      ""origin_location_id"": ""F"",
      ""destination_location_id"": ""B"",
      ""walking_distance"": 40
    },
    {
      ""origin_location_id"": ""F"",
      ""destination_location_id"": ""C"",
      ""walking_distance"": 35
    },
    {
      ""origin_location_id"": ""F"",
      ""destination_location_id"": ""D"",
      ""walking_distance"": 34
    },
    {
      ""origin_location_id"": ""F"",
      ""destination_location_id"": ""E"",
      ""walking_distance"": 45
    },
    {
      ""origin_location_id"": ""F"",
      ""destination_location_id"": ""G"",
      ""walking_distance"": 34
    },
    {
      ""origin_location_id"": ""F"",
      ""destination_location_id"": ""H"",
      ""walking_distance"": 15
    },
    {
      ""origin_location_id"": ""F"",
      ""destination_location_id"": ""I"",
      ""walking_distance"": 37
    },
    {
      ""origin_location_id"": ""F"",
      ""destination_location_id"": ""J"",
      ""walking_distance"": 24
    },
    {
      ""origin_location_id"": ""F"",
      ""destination_location_id"": ""K"",
      ""walking_distance"": 33
    },
    {
      ""origin_location_id"": ""F"",
      ""destination_location_id"": ""L"",
      ""walking_distance"": 38
    },
    {
      ""origin_location_id"": ""F"",
      ""destination_location_id"": ""M"",
      ""walking_distance"": 51
    },
    {
      ""origin_location_id"": ""F"",
      ""destination_location_id"": ""N"",
      ""walking_distance"": 52
    },
    {
      ""origin_location_id"": ""G"",
      ""destination_location_id"": ""A"",
      ""walking_distance"": 57
    },
    {
      ""origin_location_id"": ""G"",
      ""destination_location_id"": ""B"",
      ""walking_distance"": 53
    },
    {
      ""origin_location_id"": ""G"",
      ""destination_location_id"": ""C"",
      ""walking_distance"": 46
    },
    {
      ""origin_location_id"": ""G"",
      ""destination_location_id"": ""D"",
      ""walking_distance"": 26
    },
    {
      ""origin_location_id"": ""G"",
      ""destination_location_id"": ""E"",
      ""walking_distance"": 39
    },
    {
      ""origin_location_id"": ""G"",
      ""destination_location_id"": ""F"",
      ""walking_distance"": 34
    },
    {
      ""origin_location_id"": ""G"",
      ""destination_location_id"": ""H"",
      ""walking_distance"": 21
    },
    {
      ""origin_location_id"": ""G"",
      ""destination_location_id"": ""I"",
      ""walking_distance"": 34
    },
    {
      ""origin_location_id"": ""G"",
      ""destination_location_id"": ""J"",
      ""walking_distance"": 28
    },
    {
      ""origin_location_id"": ""G"",
      ""destination_location_id"": ""K"",
      ""walking_distance"": 33
    },
    {
      ""origin_location_id"": ""G"",
      ""destination_location_id"": ""L"",
      ""walking_distance"": 39
    },
    {
      ""origin_location_id"": ""G"",
      ""destination_location_id"": ""M"",
      ""walking_distance"": 56
    },
    {
      ""origin_location_id"": ""G"",
      ""destination_location_id"": ""N"",
      ""walking_distance"": 39
    },
    {
      ""origin_location_id"": ""H"",
      ""destination_location_id"": ""A"",
      ""walking_distance"": 59
    },
    {
      ""origin_location_id"": ""H"",
      ""destination_location_id"": ""B"",
      ""walking_distance"": 50
    },
    {
      ""origin_location_id"": ""H"",
      ""destination_location_id"": ""C"",
      ""walking_distance"": 26
    },
    {
      ""origin_location_id"": ""H"",
      ""destination_location_id"": ""D"",
      ""walking_distance"": 27
    },
    {
      ""origin_location_id"": ""H"",
      ""destination_location_id"": ""E"",
      ""walking_distance"": 33
    },
    {
      ""origin_location_id"": ""H"",
      ""destination_location_id"": ""F"",
      ""walking_distance"": 15
    },
    {
      ""origin_location_id"": ""H"",
      ""destination_location_id"": ""G"",
      ""walking_distance"": 21
    },
    {
      ""origin_location_id"": ""H"",
      ""destination_location_id"": ""I"",
      ""walking_distance"": 39
    },
    {
      ""origin_location_id"": ""H"",
      ""destination_location_id"": ""J"",
      ""walking_distance"": 25
    },
    {
      ""origin_location_id"": ""H"",
      ""destination_location_id"": ""K"",
      ""walking_distance"": 35
    },
    {
      ""origin_location_id"": ""H"",
      ""destination_location_id"": ""L"",
      ""walking_distance"": 38
    },
    {
      ""origin_location_id"": ""H"",
      ""destination_location_id"": ""M"",
      ""walking_distance"": 47
    },
    {
      ""origin_location_id"": ""H"",
      ""destination_location_id"": ""N"",
      ""walking_distance"": 45
    },
    {
      ""origin_location_id"": ""I"",
      ""destination_location_id"": ""A"",
      ""walking_distance"": 50
    },
    {
      ""origin_location_id"": ""I"",
      ""destination_location_id"": ""B"",
      ""walking_distance"": 52
    },
    {
      ""origin_location_id"": ""I"",
      ""destination_location_id"": ""C"",
      ""walking_distance"": 39
    },
    {
      ""origin_location_id"": ""I"",
      ""destination_location_id"": ""D"",
      ""walking_distance"": 32
    },
    {
      ""origin_location_id"": ""I"",
      ""destination_location_id"": ""E"",
      ""walking_distance"": 45
    },
    {
      ""origin_location_id"": ""I"",
      ""destination_location_id"": ""F"",
      ""walking_distance"": 37
    },
    {
      ""origin_location_id"": ""I"",
      ""destination_location_id"": ""G"",
      ""walking_distance"": 34
    },
    {
      ""origin_location_id"": ""I"",
      ""destination_location_id"": ""H"",
      ""walking_distance"": 39
    },
    {
      ""origin_location_id"": ""I"",
      ""destination_location_id"": ""J"",
      ""walking_distance"": 25
    },
    {
      ""origin_location_id"": ""I"",
      ""destination_location_id"": ""K"",
      ""walking_distance"": 23
    },
    {
      ""origin_location_id"": ""I"",
      ""destination_location_id"": ""L"",
      ""walking_distance"": 30
    },
    {
      ""origin_location_id"": ""I"",
      ""destination_location_id"": ""M"",
      ""walking_distance"": 46
    },
    {
      ""origin_location_id"": ""I"",
      ""destination_location_id"": ""N"",
      ""walking_distance"": 59
    },
    {
      ""origin_location_id"": ""J"",
      ""destination_location_id"": ""A"",
      ""walking_distance"": 53
    },
    {
      ""origin_location_id"": ""J"",
      ""destination_location_id"": ""B"",
      ""walking_distance"": 40
    },
    {
      ""origin_location_id"": ""J"",
      ""destination_location_id"": ""C"",
      ""walking_distance"": 35
    },
    {
      ""origin_location_id"": ""J"",
      ""destination_location_id"": ""D"",
      ""walking_distance"": 25
    },
    {
      ""origin_location_id"": ""J"",
      ""destination_location_id"": ""E"",
      ""walking_distance"": 45
    },
    {
      ""origin_location_id"": ""J"",
      ""destination_location_id"": ""F"",
      ""walking_distance"": 24
    },
    {
      ""origin_location_id"": ""J"",
      ""destination_location_id"": ""G"",
      ""walking_distance"": 28
    },
    {
      ""origin_location_id"": ""J"",
      ""destination_location_id"": ""H"",
      ""walking_distance"": 25
    },
    {
      ""origin_location_id"": ""J"",
      ""destination_location_id"": ""I"",
      ""walking_distance"": 25
    },
    {
      ""origin_location_id"": ""J"",
      ""destination_location_id"": ""K"",
      ""walking_distance"": 28
    },
    {
      ""origin_location_id"": ""J"",
      ""destination_location_id"": ""L"",
      ""walking_distance"": 35
    },
    {
      ""origin_location_id"": ""J"",
      ""destination_location_id"": ""M"",
      ""walking_distance"": 38
    },
    {
      ""origin_location_id"": ""J"",
      ""destination_location_id"": ""N"",
      ""walking_distance"": 34
    },
    {
      ""origin_location_id"": ""K"",
      ""destination_location_id"": ""A"",
      ""walking_distance"": 33
    },
    {
      ""origin_location_id"": ""K"",
      ""destination_location_id"": ""B"",
      ""walking_distance"": 43
    },
    {
      ""origin_location_id"": ""K"",
      ""destination_location_id"": ""C"",
      ""walking_distance"": 38
    },
    {
      ""origin_location_id"": ""K"",
      ""destination_location_id"": ""D"",
      ""walking_distance"": 26
    },
    {
      ""origin_location_id"": ""K"",
      ""destination_location_id"": ""E"",
      ""walking_distance"": 38
    },
    {
      ""origin_location_id"": ""K"",
      ""destination_location_id"": ""F"",
      ""walking_distance"": 33
    },
    {
      ""origin_location_id"": ""K"",
      ""destination_location_id"": ""G"",
      ""walking_distance"": 33
    },
    {
      ""origin_location_id"": ""K"",
      ""destination_location_id"": ""H"",
      ""walking_distance"": 35
    },
    {
      ""origin_location_id"": ""K"",
      ""destination_location_id"": ""I"",
      ""walking_distance"": 23
    },
    {
      ""origin_location_id"": ""K"",
      ""destination_location_id"": ""J"",
      ""walking_distance"": 28
    },
    {
      ""origin_location_id"": ""K"",
      ""destination_location_id"": ""L"",
      ""walking_distance"": 33
    },
    {
      ""origin_location_id"": ""K"",
      ""destination_location_id"": ""M"",
      ""walking_distance"": 29
    },
    {
      ""origin_location_id"": ""K"",
      ""destination_location_id"": ""N"",
      ""walking_distance"": 44
    },
    {
      ""origin_location_id"": ""L"",
      ""destination_location_id"": ""A"",
      ""walking_distance"": 46
    },
    {
      ""origin_location_id"": ""L"",
      ""destination_location_id"": ""B"",
      ""walking_distance"": 48
    },
    {
      ""origin_location_id"": ""L"",
      ""destination_location_id"": ""C"",
      ""walking_distance"": 34
    },
    {
      ""origin_location_id"": ""L"",
      ""destination_location_id"": ""D"",
      ""walking_distance"": 42
    },
    {
      ""origin_location_id"": ""L"",
      ""destination_location_id"": ""E"",
      ""walking_distance"": 44
    },
    {
      ""origin_location_id"": ""L"",
      ""destination_location_id"": ""F"",
      ""walking_distance"": 38
    },
    {
      ""origin_location_id"": ""L"",
      ""destination_location_id"": ""G"",
      ""walking_distance"": 39
    },
    {
      ""origin_location_id"": ""L"",
      ""destination_location_id"": ""H"",
      ""walking_distance"": 38
    },
    {
      ""origin_location_id"": ""L"",
      ""destination_location_id"": ""I"",
      ""walking_distance"": 30
    },
    {
      ""origin_location_id"": ""L"",
      ""destination_location_id"": ""J"",
      ""walking_distance"": 35
    },
    {
      ""origin_location_id"": ""L"",
      ""destination_location_id"": ""K"",
      ""walking_distance"": 33
    },
    {
      ""origin_location_id"": ""L"",
      ""destination_location_id"": ""M"",
      ""walking_distance"": 51
    },
    {
      ""origin_location_id"": ""L"",
      ""destination_location_id"": ""N"",
      ""walking_distance"": 59
    },
    {
      ""origin_location_id"": ""M"",
      ""destination_location_id"": ""A"",
      ""walking_distance"": 56
    },
    {
      ""origin_location_id"": ""M"",
      ""destination_location_id"": ""B"",
      ""walking_distance"": 61
    },
    {
      ""origin_location_id"": ""M"",
      ""destination_location_id"": ""C"",
      ""walking_distance"": 54
    },
    {
      ""origin_location_id"": ""M"",
      ""destination_location_id"": ""D"",
      ""walking_distance"": 49
    },
    {
      ""origin_location_id"": ""M"",
      ""destination_location_id"": ""E"",
      ""walking_distance"": 44
    },
    {
      ""origin_location_id"": ""M"",
      ""destination_location_id"": ""F"",
      ""walking_distance"": 51
    },
    {
      ""origin_location_id"": ""M"",
      ""destination_location_id"": ""G"",
      ""walking_distance"": 56
    },
    {
      ""origin_location_id"": ""M"",
      ""destination_location_id"": ""H"",
      ""walking_distance"": 47
    },
    {
      ""origin_location_id"": ""M"",
      ""destination_location_id"": ""I"",
      ""walking_distance"": 46
    },
    {
      ""origin_location_id"": ""M"",
      ""destination_location_id"": ""J"",
      ""walking_distance"": 38
    },
    {
      ""origin_location_id"": ""M"",
      ""destination_location_id"": ""K"",
      ""walking_distance"": 29
    },
    {
      ""origin_location_id"": ""M"",
      ""destination_location_id"": ""L"",
      ""walking_distance"": 51
    },
    {
      ""origin_location_id"": ""M"",
      ""destination_location_id"": ""N"",
      ""walking_distance"": 58
    },
    {
      ""origin_location_id"": ""N"",
      ""destination_location_id"": ""A"",
      ""walking_distance"": 64
    },
    {
      ""origin_location_id"": ""N"",
      ""destination_location_id"": ""B"",
      ""walking_distance"": 52
    },
    {
      ""origin_location_id"": ""N"",
      ""destination_location_id"": ""C"",
      ""walking_distance"": 54
    },
    {
      ""origin_location_id"": ""N"",
      ""destination_location_id"": ""D"",
      ""walking_distance"": 45
    },
    {
      ""origin_location_id"": ""N"",
      ""destination_location_id"": ""E"",
      ""walking_distance"": 61
    },
    {
      ""origin_location_id"": ""N"",
      ""destination_location_id"": ""F"",
      ""walking_distance"": 52
    },
    {
      ""origin_location_id"": ""N"",
      ""destination_location_id"": ""G"",
      ""walking_distance"": 39
    },
    {
      ""origin_location_id"": ""N"",
      ""destination_location_id"": ""H"",
      ""walking_distance"": 45
    },
    {
      ""origin_location_id"": ""N"",
      ""destination_location_id"": ""I"",
      ""walking_distance"": 59
    },
    {
      ""origin_location_id"": ""N"",
      ""destination_location_id"": ""J"",
      ""walking_distance"": 34
    },
    {
      ""origin_location_id"": ""N"",
      ""destination_location_id"": ""K"",
      ""walking_distance"": 44
    },
    {
      ""origin_location_id"": ""N"",
      ""destination_location_id"": ""L"",
      ""walking_distance"": 59
    },
    {
      ""origin_location_id"": ""N"",
      ""destination_location_id"": ""M"",
      ""walking_distance"": 58
    }
  ]
}

Just so we're on the same page, please return your pick-and-assign answer in a small JSON snippet like this — a relaxed template you can fill in.

{
  ""solution"": {
    ""selected"": [<stop_to_open>, <stop_to_open>, ...],
    ""assignments"": [<chosen_open_stop>, <chosen_open_stop>, ...]
  }
}

""selected"" is where you list the stops you decide to open. ""assignments"" is a matching list that says, for each household (in the same order they appear in the instance), which open stop that household is tied to. Think of it as a simple form: one line naming the open stops, and one line matching each home to one of them.

This is just the expected shape — a sketch, not the final filled-in answer.

Please make sure you use the exact identifiers from the instance input — do not rename them or invent new labels. Valid identifiers look like plain numbers such as “1” or “23”, single capital letters like “A” or “B”, or a capital letter followed by digits like “A1” or “X7”.",json,names,"{""distance_matrix"": [[0, 64, 63, 52, 62, 59, 57, 59, 50, 53, 33, 46, 56, 64], [64, 0, 45, 34, 54, 40, 53, 50, 52, 40, 43, 48, 61, 52], [63, 45, 0, 40, 10, 35, 46, 26, 39, 35, 38, 34, 54, 54], [52, 34, 40, 0, 30, 34, 26, 27, 32, 25, 26, 42, 49, 45], [62, 54, 10, 30, 0, 45, 39, 33, 45, 45, 38, 44, 44, 61], [59, 40, 35, 34, 45, 0, 34, 15, 37, 24, 33, 38, 51, 52], [57, 53, 46, 26, 39, 34, 0, 21, 34, 28, 33, 39, 56, 39], [59, 50, 26, 27, 33, 15, 21, 0, 39, 25, 35, 38, 47, 45], [50, 52, 39, 32, 45, 37, 34, 39, 0, 25, 23, 30, 46, 59], [53, 40, 35, 25, 45, 24, 28, 25, 25, 0, 28, 35, 38, 34], [33, 43, 38, 26, 38, 33, 33, 35, 23, 28, 0, 33, 29, 44], [46, 48, 34, 42, 44, 38, 39, 38, 30, 35, 33, 0, 51, 59], [56, 61, 54, 49, 44, 51, 56, 47, 46, 38, 29, 51, 0, 58], [64, 52, 54, 45, 61, 52, 39, 45, 59, 34, 44, 59, 58, 0]], ""p"": 1, ""objective"": 44.0}","{""facilities"": [10], ""assignments"": [10, 10, 10, 10, 10, 10, 10, 10, 10, 10, 10, 10, 10, 10]}",44.0,"{""problem_type"": ""PCENTER"", ""num_nodes"": 14, ""num_open"": 1, ""sites"": [{""id"": ""A"", ""distances"": {""A"": 0, ""B"": 64, ""C"": 63, ""D"": 52, ""E"": 62, ""F"": 59, ""G"": 57, ""H"": 59, ""I"": 50, ""J"": 53, ""K"": 33, ""L"": 46, ""M"": 56, ""N"": 64}}, {""id"": ""B"", ""distances"": {""A"": 64, ""B"": 0, ""C"": 45, ""D"": 34, ""E"": 54, ""F"": 40, ""G"": 53, ""H"": 50, ""I"": 52, ""J"": 40, ""K"": 43, ""L"": 48, ""M"": 61, ""N"": 52}}, {""id"": ""C"", ""distances"": {""A"": 63, ""B"": 45, ""C"": 0, ""D"": 40, ""E"": 10, ""F"": 35, ""G"": 46, ""H"": 26, ""I"": 39, ""J"": 35, ""K"": 38, ""L"": 34, ""M"": 54, ""N"": 54}}, {""id"": ""D"", ""distances"": {""A"": 52, ""B"": 34, ""C"": 40, ""D"": 0, ""E"": 30, ""F"": 34, ""G"": 26, ""H"": 27, ""I"": 32, ""J"": 25, ""K"": 26, ""L"": 42, ""M"": 49, ""N"": 45}}, {""id"": ""E"", ""distances"": {""A"": 62, ""B"": 54, ""C"": 10, ""D"": 30, ""E"": 0, ""F"": 45, ""G"": 39, ""H"": 33, ""I"": 45, ""J"": 45, ""K"": 38, ""L"": 44, ""M"": 44, ""N"": 61}}, {""id"": ""F"", ""distances"": {""A"": 59, ""B"": 40, ""C"": 35, ""D"": 34, ""E"": 45, ""F"": 0, ""G"": 34, ""H"": 15, ""I"": 37, ""J"": 24, ""K"": 33, ""L"": 38, ""M"": 51, ""N"": 52}}, {""id"": ""G"", ""distances"": {""A"": 57, ""B"": 53, ""C"": 46, ""D"": 26, ""E"": 39, ""F"": 34, ""G"": 0, ""H"": 21, ""I"": 34, ""J"": 28, ""K"": 33, ""L"": 39, ""M"": 56, ""N"": 39}}, {""id"": ""H"", ""distances"": {""A"": 59, ""B"": 50, ""C"": 26, ""D"": 27, ""E"": 33, ""F"": 15, ""G"": 21, ""H"": 0, ""I"": 39, ""J"": 25, ""K"": 35, ""L"": 38, ""M"": 47, ""N"": 45}}, {""id"": ""I"", ""distances"": {""A"": 50, ""B"": 52, ""C"": 39, ""D"": 32, ""E"": 45, ""F"": 37, ""G"": 34, ""H"": 39, ""I"": 0, ""J"": 25, ""K"": 23, ""L"": 30, ""M"": 46, ""N"": 59}}, {""id"": ""J"", ""distances"": {""A"": 53, ""B"": 40, ""C"": 35, ""D"": 25, ""E"": 45, ""F"": 24, ""G"": 28, ""H"": 25, ""I"": 25, ""J"": 0, ""K"": 28, ""L"": 35, ""M"": 38, ""N"": 34}}, {""id"": ""K"", ""distances"": {""A"": 33, ""B"": 43, ""C"": 38, ""D"": 26, ""E"": 38, ""F"": 33, ""G"": 33, ""H"": 35, ""I"": 23, ""J"": 28, ""K"": 0, ""L"": 33, ""M"": 29, ""N"": 44}}, {""id"": ""L"", ""distances"": {""A"": 46, ""B"": 48, ""C"": 34, ""D"": 42, ""E"": 44, ""F"": 38, ""G"": 39, ""H"": 38, ""I"": 30, ""J"": 35, ""K"": 33, ""L"": 0, ""M"": 51, ""N"": 59}}, {""id"": ""M"", ""distances"": {""A"": 56, ""B"": 61, ""C"": 54, ""D"": 49, ""E"": 44, ""F"": 51, ""G"": 56, ""H"": 47, ""I"": 46, ""J"": 38, ""K"": 29, ""L"": 51, ""M"": 0, ""N"": 58}}, {""id"": ""N"", ""distances"": {""A"": 64, ""B"": 52, ""C"": 54, ""D"": 45, ""E"": 61, ""F"": 52, ""G"": 39, ""H"": 45, ""I"": 59, ""J"": 34, ""K"": 44, ""L"": 59, ""M"": 58, ""N"": 0}}], ""objective"": 44.0}","{""selected"": [""K""], ""assignments"": [""K"", ""K"", ""K"", ""K"", ""K"", ""K"", ""K"", ""K"", ""K"", ""K"", ""K"", ""K"", ""K"", ""K""]}"
PCENTER_M_005,PCENTER,M,5,"Recently the town decided to open a limited number of water refill stations and the question became which candidate locations to pick. The travel times between all spots are known, and each block has to be assigned to exactly one of the open stations — no skipping blocks and no overlapping assignments. What they’re trying to do is shrink the longest walk anyone faces: for any given plan, find the block that ends up farthest from its assigned station and reduce that distance as much as possible. The detailed map and numbers follow below.

There are 13 candidate locations, they may open 4 stations, and the location IDs are 1, 2, 3, 4, 5, 6, 7, 8, 9, 10, 11, 12, 13.
From location 1 to 2 the travel distance is 76.
From location 1 to 3 the travel distance is 55.
From location 1 to 4 the travel distance is 77.
From location 1 to 5 the travel distance is 78.
From location 1 to 6 the travel distance is 51.
From location 1 to 7 the travel distance is 84.
From location 1 to 8 the travel distance is 71.
From location 1 to 9 the travel distance is 78.
From location 1 to 10 the travel distance is 72.
From location 1 to 11 the travel distance is 58.
From location 1 to 12 the travel distance is 72.
From location 1 to 13 the travel distance is 30.
From location 2 to 1 the travel distance is 76.
From location 2 to 3 the travel distance is 45.
From location 2 to 4 the travel distance is 76.
From location 2 to 5 the travel distance is 60.
From location 2 to 6 the travel distance is 63.
From location 2 to 7 the travel distance is 69.
From location 2 to 8 the travel distance is 58.
From location 2 to 9 the travel distance is 56.
From location 2 to 10 the travel distance is 50.
From location 2 to 11 the travel distance is 54.
From location 2 to 12 the travel distance is 68.
From location 2 to 13 the travel distance is 61.
From location 3 to 1 the travel distance is 55.
From location 3 to 2 the travel distance is 45.
From location 3 to 4 the travel distance is 52.
From location 3 to 5 the travel distance is 62.
From location 3 to 6 the travel distance is 49.
From location 3 to 7 the travel distance is 58.
From location 3 to 8 the travel distance is 64.
From location 3 to 9 the travel distance is 47.
From location 3 to 10 the travel distance is 41.
From location 3 to 11 the travel distance is 54.
From location 3 to 12 the travel distance is 45.
From location 3 to 13 the travel distance is 39.
From location 4 to 1 the travel distance is 77.
From location 4 to 2 the travel distance is 76.
From location 4 to 3 the travel distance is 52.
From location 4 to 5 the travel distance is 79.
From location 4 to 6 the travel distance is 26.
From location 4 to 7 the travel distance is 80.
From location 4 to 8 the travel distance is 61.
From location 4 to 9 the travel distance is 81.
From location 4 to 10 the travel distance is 75.
From location 4 to 11 the travel distance is 84.
From location 4 to 12 the travel distance is 79.
From location 4 to 13 the travel distance is 63.
From location 5 to 1 the travel distance is 78.
From location 5 to 2 the travel distance is 60.
From location 5 to 3 the travel distance is 62.
From location 5 to 4 the travel distance is 79.
From location 5 to 6 the travel distance is 59.
From location 5 to 7 the travel distance is 73.
From location 5 to 8 the travel distance is 77.
From location 5 to 9 the travel distance is 73.
From location 5 to 10 the travel distance is 78.
From location 5 to 11 the travel distance is 73.
From location 5 to 12 the travel distance is 82.
From location 5 to 13 the travel distance is 48.
From location 6 to 1 the travel distance is 51.
From location 6 to 2 the travel distance is 63.
From location 6 to 3 the travel distance is 49.
From location 6 to 4 the travel distance is 26.
From location 6 to 5 the travel distance is 59.
From location 6 to 7 the travel distance is 67.
From location 6 to 8 the travel distance is 68.
From location 6 to 9 the travel distance is 64.
From location 6 to 10 the travel distance is 63.
From location 6 to 11 the travel distance is 64.
From location 6 to 12 the travel distance is 68.
From location 6 to 13 the travel distance is 41.
From location 7 to 1 the travel distance is 84.
From location 7 to 2 the travel distance is 69.
From location 7 to 3 the travel distance is 58.
From location 7 to 4 the travel distance is 80.
From location 7 to 5 the travel distance is 73.
From location 7 to 6 the travel distance is 67.
From location 7 to 8 the travel distance is 56.
From location 7 to 9 the travel distance is 51.
From location 7 to 10 the travel distance is 63.
From location 7 to 11 the travel distance is 71.
From location 7 to 12 the travel distance is 85.
From location 7 to 13 the travel distance is 56.
From location 8 to 1 the travel distance is 71.
From location 8 to 2 the travel distance is 58.
From location 8 to 3 the travel distance is 64.
From location 8 to 4 the travel distance is 61.
From location 8 to 5 the travel distance is 77.
From location 8 to 6 the travel distance is 68.
From location 8 to 7 the travel distance is 56.
From location 8 to 9 the travel distance is 76.
From location 8 to 10 the travel distance is 64.
From location 8 to 11 the travel distance is 68.
From location 8 to 12 the travel distance is 61.
From location 8 to 13 the travel distance is 41.
From location 9 to 1 the travel distance is 78.
From location 9 to 2 the travel distance is 56.
From location 9 to 3 the travel distance is 47.
From location 9 to 4 the travel distance is 81.
From location 9 to 5 the travel distance is 73.
From location 9 to 6 the travel distance is 64.
From location 9 to 7 the travel distance is 51.
From location 9 to 8 the travel distance is 76.
From location 9 to 10 the travel distance is 64.
From location 9 to 11 the travel distance is 65.
From location 9 to 12 the travel distance is 62.
From location 9 to 13 the travel distance is 63.
From location 10 to 1 the travel distance is 72.
From location 10 to 2 the travel distance is 50.
From location 10 to 3 the travel distance is 41.
From location 10 to 4 the travel distance is 75.
From location 10 to 5 the travel distance is 78.
From location 10 to 6 the travel distance is 63.
From location 10 to 7 the travel distance is 63.
From location 10 to 8 the travel distance is 64.
From location 10 to 9 the travel distance is 64.
From location 10 to 11 the travel distance is 67.
From location 10 to 12 the travel distance is 68.
From location 10 to 13 the travel distance is 50.
From location 11 to 1 the travel distance is 58.
From location 11 to 2 the travel distance is 54.
From location 11 to 3 the travel distance is 54.
From location 11 to 4 the travel distance is 84.
From location 11 to 5 the travel distance is 73.
From location 11 to 6 the travel distance is 64.
From location 11 to 7 the travel distance is 71.
From location 11 to 8 the travel distance is 68.
From location 11 to 9 the travel distance is 65.
From location 11 to 10 the travel distance is 67.
From location 11 to 12 the travel distance is 62.
From location 11 to 13 the travel distance is 28.
From location 12 to 1 the travel distance is 72.
From location 12 to 2 the travel distance is 68.
From location 12 to 3 the travel distance is 45.
From location 12 to 4 the travel distance is 79.
From location 12 to 5 the travel distance is 82.
From location 12 to 6 the travel distance is 68.
From location 12 to 7 the travel distance is 85.
From location 12 to 8 the travel distance is 61.
From location 12 to 9 the travel distance is 62.
From location 12 to 10 the travel distance is 68.
From location 12 to 11 the travel distance is 62.
From location 12 to 13 the travel distance is 44.
From location 13 to 1 the travel distance is 30.
From location 13 to 2 the travel distance is 61.
From location 13 to 3 the travel distance is 39.
From location 13 to 4 the travel distance is 63.
From location 13 to 5 the travel distance is 48.
From location 13 to 6 the travel distance is 41.
From location 13 to 7 the travel distance is 56.
From location 13 to 8 the travel distance is 41.
From location 13 to 9 the travel distance is 63.
From location 13 to 10 the travel distance is 50.
From location 13 to 11 the travel distance is 28.
From location 13 to 12 the travel distance is 44.
Below are the pairwise travel distances they will use to assign each block to an open station.

One more thing — when you send back the plan, it'd be great if you stick to a simple JSON layout like this so it's easy to parse:

{
  ""solution"": {
    ""selected"": [<site_to_open>, <site_to_open>, ...],
    ""assignments"": [<chosen_open_site>, <chosen_open_site>, ...]
  }
}

Think of ""selected"" as the list of candidate spots we decide to open (placeholders above), and ""assignments"" as, for each block in the instance, which open spot that block is assigned to. Super casual: it's just a small form saying which sites are opened and where each block goes. This JSON is only a sketch of the shape I need, not the final answer itself.

Please be sure to use the exact identifiers given in the instance input — don't rename them or invent new labels. Valid identifiers look like plain numbers such as “1” or “23”, single capital letters like “A” or “B”, or a capital letter followed by digits like “A1” or “X7”.",nl,one_based,"{""distance_matrix"": [[0, 76, 55, 77, 78, 51, 84, 71, 78, 72, 58, 72, 30], [76, 0, 45, 76, 60, 63, 69, 58, 56, 50, 54, 68, 61], [55, 45, 0, 52, 62, 49, 58, 64, 47, 41, 54, 45, 39], [77, 76, 52, 0, 79, 26, 80, 61, 81, 75, 84, 79, 63], [78, 60, 62, 79, 0, 59, 73, 77, 73, 78, 73, 82, 48], [51, 63, 49, 26, 59, 0, 67, 68, 64, 63, 64, 68, 41], [84, 69, 58, 80, 73, 67, 0, 56, 51, 63, 71, 85, 56], [71, 58, 64, 61, 77, 68, 56, 0, 76, 64, 68, 61, 41], [78, 56, 47, 81, 73, 64, 51, 76, 0, 64, 65, 62, 63], [72, 50, 41, 75, 78, 63, 63, 64, 64, 0, 67, 68, 50], [58, 54, 54, 84, 73, 64, 71, 68, 65, 67, 0, 62, 28], [72, 68, 45, 79, 82, 68, 85, 61, 62, 68, 62, 0, 44], [30, 61, 39, 63, 48, 41, 56, 41, 63, 50, 28, 44, 0]], ""p"": 4, ""objective"": 48.0}","{""facilities"": [2, 5, 6, 12], ""assignments"": [12, 2, 12, 5, 12, 12, 6, 12, 2, 2, 12, 12, 12]}",48.0,"{""problem_type"": ""PCENTER"", ""num_nodes"": 13, ""num_open"": 4, ""sites"": [{""id"": 1, ""distances"": {""1"": 0, ""2"": 76, ""3"": 55, ""4"": 77, ""5"": 78, ""6"": 51, ""7"": 84, ""8"": 71, ""9"": 78, ""10"": 72, ""11"": 58, ""12"": 72, ""13"": 30}}, {""id"": 2, ""distances"": {""1"": 76, ""2"": 0, ""3"": 45, ""4"": 76, ""5"": 60, ""6"": 63, ""7"": 69, ""8"": 58, ""9"": 56, ""10"": 50, ""11"": 54, ""12"": 68, ""13"": 61}}, {""id"": 3, ""distances"": {""1"": 55, ""2"": 45, ""3"": 0, ""4"": 52, ""5"": 62, ""6"": 49, ""7"": 58, ""8"": 64, ""9"": 47, ""10"": 41, ""11"": 54, ""12"": 45, ""13"": 39}}, {""id"": 4, ""distances"": {""1"": 77, ""2"": 76, ""3"": 52, ""4"": 0, ""5"": 79, ""6"": 26, ""7"": 80, ""8"": 61, ""9"": 81, ""10"": 75, ""11"": 84, ""12"": 79, ""13"": 63}}, {""id"": 5, ""distances"": {""1"": 78, ""2"": 60, ""3"": 62, ""4"": 79, ""5"": 0, ""6"": 59, ""7"": 73, ""8"": 77, ""9"": 73, ""10"": 78, ""11"": 73, ""12"": 82, ""13"": 48}}, {""id"": 6, ""distances"": {""1"": 51, ""2"": 63, ""3"": 49, ""4"": 26, ""5"": 59, ""6"": 0, ""7"": 67, ""8"": 68, ""9"": 64, ""10"": 63, ""11"": 64, ""12"": 68, ""13"": 41}}, {""id"": 7, ""distances"": {""1"": 84, ""2"": 69, ""3"": 58, ""4"": 80, ""5"": 73, ""6"": 67, ""7"": 0, ""8"": 56, ""9"": 51, ""10"": 63, ""11"": 71, ""12"": 85, ""13"": 56}}, {""id"": 8, ""distances"": {""1"": 71, ""2"": 58, ""3"": 64, ""4"": 61, ""5"": 77, ""6"": 68, ""7"": 56, ""8"": 0, ""9"": 76, ""10"": 64, ""11"": 68, ""12"": 61, ""13"": 41}}, {""id"": 9, ""distances"": {""1"": 78, ""2"": 56, ""3"": 47, ""4"": 81, ""5"": 73, ""6"": 64, ""7"": 51, ""8"": 76, ""9"": 0, ""10"": 64, ""11"": 65, ""12"": 62, ""13"": 63}}, {""id"": 10, ""distances"": {""1"": 72, ""2"": 50, ""3"": 41, ""4"": 75, ""5"": 78, ""6"": 63, ""7"": 63, ""8"": 64, ""9"": 64, ""10"": 0, ""11"": 67, ""12"": 68, ""13"": 50}}, {""id"": 11, ""distances"": {""1"": 58, ""2"": 54, ""3"": 54, ""4"": 84, ""5"": 73, ""6"": 64, ""7"": 71, ""8"": 68, ""9"": 65, ""10"": 67, ""11"": 0, ""12"": 62, ""13"": 28}}, {""id"": 12, ""distances"": {""1"": 72, ""2"": 68, ""3"": 45, ""4"": 79, ""5"": 82, ""6"": 68, ""7"": 85, ""8"": 61, ""9"": 62, ""10"": 68, ""11"": 62, ""12"": 0, ""13"": 44}}, {""id"": 13, ""distances"": {""1"": 30, ""2"": 61, ""3"": 39, ""4"": 63, ""5"": 48, ""6"": 41, ""7"": 56, ""8"": 41, ""9"": 63, ""10"": 50, ""11"": 28, ""12"": 44, ""13"": 0}}], ""objective"": 48.0}","{""selected"": [3, 6, 7, 13], ""assignments"": [13, 3, 13, 6, 13, 13, 7, 13, 3, 3, 13, 13, 13]}"
PCENTER_M_006,PCENTER,M,6,"There’s a simple relief puzzle on the table: open a fixed number of aid hubs from available spots, then attach every damaged neighborhood to exactly one hub so nobody’s missed or doubled up. The important measure is the longest journey anyone has to make — compute each neighborhood’s distance to its hub, then take the maximum of those distances, and try to bring that maximum down as much as possible. The map and the specific distances appear below.

{
  ""num_locations"": 11,
  ""num_hubs_to_open"": 4,
  ""location_ids"": [
    0,
    1,
    2,
    3,
    4,
    5,
    6,
    7,
    8,
    9,
    10
  ],
  ""data"": [
    {
      ""source_location"": 0,
      ""target_location"": 1,
      ""travel_distance"": 77
    },
    {
      ""source_location"": 0,
      ""target_location"": 2,
      ""travel_distance"": 49
    },
    {
      ""source_location"": 0,
      ""target_location"": 3,
      ""travel_distance"": 58
    },
    {
      ""source_location"": 0,
      ""target_location"": 4,
      ""travel_distance"": 55
    },
    {
      ""source_location"": 0,
      ""target_location"": 5,
      ""travel_distance"": 50
    },
    {
      ""source_location"": 0,
      ""target_location"": 6,
      ""travel_distance"": 70
    },
    {
      ""source_location"": 0,
      ""target_location"": 7,
      ""travel_distance"": 59
    },
    {
      ""source_location"": 0,
      ""target_location"": 8,
      ""travel_distance"": 65
    },
    {
      ""source_location"": 0,
      ""target_location"": 9,
      ""travel_distance"": 55
    },
    {
      ""source_location"": 0,
      ""target_location"": 10,
      ""travel_distance"": 23
    },
    {
      ""source_location"": 1,
      ""target_location"": 0,
      ""travel_distance"": 77
    },
    {
      ""source_location"": 1,
      ""target_location"": 2,
      ""travel_distance"": 45
    },
    {
      ""source_location"": 1,
      ""target_location"": 3,
      ""travel_distance"": 58
    },
    {
      ""source_location"": 1,
      ""target_location"": 4,
      ""travel_distance"": 76
    },
    {
      ""source_location"": 1,
      ""target_location"": 5,
      ""travel_distance"": 58
    },
    {
      ""source_location"": 1,
      ""target_location"": 6,
      ""travel_distance"": 60
    },
    {
      ""source_location"": 1,
      ""target_location"": 7,
      ""travel_distance"": 82
    },
    {
      ""source_location"": 1,
      ""target_location"": 8,
      ""travel_distance"": 54
    },
    {
      ""source_location"": 1,
      ""target_location"": 9,
      ""travel_distance"": 83
    },
    {
      ""source_location"": 1,
      ""target_location"": 10,
      ""travel_distance"": 56
    },
    {
      ""source_location"": 2,
      ""target_location"": 0,
      ""travel_distance"": 49
    },
    {
      ""source_location"": 2,
      ""target_location"": 1,
      ""travel_distance"": 45
    },
    {
      ""source_location"": 2,
      ""target_location"": 3,
      ""travel_distance"": 28
    },
    {
      ""source_location"": 2,
      ""target_location"": 4,
      ""travel_distance"": 48
    },
    {
      ""source_location"": 2,
      ""target_location"": 5,
      ""travel_distance"": 37
    },
    {
      ""source_location"": 2,
      ""target_location"": 6,
      ""travel_distance"": 45
    },
    {
      ""source_location"": 2,
      ""target_location"": 7,
      ""travel_distance"": 37
    },
    {
      ""source_location"": 2,
      ""target_location"": 8,
      ""travel_distance"": 27
    },
    {
      ""source_location"": 2,
      ""target_location"": 9,
      ""travel_distance"": 55
    },
    {
      ""source_location"": 2,
      ""target_location"": 10,
      ""travel_distance"": 30
    },
    {
      ""source_location"": 3,
      ""target_location"": 0,
      ""travel_distance"": 58
    },
    {
      ""source_location"": 3,
      ""target_location"": 1,
      ""travel_distance"": 58
    },
    {
      ""source_location"": 3,
      ""target_location"": 2,
      ""travel_distance"": 28
    },
    {
      ""source_location"": 3,
      ""target_location"": 4,
      ""travel_distance"": 52
    },
    {
      ""source_location"": 3,
      ""target_location"": 5,
      ""travel_distance"": 28
    },
    {
      ""source_location"": 3,
      ""target_location"": 6,
      ""travel_distance"": 38
    },
    {
      ""source_location"": 3,
      ""target_location"": 7,
      ""travel_distance"": 59
    },
    {
      ""source_location"": 3,
      ""target_location"": 8,
      ""travel_distance"": 41
    },
    {
      ""source_location"": 3,
      ""target_location"": 9,
      ""travel_distance"": 48
    },
    {
      ""source_location"": 3,
      ""target_location"": 10,
      ""travel_distance"": 35
    },
    {
      ""source_location"": 4,
      ""target_location"": 0,
      ""travel_distance"": 55
    },
    {
      ""source_location"": 4,
      ""target_location"": 1,
      ""travel_distance"": 76
    },
    {
      ""source_location"": 4,
      ""target_location"": 2,
      ""travel_distance"": 48
    },
    {
      ""source_location"": 4,
      ""target_location"": 3,
      ""travel_distance"": 52
    },
    {
      ""source_location"": 4,
      ""target_location"": 5,
      ""travel_distance"": 63
    },
    {
      ""source_location"": 4,
      ""target_location"": 6,
      ""travel_distance"": 55
    },
    {
      ""source_location"": 4,
      ""target_location"": 7,
      ""travel_distance"": 54
    },
    {
      ""source_location"": 4,
      ""target_location"": 8,
      ""travel_distance"": 50
    },
    {
      ""source_location"": 4,
      ""target_location"": 9,
      ""travel_distance"": 65
    },
    {
      ""source_location"": 4,
      ""target_location"": 10,
      ""travel_distance"": 42
    },
    {
      ""source_location"": 5,
      ""target_location"": 0,
      ""travel_distance"": 50
    },
    {
      ""source_location"": 5,
      ""target_location"": 1,
      ""travel_distance"": 58
    },
    {
      ""source_location"": 5,
      ""target_location"": 2,
      ""travel_distance"": 37
    },
    {
      ""source_location"": 5,
      ""target_location"": 3,
      ""travel_distance"": 28
    },
    {
      ""source_location"": 5,
      ""target_location"": 4,
      ""travel_distance"": 63
    },
    {
      ""source_location"": 5,
      ""target_location"": 6,
      ""travel_distance"": 55
    },
    {
      ""source_location"": 5,
      ""target_location"": 7,
      ""travel_distance"": 60
    },
    {
      ""source_location"": 5,
      ""target_location"": 8,
      ""travel_distance"": 20
    },
    {
      ""source_location"": 5,
      ""target_location"": 9,
      ""travel_distance"": 36
    },
    {
      ""source_location"": 5,
      ""target_location"": 10,
      ""travel_distance"": 31
    },
    {
      ""source_location"": 6,
      ""target_location"": 0,
      ""travel_distance"": 70
    },
    {
      ""source_location"": 6,
      ""target_location"": 1,
      ""travel_distance"": 60
    },
    {
      ""source_location"": 6,
      ""target_location"": 2,
      ""travel_distance"": 45
    },
    {
      ""source_location"": 6,
      ""target_location"": 3,
      ""travel_distance"": 38
    },
    {
      ""source_location"": 6,
      ""target_location"": 4,
      ""travel_distance"": 55
    },
    {
      ""source_location"": 6,
      ""target_location"": 5,
      ""travel_distance"": 55
    },
    {
      ""source_location"": 6,
      ""target_location"": 7,
      ""travel_distance"": 51
    },
    {
      ""source_location"": 6,
      ""target_location"": 8,
      ""travel_distance"": 35
    },
    {
      ""source_location"": 6,
      ""target_location"": 9,
      ""travel_distance"": 24
    },
    {
      ""source_location"": 6,
      ""target_location"": 10,
      ""travel_distance"": 47
    },
    {
      ""source_location"": 7,
      ""target_location"": 0,
      ""travel_distance"": 59
    },
    {
      ""source_location"": 7,
      ""target_location"": 1,
      ""travel_distance"": 82
    },
    {
      ""source_location"": 7,
      ""target_location"": 2,
      ""travel_distance"": 37
    },
    {
      ""source_location"": 7,
      ""target_location"": 3,
      ""travel_distance"": 59
    },
    {
      ""source_location"": 7,
      ""target_location"": 4,
      ""travel_distance"": 54
    },
    {
      ""source_location"": 7,
      ""target_location"": 5,
      ""travel_distance"": 60
    },
    {
      ""source_location"": 7,
      ""target_location"": 6,
      ""travel_distance"": 51
    },
    {
      ""source_location"": 7,
      ""target_location"": 8,
      ""travel_distance"": 64
    },
    {
      ""source_location"": 7,
      ""target_location"": 9,
      ""travel_distance"": 71
    },
    {
      ""source_location"": 7,
      ""target_location"": 10,
      ""travel_distance"": 43
    },
    {
      ""source_location"": 8,
      ""target_location"": 0,
      ""travel_distance"": 65
    },
    {
      ""source_location"": 8,
      ""target_location"": 1,
      ""travel_distance"": 54
    },
    {
      ""source_location"": 8,
      ""target_location"": 2,
      ""travel_distance"": 27
    },
    {
      ""source_location"": 8,
      ""target_location"": 3,
      ""travel_distance"": 41
    },
    {
      ""source_location"": 8,
      ""target_location"": 4,
      ""travel_distance"": 50
    },
    {
      ""source_location"": 8,
      ""target_location"": 5,
      ""travel_distance"": 20
    },
    {
      ""source_location"": 8,
      ""target_location"": 6,
      ""travel_distance"": 35
    },
    {
      ""source_location"": 8,
      ""target_location"": 7,
      ""travel_distance"": 64
    },
    {
      ""source_location"": 8,
      ""target_location"": 9,
      ""travel_distance"": 44
    },
    {
      ""source_location"": 8,
      ""target_location"": 10,
      ""travel_distance"": 44
    },
    {
      ""source_location"": 9,
      ""target_location"": 0,
      ""travel_distance"": 55
    },
    {
      ""source_location"": 9,
      ""target_location"": 1,
      ""travel_distance"": 83
    },
    {
      ""source_location"": 9,
      ""target_location"": 2,
      ""travel_distance"": 55
    },
    {
      ""source_location"": 9,
      ""target_location"": 3,
      ""travel_distance"": 48
    },
    {
      ""source_location"": 9,
      ""target_location"": 4,
      ""travel_distance"": 65
    },
    {
      ""source_location"": 9,
      ""target_location"": 5,
      ""travel_distance"": 36
    },
    {
      ""source_location"": 9,
      ""target_location"": 6,
      ""travel_distance"": 24
    },
    {
      ""source_location"": 9,
      ""target_location"": 7,
      ""travel_distance"": 71
    },
    {
      ""source_location"": 9,
      ""target_location"": 8,
      ""travel_distance"": 44
    },
    {
      ""source_location"": 9,
      ""target_location"": 10,
      ""travel_distance"": 36
    },
    {
      ""source_location"": 10,
      ""target_location"": 0,
      ""travel_distance"": 23
    },
    {
      ""source_location"": 10,
      ""target_location"": 1,
      ""travel_distance"": 56
    },
    {
      ""source_location"": 10,
      ""target_location"": 2,
      ""travel_distance"": 30
    },
    {
      ""source_location"": 10,
      ""target_location"": 3,
      ""travel_distance"": 35
    },
    {
      ""source_location"": 10,
      ""target_location"": 4,
      ""travel_distance"": 42
    },
    {
      ""source_location"": 10,
      ""target_location"": 5,
      ""travel_distance"": 31
    },
    {
      ""source_location"": 10,
      ""target_location"": 6,
      ""travel_distance"": 47
    },
    {
      ""source_location"": 10,
      ""target_location"": 7,
      ""travel_distance"": 43
    },
    {
      ""source_location"": 10,
      ""target_location"": 8,
      ""travel_distance"": 44
    },
    {
      ""source_location"": 10,
      ""target_location"": 9,
      ""travel_distance"": 36
    }
  ]
}

Also, when you send your solution back, please stick to this simple JSON layout so I can read it easily:

{
  ""solution"": {
    ""selected"": [<site_to_open>, <site_to_open>, ...],
    ""assignments"": [<chosen_open_site>, <chosen_open_site>, ...]
  }
}

This just sketches the shape I need: ""selected"" is the list of spots you decide to open as hubs, and ""assignments"" lists, for each neighborhood in the same order as the instance, which opened spot it's attached to. Think of it like filling out a form rather than writing code — it's just which hubs and who goes where.

One more thing: use the exact identifiers given in the problem instance — don't rename them or invent new labels. For example: Valid identifiers look like plain numbers such as “1” or “23”, single capital letters like “A” or “B”, or a capital letter followed by digits like “A1” or “X7”.",json,zero_based,"{""distance_matrix"": [[0, 77, 49, 58, 55, 50, 70, 59, 65, 55, 23], [77, 0, 45, 58, 76, 58, 60, 82, 54, 83, 56], [49, 45, 0, 28, 48, 37, 45, 37, 27, 55, 30], [58, 58, 28, 0, 52, 28, 38, 59, 41, 48, 35], [55, 76, 48, 52, 0, 63, 55, 54, 50, 65, 42], [50, 58, 37, 28, 63, 0, 55, 60, 20, 36, 31], [70, 60, 45, 38, 55, 55, 0, 51, 35, 24, 47], [59, 82, 37, 59, 54, 60, 51, 0, 64, 71, 43], [65, 54, 27, 41, 50, 20, 35, 64, 0, 44, 44], [55, 83, 55, 48, 65, 36, 24, 71, 44, 0, 36], [23, 56, 30, 35, 42, 31, 47, 43, 44, 36, 0]], ""p"": 4, ""objective"": 42.0}","{""facilities"": [1, 2, 3, 10], ""assignments"": [10, 1, 3, 3, 10, 3, 3, 2, 3, 10, 3]}",42.0,"{""problem_type"": ""PCENTER"", ""num_nodes"": 11, ""num_open"": 4, ""sites"": [{""id"": 0, ""distances"": {""0"": 0, ""1"": 77, ""2"": 49, ""3"": 58, ""4"": 55, ""5"": 50, ""6"": 70, ""7"": 59, ""8"": 65, ""9"": 55, ""10"": 23}}, {""id"": 1, ""distances"": {""0"": 77, ""1"": 0, ""2"": 45, ""3"": 58, ""4"": 76, ""5"": 58, ""6"": 60, ""7"": 82, ""8"": 54, ""9"": 83, ""10"": 56}}, {""id"": 2, ""distances"": {""0"": 49, ""1"": 45, ""2"": 0, ""3"": 28, ""4"": 48, ""5"": 37, ""6"": 45, ""7"": 37, ""8"": 27, ""9"": 55, ""10"": 30}}, {""id"": 3, ""distances"": {""0"": 58, ""1"": 58, ""2"": 28, ""3"": 0, ""4"": 52, ""5"": 28, ""6"": 38, ""7"": 59, ""8"": 41, ""9"": 48, ""10"": 35}}, {""id"": 4, ""distances"": {""0"": 55, ""1"": 76, ""2"": 48, ""3"": 52, ""4"": 0, ""5"": 63, ""6"": 55, ""7"": 54, ""8"": 50, ""9"": 65, ""10"": 42}}, {""id"": 5, ""distances"": {""0"": 50, ""1"": 58, ""2"": 37, ""3"": 28, ""4"": 63, ""5"": 0, ""6"": 55, ""7"": 60, ""8"": 20, ""9"": 36, ""10"": 31}}, {""id"": 6, ""distances"": {""0"": 70, ""1"": 60, ""2"": 45, ""3"": 38, ""4"": 55, ""5"": 55, ""6"": 0, ""7"": 51, ""8"": 35, ""9"": 24, ""10"": 47}}, {""id"": 7, ""distances"": {""0"": 59, ""1"": 82, ""2"": 37, ""3"": 59, ""4"": 54, ""5"": 60, ""6"": 51, ""7"": 0, ""8"": 64, ""9"": 71, ""10"": 43}}, {""id"": 8, ""distances"": {""0"": 65, ""1"": 54, ""2"": 27, ""3"": 41, ""4"": 50, ""5"": 20, ""6"": 35, ""7"": 64, ""8"": 0, ""9"": 44, ""10"": 44}}, {""id"": 9, ""distances"": {""0"": 55, ""1"": 83, ""2"": 55, ""3"": 48, ""4"": 65, ""5"": 36, ""6"": 24, ""7"": 71, ""8"": 44, ""9"": 0, ""10"": 36}}, {""id"": 10, ""distances"": {""0"": 23, ""1"": 56, ""2"": 30, ""3"": 35, ""4"": 42, ""5"": 31, ""6"": 47, ""7"": 43, ""8"": 44, ""9"": 36, ""10"": 0}}], ""objective"": 42.0}","{""selected"": [1, 2, 3, 10], ""assignments"": [10, 1, 3, 3, 10, 3, 3, 2, 3, 10, 3]}"
PCENTER_M_007,PCENTER,M,7,"Recently the retail planning team faced a clear brief: from a set of shortlisted sites, pick exactly N dark stores to open, and make sure each delivery area is assigned to one and only one of the open stores. To grade any candidate plan, check each area’s travel distance to its assigned store and then look at the worst (longest) distance — the team wants that worst distance to be as small as possible. The specific sites, delivery zones, and travel distances are provided below.

{
  ""num_candidate_sites"": 14,
  ""num_stores_to_open"": 3,
  ""location_ids"": [
    1,
    2,
    3,
    4,
    5,
    6,
    7,
    8,
    9,
    10,
    11,
    12,
    13,
    14
  ],
  ""data"": [
    {
      ""origin_location_id"": 1,
      ""destination_location_id"": 2,
      ""courier_travel_distance"": 45
    },
    {
      ""origin_location_id"": 1,
      ""destination_location_id"": 3,
      ""courier_travel_distance"": 27
    },
    {
      ""origin_location_id"": 1,
      ""destination_location_id"": 4,
      ""courier_travel_distance"": 31
    },
    {
      ""origin_location_id"": 1,
      ""destination_location_id"": 5,
      ""courier_travel_distance"": 48
    },
    {
      ""origin_location_id"": 1,
      ""destination_location_id"": 6,
      ""courier_travel_distance"": 37
    },
    {
      ""origin_location_id"": 1,
      ""destination_location_id"": 7,
      ""courier_travel_distance"": 32
    },
    {
      ""origin_location_id"": 1,
      ""destination_location_id"": 8,
      ""courier_travel_distance"": 58
    },
    {
      ""origin_location_id"": 1,
      ""destination_location_id"": 9,
      ""courier_travel_distance"": 36
    },
    {
      ""origin_location_id"": 1,
      ""destination_location_id"": 10,
      ""courier_travel_distance"": 43
    },
    {
      ""origin_location_id"": 1,
      ""destination_location_id"": 11,
      ""courier_travel_distance"": 20
    },
    {
      ""origin_location_id"": 1,
      ""destination_location_id"": 12,
      ""courier_travel_distance"": 31
    },
    {
      ""origin_location_id"": 1,
      ""destination_location_id"": 13,
      ""courier_travel_distance"": 30
    },
    {
      ""origin_location_id"": 1,
      ""destination_location_id"": 14,
      ""courier_travel_distance"": 25
    },
    {
      ""origin_location_id"": 2,
      ""destination_location_id"": 1,
      ""courier_travel_distance"": 45
    },
    {
      ""origin_location_id"": 2,
      ""destination_location_id"": 3,
      ""courier_travel_distance"": 52
    },
    {
      ""origin_location_id"": 2,
      ""destination_location_id"": 4,
      ""courier_travel_distance"": 49
    },
    {
      ""origin_location_id"": 2,
      ""destination_location_id"": 5,
      ""courier_travel_distance"": 58
    },
    {
      ""origin_location_id"": 2,
      ""destination_location_id"": 6,
      ""courier_travel_distance"": 44
    },
    {
      ""origin_location_id"": 2,
      ""destination_location_id"": 7,
      ""courier_travel_distance"": 56
    },
    {
      ""origin_location_id"": 2,
      ""destination_location_id"": 8,
      ""courier_travel_distance"": 51
    },
    {
      ""origin_location_id"": 2,
      ""destination_location_id"": 9,
      ""courier_travel_distance"": 61
    },
    {
      ""origin_location_id"": 2,
      ""destination_location_id"": 10,
      ""courier_travel_distance"": 67
    },
    {
      ""origin_location_id"": 2,
      ""destination_location_id"": 11,
      ""courier_travel_distance"": 55
    },
    {
      ""origin_location_id"": 2,
      ""destination_location_id"": 12,
      ""courier_travel_distance"": 64
    },
    {
      ""origin_location_id"": 2,
      ""destination_location_id"": 13,
      ""courier_travel_distance"": 63
    },
    {
      ""origin_location_id"": 2,
      ""destination_location_id"": 14,
      ""courier_travel_distance"": 46
    },
    {
      ""origin_location_id"": 3,
      ""destination_location_id"": 1,
      ""courier_travel_distance"": 27
    },
    {
      ""origin_location_id"": 3,
      ""destination_location_id"": 2,
      ""courier_travel_distance"": 52
    },
    {
      ""origin_location_id"": 3,
      ""destination_location_id"": 4,
      ""courier_travel_distance"": 46
    },
    {
      ""origin_location_id"": 3,
      ""destination_location_id"": 5,
      ""courier_travel_distance"": 43
    },
    {
      ""origin_location_id"": 3,
      ""destination_location_id"": 6,
      ""courier_travel_distance"": 50
    },
    {
      ""origin_location_id"": 3,
      ""destination_location_id"": 7,
      ""courier_travel_distance"": 51
    },
    {
      ""origin_location_id"": 3,
      ""destination_location_id"": 8,
      ""courier_travel_distance"": 63
    },
    {
      ""origin_location_id"": 3,
      ""destination_location_id"": 9,
      ""courier_travel_distance"": 43
    },
    {
      ""origin_location_id"": 3,
      ""destination_location_id"": 10,
      ""courier_travel_distance"": 50
    },
    {
      ""origin_location_id"": 3,
      ""destination_location_id"": 11,
      ""courier_travel_distance"": 34
    },
    {
      ""origin_location_id"": 3,
      ""destination_location_id"": 12,
      ""courier_travel_distance"": 51
    },
    {
      ""origin_location_id"": 3,
      ""destination_location_id"": 13,
      ""courier_travel_distance"": 48
    },
    {
      ""origin_location_id"": 3,
      ""destination_location_id"": 14,
      ""courier_travel_distance"": 43
    },
    {
      ""origin_location_id"": 4,
      ""destination_location_id"": 1,
      ""courier_travel_distance"": 31
    },
    {
      ""origin_location_id"": 4,
      ""destination_location_id"": 2,
      ""courier_travel_distance"": 49
    },
    {
      ""origin_location_id"": 4,
      ""destination_location_id"": 3,
      ""courier_travel_distance"": 46
    },
    {
      ""origin_location_id"": 4,
      ""destination_location_id"": 5,
      ""courier_travel_distance"": 26
    },
    {
      ""origin_location_id"": 4,
      ""destination_location_id"": 6,
      ""courier_travel_distance"": 34
    },
    {
      ""origin_location_id"": 4,
      ""destination_location_id"": 7,
      ""courier_travel_distance"": 41
    },
    {
      ""origin_location_id"": 4,
      ""destination_location_id"": 8,
      ""courier_travel_distance"": 57
    },
    {
      ""origin_location_id"": 4,
      ""destination_location_id"": 9,
      ""courier_travel_distance"": 39
    },
    {
      ""origin_location_id"": 4,
      ""destination_location_id"": 10,
      ""courier_travel_distance"": 40
    },
    {
      ""origin_location_id"": 4,
      ""destination_location_id"": 11,
      ""courier_travel_distance"": 32
    },
    {
      ""origin_location_id"": 4,
      ""destination_location_id"": 12,
      ""courier_travel_distance"": 46
    },
    {
      ""origin_location_id"": 4,
      ""destination_location_id"": 13,
      ""courier_travel_distance"": 30
    },
    {
      ""origin_location_id"": 4,
      ""destination_location_id"": 14,
      ""courier_travel_distance"": 7
    },
    {
      ""origin_location_id"": 5,
      ""destination_location_id"": 1,
      ""courier_travel_distance"": 48
    },
    {
      ""origin_location_id"": 5,
      ""destination_location_id"": 2,
      ""courier_travel_distance"": 58
    },
    {
      ""origin_location_id"": 5,
      ""destination_location_id"": 3,
      ""courier_travel_distance"": 43
    },
    {
      ""origin_location_id"": 5,
      ""destination_location_id"": 4,
      ""courier_travel_distance"": 26
    },
    {
      ""origin_location_id"": 5,
      ""destination_location_id"": 6,
      ""courier_travel_distance"": 50
    },
    {
      ""origin_location_id"": 5,
      ""destination_location_id"": 7,
      ""courier_travel_distance"": 55
    },
    {
      ""origin_location_id"": 5,
      ""destination_location_id"": 8,
      ""courier_travel_distance"": 80
    },
    {
      ""origin_location_id"": 5,
      ""destination_location_id"": 9,
      ""courier_travel_distance"": 49
    },
    {
      ""origin_location_id"": 5,
      ""destination_location_id"": 10,
      ""courier_travel_distance"": 39
    },
    {
      ""origin_location_id"": 5,
      ""destination_location_id"": 11,
      ""courier_travel_distance"": 41
    },
    {
      ""origin_location_id"": 5,
      ""destination_location_id"": 12,
      ""courier_travel_distance"": 62
    },
    {
      ""origin_location_id"": 5,
      ""destination_location_id"": 13,
      ""courier_travel_distance"": 43
    },
    {
      ""origin_location_id"": 5,
      ""destination_location_id"": 14,
      ""courier_travel_distance"": 23
    },
    {
      ""origin_location_id"": 6,
      ""destination_location_id"": 1,
      ""courier_travel_distance"": 37
    },
    {
      ""origin_location_id"": 6,
      ""destination_location_id"": 2,
      ""courier_travel_distance"": 44
    },
    {
      ""origin_location_id"": 6,
      ""destination_location_id"": 3,
      ""courier_travel_distance"": 50
    },
    {
      ""origin_location_id"": 6,
      ""destination_location_id"": 4,
      ""courier_travel_distance"": 34
    },
    {
      ""origin_location_id"": 6,
      ""destination_location_id"": 5,
      ""courier_travel_distance"": 50
    },
    {
      ""origin_location_id"": 6,
      ""destination_location_id"": 7,
      ""courier_travel_distance"": 51
    },
    {
      ""origin_location_id"": 6,
      ""destination_location_id"": 8,
      ""courier_travel_distance"": 58
    },
    {
      ""origin_location_id"": 6,
      ""destination_location_id"": 9,
      ""courier_travel_distance"": 60
    },
    {
      ""origin_location_id"": 6,
      ""destination_location_id"": 10,
      ""courier_travel_distance"": 51
    },
    {
      ""origin_location_id"": 6,
      ""destination_location_id"": 11,
      ""courier_travel_distance"": 51
    },
    {
      ""origin_location_id"": 6,
      ""destination_location_id"": 12,
      ""courier_travel_distance"": 63
    },
    {
      ""origin_location_id"": 6,
      ""destination_location_id"": 13,
      ""courier_travel_distance"": 54
    },
    {
      ""origin_location_id"": 6,
      ""destination_location_id"": 14,
      ""courier_travel_distance"": 29
    },
    {
      ""origin_location_id"": 7,
      ""destination_location_id"": 1,
      ""courier_travel_distance"": 32
    },
    {
      ""origin_location_id"": 7,
      ""destination_location_id"": 2,
      ""courier_travel_distance"": 56
    },
    {
      ""origin_location_id"": 7,
      ""destination_location_id"": 3,
      ""courier_travel_distance"": 51
    },
    {
      ""origin_location_id"": 7,
      ""destination_location_id"": 4,
      ""courier_travel_distance"": 41
    },
    {
      ""origin_location_id"": 7,
      ""destination_location_id"": 5,
      ""courier_travel_distance"": 55
    },
    {
      ""origin_location_id"": 7,
      ""destination_location_id"": 6,
      ""courier_travel_distance"": 51
    },
    {
      ""origin_location_id"": 7,
      ""destination_location_id"": 8,
      ""courier_travel_distance"": 61
    },
    {
      ""origin_location_id"": 7,
      ""destination_location_id"": 9,
      ""courier_travel_distance"": 40
    },
    {
      ""origin_location_id"": 7,
      ""destination_location_id"": 10,
      ""courier_travel_distance"": 44
    },
    {
      ""origin_location_id"": 7,
      ""destination_location_id"": 11,
      ""courier_travel_distance"": 42
    },
    {
      ""origin_location_id"": 7,
      ""destination_location_id"": 12,
      ""courier_travel_distance"": 57
    },
    {
      ""origin_location_id"": 7,
      ""destination_location_id"": 13,
      ""courier_travel_distance"": 34
    },
    {
      ""origin_location_id"": 7,
      ""destination_location_id"": 14,
      ""courier_travel_distance"": 36
    },
    {
      ""origin_location_id"": 8,
      ""destination_location_id"": 1,
      ""courier_travel_distance"": 58
    },
    {
      ""origin_location_id"": 8,
      ""destination_location_id"": 2,
      ""courier_travel_distance"": 51
    },
    {
      ""origin_location_id"": 8,
      ""destination_location_id"": 3,
      ""courier_travel_distance"": 63
    },
    {
      ""origin_location_id"": 8,
      ""destination_location_id"": 4,
      ""courier_travel_distance"": 57
    },
    {
      ""origin_location_id"": 8,
      ""destination_location_id"": 5,
      ""courier_travel_distance"": 80
    },
    {
      ""origin_location_id"": 8,
      ""destination_location_id"": 6,
      ""courier_travel_distance"": 58
    },
    {
      ""origin_location_id"": 8,
      ""destination_location_id"": 7,
      ""courier_travel_distance"": 61
    },
    {
      ""origin_location_id"": 8,
      ""destination_location_id"": 9,
      ""courier_travel_distance"": 68
    },
    {
      ""origin_location_id"": 8,
      ""destination_location_id"": 10,
      ""courier_travel_distance"": 72
    },
    {
      ""origin_location_id"": 8,
      ""destination_location_id"": 11,
      ""courier_travel_distance"": 64
    },
    {
      ""origin_location_id"": 8,
      ""destination_location_id"": 12,
      ""courier_travel_distance"": 59
    },
    {
      ""origin_location_id"": 8,
      ""destination_location_id"": 13,
      ""courier_travel_distance"": 66
    },
    {
      ""origin_location_id"": 8,
      ""destination_location_id"": 14,
      ""courier_travel_distance"": 61
    },
    {
      ""origin_location_id"": 9,
      ""destination_location_id"": 1,
      ""courier_travel_distance"": 36
    },
    {
      ""origin_location_id"": 9,
      ""destination_location_id"": 2,
      ""courier_travel_distance"": 61
    },
    {
      ""origin_location_id"": 9,
      ""destination_location_id"": 3,
      ""courier_travel_distance"": 43
    },
    {
      ""origin_location_id"": 9,
      ""destination_location_id"": 4,
      ""courier_travel_distance"": 39
    },
    {
      ""origin_location_id"": 9,
      ""destination_location_id"": 5,
      ""courier_travel_distance"": 49
    },
    {
      ""origin_location_id"": 9,
      ""destination_location_id"": 6,
      ""courier_travel_distance"": 60
    },
    {
      ""origin_location_id"": 9,
      ""destination_location_id"": 7,
      ""courier_travel_distance"": 40
    },
    {
      ""origin_location_id"": 9,
      ""destination_location_id"": 8,
      ""courier_travel_distance"": 68
    },
    {
      ""origin_location_id"": 9,
      ""destination_location_id"": 10,
      ""courier_travel_distance"": 27
    },
    {
      ""origin_location_id"": 9,
      ""destination_location_id"": 11,
      ""courier_travel_distance"": 49
    },
    {
      ""origin_location_id"": 9,
      ""destination_location_id"": 12,
      ""courier_travel_distance"": 50
    },
    {
      ""origin_location_id"": 9,
      ""destination_location_id"": 13,
      ""courier_travel_distance"": 38
    },
    {
      ""origin_location_id"": 9,
      ""destination_location_id"": 14,
      ""courier_travel_distance"": 32
    },
    {
      ""origin_location_id"": 10,
      ""destination_location_id"": 1,
      ""courier_travel_distance"": 43
    },
    {
      ""origin_location_id"": 10,
      ""destination_location_id"": 2,
      ""courier_travel_distance"": 67
    },
    {
      ""origin_location_id"": 10,
      ""destination_location_id"": 3,
      ""courier_travel_distance"": 50
    },
    {
      ""origin_location_id"": 10,
      ""destination_location_id"": 4,
      ""courier_travel_distance"": 40
    },
    {
      ""origin_location_id"": 10,
      ""destination_location_id"": 5,
      ""courier_travel_distance"": 39
    },
    {
      ""origin_location_id"": 10,
      ""destination_location_id"": 6,
      ""courier_travel_distance"": 51
    },
    {
      ""origin_location_id"": 10,
      ""destination_location_id"": 7,
      ""courier_travel_distance"": 44
    },
    {
      ""origin_location_id"": 10,
      ""destination_location_id"": 8,
      ""courier_travel_distance"": 72
    },
    {
      ""origin_location_id"": 10,
      ""destination_location_id"": 9,
      ""courier_travel_distance"": 27
    },
    {
      ""origin_location_id"": 10,
      ""destination_location_id"": 11,
      ""courier_travel_distance"": 51
    },
    {
      ""origin_location_id"": 10,
      ""destination_location_id"": 12,
      ""courier_travel_distance"": 57
    },
    {
      ""origin_location_id"": 10,
      ""destination_location_id"": 13,
      ""courier_travel_distance"": 29
    },
    {
      ""origin_location_id"": 10,
      ""destination_location_id"": 14,
      ""courier_travel_distance"": 39
    },
    {
      ""origin_location_id"": 11,
      ""destination_location_id"": 1,
      ""courier_travel_distance"": 20
    },
    {
      ""origin_location_id"": 11,
      ""destination_location_id"": 2,
      ""courier_travel_distance"": 55
    },
    {
      ""origin_location_id"": 11,
      ""destination_location_id"": 3,
      ""courier_travel_distance"": 34
    },
    {
      ""origin_location_id"": 11,
      ""destination_location_id"": 4,
      ""courier_travel_distance"": 32
    },
    {
      ""origin_location_id"": 11,
      ""destination_location_id"": 5,
      ""courier_travel_distance"": 41
    },
    {
      ""origin_location_id"": 11,
      ""destination_location_id"": 6,
      ""courier_travel_distance"": 51
    },
    {
      ""origin_location_id"": 11,
      ""destination_location_id"": 7,
      ""courier_travel_distance"": 42
    },
    {
      ""origin_location_id"": 11,
      ""destination_location_id"": 8,
      ""courier_travel_distance"": 64
    },
    {
      ""origin_location_id"": 11,
      ""destination_location_id"": 9,
      ""courier_travel_distance"": 49
    },
    {
      ""origin_location_id"": 11,
      ""destination_location_id"": 10,
      ""courier_travel_distance"": 51
    },
    {
      ""origin_location_id"": 11,
      ""destination_location_id"": 12,
      ""courier_travel_distance"": 40
    },
    {
      ""origin_location_id"": 11,
      ""destination_location_id"": 13,
      ""courier_travel_distance"": 22
    },
    {
      ""origin_location_id"": 11,
      ""destination_location_id"": 14,
      ""courier_travel_distance"": 39
    },
    {
      ""origin_location_id"": 12,
      ""destination_location_id"": 1,
      ""courier_travel_distance"": 31
    },
    {
      ""origin_location_id"": 12,
      ""destination_location_id"": 2,
      ""courier_travel_distance"": 64
    },
    {
      ""origin_location_id"": 12,
      ""destination_location_id"": 3,
      ""courier_travel_distance"": 51
    },
    {
      ""origin_location_id"": 12,
      ""destination_location_id"": 4,
      ""courier_travel_distance"": 46
    },
    {
      ""origin_location_id"": 12,
      ""destination_location_id"": 5,
      ""courier_travel_distance"": 62
    },
    {
      ""origin_location_id"": 12,
      ""destination_location_id"": 6,
      ""courier_travel_distance"": 63
    },
    {
      ""origin_location_id"": 12,
      ""destination_location_id"": 7,
      ""courier_travel_distance"": 57
    },
    {
      ""origin_location_id"": 12,
      ""destination_location_id"": 8,
      ""courier_travel_distance"": 59
    },
    {
      ""origin_location_id"": 12,
      ""destination_location_id"": 9,
      ""courier_travel_distance"": 50
    },
    {
      ""origin_location_id"": 12,
      ""destination_location_id"": 10,
      ""courier_travel_distance"": 57
    },
    {
      ""origin_location_id"": 12,
      ""destination_location_id"": 11,
      ""courier_travel_distance"": 40
    },
    {
      ""origin_location_id"": 12,
      ""destination_location_id"": 13,
      ""courier_travel_distance"": 44
    },
    {
      ""origin_location_id"": 12,
      ""destination_location_id"": 14,
      ""courier_travel_distance"": 44
    },
    {
      ""origin_location_id"": 13,
      ""destination_location_id"": 1,
      ""courier_travel_distance"": 30
    },
    {
      ""origin_location_id"": 13,
      ""destination_location_id"": 2,
      ""courier_travel_distance"": 63
    },
    {
      ""origin_location_id"": 13,
      ""destination_location_id"": 3,
      ""courier_travel_distance"": 48
    },
    {
      ""origin_location_id"": 13,
      ""destination_location_id"": 4,
      ""courier_travel_distance"": 30
    },
    {
      ""origin_location_id"": 13,
      ""destination_location_id"": 5,
      ""courier_travel_distance"": 43
    },
    {
      ""origin_location_id"": 13,
      ""destination_location_id"": 6,
      ""courier_travel_distance"": 54
    },
    {
      ""origin_location_id"": 13,
      ""destination_location_id"": 7,
      ""courier_travel_distance"": 34
    },
    {
      ""origin_location_id"": 13,
      ""destination_location_id"": 8,
      ""courier_travel_distance"": 66
    },
    {
      ""origin_location_id"": 13,
      ""destination_location_id"": 9,
      ""courier_travel_distance"": 38
    },
    {
      ""origin_location_id"": 13,
      ""destination_location_id"": 10,
      ""courier_travel_distance"": 29
    },
    {
      ""origin_location_id"": 13,
      ""destination_location_id"": 11,
      ""courier_travel_distance"": 22
    },
    {
      ""origin_location_id"": 13,
      ""destination_location_id"": 12,
      ""courier_travel_distance"": 44
    },
    {
      ""origin_location_id"": 13,
      ""destination_location_id"": 14,
      ""courier_travel_distance"": 37
    },
    {
      ""origin_location_id"": 14,
      ""destination_location_id"": 1,
      ""courier_travel_distance"": 25
    },
    {
      ""origin_location_id"": 14,
      ""destination_location_id"": 2,
      ""courier_travel_distance"": 46
    },
    {
      ""origin_location_id"": 14,
      ""destination_location_id"": 3,
      ""courier_travel_distance"": 43
    },
    {
      ""origin_location_id"": 14,
      ""destination_location_id"": 4,
      ""courier_travel_distance"": 7
    },
    {
      ""origin_location_id"": 14,
      ""destination_location_id"": 5,
      ""courier_travel_distance"": 23
    },
    {
      ""origin_location_id"": 14,
      ""destination_location_id"": 6,
      ""courier_travel_distance"": 29
    },
    {
      ""origin_location_id"": 14,
      ""destination_location_id"": 7,
      ""courier_travel_distance"": 36
    },
    {
      ""origin_location_id"": 14,
      ""destination_location_id"": 8,
      ""courier_travel_distance"": 61
    },
    {
      ""origin_location_id"": 14,
      ""destination_location_id"": 9,
      ""courier_travel_distance"": 32
    },
    {
      ""origin_location_id"": 14,
      ""destination_location_id"": 10,
      ""courier_travel_distance"": 39
    },
    {
      ""origin_location_id"": 14,
      ""destination_location_id"": 11,
      ""courier_travel_distance"": 39
    },
    {
      ""origin_location_id"": 14,
      ""destination_location_id"": 12,
      ""courier_travel_distance"": 44
    },
    {
      ""origin_location_id"": 14,
      ""destination_location_id"": 13,
      ""courier_travel_distance"": 37
    }
  ]
}

When you send back the plan, please follow this simple JSON layout — here's a sketch of the shape I expect:

{
  ""solution"": {
    ""selected"": [<site_to_open>, <site_to_open>, ...],
    ""assignments"": [<assigned_site>, <assigned_site>, ...]
  }
}

""selected"" is just the list of the sites you choose to open. ""assignments"" lists, in order, which open site each delivery area is assigned to. Think of it like filling out a short form: pick the stores to open, then for every area say which of those stores it will use.

This is only the expected shape, not the actual answer — fill it in with the real identifiers from the instance.

Valid identifiers look like plain numbers such as “1” or “23”, single capital letters like “A” or “B”, or a capital letter followed by digits like “A1” or “X7”. Use those exact IDs from the input — no renaming and no new labels.",json,one_based,"{""distance_matrix"": [[0, 45, 27, 31, 48, 37, 32, 58, 36, 43, 20, 31, 30, 25], [45, 0, 52, 49, 58, 44, 56, 51, 61, 67, 55, 64, 63, 46], [27, 52, 0, 46, 43, 50, 51, 63, 43, 50, 34, 51, 48, 43], [31, 49, 46, 0, 26, 34, 41, 57, 39, 40, 32, 46, 30, 7], [48, 58, 43, 26, 0, 50, 55, 80, 49, 39, 41, 62, 43, 23], [37, 44, 50, 34, 50, 0, 51, 58, 60, 51, 51, 63, 54, 29], [32, 56, 51, 41, 55, 51, 0, 61, 40, 44, 42, 57, 34, 36], [58, 51, 63, 57, 80, 58, 61, 0, 68, 72, 64, 59, 66, 61], [36, 61, 43, 39, 49, 60, 40, 68, 0, 27, 49, 50, 38, 32], [43, 67, 50, 40, 39, 51, 44, 72, 27, 0, 51, 57, 29, 39], [20, 55, 34, 32, 41, 51, 42, 64, 49, 51, 0, 40, 22, 39], [31, 64, 51, 46, 62, 63, 57, 59, 50, 57, 40, 0, 44, 44], [30, 63, 48, 30, 43, 54, 34, 66, 38, 29, 22, 44, 0, 37], [25, 46, 43, 7, 23, 29, 36, 61, 32, 39, 39, 44, 37, 0]], ""p"": 3, ""objective"": 44.0}","{""facilities"": [1, 7, 13], ""assignments"": [13, 1, 13, 13, 13, 1, 13, 7, 13, 13, 13, 13, 13, 13]}",44.0,"{""problem_type"": ""PCENTER"", ""num_nodes"": 14, ""num_open"": 3, ""sites"": [{""id"": 1, ""distances"": {""1"": 0, ""2"": 45, ""3"": 27, ""4"": 31, ""5"": 48, ""6"": 37, ""7"": 32, ""8"": 58, ""9"": 36, ""10"": 43, ""11"": 20, ""12"": 31, ""13"": 30, ""14"": 25}}, {""id"": 2, ""distances"": {""1"": 45, ""2"": 0, ""3"": 52, ""4"": 49, ""5"": 58, ""6"": 44, ""7"": 56, ""8"": 51, ""9"": 61, ""10"": 67, ""11"": 55, ""12"": 64, ""13"": 63, ""14"": 46}}, {""id"": 3, ""distances"": {""1"": 27, ""2"": 52, ""3"": 0, ""4"": 46, ""5"": 43, ""6"": 50, ""7"": 51, ""8"": 63, ""9"": 43, ""10"": 50, ""11"": 34, ""12"": 51, ""13"": 48, ""14"": 43}}, {""id"": 4, ""distances"": {""1"": 31, ""2"": 49, ""3"": 46, ""4"": 0, ""5"": 26, ""6"": 34, ""7"": 41, ""8"": 57, ""9"": 39, ""10"": 40, ""11"": 32, ""12"": 46, ""13"": 30, ""14"": 7}}, {""id"": 5, ""distances"": {""1"": 48, ""2"": 58, ""3"": 43, ""4"": 26, ""5"": 0, ""6"": 50, ""7"": 55, ""8"": 80, ""9"": 49, ""10"": 39, ""11"": 41, ""12"": 62, ""13"": 43, ""14"": 23}}, {""id"": 6, ""distances"": {""1"": 37, ""2"": 44, ""3"": 50, ""4"": 34, ""5"": 50, ""6"": 0, ""7"": 51, ""8"": 58, ""9"": 60, ""10"": 51, ""11"": 51, ""12"": 63, ""13"": 54, ""14"": 29}}, {""id"": 7, ""distances"": {""1"": 32, ""2"": 56, ""3"": 51, ""4"": 41, ""5"": 55, ""6"": 51, ""7"": 0, ""8"": 61, ""9"": 40, ""10"": 44, ""11"": 42, ""12"": 57, ""13"": 34, ""14"": 36}}, {""id"": 8, ""distances"": {""1"": 58, ""2"": 51, ""3"": 63, ""4"": 57, ""5"": 80, ""6"": 58, ""7"": 61, ""8"": 0, ""9"": 68, ""10"": 72, ""11"": 64, ""12"": 59, ""13"": 66, ""14"": 61}}, {""id"": 9, ""distances"": {""1"": 36, ""2"": 61, ""3"": 43, ""4"": 39, ""5"": 49, ""6"": 60, ""7"": 40, ""8"": 68, ""9"": 0, ""10"": 27, ""11"": 49, ""12"": 50, ""13"": 38, ""14"": 32}}, {""id"": 10, ""distances"": {""1"": 43, ""2"": 67, ""3"": 50, ""4"": 40, ""5"": 39, ""6"": 51, ""7"": 44, ""8"": 72, ""9"": 27, ""10"": 0, ""11"": 51, ""12"": 57, ""13"": 29, ""14"": 39}}, {""id"": 11, ""distances"": {""1"": 20, ""2"": 55, ""3"": 34, ""4"": 32, ""5"": 41, ""6"": 51, ""7"": 42, ""8"": 64, ""9"": 49, ""10"": 51, ""11"": 0, ""12"": 40, ""13"": 22, ""14"": 39}}, {""id"": 12, ""distances"": {""1"": 31, ""2"": 64, ""3"": 51, ""4"": 46, ""5"": 62, ""6"": 63, ""7"": 57, ""8"": 59, ""9"": 50, ""10"": 57, ""11"": 40, ""12"": 0, ""13"": 44, ""14"": 44}}, {""id"": 13, ""distances"": {""1"": 30, ""2"": 63, ""3"": 48, ""4"": 30, ""5"": 43, ""6"": 54, ""7"": 34, ""8"": 66, ""9"": 38, ""10"": 29, ""11"": 22, ""12"": 44, ""13"": 0, ""14"": 37}}, {""id"": 14, ""distances"": {""1"": 25, ""2"": 46, ""3"": 43, ""4"": 7, ""5"": 23, ""6"": 29, ""7"": 36, ""8"": 61, ""9"": 32, ""10"": 39, ""11"": 39, ""12"": 44, ""13"": 37, ""14"": 0}}], ""objective"": 44.0}","{""selected"": [2, 8, 14], ""assignments"": [14, 2, 14, 14, 14, 2, 14, 8, 14, 14, 14, 14, 14, 14]}"
PCENTER_M_008,PCENTER,M,8,"Imagine the park has a handful of approved pads for portable toilets and a fixed quota of units to place; the job is to pick which spots to use and then tie each trailhead to exactly one of the opened toilets. The way to tell if a plan works well is to look at all the trailhead-to-restroom walks, find the longest one, and arrange placements so that this longest walk is as small as possible. The concrete candidate spots and distance numbers come next below.

{
  ""total_locations"": 12,
  ""units_to_place"": 1,
  ""location_ids"": [
    ""A"",
    ""B"",
    ""C"",
    ""D"",
    ""E"",
    ""F"",
    ""G"",
    ""H"",
    ""I"",
    ""J"",
    ""K"",
    ""L""
  ],
  ""data"": [
    {
      ""source_location_id"": ""A"",
      ""target_location_id"": ""B"",
      ""walking_distance"": 62
    },
    {
      ""source_location_id"": ""A"",
      ""target_location_id"": ""C"",
      ""walking_distance"": 83
    },
    {
      ""source_location_id"": ""A"",
      ""target_location_id"": ""D"",
      ""walking_distance"": 89
    },
    {
      ""source_location_id"": ""A"",
      ""target_location_id"": ""E"",
      ""walking_distance"": 97
    },
    {
      ""source_location_id"": ""A"",
      ""target_location_id"": ""F"",
      ""walking_distance"": 45
    },
    {
      ""source_location_id"": ""A"",
      ""target_location_id"": ""G"",
      ""walking_distance"": 69
    },
    {
      ""source_location_id"": ""A"",
      ""target_location_id"": ""H"",
      ""walking_distance"": 128
    },
    {
      ""source_location_id"": ""A"",
      ""target_location_id"": ""I"",
      ""walking_distance"": 72
    },
    {
      ""source_location_id"": ""A"",
      ""target_location_id"": ""J"",
      ""walking_distance"": 110
    },
    {
      ""source_location_id"": ""A"",
      ""target_location_id"": ""K"",
      ""walking_distance"": 61
    },
    {
      ""source_location_id"": ""A"",
      ""target_location_id"": ""L"",
      ""walking_distance"": 117
    },
    {
      ""source_location_id"": ""B"",
      ""target_location_id"": ""A"",
      ""walking_distance"": 62
    },
    {
      ""source_location_id"": ""B"",
      ""target_location_id"": ""C"",
      ""walking_distance"": 21
    },
    {
      ""source_location_id"": ""B"",
      ""target_location_id"": ""D"",
      ""walking_distance"": 80
    },
    {
      ""source_location_id"": ""B"",
      ""target_location_id"": ""E"",
      ""walking_distance"": 98
    },
    {
      ""source_location_id"": ""B"",
      ""target_location_id"": ""F"",
      ""walking_distance"": 91
    },
    {
      ""source_location_id"": ""B"",
      ""target_location_id"": ""G"",
      ""walking_distance"": 60
    },
    {
      ""source_location_id"": ""B"",
      ""target_location_id"": ""H"",
      ""walking_distance"": 100
    },
    {
      ""source_location_id"": ""B"",
      ""target_location_id"": ""I"",
      ""walking_distance"": 60
    },
    {
      ""source_location_id"": ""B"",
      ""target_location_id"": ""J"",
      ""walking_distance"": 86
    },
    {
      ""source_location_id"": ""B"",
      ""target_location_id"": ""K"",
      ""walking_distance"": 90
    },
    {
      ""source_location_id"": ""B"",
      ""target_location_id"": ""L"",
      ""walking_distance"": 146
    },
    {
      ""source_location_id"": ""C"",
      ""target_location_id"": ""A"",
      ""walking_distance"": 83
    },
    {
      ""source_location_id"": ""C"",
      ""target_location_id"": ""B"",
      ""walking_distance"": 21
    },
    {
      ""source_location_id"": ""C"",
      ""target_location_id"": ""D"",
      ""walking_distance"": 101
    },
    {
      ""source_location_id"": ""C"",
      ""target_location_id"": ""E"",
      ""walking_distance"": 81
    },
    {
      ""source_location_id"": ""C"",
      ""target_location_id"": ""F"",
      ""walking_distance"": 70
    },
    {
      ""source_location_id"": ""C"",
      ""target_location_id"": ""G"",
      ""walking_distance"": 81
    },
    {
      ""source_location_id"": ""C"",
      ""target_location_id"": ""H"",
      ""walking_distance"": 96
    },
    {
      ""source_location_id"": ""C"",
      ""target_location_id"": ""I"",
      ""walking_distance"": 56
    },
    {
      ""source_location_id"": ""C"",
      ""target_location_id"": ""J"",
      ""walking_distance"": 103
    },
    {
      ""source_location_id"": ""C"",
      ""target_location_id"": ""K"",
      ""walking_distance"": 86
    },
    {
      ""source_location_id"": ""C"",
      ""target_location_id"": ""L"",
      ""walking_distance"": 142
    },
    {
      ""source_location_id"": ""D"",
      ""target_location_id"": ""A"",
      ""walking_distance"": 89
    },
    {
      ""source_location_id"": ""D"",
      ""target_location_id"": ""B"",
      ""walking_distance"": 80
    },
    {
      ""source_location_id"": ""D"",
      ""target_location_id"": ""C"",
      ""walking_distance"": 101
    },
    {
      ""source_location_id"": ""D"",
      ""target_location_id"": ""E"",
      ""walking_distance"": 91
    },
    {
      ""source_location_id"": ""D"",
      ""target_location_id"": ""F"",
      ""walking_distance"": 80
    },
    {
      ""source_location_id"": ""D"",
      ""target_location_id"": ""G"",
      ""walking_distance"": 20
    },
    {
      ""source_location_id"": ""D"",
      ""target_location_id"": ""H"",
      ""walking_distance"": 122
    },
    {
      ""source_location_id"": ""D"",
      ""target_location_id"": ""I"",
      ""walking_distance"": 91
    },
    {
      ""source_location_id"": ""D"",
      ""target_location_id"": ""J"",
      ""walking_distance"": 97
    },
    {
      ""source_location_id"": ""D"",
      ""target_location_id"": ""K"",
      ""walking_distance"": 76
    },
    {
      ""source_location_id"": ""D"",
      ""target_location_id"": ""L"",
      ""walking_distance"": 132
    },
    {
      ""source_location_id"": ""E"",
      ""target_location_id"": ""A"",
      ""walking_distance"": 97
    },
    {
      ""source_location_id"": ""E"",
      ""target_location_id"": ""B"",
      ""walking_distance"": 98
    },
    {
      ""source_location_id"": ""E"",
      ""target_location_id"": ""C"",
      ""walking_distance"": 81
    },
    {
      ""source_location_id"": ""E"",
      ""target_location_id"": ""D"",
      ""walking_distance"": 91
    },
    {
      ""source_location_id"": ""E"",
      ""target_location_id"": ""F"",
      ""walking_distance"": 52
    },
    {
      ""source_location_id"": ""E"",
      ""target_location_id"": ""G"",
      ""walking_distance"": 111
    },
    {
      ""source_location_id"": ""E"",
      ""target_location_id"": ""H"",
      ""walking_distance"": 143
    },
    {
      ""source_location_id"": ""E"",
      ""target_location_id"": ""I"",
      ""walking_distance"": 81
    },
    {
      ""source_location_id"": ""E"",
      ""target_location_id"": ""J"",
      ""walking_distance"": 66
    },
    {
      ""source_location_id"": ""E"",
      ""target_location_id"": ""K"",
      ""walking_distance"": 68
    },
    {
      ""source_location_id"": ""E"",
      ""target_location_id"": ""L"",
      ""walking_distance"": 117
    },
    {
      ""source_location_id"": ""F"",
      ""target_location_id"": ""A"",
      ""walking_distance"": 45
    },
    {
      ""source_location_id"": ""F"",
      ""target_location_id"": ""B"",
      ""walking_distance"": 91
    },
    {
      ""source_location_id"": ""F"",
      ""target_location_id"": ""C"",
      ""walking_distance"": 70
    },
    {
      ""source_location_id"": ""F"",
      ""target_location_id"": ""D"",
      ""walking_distance"": 80
    },
    {
      ""source_location_id"": ""F"",
      ""target_location_id"": ""E"",
      ""walking_distance"": 52
    },
    {
      ""source_location_id"": ""F"",
      ""target_location_id"": ""G"",
      ""walking_distance"": 60
    },
    {
      ""source_location_id"": ""F"",
      ""target_location_id"": ""H"",
      ""walking_distance"": 94
    },
    {
      ""source_location_id"": ""F"",
      ""target_location_id"": ""I"",
      ""walking_distance"": 55
    },
    {
      ""source_location_id"": ""F"",
      ""target_location_id"": ""J"",
      ""walking_distance"": 72
    },
    {
      ""source_location_id"": ""F"",
      ""target_location_id"": ""K"",
      ""walking_distance"": 16
    },
    {
      ""source_location_id"": ""F"",
      ""target_location_id"": ""L"",
      ""walking_distance"": 72
    },
    {
      ""source_location_id"": ""G"",
      ""target_location_id"": ""A"",
      ""walking_distance"": 69
    },
    {
      ""source_location_id"": ""G"",
      ""target_location_id"": ""B"",
      ""walking_distance"": 60
    },
    {
      ""source_location_id"": ""G"",
      ""target_location_id"": ""C"",
      ""walking_distance"": 81
    },
    {
      ""source_location_id"": ""G"",
      ""target_location_id"": ""D"",
      ""walking_distance"": 20
    },
    {
      ""source_location_id"": ""G"",
      ""target_location_id"": ""E"",
      ""walking_distance"": 111
    },
    {
      ""source_location_id"": ""G"",
      ""target_location_id"": ""F"",
      ""walking_distance"": 60
    },
    {
      ""source_location_id"": ""G"",
      ""target_location_id"": ""H"",
      ""walking_distance"": 102
    },
    {
      ""source_location_id"": ""G"",
      ""target_location_id"": ""I"",
      ""walking_distance"": 71
    },
    {
      ""source_location_id"": ""G"",
      ""target_location_id"": ""J"",
      ""walking_distance"": 117
    },
    {
      ""source_location_id"": ""G"",
      ""target_location_id"": ""K"",
      ""walking_distance"": 56
    },
    {
      ""source_location_id"": ""G"",
      ""target_location_id"": ""L"",
      ""walking_distance"": 112
    },
    {
      ""source_location_id"": ""H"",
      ""target_location_id"": ""A"",
      ""walking_distance"": 128
    },
    {
      ""source_location_id"": ""H"",
      ""target_location_id"": ""B"",
      ""walking_distance"": 100
    },
    {
      ""source_location_id"": ""H"",
      ""target_location_id"": ""C"",
      ""walking_distance"": 96
    },
    {
      ""source_location_id"": ""H"",
      ""target_location_id"": ""D"",
      ""walking_distance"": 122
    },
    {
      ""source_location_id"": ""H"",
      ""target_location_id"": ""E"",
      ""walking_distance"": 143
    },
    {
      ""source_location_id"": ""H"",
      ""target_location_id"": ""F"",
      ""walking_distance"": 94
    },
    {
      ""source_location_id"": ""H"",
      ""target_location_id"": ""G"",
      ""walking_distance"": 102
    },
    {
      ""source_location_id"": ""H"",
      ""target_location_id"": ""I"",
      ""walking_distance"": 85
    },
    {
      ""source_location_id"": ""H"",
      ""target_location_id"": ""J"",
      ""walking_distance"": 111
    },
    {
      ""source_location_id"": ""H"",
      ""target_location_id"": ""K"",
      ""walking_distance"": 110
    },
    {
      ""source_location_id"": ""H"",
      ""target_location_id"": ""L"",
      ""walking_distance"": 166
    },
    {
      ""source_location_id"": ""I"",
      ""target_location_id"": ""A"",
      ""walking_distance"": 72
    },
    {
      ""source_location_id"": ""I"",
      ""target_location_id"": ""B"",
      ""walking_distance"": 60
    },
    {
      ""source_location_id"": ""I"",
      ""target_location_id"": ""C"",
      ""walking_distance"": 56
    },
    {
      ""source_location_id"": ""I"",
      ""target_location_id"": ""D"",
      ""walking_distance"": 91
    },
    {
      ""source_location_id"": ""I"",
      ""target_location_id"": ""E"",
      ""walking_distance"": 81
    },
    {
      ""source_location_id"": ""I"",
      ""target_location_id"": ""F"",
      ""walking_distance"": 55
    },
    {
      ""source_location_id"": ""I"",
      ""target_location_id"": ""G"",
      ""walking_distance"": 71
    },
    {
      ""source_location_id"": ""I"",
      ""target_location_id"": ""H"",
      ""walking_distance"": 85
    },
    {
      ""source_location_id"": ""I"",
      ""target_location_id"": ""J"",
      ""walking_distance"": 49
    },
    {
      ""source_location_id"": ""I"",
      ""target_location_id"": ""K"",
      ""walking_distance"": 50
    },
    {
      ""source_location_id"": ""I"",
      ""target_location_id"": ""L"",
      ""walking_distance"": 106
    },
    {
      ""source_location_id"": ""J"",
      ""target_location_id"": ""A"",
      ""walking_distance"": 110
    },
    {
      ""source_location_id"": ""J"",
      ""target_location_id"": ""B"",
      ""walking_distance"": 86
    },
    {
      ""source_location_id"": ""J"",
      ""target_location_id"": ""C"",
      ""walking_distance"": 103
    },
    {
      ""source_location_id"": ""J"",
      ""target_location_id"": ""D"",
      ""walking_distance"": 97
    },
    {
      ""source_location_id"": ""J"",
      ""target_location_id"": ""E"",
      ""walking_distance"": 66
    },
    {
      ""source_location_id"": ""J"",
      ""target_location_id"": ""F"",
      ""walking_distance"": 72
    },
    {
      ""source_location_id"": ""J"",
      ""target_location_id"": ""G"",
      ""walking_distance"": 117
    },
    {
      ""source_location_id"": ""J"",
      ""target_location_id"": ""H"",
      ""walking_distance"": 111
    },
    {
      ""source_location_id"": ""J"",
      ""target_location_id"": ""I"",
      ""walking_distance"": 49
    },
    {
      ""source_location_id"": ""J"",
      ""target_location_id"": ""K"",
      ""walking_distance"": 79
    },
    {
      ""source_location_id"": ""J"",
      ""target_location_id"": ""L"",
      ""walking_distance"": 122
    },
    {
      ""source_location_id"": ""K"",
      ""target_location_id"": ""A"",
      ""walking_distance"": 61
    },
    {
      ""source_location_id"": ""K"",
      ""target_location_id"": ""B"",
      ""walking_distance"": 90
    },
    {
      ""source_location_id"": ""K"",
      ""target_location_id"": ""C"",
      ""walking_distance"": 86
    },
    {
      ""source_location_id"": ""K"",
      ""target_location_id"": ""D"",
      ""walking_distance"": 76
    },
    {
      ""source_location_id"": ""K"",
      ""target_location_id"": ""E"",
      ""walking_distance"": 68
    },
    {
      ""source_location_id"": ""K"",
      ""target_location_id"": ""F"",
      ""walking_distance"": 16
    },
    {
      ""source_location_id"": ""K"",
      ""target_location_id"": ""G"",
      ""walking_distance"": 56
    },
    {
      ""source_location_id"": ""K"",
      ""target_location_id"": ""H"",
      ""walking_distance"": 110
    },
    {
      ""source_location_id"": ""K"",
      ""target_location_id"": ""I"",
      ""walking_distance"": 50
    },
    {
      ""source_location_id"": ""K"",
      ""target_location_id"": ""J"",
      ""walking_distance"": 79
    },
    {
      ""source_location_id"": ""K"",
      ""target_location_id"": ""L"",
      ""walking_distance"": 56
    },
    {
      ""source_location_id"": ""L"",
      ""target_location_id"": ""A"",
      ""walking_distance"": 117
    },
    {
      ""source_location_id"": ""L"",
      ""target_location_id"": ""B"",
      ""walking_distance"": 146
    },
    {
      ""source_location_id"": ""L"",
      ""target_location_id"": ""C"",
      ""walking_distance"": 142
    },
    {
      ""source_location_id"": ""L"",
      ""target_location_id"": ""D"",
      ""walking_distance"": 132
    },
    {
      ""source_location_id"": ""L"",
      ""target_location_id"": ""E"",
      ""walking_distance"": 117
    },
    {
      ""source_location_id"": ""L"",
      ""target_location_id"": ""F"",
      ""walking_distance"": 72
    },
    {
      ""source_location_id"": ""L"",
      ""target_location_id"": ""G"",
      ""walking_distance"": 112
    },
    {
      ""source_location_id"": ""L"",
      ""target_location_id"": ""H"",
      ""walking_distance"": 166
    },
    {
      ""source_location_id"": ""L"",
      ""target_location_id"": ""I"",
      ""walking_distance"": 106
    },
    {
      ""source_location_id"": ""L"",
      ""target_location_id"": ""J"",
      ""walking_distance"": 122
    },
    {
      ""source_location_id"": ""L"",
      ""target_location_id"": ""K"",
      ""walking_distance"": 56
    }
  ]
}

If you like, send the answer in this simple JSON shape so it's easy to read and parse:

{
  ""solution"": {
    ""selected"": [<site_to_open>, <site_to_open>, ...],
    ""assignments"": [<chosen_open_site>, <chosen_open_site>, ...]
  }
}

""selected"" is just the list of pad locations you decide to open (use the exact IDs from the instance). ""assignments"" is a list that tells, for each trailhead in the same order as the instance, which opened site that trailhead is tied to. Think of it like filling out a short form: which sites are opened, and which opened site each trailhead uses.

This JSON is only a sketch of the shape I expect, not the actual solution—fill in the real IDs from the instance when you reply.

Gentle reminder: use the exact identifiers from the instance input — no renaming and no new labels.
- for example: ""Valid identifiers look like plain numbers such as “1” or “23”, single capital letters like “A” or “B”, or a capital letter followed by digits like “A1” or “X7”.""",json,names,"{""distance_matrix"": [[0, 62, 83, 89, 97, 45, 69, 128, 72, 110, 61, 117], [62, 0, 21, 80, 98, 91, 60, 100, 60, 86, 90, 146], [83, 21, 0, 101, 81, 70, 81, 96, 56, 103, 86, 142], [89, 80, 101, 0, 91, 80, 20, 122, 91, 97, 76, 132], [97, 98, 81, 91, 0, 52, 111, 143, 81, 66, 68, 117], [45, 91, 70, 80, 52, 0, 60, 94, 55, 72, 16, 72], [69, 60, 81, 20, 111, 60, 0, 102, 71, 117, 56, 112], [128, 100, 96, 122, 143, 94, 102, 0, 85, 111, 110, 166], [72, 60, 56, 91, 81, 55, 71, 85, 0, 49, 50, 106], [110, 86, 103, 97, 66, 72, 117, 111, 49, 0, 79, 122], [61, 90, 86, 76, 68, 16, 56, 110, 50, 79, 0, 56], [117, 146, 142, 132, 117, 72, 112, 166, 106, 122, 56, 0]], ""p"": 1, ""objective"": 94.0}","{""facilities"": [5], ""assignments"": [5, 5, 5, 5, 5, 5, 5, 5, 5, 5, 5, 5]}",94.0,"{""problem_type"": ""PCENTER"", ""num_nodes"": 12, ""num_open"": 1, ""sites"": [{""id"": ""A"", ""distances"": {""A"": 0, ""B"": 62, ""C"": 83, ""D"": 89, ""E"": 97, ""F"": 45, ""G"": 69, ""H"": 128, ""I"": 72, ""J"": 110, ""K"": 61, ""L"": 117}}, {""id"": ""B"", ""distances"": {""A"": 62, ""B"": 0, ""C"": 21, ""D"": 80, ""E"": 98, ""F"": 91, ""G"": 60, ""H"": 100, ""I"": 60, ""J"": 86, ""K"": 90, ""L"": 146}}, {""id"": ""C"", ""distances"": {""A"": 83, ""B"": 21, ""C"": 0, ""D"": 101, ""E"": 81, ""F"": 70, ""G"": 81, ""H"": 96, ""I"": 56, ""J"": 103, ""K"": 86, ""L"": 142}}, {""id"": ""D"", ""distances"": {""A"": 89, ""B"": 80, ""C"": 101, ""D"": 0, ""E"": 91, ""F"": 80, ""G"": 20, ""H"": 122, ""I"": 91, ""J"": 97, ""K"": 76, ""L"": 132}}, {""id"": ""E"", ""distances"": {""A"": 97, ""B"": 98, ""C"": 81, ""D"": 91, ""E"": 0, ""F"": 52, ""G"": 111, ""H"": 143, ""I"": 81, ""J"": 66, ""K"": 68, ""L"": 117}}, {""id"": ""F"", ""distances"": {""A"": 45, ""B"": 91, ""C"": 70, ""D"": 80, ""E"": 52, ""F"": 0, ""G"": 60, ""H"": 94, ""I"": 55, ""J"": 72, ""K"": 16, ""L"": 72}}, {""id"": ""G"", ""distances"": {""A"": 69, ""B"": 60, ""C"": 81, ""D"": 20, ""E"": 111, ""F"": 60, ""G"": 0, ""H"": 102, ""I"": 71, ""J"": 117, ""K"": 56, ""L"": 112}}, {""id"": ""H"", ""distances"": {""A"": 128, ""B"": 100, ""C"": 96, ""D"": 122, ""E"": 143, ""F"": 94, ""G"": 102, ""H"": 0, ""I"": 85, ""J"": 111, ""K"": 110, ""L"": 166}}, {""id"": ""I"", ""distances"": {""A"": 72, ""B"": 60, ""C"": 56, ""D"": 91, ""E"": 81, ""F"": 55, ""G"": 71, ""H"": 85, ""I"": 0, ""J"": 49, ""K"": 50, ""L"": 106}}, {""id"": ""J"", ""distances"": {""A"": 110, ""B"": 86, ""C"": 103, ""D"": 97, ""E"": 66, ""F"": 72, ""G"": 117, ""H"": 111, ""I"": 49, ""J"": 0, ""K"": 79, ""L"": 122}}, {""id"": ""K"", ""distances"": {""A"": 61, ""B"": 90, ""C"": 86, ""D"": 76, ""E"": 68, ""F"": 16, ""G"": 56, ""H"": 110, ""I"": 50, ""J"": 79, ""K"": 0, ""L"": 56}}, {""id"": ""L"", ""distances"": {""A"": 117, ""B"": 146, ""C"": 142, ""D"": 132, ""E"": 117, ""F"": 72, ""G"": 112, ""H"": 166, ""I"": 106, ""J"": 122, ""K"": 56, ""L"": 0}}], ""objective"": 94.0}","{""selected"": [""F""], ""assignments"": [""F"", ""F"", ""F"", ""F"", ""F"", ""F"", ""F"", ""F"", ""F"", ""F"", ""F"", ""F""]}"
PCENTER_M_009,PCENTER,M,9,"There’s a local planner deciding which lamp posts will become public Wi‑Fi spots — they can only switch on a predetermined number — and then each square or plaza in town will be connected to one of those switched‑on posts. To judge a setup, look at every plaza’s distance to its hotspot, find the single plaza that’s farthest away, and make plans so that that farthest distance is as small as it can be. No plaza is left out and none are split between hotspots. The concrete poles, plazas and distances appear below.

# total_candidate_locations=13
# hotspots_to_open=4
# location_ids=A, B, C, D, E, F, G, H, I, J, K, L, M
from_location_id,to_location_id,travel_distance
A,B,45
A,C,26
A,D,39
A,E,47
A,F,39
A,G,44
A,H,46
A,I,31
A,J,52
A,K,45
A,L,49
A,M,42
B,A,45
B,C,54
B,D,53
B,E,49
B,F,37
B,G,22
B,H,51
B,I,42
B,J,49
B,K,49
B,L,54
B,M,62
C,A,26
C,B,54
C,D,48
C,E,45
C,F,37
C,G,47
C,H,52
C,I,43
C,J,50
C,K,56
C,L,56
C,M,51
D,A,39
D,B,53
D,C,48
D,E,40
D,F,44
D,G,34
D,H,43
D,I,40
D,J,48
D,K,38
D,L,17
D,M,11
E,A,47
E,B,49
E,C,45
E,D,40
E,F,40
E,G,46
E,H,48
E,I,42
E,J,57
E,K,50
E,L,49
E,M,49
F,A,39
F,B,37
F,C,37
F,D,44
F,E,40
F,G,37
F,H,42
F,I,27
F,J,41
F,K,37
F,L,29
F,M,37
G,A,44
G,B,22
G,C,47
G,D,34
G,E,46
G,F,37
G,H,42
G,I,42
G,J,54
G,K,58
G,L,51
G,M,45
H,A,46
H,B,51
H,C,52
H,D,43
H,E,48
H,F,42
H,G,42
H,I,25
H,J,39
H,K,42
H,L,35
H,M,52
I,A,31
I,B,42
I,C,43
I,D,40
I,E,42
I,F,27
I,G,42
I,H,25
I,J,31
I,K,45
I,L,26
I,M,36
J,A,52
J,B,49
J,C,50
J,D,48
J,E,57
J,F,41
J,G,54
J,H,39
J,I,31
J,K,32
J,L,31
J,M,57
K,A,45
K,B,49
K,C,56
K,D,38
K,E,50
K,F,37
K,G,58
K,H,42
K,I,45
K,J,32
K,L,21
K,M,47
L,A,49
L,B,54
L,C,56
L,D,17
L,E,49
L,F,29
L,G,51
L,H,35
L,I,26
L,J,31
L,K,21
L,M,26
M,A,42
M,B,62
M,C,51
M,D,11
M,E,49
M,F,37
M,G,45
M,H,52
M,I,36
M,J,57
M,K,47
M,L,26

I'll keep the real answer in a tiny, predictable JSON shape so it's easy to plug into whatever checks you have. Here’s the sketch I’ll use:

{
  ""solution"": {
    ""selected"": [""<post_to_open>"", ""<post_to_open>"", ...],
    ""assignments"": [""<assigned_post>"", ""<assigned_post>"", ...]
  }
}

""selected"" lists which lamp posts we turn on as Wi‑Fi spots; ""assignments"" lists, for every plaza in the same order as the instance, which opened post that plaza connects to. This is just the expected shape — not the final choices.

Please use the exact identifiers from the instance input when you fill this in; do not rename them or invent new labels. 
- for example: ""Valid identifiers look like plain numbers such as “1” or “23”, single capital letters like “A” or “B”, or a capital letter followed by digits like “A1” or “X7”.""",csv,names,"{""distance_matrix"": [[0, 45, 26, 39, 47, 39, 44, 46, 31, 52, 45, 49, 42], [45, 0, 54, 53, 49, 37, 22, 51, 42, 49, 49, 54, 62], [26, 54, 0, 48, 45, 37, 47, 52, 43, 50, 56, 56, 51], [39, 53, 48, 0, 40, 44, 34, 43, 40, 48, 38, 17, 11], [47, 49, 45, 40, 0, 40, 46, 48, 42, 57, 50, 49, 49], [39, 37, 37, 44, 40, 0, 37, 42, 27, 41, 37, 29, 37], [44, 22, 47, 34, 46, 37, 0, 42, 42, 54, 58, 51, 45], [46, 51, 52, 43, 48, 42, 42, 0, 25, 39, 42, 35, 52], [31, 42, 43, 40, 42, 27, 42, 25, 0, 31, 45, 26, 36], [52, 49, 50, 48, 57, 41, 54, 39, 31, 0, 32, 31, 57], [45, 49, 56, 38, 50, 37, 58, 42, 45, 32, 0, 21, 47], [49, 54, 56, 17, 49, 29, 51, 35, 26, 31, 21, 0, 26], [42, 62, 51, 11, 49, 37, 45, 52, 36, 57, 47, 26, 0]], ""p"": 4, ""objective"": 35.0}","{""facilities"": [1, 2, 4, 11], ""assignments"": [2, 1, 2, 11, 4, 11, 1, 11, 11, 11, 11, 11, 11]}",35.0,"{""problem_type"": ""PCENTER"", ""num_nodes"": 13, ""num_open"": 4, ""sites"": [{""id"": ""A"", ""distances"": {""A"": 0, ""B"": 45, ""C"": 26, ""D"": 39, ""E"": 47, ""F"": 39, ""G"": 44, ""H"": 46, ""I"": 31, ""J"": 52, ""K"": 45, ""L"": 49, ""M"": 42}}, {""id"": ""B"", ""distances"": {""A"": 45, ""B"": 0, ""C"": 54, ""D"": 53, ""E"": 49, ""F"": 37, ""G"": 22, ""H"": 51, ""I"": 42, ""J"": 49, ""K"": 49, ""L"": 54, ""M"": 62}}, {""id"": ""C"", ""distances"": {""A"": 26, ""B"": 54, ""C"": 0, ""D"": 48, ""E"": 45, ""F"": 37, ""G"": 47, ""H"": 52, ""I"": 43, ""J"": 50, ""K"": 56, ""L"": 56, ""M"": 51}}, {""id"": ""D"", ""distances"": {""A"": 39, ""B"": 53, ""C"": 48, ""D"": 0, ""E"": 40, ""F"": 44, ""G"": 34, ""H"": 43, ""I"": 40, ""J"": 48, ""K"": 38, ""L"": 17, ""M"": 11}}, {""id"": ""E"", ""distances"": {""A"": 47, ""B"": 49, ""C"": 45, ""D"": 40, ""E"": 0, ""F"": 40, ""G"": 46, ""H"": 48, ""I"": 42, ""J"": 57, ""K"": 50, ""L"": 49, ""M"": 49}}, {""id"": ""F"", ""distances"": {""A"": 39, ""B"": 37, ""C"": 37, ""D"": 44, ""E"": 40, ""F"": 0, ""G"": 37, ""H"": 42, ""I"": 27, ""J"": 41, ""K"": 37, ""L"": 29, ""M"": 37}}, {""id"": ""G"", ""distances"": {""A"": 44, ""B"": 22, ""C"": 47, ""D"": 34, ""E"": 46, ""F"": 37, ""G"": 0, ""H"": 42, ""I"": 42, ""J"": 54, ""K"": 58, ""L"": 51, ""M"": 45}}, {""id"": ""H"", ""distances"": {""A"": 46, ""B"": 51, ""C"": 52, ""D"": 43, ""E"": 48, ""F"": 42, ""G"": 42, ""H"": 0, ""I"": 25, ""J"": 39, ""K"": 42, ""L"": 35, ""M"": 52}}, {""id"": ""I"", ""distances"": {""A"": 31, ""B"": 42, ""C"": 43, ""D"": 40, ""E"": 42, ""F"": 27, ""G"": 42, ""H"": 25, ""I"": 0, ""J"": 31, ""K"": 45, ""L"": 26, ""M"": 36}}, {""id"": ""J"", ""distances"": {""A"": 52, ""B"": 49, ""C"": 50, ""D"": 48, ""E"": 57, ""F"": 41, ""G"": 54, ""H"": 39, ""I"": 31, ""J"": 0, ""K"": 32, ""L"": 31, ""M"": 57}}, {""id"": ""K"", ""distances"": {""A"": 45, ""B"": 49, ""C"": 56, ""D"": 38, ""E"": 50, ""F"": 37, ""G"": 58, ""H"": 42, ""I"": 45, ""J"": 32, ""K"": 0, ""L"": 21, ""M"": 47}}, {""id"": ""L"", ""distances"": {""A"": 49, ""B"": 54, ""C"": 56, ""D"": 17, ""E"": 49, ""F"": 29, ""G"": 51, ""H"": 35, ""I"": 26, ""J"": 31, ""K"": 21, ""L"": 0, ""M"": 26}}, {""id"": ""M"", ""distances"": {""A"": 42, ""B"": 62, ""C"": 51, ""D"": 11, ""E"": 49, ""F"": 37, ""G"": 45, ""H"": 52, ""I"": 36, ""J"": 57, ""K"": 47, ""L"": 26, ""M"": 0}}], ""objective"": 35.0}","{""selected"": [""B"", ""C"", ""E"", ""L""], ""assignments"": [""C"", ""B"", ""C"", ""L"", ""E"", ""L"", ""B"", ""L"", ""L"", ""L"", ""L"", ""L"", ""L""]}"
PCENTER_M_010,PCENTER,M,10,"Someone on the food bank team has to pick which community centers to open for meal distribution — but only a certain number can be used — and then match each apartment complex to one of the centers that are opened. Every complex must have exactly one assigned site, and plans are compared by the single longest trip any resident would have to make (you find that by checking each complex’s assigned distance and taking the largest). The plan that makes that longest trip the shortest is the one they want. Full details of the candidate centers, apartment complexes, and distances appear below.

# total_locations_count=12
# centers_to_open=1
# location_ids=0, 1, 2, 3, 4, 5, 6, 7, 8, 9, 10, 11
source_location_id,target_location_id,travel_distance
0,1,31
0,2,28
0,3,32
0,4,23
0,5,21
0,6,20
0,7,23
0,8,22
0,9,35
0,10,33
0,11,30
1,0,31
1,2,37
1,3,28
1,4,23
1,5,32
1,6,34
1,7,27
1,8,17
1,9,30
1,10,34
1,11,41
2,0,28
2,1,37
2,3,23
2,4,29
2,5,36
2,6,38
2,7,21
2,8,40
2,9,46
2,10,23
2,11,48
3,0,32
3,1,28
3,2,23
3,4,28
3,5,34
3,6,34
3,7,20
3,8,33
3,9,40
3,10,20
3,11,43
4,0,23
4,1,23
4,2,29
4,3,28
4,5,27
4,6,30
4,7,12
4,8,32
4,9,35
4,10,28
4,11,39
5,0,21
5,1,32
5,2,36
5,3,34
5,4,27
5,6,18
5,7,23
5,8,28
5,9,31
5,10,21
5,11,38
6,0,20
6,1,34
6,2,38
6,3,34
6,4,30
6,5,18
6,7,25
6,8,32
6,9,33
6,10,28
6,11,43
7,0,23
7,1,27
7,2,21
7,3,20
7,4,12
7,5,23
7,6,25
7,8,28
7,9,32
7,10,20
7,11,27
8,0,22
8,1,17
8,2,40
8,3,33
8,4,32
8,5,28
8,6,32
8,7,28
8,9,42
8,10,25
8,11,36
9,0,35
9,1,30
9,2,46
9,3,40
9,4,35
9,5,31
9,6,33
9,7,32
9,8,42
9,10,39
9,11,51
10,0,33
10,1,34
10,2,23
10,3,20
10,4,28
10,5,21
10,6,28
10,7,20
10,8,25
10,9,39
10,11,38
11,0,30
11,1,41
11,2,48
11,3,43
11,4,39
11,5,38
11,6,43
11,7,27
11,8,36
11,9,51
11,10,38

Also, just to keep things tidy, please follow this simple JSON layout when you send the plan back — nothing fancy, just this shape:

{
  ""solution"": {
    ""selected"": [<site_to_open>, <site_to_open>, ...],
    ""assignments"": [<assigned_site>, <assigned_site>, ...]
  }
}

This is just a sketch of the shape I need: ""selected"" is the list of community centers you choose to open, and ""assignments"" is, in the same order as the apartment complexes appear in the instance, which opened center each complex will use. Super casual: think of ""selected"" as the checkboxes you tick and ""assignments"" as the dropdown choices next to each complex.

Please make sure to use the exact identifiers from the instance input — do not rename them or invent new labels.  
Valid identifiers look like plain numbers such as ""1"" or ""23"", single capital letters like ""A"" or ""B"", or a capital letter followed by digits like ""A1"" or ""X7"".",csv,zero_based,"{""distance_matrix"": [[0, 31, 28, 32, 23, 21, 20, 23, 22, 35, 33, 30], [31, 0, 37, 28, 23, 32, 34, 27, 17, 30, 34, 41], [28, 37, 0, 23, 29, 36, 38, 21, 40, 46, 23, 48], [32, 28, 23, 0, 28, 34, 34, 20, 33, 40, 20, 43], [23, 23, 29, 28, 0, 27, 30, 12, 32, 35, 28, 39], [21, 32, 36, 34, 27, 0, 18, 23, 28, 31, 21, 38], [20, 34, 38, 34, 30, 18, 0, 25, 32, 33, 28, 43], [23, 27, 21, 20, 12, 23, 25, 0, 28, 32, 20, 27], [22, 17, 40, 33, 32, 28, 32, 28, 0, 42, 25, 36], [35, 30, 46, 40, 35, 31, 33, 32, 42, 0, 39, 51], [33, 34, 23, 20, 28, 21, 28, 20, 25, 39, 0, 38], [30, 41, 48, 43, 39, 38, 43, 27, 36, 51, 38, 0]], ""p"": 1, ""objective"": 32.0}","{""facilities"": [7], ""assignments"": [7, 7, 7, 7, 7, 7, 7, 7, 7, 7, 7, 7]}",32.0,"{""problem_type"": ""PCENTER"", ""num_nodes"": 12, ""num_open"": 1, ""sites"": [{""id"": 0, ""distances"": {""0"": 0, ""1"": 31, ""2"": 28, ""3"": 32, ""4"": 23, ""5"": 21, ""6"": 20, ""7"": 23, ""8"": 22, ""9"": 35, ""10"": 33, ""11"": 30}}, {""id"": 1, ""distances"": {""0"": 31, ""1"": 0, ""2"": 37, ""3"": 28, ""4"": 23, ""5"": 32, ""6"": 34, ""7"": 27, ""8"": 17, ""9"": 30, ""10"": 34, ""11"": 41}}, {""id"": 2, ""distances"": {""0"": 28, ""1"": 37, ""2"": 0, ""3"": 23, ""4"": 29, ""5"": 36, ""6"": 38, ""7"": 21, ""8"": 40, ""9"": 46, ""10"": 23, ""11"": 48}}, {""id"": 3, ""distances"": {""0"": 32, ""1"": 28, ""2"": 23, ""3"": 0, ""4"": 28, ""5"": 34, ""6"": 34, ""7"": 20, ""8"": 33, ""9"": 40, ""10"": 20, ""11"": 43}}, {""id"": 4, ""distances"": {""0"": 23, ""1"": 23, ""2"": 29, ""3"": 28, ""4"": 0, ""5"": 27, ""6"": 30, ""7"": 12, ""8"": 32, ""9"": 35, ""10"": 28, ""11"": 39}}, {""id"": 5, ""distances"": {""0"": 21, ""1"": 32, ""2"": 36, ""3"": 34, ""4"": 27, ""5"": 0, ""6"": 18, ""7"": 23, ""8"": 28, ""9"": 31, ""10"": 21, ""11"": 38}}, {""id"": 6, ""distances"": {""0"": 20, ""1"": 34, ""2"": 38, ""3"": 34, ""4"": 30, ""5"": 18, ""6"": 0, ""7"": 25, ""8"": 32, ""9"": 33, ""10"": 28, ""11"": 43}}, {""id"": 7, ""distances"": {""0"": 23, ""1"": 27, ""2"": 21, ""3"": 20, ""4"": 12, ""5"": 23, ""6"": 25, ""7"": 0, ""8"": 28, ""9"": 32, ""10"": 20, ""11"": 27}}, {""id"": 8, ""distances"": {""0"": 22, ""1"": 17, ""2"": 40, ""3"": 33, ""4"": 32, ""5"": 28, ""6"": 32, ""7"": 28, ""8"": 0, ""9"": 42, ""10"": 25, ""11"": 36}}, {""id"": 9, ""distances"": {""0"": 35, ""1"": 30, ""2"": 46, ""3"": 40, ""4"": 35, ""5"": 31, ""6"": 33, ""7"": 32, ""8"": 42, ""9"": 0, ""10"": 39, ""11"": 51}}, {""id"": 10, ""distances"": {""0"": 33, ""1"": 34, ""2"": 23, ""3"": 20, ""4"": 28, ""5"": 21, ""6"": 28, ""7"": 20, ""8"": 25, ""9"": 39, ""10"": 0, ""11"": 38}}, {""id"": 11, ""distances"": {""0"": 30, ""1"": 41, ""2"": 48, ""3"": 43, ""4"": 39, ""5"": 38, ""6"": 43, ""7"": 27, ""8"": 36, ""9"": 51, ""10"": 38, ""11"": 0}}], ""objective"": 32.0}","{""selected"": [7], ""assignments"": [7, 7, 7, 7, 7, 7, 7, 7, 7, 7, 7, 7]}"
PCENTER_M_011,PCENTER,M,11,"Many people are tired of long walks to recycle, so the task is to pick a specified number of lots to turn into drop-off points from a list of candidates and connect each block to one of those open points (one block, one point). To compare options, compute every block’s walk to its linked drop-off, take the worst (the farthest) of those walks, and prefer the setup where that worst walk is minimized — in other words, make the single longest walk as short as possible. The particulars — which lots, the distances, and how many to open — are given below.

There are 9 total locations (1, 2, 3, 4, 5, 6, 7, 8, 9), and exactly 1 drop-off lots must be opened from the candidates listed below.
Distance from 1 to 2: 31.
Distance from 1 to 3: 37.
Distance from 1 to 4: 35.
Distance from 1 to 5: 33.
Distance from 1 to 6: 61.
Distance from 1 to 7: 47.
Distance from 1 to 8: 30.
Distance from 1 to 9: 43.
Distance from 2 to 1: 31.
Distance from 2 to 3: 24.
Distance from 2 to 4: 47.
Distance from 2 to 5: 28.
Distance from 2 to 6: 54.
Distance from 2 to 7: 49.
Distance from 2 to 8: 42.
Distance from 2 to 9: 46.
Distance from 3 to 1: 37.
Distance from 3 to 2: 24.
Distance from 3 to 4: 36.
Distance from 3 to 5: 25.
Distance from 3 to 6: 54.
Distance from 3 to 7: 50.
Distance from 3 to 8: 29.
Distance from 3 to 9: 47.
Distance from 4 to 1: 35.
Distance from 4 to 2: 47.
Distance from 4 to 3: 36.
Distance from 4 to 5: 35.
Distance from 4 to 6: 60.
Distance from 4 to 7: 51.
Distance from 4 to 8: 25.
Distance from 4 to 9: 55.
Distance from 5 to 1: 33.
Distance from 5 to 2: 28.
Distance from 5 to 3: 25.
Distance from 5 to 4: 35.
Distance from 5 to 6: 54.
Distance from 5 to 7: 41.
Distance from 5 to 8: 40.
Distance from 5 to 9: 36.
Distance from 6 to 1: 61.
Distance from 6 to 2: 54.
Distance from 6 to 3: 54.
Distance from 6 to 4: 60.
Distance from 6 to 5: 54.
Distance from 6 to 7: 68.
Distance from 6 to 8: 53.
Distance from 6 to 9: 72.
Distance from 7 to 1: 47.
Distance from 7 to 2: 49.
Distance from 7 to 3: 50.
Distance from 7 to 4: 51.
Distance from 7 to 5: 41.
Distance from 7 to 6: 68.
Distance from 7 to 8: 60.
Distance from 7 to 9: 25.
Distance from 8 to 1: 30.
Distance from 8 to 2: 42.
Distance from 8 to 3: 29.
Distance from 8 to 4: 25.
Distance from 8 to 5: 40.
Distance from 8 to 6: 53.
Distance from 8 to 7: 60.
Distance from 8 to 9: 49.
Distance from 9 to 1: 43.
Distance from 9 to 2: 46.
Distance from 9 to 3: 47.
Distance from 9 to 4: 55.
Distance from 9 to 5: 36.
Distance from 9 to 6: 72.
Distance from 9 to 7: 25.
Distance from 9 to 8: 49.
Use these distance records to assign each block to one open lot and evaluate the maximum walk for each configuration.

When you send your answer, just toss it into a tiny JSON blob like this so it's easy to read and parse:

{
  ""solution"": {
    ""selected"": [<site_to_open>, <site_to_open>, ...],
    ""assignments"": [<assigned_site>, <assigned_site>, ...]
  }
}

Keep in mind: ""selected"" is the list of lots you turn into drop-off points, and ""assignments"" lists, for each block in the same order as the input, which opened lot that block uses. Super simple — think of it like filling out a short form, not a report.

This JSON is only a sketch of the shape I expect, not the actual answer.

All identifiers in your final answer must match the instance input exactly — do not rename them or invent new labels.
- for example: ""Valid identifiers look like plain numbers such as “1” or “23”, single capital letters like “A” or “B”, or a capital letter followed by digits like “A1” or “X7”.""",markdown_table,one_based,"{""distance_matrix"": [[0, 31, 37, 35, 33, 61, 47, 30, 43], [31, 0, 24, 47, 28, 54, 49, 42, 46], [37, 24, 0, 36, 25, 54, 50, 29, 47], [35, 47, 36, 0, 35, 60, 51, 25, 55], [33, 28, 25, 35, 0, 54, 41, 40, 36], [61, 54, 54, 60, 54, 0, 68, 53, 72], [47, 49, 50, 51, 41, 68, 0, 60, 25], [30, 42, 29, 25, 40, 53, 60, 0, 49], [43, 46, 47, 55, 36, 72, 25, 49, 0]], ""p"": 1, ""objective"": 54.0}","{""facilities"": [1], ""assignments"": [1, 1, 1, 1, 1, 1, 1, 1, 1]}",54.0,"{""problem_type"": ""PCENTER"", ""num_nodes"": 9, ""num_open"": 1, ""sites"": [{""id"": 1, ""distances"": {""1"": 0, ""2"": 31, ""3"": 37, ""4"": 35, ""5"": 33, ""6"": 61, ""7"": 47, ""8"": 30, ""9"": 43}}, {""id"": 2, ""distances"": {""1"": 31, ""2"": 0, ""3"": 24, ""4"": 47, ""5"": 28, ""6"": 54, ""7"": 49, ""8"": 42, ""9"": 46}}, {""id"": 3, ""distances"": {""1"": 37, ""2"": 24, ""3"": 0, ""4"": 36, ""5"": 25, ""6"": 54, ""7"": 50, ""8"": 29, ""9"": 47}}, {""id"": 4, ""distances"": {""1"": 35, ""2"": 47, ""3"": 36, ""4"": 0, ""5"": 35, ""6"": 60, ""7"": 51, ""8"": 25, ""9"": 55}}, {""id"": 5, ""distances"": {""1"": 33, ""2"": 28, ""3"": 25, ""4"": 35, ""5"": 0, ""6"": 54, ""7"": 41, ""8"": 40, ""9"": 36}}, {""id"": 6, ""distances"": {""1"": 61, ""2"": 54, ""3"": 54, ""4"": 60, ""5"": 54, ""6"": 0, ""7"": 68, ""8"": 53, ""9"": 72}}, {""id"": 7, ""distances"": {""1"": 47, ""2"": 49, ""3"": 50, ""4"": 51, ""5"": 41, ""6"": 68, ""7"": 0, ""8"": 60, ""9"": 25}}, {""id"": 8, ""distances"": {""1"": 30, ""2"": 42, ""3"": 29, ""4"": 25, ""5"": 40, ""6"": 53, ""7"": 60, ""8"": 0, ""9"": 49}}, {""id"": 9, ""distances"": {""1"": 43, ""2"": 46, ""3"": 47, ""4"": 55, ""5"": 36, ""6"": 72, ""7"": 25, ""8"": 49, ""9"": 0}}], ""objective"": 54.0}","{""selected"": [2], ""assignments"": [2, 2, 2, 2, 2, 2, 2, 2, 2]}"
PCENTER_M_012,PCENTER,M,12,"We run last-mile deliveries and have a handful of candidate addresses to turn into micro hubs; we also know how far it is between any two places on the map. The task is to decide which predetermined number of sites to activate as hubs, and then assign every delivery zone to a single open hub (each zone goes to one hub, nothing duplicated). The runner-up metric is the worst courier trip — the single longest distance from a zone to its assigned hub — and the aim is to make that longest distance as small as we can. Concrete details follow below.

We have 10 candidate addresses, we must activate 2 hubs, and the location identifiers are 0, 1, 2, 3, 4, 5, 6, 7, 8, 9.
We record the travel distance from 0 to 1 as 40.
We record the travel distance from 0 to 2 as 28.
We record the travel distance from 0 to 3 as 40.
We record the travel distance from 0 to 4 as 28.
We record the travel distance from 0 to 5 as 5.
We record the travel distance from 0 to 6 as 19.
We record the travel distance from 0 to 7 as 14.
We record the travel distance from 0 to 8 as 18.
We record the travel distance from 0 to 9 as 33.
We record the travel distance from 1 to 0 as 40.
We record the travel distance from 1 to 2 as 26.
We record the travel distance from 1 to 3 as 47.
We record the travel distance from 1 to 4 as 39.
We record the travel distance from 1 to 5 as 35.
We record the travel distance from 1 to 6 as 39.
We record the travel distance from 1 to 7 as 28.
We record the travel distance from 1 to 8 as 32.
We record the travel distance from 1 to 9 as 37.
We record the travel distance from 2 to 0 as 28.
We record the travel distance from 2 to 1 as 26.
We record the travel distance from 2 to 3 as 52.
We record the travel distance from 2 to 4 as 39.
We record the travel distance from 2 to 5 as 33.
We record the travel distance from 2 to 6 as 18.
We record the travel distance from 2 to 7 as 18.
We record the travel distance from 2 to 8 as 22.
We record the travel distance from 2 to 9 as 22.
We record the travel distance from 3 to 0 as 40.
We record the travel distance from 3 to 1 as 47.
We record the travel distance from 3 to 2 as 52.
We record the travel distance from 3 to 4 as 48.
We record the travel distance from 3 to 5 as 45.
We record the travel distance from 3 to 6 as 52.
We record the travel distance from 3 to 7 as 46.
We record the travel distance from 3 to 8 as 50.
We record the travel distance from 3 to 9 as 50.
We record the travel distance from 4 to 0 as 28.
We record the travel distance from 4 to 1 as 39.
We record the travel distance from 4 to 2 as 39.
We record the travel distance from 4 to 3 as 48.
We record the travel distance from 4 to 5 as 33.
We record the travel distance from 4 to 6 as 35.
We record the travel distance from 4 to 7 as 31.
We record the travel distance from 4 to 8 as 35.
We record the travel distance from 4 to 9 as 43.
We record the travel distance from 5 to 0 as 5.
We record the travel distance from 5 to 1 as 35.
We record the travel distance from 5 to 2 as 33.
We record the travel distance from 5 to 3 as 45.
We record the travel distance from 5 to 4 as 33.
We record the travel distance from 5 to 6 as 24.
We record the travel distance from 5 to 7 as 19.
We record the travel distance from 5 to 8 as 23.
We record the travel distance from 5 to 9 as 28.
We record the travel distance from 6 to 0 as 19.
We record the travel distance from 6 to 1 as 39.
We record the travel distance from 6 to 2 as 18.
We record the travel distance from 6 to 3 as 52.
We record the travel distance from 6 to 4 as 35.
We record the travel distance from 6 to 5 as 24.
We record the travel distance from 6 to 7 as 27.
We record the travel distance from 6 to 8 as 31.
We record the travel distance from 6 to 9 as 39.
We record the travel distance from 7 to 0 as 14.
We record the travel distance from 7 to 1 as 28.
We record the travel distance from 7 to 2 as 18.
We record the travel distance from 7 to 3 as 46.
We record the travel distance from 7 to 4 as 31.
We record the travel distance from 7 to 5 as 19.
We record the travel distance from 7 to 6 as 27.
We record the travel distance from 7 to 8 as 6.
We record the travel distance from 7 to 9 as 28.
We record the travel distance from 8 to 0 as 18.
We record the travel distance from 8 to 1 as 32.
We record the travel distance from 8 to 2 as 22.
We record the travel distance from 8 to 3 as 50.
We record the travel distance from 8 to 4 as 35.
We record the travel distance from 8 to 5 as 23.
We record the travel distance from 8 to 6 as 31.
We record the travel distance from 8 to 7 as 6.
We record the travel distance from 8 to 9 as 32.
We record the travel distance from 9 to 0 as 33.
We record the travel distance from 9 to 1 as 37.
We record the travel distance from 9 to 2 as 22.
We record the travel distance from 9 to 3 as 50.
We record the travel distance from 9 to 4 as 43.
We record the travel distance from 9 to 5 as 28.
We record the travel distance from 9 to 6 as 39.
We record the travel distance from 9 to 7 as 28.
We record the travel distance from 9 to 8 as 32.
We will use these distances to choose 2 hubs and assign every zone to one open hub so the longest courier trip is as small as possible.

Just drop your answer into this simple JSON shape so it's easy to parse — list the sites you open and then, for every zone in the instance order, the open site that zone gets assigned to:

{
  ""solution"": {
    ""selected"": [<site_to_open>, <site_to_open>, ...],
    ""assignments"": [<chosen_open_site>, <chosen_open_site>, ...]
  }
}

""selected"" is the list of addresses we flip on as micro-hubs. ""assignments"" is a one-for-one list (same order as the instance's locations) saying which open site each location uses. Super casual: think of it like a form with two fields — chosen hubs, and then each zone's chosen hub.

This JSON is just the expected shape — a sketch, not the final filled-in plan.

Important: use the exact identifiers given in the problem input for any location labels — do not rename them or invent new ones. Valid identifiers look like plain numbers such as “1” or “23”, single capital letters like “A” or “B”, or a capital letter followed by digits like “A1” or “X7”.",nl,zero_based,"{""distance_matrix"": [[0, 40, 28, 40, 28, 5, 19, 14, 18, 33], [40, 0, 26, 47, 39, 35, 39, 28, 32, 37], [28, 26, 0, 52, 39, 33, 18, 18, 22, 22], [40, 47, 52, 0, 48, 45, 52, 46, 50, 50], [28, 39, 39, 48, 0, 33, 35, 31, 35, 43], [5, 35, 33, 45, 33, 0, 24, 19, 23, 28], [19, 39, 18, 52, 35, 24, 0, 27, 31, 39], [14, 28, 18, 46, 31, 19, 27, 0, 6, 28], [18, 32, 22, 50, 35, 23, 31, 6, 0, 32], [33, 37, 22, 50, 43, 28, 39, 28, 32, 0]], ""p"": 2, ""objective"": 31.0}","{""facilities"": [3, 7], ""assignments"": [7, 7, 7, 3, 7, 7, 7, 7, 7, 7]}",31.0,"{""problem_type"": ""PCENTER"", ""num_nodes"": 10, ""num_open"": 2, ""sites"": [{""id"": 0, ""distances"": {""0"": 0, ""1"": 40, ""2"": 28, ""3"": 40, ""4"": 28, ""5"": 5, ""6"": 19, ""7"": 14, ""8"": 18, ""9"": 33}}, {""id"": 1, ""distances"": {""0"": 40, ""1"": 0, ""2"": 26, ""3"": 47, ""4"": 39, ""5"": 35, ""6"": 39, ""7"": 28, ""8"": 32, ""9"": 37}}, {""id"": 2, ""distances"": {""0"": 28, ""1"": 26, ""2"": 0, ""3"": 52, ""4"": 39, ""5"": 33, ""6"": 18, ""7"": 18, ""8"": 22, ""9"": 22}}, {""id"": 3, ""distances"": {""0"": 40, ""1"": 47, ""2"": 52, ""3"": 0, ""4"": 48, ""5"": 45, ""6"": 52, ""7"": 46, ""8"": 50, ""9"": 50}}, {""id"": 4, ""distances"": {""0"": 28, ""1"": 39, ""2"": 39, ""3"": 48, ""4"": 0, ""5"": 33, ""6"": 35, ""7"": 31, ""8"": 35, ""9"": 43}}, {""id"": 5, ""distances"": {""0"": 5, ""1"": 35, ""2"": 33, ""3"": 45, ""4"": 33, ""5"": 0, ""6"": 24, ""7"": 19, ""8"": 23, ""9"": 28}}, {""id"": 6, ""distances"": {""0"": 19, ""1"": 39, ""2"": 18, ""3"": 52, ""4"": 35, ""5"": 24, ""6"": 0, ""7"": 27, ""8"": 31, ""9"": 39}}, {""id"": 7, ""distances"": {""0"": 14, ""1"": 28, ""2"": 18, ""3"": 46, ""4"": 31, ""5"": 19, ""6"": 27, ""7"": 0, ""8"": 6, ""9"": 28}}, {""id"": 8, ""distances"": {""0"": 18, ""1"": 32, ""2"": 22, ""3"": 50, ""4"": 35, ""5"": 23, ""6"": 31, ""7"": 6, ""8"": 0, ""9"": 32}}, {""id"": 9, ""distances"": {""0"": 33, ""1"": 37, ""2"": 22, ""3"": 50, ""4"": 43, ""5"": 28, ""6"": 39, ""7"": 28, ""8"": 32, ""9"": 0}}], ""objective"": 31.0}","{""selected"": [3, 7], ""assignments"": [7, 7, 7, 3, 7, 7, 7, 7, 7, 7]}"
PCENTER_M_013,PCENTER,M,13,"Back in the planning meeting they gave a shortlist of possible bike dock spots and said only a certain number could be activated, so the task is to choose which ones to open and then link every neighborhood centroid to a single open dock. Every neighborhood must have exactly one assigned dock, and the performance metric is the biggest distance anyone has to travel — compute each neighborhood’s distance to its assigned dock, find the largest of those distances, and make that largest distance as small as possible. Specifics on locations and distances are shown below.

{
  ""num_candidate_dock_locations"": 10,
  ""num_docks_to_open"": 1,
  ""location_ids"": [
    ""A"",
    ""B"",
    ""C"",
    ""D"",
    ""E"",
    ""F"",
    ""G"",
    ""H"",
    ""I"",
    ""J""
  ],
  ""data"": [
    {
      ""from_location_id"": ""A"",
      ""to_location_id"": ""B"",
      ""travel_distance"": 73
    },
    {
      ""from_location_id"": ""A"",
      ""to_location_id"": ""C"",
      ""travel_distance"": 78
    },
    {
      ""from_location_id"": ""A"",
      ""to_location_id"": ""D"",
      ""travel_distance"": 160
    },
    {
      ""from_location_id"": ""A"",
      ""to_location_id"": ""E"",
      ""travel_distance"": 117
    },
    {
      ""from_location_id"": ""A"",
      ""to_location_id"": ""F"",
      ""travel_distance"": 74
    },
    {
      ""from_location_id"": ""A"",
      ""to_location_id"": ""G"",
      ""travel_distance"": 51
    },
    {
      ""from_location_id"": ""A"",
      ""to_location_id"": ""H"",
      ""travel_distance"": 102
    },
    {
      ""from_location_id"": ""A"",
      ""to_location_id"": ""I"",
      ""travel_distance"": 107
    },
    {
      ""from_location_id"": ""A"",
      ""to_location_id"": ""J"",
      ""travel_distance"": 94
    },
    {
      ""from_location_id"": ""B"",
      ""to_location_id"": ""A"",
      ""travel_distance"": 73
    },
    {
      ""from_location_id"": ""B"",
      ""to_location_id"": ""C"",
      ""travel_distance"": 103
    },
    {
      ""from_location_id"": ""B"",
      ""to_location_id"": ""D"",
      ""travel_distance"": 87
    },
    {
      ""from_location_id"": ""B"",
      ""to_location_id"": ""E"",
      ""travel_distance"": 142
    },
    {
      ""from_location_id"": ""B"",
      ""to_location_id"": ""F"",
      ""travel_distance"": 147
    },
    {
      ""from_location_id"": ""B"",
      ""to_location_id"": ""G"",
      ""travel_distance"": 76
    },
    {
      ""from_location_id"": ""B"",
      ""to_location_id"": ""H"",
      ""travel_distance"": 162
    },
    {
      ""from_location_id"": ""B"",
      ""to_location_id"": ""I"",
      ""travel_distance"": 132
    },
    {
      ""from_location_id"": ""B"",
      ""to_location_id"": ""J"",
      ""travel_distance"": 167
    },
    {
      ""from_location_id"": ""C"",
      ""to_location_id"": ""A"",
      ""travel_distance"": 78
    },
    {
      ""from_location_id"": ""C"",
      ""to_location_id"": ""B"",
      ""travel_distance"": 103
    },
    {
      ""from_location_id"": ""C"",
      ""to_location_id"": ""D"",
      ""travel_distance"": 128
    },
    {
      ""from_location_id"": ""C"",
      ""to_location_id"": ""E"",
      ""travel_distance"": 133
    },
    {
      ""from_location_id"": ""C"",
      ""to_location_id"": ""F"",
      ""travel_distance"": 130
    },
    {
      ""from_location_id"": ""C"",
      ""to_location_id"": ""G"",
      ""travel_distance"": 63
    },
    {
      ""from_location_id"": ""C"",
      ""to_location_id"": ""H"",
      ""travel_distance"": 79
    },
    {
      ""from_location_id"": ""C"",
      ""to_location_id"": ""I"",
      ""travel_distance"": 35
    },
    {
      ""from_location_id"": ""C"",
      ""to_location_id"": ""J"",
      ""travel_distance"": 111
    },
    {
      ""from_location_id"": ""D"",
      ""to_location_id"": ""A"",
      ""travel_distance"": 160
    },
    {
      ""from_location_id"": ""D"",
      ""to_location_id"": ""B"",
      ""travel_distance"": 87
    },
    {
      ""from_location_id"": ""D"",
      ""to_location_id"": ""C"",
      ""travel_distance"": 128
    },
    {
      ""from_location_id"": ""D"",
      ""to_location_id"": ""E"",
      ""travel_distance"": 204
    },
    {
      ""from_location_id"": ""D"",
      ""to_location_id"": ""F"",
      ""travel_distance"": 234
    },
    {
      ""from_location_id"": ""D"",
      ""to_location_id"": ""G"",
      ""travel_distance"": 163
    },
    {
      ""from_location_id"": ""D"",
      ""to_location_id"": ""H"",
      ""travel_distance"": 207
    },
    {
      ""from_location_id"": ""D"",
      ""to_location_id"": ""I"",
      ""travel_distance"": 93
    },
    {
      ""from_location_id"": ""D"",
      ""to_location_id"": ""J"",
      ""travel_distance"": 169
    },
    {
      ""from_location_id"": ""E"",
      ""to_location_id"": ""A"",
      ""travel_distance"": 117
    },
    {
      ""from_location_id"": ""E"",
      ""to_location_id"": ""B"",
      ""travel_distance"": 142
    },
    {
      ""from_location_id"": ""E"",
      ""to_location_id"": ""C"",
      ""travel_distance"": 133
    },
    {
      ""from_location_id"": ""E"",
      ""to_location_id"": ""D"",
      ""travel_distance"": 204
    },
    {
      ""from_location_id"": ""E"",
      ""to_location_id"": ""F"",
      ""travel_distance"": 175
    },
    {
      ""from_location_id"": ""E"",
      ""to_location_id"": ""G"",
      ""travel_distance"": 92
    },
    {
      ""from_location_id"": ""E"",
      ""to_location_id"": ""H"",
      ""travel_distance"": 143
    },
    {
      ""from_location_id"": ""E"",
      ""to_location_id"": ""I"",
      ""travel_distance"": 144
    },
    {
      ""from_location_id"": ""E"",
      ""to_location_id"": ""J"",
      ""travel_distance"": 204
    },
    {
      ""from_location_id"": ""F"",
      ""to_location_id"": ""A"",
      ""travel_distance"": 74
    },
    {
      ""from_location_id"": ""F"",
      ""to_location_id"": ""B"",
      ""travel_distance"": 147
    },
    {
      ""from_location_id"": ""F"",
      ""to_location_id"": ""C"",
      ""travel_distance"": 130
    },
    {
      ""from_location_id"": ""F"",
      ""to_location_id"": ""D"",
      ""travel_distance"": 234
    },
    {
      ""from_location_id"": ""F"",
      ""to_location_id"": ""E"",
      ""travel_distance"": 175
    },
    {
      ""from_location_id"": ""F"",
      ""to_location_id"": ""G"",
      ""travel_distance"": 125
    },
    {
      ""from_location_id"": ""F"",
      ""to_location_id"": ""H"",
      ""travel_distance"": 176
    },
    {
      ""from_location_id"": ""F"",
      ""to_location_id"": ""I"",
      ""travel_distance"": 165
    },
    {
      ""from_location_id"": ""F"",
      ""to_location_id"": ""J"",
      ""travel_distance"": 168
    },
    {
      ""from_location_id"": ""G"",
      ""to_location_id"": ""A"",
      ""travel_distance"": 51
    },
    {
      ""from_location_id"": ""G"",
      ""to_location_id"": ""B"",
      ""travel_distance"": 76
    },
    {
      ""from_location_id"": ""G"",
      ""to_location_id"": ""C"",
      ""travel_distance"": 63
    },
    {
      ""from_location_id"": ""G"",
      ""to_location_id"": ""D"",
      ""travel_distance"": 163
    },
    {
      ""from_location_id"": ""G"",
      ""to_location_id"": ""E"",
      ""travel_distance"": 92
    },
    {
      ""from_location_id"": ""G"",
      ""to_location_id"": ""F"",
      ""travel_distance"": 125
    },
    {
      ""from_location_id"": ""G"",
      ""to_location_id"": ""H"",
      ""travel_distance"": 89
    },
    {
      ""from_location_id"": ""G"",
      ""to_location_id"": ""I"",
      ""travel_distance"": 92
    },
    {
      ""from_location_id"": ""G"",
      ""to_location_id"": ""J"",
      ""travel_distance"": 145
    },
    {
      ""from_location_id"": ""H"",
      ""to_location_id"": ""A"",
      ""travel_distance"": 102
    },
    {
      ""from_location_id"": ""H"",
      ""to_location_id"": ""B"",
      ""travel_distance"": 162
    },
    {
      ""from_location_id"": ""H"",
      ""to_location_id"": ""C"",
      ""travel_distance"": 79
    },
    {
      ""from_location_id"": ""H"",
      ""to_location_id"": ""D"",
      ""travel_distance"": 207
    },
    {
      ""from_location_id"": ""H"",
      ""to_location_id"": ""E"",
      ""travel_distance"": 143
    },
    {
      ""from_location_id"": ""H"",
      ""to_location_id"": ""F"",
      ""travel_distance"": 176
    },
    {
      ""from_location_id"": ""H"",
      ""to_location_id"": ""G"",
      ""travel_distance"": 89
    },
    {
      ""from_location_id"": ""H"",
      ""to_location_id"": ""I"",
      ""travel_distance"": 114
    },
    {
      ""from_location_id"": ""H"",
      ""to_location_id"": ""J"",
      ""travel_distance"": 185
    },
    {
      ""from_location_id"": ""I"",
      ""to_location_id"": ""A"",
      ""travel_distance"": 107
    },
    {
      ""from_location_id"": ""I"",
      ""to_location_id"": ""B"",
      ""travel_distance"": 132
    },
    {
      ""from_location_id"": ""I"",
      ""to_location_id"": ""C"",
      ""travel_distance"": 35
    },
    {
      ""from_location_id"": ""I"",
      ""to_location_id"": ""D"",
      ""travel_distance"": 93
    },
    {
      ""from_location_id"": ""I"",
      ""to_location_id"": ""E"",
      ""travel_distance"": 144
    },
    {
      ""from_location_id"": ""I"",
      ""to_location_id"": ""F"",
      ""travel_distance"": 165
    },
    {
      ""from_location_id"": ""I"",
      ""to_location_id"": ""G"",
      ""travel_distance"": 92
    },
    {
      ""from_location_id"": ""I"",
      ""to_location_id"": ""H"",
      ""travel_distance"": 114
    },
    {
      ""from_location_id"": ""I"",
      ""to_location_id"": ""J"",
      ""travel_distance"": 76
    },
    {
      ""from_location_id"": ""J"",
      ""to_location_id"": ""A"",
      ""travel_distance"": 94
    },
    {
      ""from_location_id"": ""J"",
      ""to_location_id"": ""B"",
      ""travel_distance"": 167
    },
    {
      ""from_location_id"": ""J"",
      ""to_location_id"": ""C"",
      ""travel_distance"": 111
    },
    {
      ""from_location_id"": ""J"",
      ""to_location_id"": ""D"",
      ""travel_distance"": 169
    },
    {
      ""from_location_id"": ""J"",
      ""to_location_id"": ""E"",
      ""travel_distance"": 204
    },
    {
      ""from_location_id"": ""J"",
      ""to_location_id"": ""F"",
      ""travel_distance"": 168
    },
    {
      ""from_location_id"": ""J"",
      ""to_location_id"": ""G"",
      ""travel_distance"": 145
    },
    {
      ""from_location_id"": ""J"",
      ""to_location_id"": ""H"",
      ""travel_distance"": 185
    },
    {
      ""from_location_id"": ""J"",
      ""to_location_id"": ""I"",
      ""travel_distance"": 76
    }
  ]
}

Also, when you send back the plan, it's handy to use a simple JSON layout like this so it's easy to read and parse:

{
  ""solution"": {
    ""selected"": [<site_to_open>, <site_to_open>, ...],
    ""assignments"": [<assigned_dock>, <assigned_dock>, ...]
  }
}

Here ""selected"" is where you list which dock sites you decide to open (one placeholder per opened site), and ""assignments"" is a list that says which opened dock each neighborhood is linked to (in the same order as the neighborhoods in the instance). Think of it as a short form: the first array is the chosen docks, the second array assigns every neighborhood to one of those chosen docks.

This JSON is just a sketch of the shape I expect, not the actual solution. Please be sure to use the exact identifiers from the instance input — do not rename them or invent new labels. 

- for example: ""Valid identifiers look like plain numbers such as “1” or “23”, single capital letters like “A” or “B”, or a capital letter followed by digits like “A1” or “X7”.""",json,names,"{""distance_matrix"": [[0, 73, 78, 160, 117, 74, 51, 102, 107, 94], [73, 0, 103, 87, 142, 147, 76, 162, 132, 167], [78, 103, 0, 128, 133, 130, 63, 79, 35, 111], [160, 87, 128, 0, 204, 234, 163, 207, 93, 169], [117, 142, 133, 204, 0, 175, 92, 143, 144, 204], [74, 147, 130, 234, 175, 0, 125, 176, 165, 168], [51, 76, 63, 163, 92, 125, 0, 89, 92, 145], [102, 162, 79, 207, 143, 176, 89, 0, 114, 185], [107, 132, 35, 93, 144, 165, 92, 114, 0, 76], [94, 167, 111, 169, 204, 168, 145, 185, 76, 0]], ""p"": 1, ""objective"": 133.0}","{""facilities"": [2], ""assignments"": [2, 2, 2, 2, 2, 2, 2, 2, 2, 2]}",133.0,"{""problem_type"": ""PCENTER"", ""num_nodes"": 10, ""num_open"": 1, ""sites"": [{""id"": ""A"", ""distances"": {""A"": 0, ""B"": 73, ""C"": 78, ""D"": 160, ""E"": 117, ""F"": 74, ""G"": 51, ""H"": 102, ""I"": 107, ""J"": 94}}, {""id"": ""B"", ""distances"": {""A"": 73, ""B"": 0, ""C"": 103, ""D"": 87, ""E"": 142, ""F"": 147, ""G"": 76, ""H"": 162, ""I"": 132, ""J"": 167}}, {""id"": ""C"", ""distances"": {""A"": 78, ""B"": 103, ""C"": 0, ""D"": 128, ""E"": 133, ""F"": 130, ""G"": 63, ""H"": 79, ""I"": 35, ""J"": 111}}, {""id"": ""D"", ""distances"": {""A"": 160, ""B"": 87, ""C"": 128, ""D"": 0, ""E"": 204, ""F"": 234, ""G"": 163, ""H"": 207, ""I"": 93, ""J"": 169}}, {""id"": ""E"", ""distances"": {""A"": 117, ""B"": 142, ""C"": 133, ""D"": 204, ""E"": 0, ""F"": 175, ""G"": 92, ""H"": 143, ""I"": 144, ""J"": 204}}, {""id"": ""F"", ""distances"": {""A"": 74, ""B"": 147, ""C"": 130, ""D"": 234, ""E"": 175, ""F"": 0, ""G"": 125, ""H"": 176, ""I"": 165, ""J"": 168}}, {""id"": ""G"", ""distances"": {""A"": 51, ""B"": 76, ""C"": 63, ""D"": 163, ""E"": 92, ""F"": 125, ""G"": 0, ""H"": 89, ""I"": 92, ""J"": 145}}, {""id"": ""H"", ""distances"": {""A"": 102, ""B"": 162, ""C"": 79, ""D"": 207, ""E"": 143, ""F"": 176, ""G"": 89, ""H"": 0, ""I"": 114, ""J"": 185}}, {""id"": ""I"", ""distances"": {""A"": 107, ""B"": 132, ""C"": 35, ""D"": 93, ""E"": 144, ""F"": 165, ""G"": 92, ""H"": 114, ""I"": 0, ""J"": 76}}, {""id"": ""J"", ""distances"": {""A"": 94, ""B"": 167, ""C"": 111, ""D"": 169, ""E"": 204, ""F"": 168, ""G"": 145, ""H"": 185, ""I"": 76, ""J"": 0}}], ""objective"": 133.0}","{""selected"": [""C""], ""assignments"": [""C"", ""C"", ""C"", ""C"", ""C"", ""C"", ""C"", ""C"", ""C"", ""C""]}"
PCENTER_M_014,PCENTER,M,14,"Someone in charge of community health needs to pick a set number of mobile testing locations from a list of possible venues, then link every residential sector to one of the opened locations so nobody’s left out or double-assigned, and the priority is to cut down the single longest travel distance residents must make. To evaluate any choice, look up each sector’s distance to its assigned site and take the biggest value — the goal is to make that biggest value as small as possible. The detailed list of venues and distances is shown below.

There are 9 locations in this instance; exactly 2 sites must be opened, and the listed location identifiers are A, B, C, D, E, F, G, H, I.
For the link with origin A and destination B, the travel distance is 72.
For the link with origin A and destination C, the travel distance is 45.
For the link with origin A and destination D, the travel distance is 51.
For the link with origin A and destination E, the travel distance is 77.
For the link with origin A and destination F, the travel distance is 61.
For the link with origin A and destination G, the travel distance is 105.
For the link with origin A and destination H, the travel distance is 69.
For the link with origin A and destination I, the travel distance is 57.
For the link with origin B and destination A, the travel distance is 72.
For the link with origin B and destination C, the travel distance is 27.
For the link with origin B and destination D, the travel distance is 62.
For the link with origin B and destination E, the travel distance is 93.
For the link with origin B and destination F, the travel distance is 67.
For the link with origin B and destination G, the travel distance is 65.
For the link with origin B and destination H, the travel distance is 14.
For the link with origin B and destination I, the travel distance is 79.
For the link with origin C and destination A, the travel distance is 45.
For the link with origin C and destination B, the travel distance is 27.
For the link with origin C and destination D, the travel distance is 67.
For the link with origin C and destination E, the travel distance is 88.
For the link with origin C and destination F, the travel distance is 72.
For the link with origin C and destination G, the travel distance is 92.
For the link with origin C and destination H, the travel distance is 41.
For the link with origin C and destination I, the travel distance is 58.
For the link with origin D and destination A, the travel distance is 51.
For the link with origin D and destination B, the travel distance is 62.
For the link with origin D and destination C, the travel distance is 67.
For the link with origin D and destination E, the travel distance is 73.
For the link with origin D and destination F, the travel distance is 67.
For the link with origin D and destination G, the travel distance is 107.
For the link with origin D and destination H, the travel distance is 76.
For the link with origin D and destination I, the travel distance is 59.
For the link with origin E and destination A, the travel distance is 77.
For the link with origin E and destination B, the travel distance is 93.
For the link with origin E and destination C, the travel distance is 88.
For the link with origin E and destination D, the travel distance is 73.
For the link with origin E and destination F, the travel distance is 41.
For the link with origin E and destination G, the travel distance is 114.
For the link with origin E and destination H, the travel distance is 106.
For the link with origin E and destination I, the travel distance is 86.
For the link with origin F and destination A, the travel distance is 61.
For the link with origin F and destination B, the travel distance is 67.
For the link with origin F and destination C, the travel distance is 72.
For the link with origin F and destination D, the travel distance is 67.
For the link with origin F and destination E, the travel distance is 41.
For the link with origin F and destination G, the travel distance is 80.
For the link with origin F and destination H, the travel distance is 68.
For the link with origin F and destination I, the travel distance is 82.
For the link with origin G and destination A, the travel distance is 105.
For the link with origin G and destination B, the travel distance is 65.
For the link with origin G and destination C, the travel distance is 92.
For the link with origin G and destination D, the travel distance is 107.
For the link with origin G and destination E, the travel distance is 114.
For the link with origin G and destination F, the travel distance is 80.
For the link with origin G and destination H, the travel distance is 79.
For the link with origin G and destination I, the travel distance is 92.
For the link with origin H and destination A, the travel distance is 69.
For the link with origin H and destination B, the travel distance is 14.
For the link with origin H and destination C, the travel distance is 41.
For the link with origin H and destination D, the travel distance is 76.
For the link with origin H and destination E, the travel distance is 106.
For the link with origin H and destination F, the travel distance is 68.
For the link with origin H and destination G, the travel distance is 79.
For the link with origin H and destination I, the travel distance is 65.
For the link with origin I and destination A, the travel distance is 57.
For the link with origin I and destination B, the travel distance is 79.
For the link with origin I and destination C, the travel distance is 58.
For the link with origin I and destination D, the travel distance is 59.
For the link with origin I and destination E, the travel distance is 86.
For the link with origin I and destination F, the travel distance is 82.
For the link with origin I and destination G, the travel distance is 92.
For the link with origin I and destination H, the travel distance is 65.
The organizer should use these distances to assign each residential sector to an opened site so the maximum assigned travel distance is minimized.

Also, when you reply with a candidate configuration, please follow this simple JSON layout so it's easy to parse:

{
  ""solution"": {
    ""selected"": [<site_to_open>, <site_to_open>, ...],
    ""assignments"": [<chosen_open_site>, <chosen_open_site>, ...]
  }
}

This little sketch means: ""selected"" is the list of venues you decide to open, and ""assignments"" lists, for each residential sector in the instance (in the same order they were given), which opened venue that sector is assigned to. It's just the shape I expect, not the actual answer — fill in the real identifiers from the instance when you submit.

Please make sure to use the exact identifiers from the instance input with no renaming and no new labels. Valid identifiers look like plain numbers such as “1” or “23”, single capital letters like “A” or “B”, or a capital letter followed by digits like “A1” or “X7”.",nl,names,"{""distance_matrix"": [[0, 72, 45, 51, 77, 61, 105, 69, 57], [72, 0, 27, 62, 93, 67, 65, 14, 79], [45, 27, 0, 67, 88, 72, 92, 41, 58], [51, 62, 67, 0, 73, 67, 107, 76, 59], [77, 93, 88, 73, 0, 41, 114, 106, 86], [61, 67, 72, 67, 41, 0, 80, 68, 82], [105, 65, 92, 107, 114, 80, 0, 79, 92], [69, 14, 41, 76, 106, 68, 79, 0, 65], [57, 79, 58, 59, 86, 82, 92, 65, 0]], ""p"": 2, ""objective"": 73.0}","{""facilities"": [1, 3], ""assignments"": [1, 1, 1, 1, 3, 1, 1, 1, 3]}",73.0,"{""problem_type"": ""PCENTER"", ""num_nodes"": 9, ""num_open"": 2, ""sites"": [{""id"": ""A"", ""distances"": {""A"": 0, ""B"": 72, ""C"": 45, ""D"": 51, ""E"": 77, ""F"": 61, ""G"": 105, ""H"": 69, ""I"": 57}}, {""id"": ""B"", ""distances"": {""A"": 72, ""B"": 0, ""C"": 27, ""D"": 62, ""E"": 93, ""F"": 67, ""G"": 65, ""H"": 14, ""I"": 79}}, {""id"": ""C"", ""distances"": {""A"": 45, ""B"": 27, ""C"": 0, ""D"": 67, ""E"": 88, ""F"": 72, ""G"": 92, ""H"": 41, ""I"": 58}}, {""id"": ""D"", ""distances"": {""A"": 51, ""B"": 62, ""C"": 67, ""D"": 0, ""E"": 73, ""F"": 67, ""G"": 107, ""H"": 76, ""I"": 59}}, {""id"": ""E"", ""distances"": {""A"": 77, ""B"": 93, ""C"": 88, ""D"": 73, ""E"": 0, ""F"": 41, ""G"": 114, ""H"": 106, ""I"": 86}}, {""id"": ""F"", ""distances"": {""A"": 61, ""B"": 67, ""C"": 72, ""D"": 67, ""E"": 41, ""F"": 0, ""G"": 80, ""H"": 68, ""I"": 82}}, {""id"": ""G"", ""distances"": {""A"": 105, ""B"": 65, ""C"": 92, ""D"": 107, ""E"": 114, ""F"": 80, ""G"": 0, ""H"": 79, ""I"": 92}}, {""id"": ""H"", ""distances"": {""A"": 69, ""B"": 14, ""C"": 41, ""D"": 76, ""E"": 106, ""F"": 68, ""G"": 79, ""H"": 0, ""I"": 65}}, {""id"": ""I"", ""distances"": {""A"": 57, ""B"": 79, ""C"": 58, ""D"": 59, ""E"": 86, ""F"": 82, ""G"": 92, ""H"": 65, ""I"": 0}}], ""objective"": 73.0}","{""selected"": [""B"", ""D""], ""assignments"": [""B"", ""B"", ""B"", ""B"", ""D"", ""B"", ""B"", ""B"", ""D""]}"
PCENTER_M_015,PCENTER,M,15,"Someone on the city crew has to decide where to set up a fixed number of kiosks among several possible plazas for the upcoming festival. After choosing the plazas, they’ll assign every festival area to one of the open kiosks — every area gets exactly one kiosk and none are left out or doubled up. The practical yardstick is the longest distance any attendee would have to walk under that assignment: for each plan, look at each area’s walk to its kiosk, pick the maximum of those distances, and aim to make that maximum as small as possible. The concrete details are shown below.

There are 9 candidate plazas listed as A, B, C, D, E, F, G, H, I; the crew must open exactly 2 kiosks among them.
From plaza A to plaza B, the walking distance is 111.
From plaza A to plaza C, the walking distance is 144.
From plaza A to plaza D, the walking distance is 123.
From plaza A to plaza E, the walking distance is 89.
From plaza A to plaza F, the walking distance is 177.
From plaza A to plaza G, the walking distance is 136.
From plaza A to plaza H, the walking distance is 206.
From plaza A to plaza I, the walking distance is 117.
From plaza B to plaza A, the walking distance is 111.
From plaza B to plaza C, the walking distance is 134.
From plaza B to plaza D, the walking distance is 188.
From plaza B to plaza E, the walking distance is 154.
From plaza B to plaza F, the walking distance is 147.
From plaza B to plaza G, the walking distance is 141.
From plaza B to plaza H, the walking distance is 129.
From plaza B to plaza I, the walking distance is 107.
From plaza C to plaza A, the walking distance is 144.
From plaza C to plaza B, the walking distance is 134.
From plaza C to plaza D, the walking distance is 182.
From plaza C to plaza E, the walking distance is 154.
From plaza C to plaza F, the walking distance is 122.
From plaza C to plaza G, the walking distance is 162.
From plaza C to plaza H, the walking distance is 171.
From plaza C to plaza I, the walking distance is 109.
From plaza D to plaza A, the walking distance is 123.
From plaza D to plaza B, the walking distance is 188.
From plaza D to plaza C, the walking distance is 182.
From plaza D to plaza E, the walking distance is 70.
From plaza D to plaza F, the walking distance is 115.
From plaza D to plaza G, the walking distance is 126.
From plaza D to plaza H, the walking distance is 135.
From plaza D to plaza I, the walking distance is 187.
From plaza E to plaza A, the walking distance is 89.
From plaza E to plaza B, the walking distance is 154.
From plaza E to plaza C, the walking distance is 154.
From plaza E to plaza D, the walking distance is 70.
From plaza E to plaza F, the walking distance is 88.
From plaza E to plaza G, the walking distance is 115.
From plaza E to plaza H, the walking distance is 149.
From plaza E to plaza I, the walking distance is 153.
From plaza F to plaza A, the walking distance is 177.
From plaza F to plaza B, the walking distance is 147.
From plaza F to plaza C, the walking distance is 122.
From plaza F to plaza D, the walking distance is 115.
From plaza F to plaza E, the walking distance is 88.
From plaza F to plaza G, the walking distance is 95.
From plaza F to plaza H, the walking distance is 78.
From plaza F to plaza I, the walking distance is 172.
From plaza G to plaza A, the walking distance is 136.
From plaza G to plaza B, the walking distance is 141.
From plaza G to plaza C, the walking distance is 162.
From plaza G to plaza D, the walking distance is 126.
From plaza G to plaza E, the walking distance is 115.
From plaza G to plaza F, the walking distance is 95.
From plaza G to plaza H, the walking distance is 115.
From plaza G to plaza I, the walking distance is 167.
From plaza H to plaza A, the walking distance is 206.
From plaza H to plaza B, the walking distance is 129.
From plaza H to plaza C, the walking distance is 171.
From plaza H to plaza D, the walking distance is 135.
From plaza H to plaza E, the walking distance is 149.
From plaza H to plaza F, the walking distance is 78.
From plaza H to plaza G, the walking distance is 115.
From plaza H to plaza I, the walking distance is 155.
From plaza I to plaza A, the walking distance is 117.
From plaza I to plaza B, the walking distance is 107.
From plaza I to plaza C, the walking distance is 109.
From plaza I to plaza D, the walking distance is 187.
From plaza I to plaza E, the walking distance is 153.
From plaza I to plaza F, the walking distance is 172.
From plaza I to plaza G, the walking distance is 167.
From plaza I to plaza H, the walking distance is 155.
Use these distance entries to evaluate plans and pick which 2 kiosks minimize the maximum attendee walk.

Also, when you hand back the plan, please use this simple JSON shape so it's easy to read and check:

{
  ""solution"": {
    ""selected"": [<plaza_to_open>, <plaza_to_open>, ...],
    ""assignments"": [<assigned_plaza>, <assigned_plaza>, ...]
  }
}

Here’s what those bits mean in plain English: ""selected"" is the list of plazas you decide to open kiosks at, and ""assignments"" lists, for every festival area (in the same order as the instance), which open plaza that area is assigned to. Think of it like a short form: pick the open spots, then say which spot each area goes to.

This JSON is just a sketch of the shape I need — not the actual solution itself. Please make sure you use the exact identifiers from the instance input (no renaming, no extra labels). 
- for example: ""Valid identifiers look like plain numbers such as “1” or “23”, single capital letters like “A” or “B”, or a capital letter followed by digits like “A1” or “X7”.""",nl,names,"{""distance_matrix"": [[0, 111, 144, 123, 89, 177, 136, 206, 117], [111, 0, 134, 188, 154, 147, 141, 129, 107], [144, 134, 0, 182, 154, 122, 162, 171, 109], [123, 188, 182, 0, 70, 115, 126, 135, 187], [89, 154, 154, 70, 0, 88, 115, 149, 153], [177, 147, 122, 115, 88, 0, 95, 78, 172], [136, 141, 162, 126, 115, 95, 0, 115, 167], [206, 129, 171, 135, 149, 78, 115, 0, 155], [117, 107, 109, 187, 153, 172, 167, 155, 0]], ""p"": 2, ""objective"": 117.0}","{""facilities"": [5, 8], ""assignments"": [8, 8, 8, 5, 5, 5, 5, 5, 8]}",117.0,"{""problem_type"": ""PCENTER"", ""num_nodes"": 9, ""num_open"": 2, ""sites"": [{""id"": ""A"", ""distances"": {""A"": 0, ""B"": 111, ""C"": 144, ""D"": 123, ""E"": 89, ""F"": 177, ""G"": 136, ""H"": 206, ""I"": 117}}, {""id"": ""B"", ""distances"": {""A"": 111, ""B"": 0, ""C"": 134, ""D"": 188, ""E"": 154, ""F"": 147, ""G"": 141, ""H"": 129, ""I"": 107}}, {""id"": ""C"", ""distances"": {""A"": 144, ""B"": 134, ""C"": 0, ""D"": 182, ""E"": 154, ""F"": 122, ""G"": 162, ""H"": 171, ""I"": 109}}, {""id"": ""D"", ""distances"": {""A"": 123, ""B"": 188, ""C"": 182, ""D"": 0, ""E"": 70, ""F"": 115, ""G"": 126, ""H"": 135, ""I"": 187}}, {""id"": ""E"", ""distances"": {""A"": 89, ""B"": 154, ""C"": 154, ""D"": 70, ""E"": 0, ""F"": 88, ""G"": 115, ""H"": 149, ""I"": 153}}, {""id"": ""F"", ""distances"": {""A"": 177, ""B"": 147, ""C"": 122, ""D"": 115, ""E"": 88, ""F"": 0, ""G"": 95, ""H"": 78, ""I"": 172}}, {""id"": ""G"", ""distances"": {""A"": 136, ""B"": 141, ""C"": 162, ""D"": 126, ""E"": 115, ""F"": 95, ""G"": 0, ""H"": 115, ""I"": 167}}, {""id"": ""H"", ""distances"": {""A"": 206, ""B"": 129, ""C"": 171, ""D"": 135, ""E"": 149, ""F"": 78, ""G"": 115, ""H"": 0, ""I"": 155}}, {""id"": ""I"", ""distances"": {""A"": 117, ""B"": 107, ""C"": 109, ""D"": 187, ""E"": 153, ""F"": 172, ""G"": 167, ""H"": 155, ""I"": 0}}], ""objective"": 117.0}","{""selected"": [""F"", ""I""], ""assignments"": [""I"", ""I"", ""I"", ""F"", ""F"", ""F"", ""F"", ""F"", ""I""]}"
PCENTER_M_016,PCENTER,M,16,"We’re helping the co-op decide which farm lots should become the official collection sites: they can only open a set number of sites, and each member farm must be assigned to one and only one open site. What matters most is the farm that has the longest trip — a better choice is the one that shrinks that longest farm-to-site distance. To check a choice, calculate each farm’s distance to its assigned pickup, find the biggest distance, and aim to make that biggest number as small as practical. The exact lots and distances are shown below.

There are 13 proposed farm lots (A, B, C, D, E, F, G, H, I, J, K, L, M); we must open exactly 1 collection sites from them.
We record travel from lot A to candidate site B as 10.
We record travel from lot A to candidate site C as 48.
We record travel from lot A to candidate site D as 45.
We record travel from lot A to candidate site E as 35.
We record travel from lot A to candidate site F as 8.
We record travel from lot A to candidate site G as 42.
We record travel from lot A to candidate site H as 30.
We record travel from lot A to candidate site I as 40.
We record travel from lot A to candidate site J as 14.
We record travel from lot A to candidate site K as 31.
We record travel from lot A to candidate site L as 38.
We record travel from lot A to candidate site M as 34.
We record travel from lot B to candidate site A as 10.
We record travel from lot B to candidate site C as 44.
We record travel from lot B to candidate site D as 40.
We record travel from lot B to candidate site E as 35.
We record travel from lot B to candidate site F as 18.
We record travel from lot B to candidate site G as 45.
We record travel from lot B to candidate site H as 28.
We record travel from lot B to candidate site I as 42.
We record travel from lot B to candidate site J as 24.
We record travel from lot B to candidate site K as 37.
We record travel from lot B to candidate site L as 44.
We record travel from lot B to candidate site M as 36.
We record travel from lot C to candidate site A as 48.
We record travel from lot C to candidate site B as 44.
We record travel from lot C to candidate site D as 55.
We record travel from lot C to candidate site E as 47.
We record travel from lot C to candidate site F as 55.
We record travel from lot C to candidate site G as 54.
We record travel from lot C to candidate site H as 58.
We record travel from lot C to candidate site I as 43.
We record travel from lot C to candidate site J as 61.
We record travel from lot C to candidate site K as 54.
We record travel from lot C to candidate site L as 48.
We record travel from lot C to candidate site M as 49.
We record travel from lot D to candidate site A as 45.
We record travel from lot D to candidate site B as 40.
We record travel from lot D to candidate site C as 55.
We record travel from lot D to candidate site E as 10.
We record travel from lot D to candidate site F as 37.
We record travel from lot D to candidate site G as 51.
We record travel from lot D to candidate site H as 29.
We record travel from lot D to candidate site I as 39.
We record travel from lot D to candidate site J as 43.
We record travel from lot D to candidate site K as 31.
We record travel from lot D to candidate site L as 42.
We record travel from lot D to candidate site M as 33.
We record travel from lot E to candidate site A as 35.
We record travel from lot E to candidate site B as 35.
We record travel from lot E to candidate site C as 47.
We record travel from lot E to candidate site D as 10.
We record travel from lot E to candidate site F as 27.
We record travel from lot E to candidate site G as 42.
We record travel from lot E to candidate site H as 19.
We record travel from lot E to candidate site I as 31.
We record travel from lot E to candidate site J as 33.
We record travel from lot E to candidate site K as 21.
We record travel from lot E to candidate site L as 34.
We record travel from lot E to candidate site M as 26.
We record travel from lot F to candidate site A as 8.
We record travel from lot F to candidate site B as 18.
We record travel from lot F to candidate site C as 55.
We record travel from lot F to candidate site D as 37.
We record travel from lot F to candidate site E as 27.
We record travel from lot F to candidate site G as 40.
We record travel from lot F to candidate site H as 22.
We record travel from lot F to candidate site I as 34.
We record travel from lot F to candidate site J as 6.
We record travel from lot F to candidate site K as 34.
We record travel from lot F to candidate site L as 30.
We record travel from lot F to candidate site M as 28.
We record travel from lot G to candidate site A as 42.
We record travel from lot G to candidate site B as 45.
We record travel from lot G to candidate site C as 54.
We record travel from lot G to candidate site D as 51.
We record travel from lot G to candidate site E as 42.
We record travel from lot G to candidate site F as 40.
We record travel from lot G to candidate site H as 37.
We record travel from lot G to candidate site I as 29.
We record travel from lot G to candidate site J as 37.
We record travel from lot G to candidate site K as 42.
We record travel from lot G to candidate site L as 27.
We record travel from lot G to candidate site M as 26.
We record travel from lot H to candidate site A as 30.
We record travel from lot H to candidate site B as 28.
We record travel from lot H to candidate site C as 58.
We record travel from lot H to candidate site D as 29.
We record travel from lot H to candidate site E as 19.
We record travel from lot H to candidate site F as 22.
We record travel from lot H to candidate site G as 37.
We record travel from lot H to candidate site I as 26.
We record travel from lot H to candidate site J as 28.
We record travel from lot H to candidate site K as 30.
We record travel from lot H to candidate site L as 45.
We record travel from lot H to candidate site M as 26.
We record travel from lot I to candidate site A as 40.
We record travel from lot I to candidate site B as 42.
We record travel from lot I to candidate site C as 43.
We record travel from lot I to candidate site D as 39.
We record travel from lot I to candidate site E as 31.
We record travel from lot I to candidate site F as 34.
We record travel from lot I to candidate site G as 29.
We record travel from lot I to candidate site H as 26.
We record travel from lot I to candidate site J as 30.
We record travel from lot I to candidate site K as 26.
We record travel from lot I to candidate site L as 28.
We record travel from lot I to candidate site M as 6.
We record travel from lot J to candidate site A as 14.
We record travel from lot J to candidate site B as 24.
We record travel from lot J to candidate site C as 61.
We record travel from lot J to candidate site D as 43.
We record travel from lot J to candidate site E as 33.
We record travel from lot J to candidate site F as 6.
We record travel from lot J to candidate site G as 37.
We record travel from lot J to candidate site H as 28.
We record travel from lot J to candidate site I as 30.
We record travel from lot J to candidate site K as 35.
We record travel from lot J to candidate site L as 36.
We record travel from lot J to candidate site M as 24.
We record travel from lot K to candidate site A as 31.
We record travel from lot K to candidate site B as 37.
We record travel from lot K to candidate site C as 54.
We record travel from lot K to candidate site D as 31.
We record travel from lot K to candidate site E as 21.
We record travel from lot K to candidate site F as 34.
We record travel from lot K to candidate site G as 42.
We record travel from lot K to candidate site H as 30.
We record travel from lot K to candidate site I as 26.
We record travel from lot K to candidate site J as 35.
We record travel from lot K to candidate site L as 40.
We record travel from lot K to candidate site M as 20.
We record travel from lot L to candidate site A as 38.
We record travel from lot L to candidate site B as 44.
We record travel from lot L to candidate site C as 48.
We record travel from lot L to candidate site D as 42.
We record travel from lot L to candidate site E as 34.
We record travel from lot L to candidate site F as 30.
We record travel from lot L to candidate site G as 27.
We record travel from lot L to candidate site H as 45.
We record travel from lot L to candidate site I as 28.
We record travel from lot L to candidate site J as 36.
We record travel from lot L to candidate site K as 40.
We record travel from lot L to candidate site M as 29.
We record travel from lot M to candidate site A as 34.
We record travel from lot M to candidate site B as 36.
We record travel from lot M to candidate site C as 49.
We record travel from lot M to candidate site D as 33.
We record travel from lot M to candidate site E as 26.
We record travel from lot M to candidate site F as 28.
We record travel from lot M to candidate site G as 26.
We record travel from lot M to candidate site H as 26.
We record travel from lot M to candidate site I as 6.
We record travel from lot M to candidate site J as 24.
We record travel from lot M to candidate site K as 20.
We record travel from lot M to candidate site L as 29.
Use these entries to compute each farm’s assigned distance and the maximum (worst-case) travel so we can pick the best 1 sites for the co-op.

Also, to keep things machine-friendly (and simple for us), please return your choice in this little JSON shape when you're ready — nothing fancy, just the keys and lists:

{
  ""solution"": {
    ""selected"": [<site_to_open>, <site_to_open>, ...],
    ""assignments"": [<chosen_open_site>, <chosen_open_site>, ...]
  }
}

Here’s what those bits mean in plain English: ""selected"" is the list of lot identifiers you want to open as pickup sites, and ""assignments"" is a list (in the same order as the farms were given in the input) saying which open site each farm will use. Think of it like filling out a short form: which sites are open, and for each farm, which open site it's assigned to.

This is just a sketch of the shape I need, not the actual answer. One important note: use the exact identifiers from the instance input — don’t rename them and don’t invent new labels. Valid identifiers look like plain numbers such as “1” or “23”, single capital letters like “A” or “B”, or a capital letter followed by digits like “A1” or “X7”.",markdown_table,names,"{""distance_matrix"": [[0, 10, 48, 45, 35, 8, 42, 30, 40, 14, 31, 38, 34], [10, 0, 44, 40, 35, 18, 45, 28, 42, 24, 37, 44, 36], [48, 44, 0, 55, 47, 55, 54, 58, 43, 61, 54, 48, 49], [45, 40, 55, 0, 10, 37, 51, 29, 39, 43, 31, 42, 33], [35, 35, 47, 10, 0, 27, 42, 19, 31, 33, 21, 34, 26], [8, 18, 55, 37, 27, 0, 40, 22, 34, 6, 34, 30, 28], [42, 45, 54, 51, 42, 40, 0, 37, 29, 37, 42, 27, 26], [30, 28, 58, 29, 19, 22, 37, 0, 26, 28, 30, 45, 26], [40, 42, 43, 39, 31, 34, 29, 26, 0, 30, 26, 28, 6], [14, 24, 61, 43, 33, 6, 37, 28, 30, 0, 35, 36, 24], [31, 37, 54, 31, 21, 34, 42, 30, 26, 35, 0, 40, 20], [38, 44, 48, 42, 34, 30, 27, 45, 28, 36, 40, 0, 29], [34, 36, 49, 33, 26, 28, 26, 26, 6, 24, 20, 29, 0]], ""p"": 1, ""objective"": 43.0}","{""facilities"": [8], ""assignments"": [8, 8, 8, 8, 8, 8, 8, 8, 8, 8, 8, 8, 8]}",43.0,"{""problem_type"": ""PCENTER"", ""num_nodes"": 13, ""num_open"": 1, ""sites"": [{""id"": ""A"", ""distances"": {""A"": 0, ""B"": 10, ""C"": 48, ""D"": 45, ""E"": 35, ""F"": 8, ""G"": 42, ""H"": 30, ""I"": 40, ""J"": 14, ""K"": 31, ""L"": 38, ""M"": 34}}, {""id"": ""B"", ""distances"": {""A"": 10, ""B"": 0, ""C"": 44, ""D"": 40, ""E"": 35, ""F"": 18, ""G"": 45, ""H"": 28, ""I"": 42, ""J"": 24, ""K"": 37, ""L"": 44, ""M"": 36}}, {""id"": ""C"", ""distances"": {""A"": 48, ""B"": 44, ""C"": 0, ""D"": 55, ""E"": 47, ""F"": 55, ""G"": 54, ""H"": 58, ""I"": 43, ""J"": 61, ""K"": 54, ""L"": 48, ""M"": 49}}, {""id"": ""D"", ""distances"": {""A"": 45, ""B"": 40, ""C"": 55, ""D"": 0, ""E"": 10, ""F"": 37, ""G"": 51, ""H"": 29, ""I"": 39, ""J"": 43, ""K"": 31, ""L"": 42, ""M"": 33}}, {""id"": ""E"", ""distances"": {""A"": 35, ""B"": 35, ""C"": 47, ""D"": 10, ""E"": 0, ""F"": 27, ""G"": 42, ""H"": 19, ""I"": 31, ""J"": 33, ""K"": 21, ""L"": 34, ""M"": 26}}, {""id"": ""F"", ""distances"": {""A"": 8, ""B"": 18, ""C"": 55, ""D"": 37, ""E"": 27, ""F"": 0, ""G"": 40, ""H"": 22, ""I"": 34, ""J"": 6, ""K"": 34, ""L"": 30, ""M"": 28}}, {""id"": ""G"", ""distances"": {""A"": 42, ""B"": 45, ""C"": 54, ""D"": 51, ""E"": 42, ""F"": 40, ""G"": 0, ""H"": 37, ""I"": 29, ""J"": 37, ""K"": 42, ""L"": 27, ""M"": 26}}, {""id"": ""H"", ""distances"": {""A"": 30, ""B"": 28, ""C"": 58, ""D"": 29, ""E"": 19, ""F"": 22, ""G"": 37, ""H"": 0, ""I"": 26, ""J"": 28, ""K"": 30, ""L"": 45, ""M"": 26}}, {""id"": ""I"", ""distances"": {""A"": 40, ""B"": 42, ""C"": 43, ""D"": 39, ""E"": 31, ""F"": 34, ""G"": 29, ""H"": 26, ""I"": 0, ""J"": 30, ""K"": 26, ""L"": 28, ""M"": 6}}, {""id"": ""J"", ""distances"": {""A"": 14, ""B"": 24, ""C"": 61, ""D"": 43, ""E"": 33, ""F"": 6, ""G"": 37, ""H"": 28, ""I"": 30, ""J"": 0, ""K"": 35, ""L"": 36, ""M"": 24}}, {""id"": ""K"", ""distances"": {""A"": 31, ""B"": 37, ""C"": 54, ""D"": 31, ""E"": 21, ""F"": 34, ""G"": 42, ""H"": 30, ""I"": 26, ""J"": 35, ""K"": 0, ""L"": 40, ""M"": 20}}, {""id"": ""L"", ""distances"": {""A"": 38, ""B"": 44, ""C"": 48, ""D"": 42, ""E"": 34, ""F"": 30, ""G"": 27, ""H"": 45, ""I"": 28, ""J"": 36, ""K"": 40, ""L"": 0, ""M"": 29}}, {""id"": ""M"", ""distances"": {""A"": 34, ""B"": 36, ""C"": 49, ""D"": 33, ""E"": 26, ""F"": 28, ""G"": 26, ""H"": 26, ""I"": 6, ""J"": 24, ""K"": 20, ""L"": 29, ""M"": 0}}], ""objective"": 43.0}","{""selected"": [""I""], ""assignments"": [""I"", ""I"", ""I"", ""I"", ""I"", ""I"", ""I"", ""I"", ""I"", ""I"", ""I"", ""I"", ""I""]}"
PCENTER_M_017,PCENTER,M,17,"Many people might think this is a routing puzzle, but it’s really about picking a fixed number of storefronts to open as micro post offices and assigning every delivery cluster to one opened office. Every location must belong to one and only one office, and the selection is better when the longest trip any cluster must make to its assigned office is reduced. Practically speaking, check all cluster-to-office distances in a plan and the biggest of those distances is the score to beat — lower is better. See the exact candidate storefronts and the travel distances below.

They are 11 total locations, 1 micro post offices to open, and the location IDs are 0, 1, 2, 3, 4, 5, 6, 7, 8, 9, 10.
Distance from 0 to 1: 26.
Distance from 0 to 2: 53.
Distance from 0 to 3: 38.
Distance from 0 to 4: 53.
Distance from 0 to 5: 31.
Distance from 0 to 6: 54.
Distance from 0 to 7: 41.
Distance from 0 to 8: 36.
Distance from 0 to 9: 58.
Distance from 0 to 10: 71.
Distance from 1 to 0: 26.
Distance from 1 to 2: 35.
Distance from 1 to 3: 40.
Distance from 1 to 4: 34.
Distance from 1 to 5: 38.
Distance from 1 to 6: 45.
Distance from 1 to 7: 36.
Distance from 1 to 8: 25.
Distance from 1 to 9: 48.
Distance from 1 to 10: 71.
Distance from 2 to 0: 53.
Distance from 2 to 1: 35.
Distance from 2 to 3: 47.
Distance from 2 to 4: 35.
Distance from 2 to 5: 46.
Distance from 2 to 6: 39.
Distance from 2 to 7: 39.
Distance from 2 to 8: 24.
Distance from 2 to 9: 41.
Distance from 2 to 10: 38.
Distance from 3 to 0: 38.
Distance from 3 to 1: 40.
Distance from 3 to 2: 47.
Distance from 3 to 4: 49.
Distance from 3 to 5: 53.
Distance from 3 to 6: 48.
Distance from 3 to 7: 55.
Distance from 3 to 8: 50.
Distance from 3 to 9: 30.
Distance from 3 to 10: 69.
Distance from 4 to 0: 53.
Distance from 4 to 1: 34.
Distance from 4 to 2: 35.
Distance from 4 to 3: 49.
Distance from 4 to 5: 28.
Distance from 4 to 6: 35.
Distance from 4 to 7: 41.
Distance from 4 to 8: 32.
Distance from 4 to 9: 45.
Distance from 4 to 10: 70.
Distance from 5 to 0: 31.
Distance from 5 to 1: 38.
Distance from 5 to 2: 46.
Distance from 5 to 3: 53.
Distance from 5 to 4: 28.
Distance from 5 to 6: 39.
Distance from 5 to 7: 29.
Distance from 5 to 8: 32.
Distance from 5 to 9: 49.
Distance from 5 to 10: 54.
Distance from 6 to 0: 54.
Distance from 6 to 1: 45.
Distance from 6 to 2: 39.
Distance from 6 to 3: 48.
Distance from 6 to 4: 35.
Distance from 6 to 5: 39.
Distance from 6 to 7: 48.
Distance from 6 to 8: 43.
Distance from 6 to 9: 51.
Distance from 6 to 10: 73.
Distance from 7 to 0: 41.
Distance from 7 to 1: 36.
Distance from 7 to 2: 39.
Distance from 7 to 3: 55.
Distance from 7 to 4: 41.
Distance from 7 to 5: 29.
Distance from 7 to 6: 48.
Distance from 7 to 8: 21.
Distance from 7 to 9: 46.
Distance from 7 to 10: 69.
Distance from 8 to 0: 36.
Distance from 8 to 1: 25.
Distance from 8 to 2: 24.
Distance from 8 to 3: 50.
Distance from 8 to 4: 32.
Distance from 8 to 5: 32.
Distance from 8 to 6: 43.
Distance from 8 to 7: 21.
Distance from 8 to 9: 42.
Distance from 8 to 10: 62.
Distance from 9 to 0: 58.
Distance from 9 to 1: 48.
Distance from 9 to 2: 41.
Distance from 9 to 3: 30.
Distance from 9 to 4: 45.
Distance from 9 to 5: 49.
Distance from 9 to 6: 51.
Distance from 9 to 7: 46.
Distance from 9 to 8: 42.
Distance from 9 to 10: 57.
Distance from 10 to 0: 71.
Distance from 10 to 1: 71.
Distance from 10 to 2: 38.
Distance from 10 to 3: 69.
Distance from 10 to 4: 70.
Distance from 10 to 5: 54.
Distance from 10 to 6: 73.
Distance from 10 to 7: 69.
Distance from 10 to 8: 62.
Distance from 10 to 9: 57.
Practically speaking, check these distances to find the largest cluster-to-office trip — that worst-case distance is the score to beat.

Also, when you reply, please follow this simple JSON layout so I can read your plan easily—here’s the sketch of the shape I expect:

{
  ""solution"": {
    ""selected"": [<site_to_open>, <site_to_open>, ...],
    ""assignments"": [<chosen_open_site>, <chosen_open_site>, ...]
  }
}

This just means: put the storefronts you want to open in the ""selected"" list, and then list, for every input location (in the same order as the instance), the opened storefront it gets assigned to in ""assignments"". Think of it like a short form: the first part says which offices will be open, the second part says where each neighborhood goes. Super informal — just fill those placeholders with the actual identifiers from the instance when you answer.

Quick reminder: the JSON above is only a template of the expected shape, not the final answer. All identifiers you use in your real answer must match the instance input exactly — do not rename them or invent new labels. Valid identifiers look like:
- plain numbers such as ""1"" or ""23""
- single capital letters like ""A"" or ""B""
- a capital letter followed by digits like ""A1"" or ""X7""",markdown_table,zero_based,"{""distance_matrix"": [[0, 26, 53, 38, 53, 31, 54, 41, 36, 58, 71], [26, 0, 35, 40, 34, 38, 45, 36, 25, 48, 71], [53, 35, 0, 47, 35, 46, 39, 39, 24, 41, 38], [38, 40, 47, 0, 49, 53, 48, 55, 50, 30, 69], [53, 34, 35, 49, 0, 28, 35, 41, 32, 45, 70], [31, 38, 46, 53, 28, 0, 39, 29, 32, 49, 54], [54, 45, 39, 48, 35, 39, 0, 48, 43, 51, 73], [41, 36, 39, 55, 41, 29, 48, 0, 21, 46, 69], [36, 25, 24, 50, 32, 32, 43, 21, 0, 42, 62], [58, 48, 41, 30, 45, 49, 51, 46, 42, 0, 57], [71, 71, 38, 69, 70, 54, 73, 69, 62, 57, 0]], ""p"": 1, ""objective"": 53.0}","{""facilities"": [2], ""assignments"": [2, 2, 2, 2, 2, 2, 2, 2, 2, 2, 2]}",53.0,"{""problem_type"": ""PCENTER"", ""num_nodes"": 11, ""num_open"": 1, ""sites"": [{""id"": 0, ""distances"": {""0"": 0, ""1"": 26, ""2"": 53, ""3"": 38, ""4"": 53, ""5"": 31, ""6"": 54, ""7"": 41, ""8"": 36, ""9"": 58, ""10"": 71}}, {""id"": 1, ""distances"": {""0"": 26, ""1"": 0, ""2"": 35, ""3"": 40, ""4"": 34, ""5"": 38, ""6"": 45, ""7"": 36, ""8"": 25, ""9"": 48, ""10"": 71}}, {""id"": 2, ""distances"": {""0"": 53, ""1"": 35, ""2"": 0, ""3"": 47, ""4"": 35, ""5"": 46, ""6"": 39, ""7"": 39, ""8"": 24, ""9"": 41, ""10"": 38}}, {""id"": 3, ""distances"": {""0"": 38, ""1"": 40, ""2"": 47, ""3"": 0, ""4"": 49, ""5"": 53, ""6"": 48, ""7"": 55, ""8"": 50, ""9"": 30, ""10"": 69}}, {""id"": 4, ""distances"": {""0"": 53, ""1"": 34, ""2"": 35, ""3"": 49, ""4"": 0, ""5"": 28, ""6"": 35, ""7"": 41, ""8"": 32, ""9"": 45, ""10"": 70}}, {""id"": 5, ""distances"": {""0"": 31, ""1"": 38, ""2"": 46, ""3"": 53, ""4"": 28, ""5"": 0, ""6"": 39, ""7"": 29, ""8"": 32, ""9"": 49, ""10"": 54}}, {""id"": 6, ""distances"": {""0"": 54, ""1"": 45, ""2"": 39, ""3"": 48, ""4"": 35, ""5"": 39, ""6"": 0, ""7"": 48, ""8"": 43, ""9"": 51, ""10"": 73}}, {""id"": 7, ""distances"": {""0"": 41, ""1"": 36, ""2"": 39, ""3"": 55, ""4"": 41, ""5"": 29, ""6"": 48, ""7"": 0, ""8"": 21, ""9"": 46, ""10"": 69}}, {""id"": 8, ""distances"": {""0"": 36, ""1"": 25, ""2"": 24, ""3"": 50, ""4"": 32, ""5"": 32, ""6"": 43, ""7"": 21, ""8"": 0, ""9"": 42, ""10"": 62}}, {""id"": 9, ""distances"": {""0"": 58, ""1"": 48, ""2"": 41, ""3"": 30, ""4"": 45, ""5"": 49, ""6"": 51, ""7"": 46, ""8"": 42, ""9"": 0, ""10"": 57}}, {""id"": 10, ""distances"": {""0"": 71, ""1"": 71, ""2"": 38, ""3"": 69, ""4"": 70, ""5"": 54, ""6"": 73, ""7"": 69, ""8"": 62, ""9"": 57, ""10"": 0}}], ""objective"": 53.0}","{""selected"": [2], ""assignments"": [2, 2, 2, 2, 2, 2, 2, 2, 2, 2, 2]}"
PCENTER_M_018,PCENTER,M,18,"Many people on the trail team are talking about a simple task: pick a set number of box sites out of a list, open them, and assign each piece of trail to a single open box. The goal is to improve the worst-off hiker — check every trail segment’s walk to its box, take the maximum of those walks, and try to make that maximum as small as possible. All the candidate sites and the exact distances between points are detailed below.

{
  ""total_candidate_sites"": 10,
  ""boxes_to_install"": 1,
  ""site_ids"": [
    0,
    1,
    2,
    3,
    4,
    5,
    6,
    7,
    8,
    9
  ],
  ""data"": [
    {
      ""from_site_id"": 0,
      ""to_site_id"": 1,
      ""walking_distance_between_sites"": 36
    },
    {
      ""from_site_id"": 0,
      ""to_site_id"": 2,
      ""walking_distance_between_sites"": 37
    },
    {
      ""from_site_id"": 0,
      ""to_site_id"": 3,
      ""walking_distance_between_sites"": 36
    },
    {
      ""from_site_id"": 0,
      ""to_site_id"": 4,
      ""walking_distance_between_sites"": 32
    },
    {
      ""from_site_id"": 0,
      ""to_site_id"": 5,
      ""walking_distance_between_sites"": 40
    },
    {
      ""from_site_id"": 0,
      ""to_site_id"": 6,
      ""walking_distance_between_sites"": 22
    },
    {
      ""from_site_id"": 0,
      ""to_site_id"": 7,
      ""walking_distance_between_sites"": 42
    },
    {
      ""from_site_id"": 0,
      ""to_site_id"": 8,
      ""walking_distance_between_sites"": 7
    },
    {
      ""from_site_id"": 0,
      ""to_site_id"": 9,
      ""walking_distance_between_sites"": 35
    },
    {
      ""from_site_id"": 1,
      ""to_site_id"": 0,
      ""walking_distance_between_sites"": 36
    },
    {
      ""from_site_id"": 1,
      ""to_site_id"": 2,
      ""walking_distance_between_sites"": 21
    },
    {
      ""from_site_id"": 1,
      ""to_site_id"": 3,
      ""walking_distance_between_sites"": 40
    },
    {
      ""from_site_id"": 1,
      ""to_site_id"": 4,
      ""walking_distance_between_sites"": 31
    },
    {
      ""from_site_id"": 1,
      ""to_site_id"": 5,
      ""walking_distance_between_sites"": 32
    },
    {
      ""from_site_id"": 1,
      ""to_site_id"": 6,
      ""walking_distance_between_sites"": 25
    },
    {
      ""from_site_id"": 1,
      ""to_site_id"": 7,
      ""walking_distance_between_sites"": 25
    },
    {
      ""from_site_id"": 1,
      ""to_site_id"": 8,
      ""walking_distance_between_sites"": 31
    },
    {
      ""from_site_id"": 1,
      ""to_site_id"": 9,
      ""walking_distance_between_sites"": 26
    },
    {
      ""from_site_id"": 2,
      ""to_site_id"": 0,
      ""walking_distance_between_sites"": 37
    },
    {
      ""from_site_id"": 2,
      ""to_site_id"": 1,
      ""walking_distance_between_sites"": 21
    },
    {
      ""from_site_id"": 2,
      ""to_site_id"": 3,
      ""walking_distance_between_sites"": 41
    },
    {
      ""from_site_id"": 2,
      ""to_site_id"": 4,
      ""walking_distance_between_sites"": 31
    },
    {
      ""from_site_id"": 2,
      ""to_site_id"": 5,
      ""walking_distance_between_sites"": 25
    },
    {
      ""from_site_id"": 2,
      ""to_site_id"": 6,
      ""walking_distance_between_sites"": 27
    },
    {
      ""from_site_id"": 2,
      ""to_site_id"": 7,
      ""walking_distance_between_sites"": 33
    },
    {
      ""from_site_id"": 2,
      ""to_site_id"": 8,
      ""walking_distance_between_sites"": 30
    },
    {
      ""from_site_id"": 2,
      ""to_site_id"": 9,
      ""walking_distance_between_sites"": 24
    },
    {
      ""from_site_id"": 3,
      ""to_site_id"": 0,
      ""walking_distance_between_sites"": 36
    },
    {
      ""from_site_id"": 3,
      ""to_site_id"": 1,
      ""walking_distance_between_sites"": 40
    },
    {
      ""from_site_id"": 3,
      ""to_site_id"": 2,
      ""walking_distance_between_sites"": 41
    },
    {
      ""from_site_id"": 3,
      ""to_site_id"": 4,
      ""walking_distance_between_sites"": 30
    },
    {
      ""from_site_id"": 3,
      ""to_site_id"": 5,
      ""walking_distance_between_sites"": 32
    },
    {
      ""from_site_id"": 3,
      ""to_site_id"": 6,
      ""walking_distance_between_sites"": 40
    },
    {
      ""from_site_id"": 3,
      ""to_site_id"": 7,
      ""walking_distance_between_sites"": 31
    },
    {
      ""from_site_id"": 3,
      ""to_site_id"": 8,
      ""walking_distance_between_sites"": 36
    },
    {
      ""from_site_id"": 3,
      ""to_site_id"": 9,
      ""walking_distance_between_sites"": 41
    },
    {
      ""from_site_id"": 4,
      ""to_site_id"": 0,
      ""walking_distance_between_sites"": 32
    },
    {
      ""from_site_id"": 4,
      ""to_site_id"": 1,
      ""walking_distance_between_sites"": 31
    },
    {
      ""from_site_id"": 4,
      ""to_site_id"": 2,
      ""walking_distance_between_sites"": 31
    },
    {
      ""from_site_id"": 4,
      ""to_site_id"": 3,
      ""walking_distance_between_sites"": 30
    },
    {
      ""from_site_id"": 4,
      ""to_site_id"": 5,
      ""walking_distance_between_sites"": 28
    },
    {
      ""from_site_id"": 4,
      ""to_site_id"": 6,
      ""walking_distance_between_sites"": 21
    },
    {
      ""from_site_id"": 4,
      ""to_site_id"": 7,
      ""walking_distance_between_sites"": 36
    },
    {
      ""from_site_id"": 4,
      ""to_site_id"": 8,
      ""walking_distance_between_sites"": 29
    },
    {
      ""from_site_id"": 4,
      ""to_site_id"": 9,
      ""walking_distance_between_sites"": 33
    },
    {
      ""from_site_id"": 5,
      ""to_site_id"": 0,
      ""walking_distance_between_sites"": 40
    },
    {
      ""from_site_id"": 5,
      ""to_site_id"": 1,
      ""walking_distance_between_sites"": 32
    },
    {
      ""from_site_id"": 5,
      ""to_site_id"": 2,
      ""walking_distance_between_sites"": 25
    },
    {
      ""from_site_id"": 5,
      ""to_site_id"": 3,
      ""walking_distance_between_sites"": 32
    },
    {
      ""from_site_id"": 5,
      ""to_site_id"": 4,
      ""walking_distance_between_sites"": 28
    },
    {
      ""from_site_id"": 5,
      ""to_site_id"": 6,
      ""walking_distance_between_sites"": 37
    },
    {
      ""from_site_id"": 5,
      ""to_site_id"": 7,
      ""walking_distance_between_sites"": 27
    },
    {
      ""from_site_id"": 5,
      ""to_site_id"": 8,
      ""walking_distance_between_sites"": 39
    },
    {
      ""from_site_id"": 5,
      ""to_site_id"": 9,
      ""walking_distance_between_sites"": 32
    },
    {
      ""from_site_id"": 6,
      ""to_site_id"": 0,
      ""walking_distance_between_sites"": 22
    },
    {
      ""from_site_id"": 6,
      ""to_site_id"": 1,
      ""walking_distance_between_sites"": 25
    },
    {
      ""from_site_id"": 6,
      ""to_site_id"": 2,
      ""walking_distance_between_sites"": 27
    },
    {
      ""from_site_id"": 6,
      ""to_site_id"": 3,
      ""walking_distance_between_sites"": 40
    },
    {
      ""from_site_id"": 6,
      ""to_site_id"": 4,
      ""walking_distance_between_sites"": 21
    },
    {
      ""from_site_id"": 6,
      ""to_site_id"": 5,
      ""walking_distance_between_sites"": 37
    },
    {
      ""from_site_id"": 6,
      ""to_site_id"": 7,
      ""walking_distance_between_sites"": 36
    },
    {
      ""from_site_id"": 6,
      ""to_site_id"": 8,
      ""walking_distance_between_sites"": 15
    },
    {
      ""from_site_id"": 6,
      ""to_site_id"": 9,
      ""walking_distance_between_sites"": 24
    },
    {
      ""from_site_id"": 7,
      ""to_site_id"": 0,
      ""walking_distance_between_sites"": 42
    },
    {
      ""from_site_id"": 7,
      ""to_site_id"": 1,
      ""walking_distance_between_sites"": 25
    },
    {
      ""from_site_id"": 7,
      ""to_site_id"": 2,
      ""walking_distance_between_sites"": 33
    },
    {
      ""from_site_id"": 7,
      ""to_site_id"": 3,
      ""walking_distance_between_sites"": 31
    },
    {
      ""from_site_id"": 7,
      ""to_site_id"": 4,
      ""walking_distance_between_sites"": 36
    },
    {
      ""from_site_id"": 7,
      ""to_site_id"": 5,
      ""walking_distance_between_sites"": 27
    },
    {
      ""from_site_id"": 7,
      ""to_site_id"": 6,
      ""walking_distance_between_sites"": 36
    },
    {
      ""from_site_id"": 7,
      ""to_site_id"": 8,
      ""walking_distance_between_sites"": 38
    },
    {
      ""from_site_id"": 7,
      ""to_site_id"": 9,
      ""walking_distance_between_sites"": 33
    },
    {
      ""from_site_id"": 8,
      ""to_site_id"": 0,
      ""walking_distance_between_sites"": 7
    },
    {
      ""from_site_id"": 8,
      ""to_site_id"": 1,
      ""walking_distance_between_sites"": 31
    },
    {
      ""from_site_id"": 8,
      ""to_site_id"": 2,
      ""walking_distance_between_sites"": 30
    },
    {
      ""from_site_id"": 8,
      ""to_site_id"": 3,
      ""walking_distance_between_sites"": 36
    },
    {
      ""from_site_id"": 8,
      ""to_site_id"": 4,
      ""walking_distance_between_sites"": 29
    },
    {
      ""from_site_id"": 8,
      ""to_site_id"": 5,
      ""walking_distance_between_sites"": 39
    },
    {
      ""from_site_id"": 8,
      ""to_site_id"": 6,
      ""walking_distance_between_sites"": 15
    },
    {
      ""from_site_id"": 8,
      ""to_site_id"": 7,
      ""walking_distance_between_sites"": 38
    },
    {
      ""from_site_id"": 8,
      ""to_site_id"": 9,
      ""walking_distance_between_sites"": 34
    },
    {
      ""from_site_id"": 9,
      ""to_site_id"": 0,
      ""walking_distance_between_sites"": 35
    },
    {
      ""from_site_id"": 9,
      ""to_site_id"": 1,
      ""walking_distance_between_sites"": 26
    },
    {
      ""from_site_id"": 9,
      ""to_site_id"": 2,
      ""walking_distance_between_sites"": 24
    },
    {
      ""from_site_id"": 9,
      ""to_site_id"": 3,
      ""walking_distance_between_sites"": 41
    },
    {
      ""from_site_id"": 9,
      ""to_site_id"": 4,
      ""walking_distance_between_sites"": 33
    },
    {
      ""from_site_id"": 9,
      ""to_site_id"": 5,
      ""walking_distance_between_sites"": 32
    },
    {
      ""from_site_id"": 9,
      ""to_site_id"": 6,
      ""walking_distance_between_sites"": 24
    },
    {
      ""from_site_id"": 9,
      ""to_site_id"": 7,
      ""walking_distance_between_sites"": 33
    },
    {
      ""from_site_id"": 9,
      ""to_site_id"": 8,
      ""walking_distance_between_sites"": 34
    }
  ]
}

Oh, and to keep things machine-friendly, please shape your answer like this simple JSON snippet:

{
  ""solution"": {
    ""selected"": [<site_to_open>, <site_to_open>, ...],
    ""assignments"": [<chosen_open_site>, <chosen_open_site>, ...]
  }
}

Think of ""selected"" as the list of box sites you decide to open, and ""assignments"" as which open site each trail segment is assigned to. Super casual: one list says which boxes are open, the other says where every piece of trail goes. This is just the expected shape — not the real answer itself.

Also, a quick reminder: use the exact identifiers from the instance input — do not rename them and do not invent new labels. For example: Valid identifiers look like plain numbers such as “1” or “23”, single capital letters like “A” or “B”, or a capital letter followed by digits like “A1” or “X7”.",json,zero_based,"{""distance_matrix"": [[0, 36, 37, 36, 32, 40, 22, 42, 7, 35], [36, 0, 21, 40, 31, 32, 25, 25, 31, 26], [37, 21, 0, 41, 31, 25, 27, 33, 30, 24], [36, 40, 41, 0, 30, 32, 40, 31, 36, 41], [32, 31, 31, 30, 0, 28, 21, 36, 29, 33], [40, 32, 25, 32, 28, 0, 37, 27, 39, 32], [22, 25, 27, 40, 21, 37, 0, 36, 15, 24], [42, 25, 33, 31, 36, 27, 36, 0, 38, 33], [7, 31, 30, 36, 29, 39, 15, 38, 0, 34], [35, 26, 24, 41, 33, 32, 24, 33, 34, 0]], ""p"": 1, ""objective"": 36.0}","{""facilities"": [4], ""assignments"": [4, 4, 4, 4, 4, 4, 4, 4, 4, 4]}",36.0,"{""problem_type"": ""PCENTER"", ""num_nodes"": 10, ""num_open"": 1, ""sites"": [{""id"": 0, ""distances"": {""0"": 0, ""1"": 36, ""2"": 37, ""3"": 36, ""4"": 32, ""5"": 40, ""6"": 22, ""7"": 42, ""8"": 7, ""9"": 35}}, {""id"": 1, ""distances"": {""0"": 36, ""1"": 0, ""2"": 21, ""3"": 40, ""4"": 31, ""5"": 32, ""6"": 25, ""7"": 25, ""8"": 31, ""9"": 26}}, {""id"": 2, ""distances"": {""0"": 37, ""1"": 21, ""2"": 0, ""3"": 41, ""4"": 31, ""5"": 25, ""6"": 27, ""7"": 33, ""8"": 30, ""9"": 24}}, {""id"": 3, ""distances"": {""0"": 36, ""1"": 40, ""2"": 41, ""3"": 0, ""4"": 30, ""5"": 32, ""6"": 40, ""7"": 31, ""8"": 36, ""9"": 41}}, {""id"": 4, ""distances"": {""0"": 32, ""1"": 31, ""2"": 31, ""3"": 30, ""4"": 0, ""5"": 28, ""6"": 21, ""7"": 36, ""8"": 29, ""9"": 33}}, {""id"": 5, ""distances"": {""0"": 40, ""1"": 32, ""2"": 25, ""3"": 32, ""4"": 28, ""5"": 0, ""6"": 37, ""7"": 27, ""8"": 39, ""9"": 32}}, {""id"": 6, ""distances"": {""0"": 22, ""1"": 25, ""2"": 27, ""3"": 40, ""4"": 21, ""5"": 37, ""6"": 0, ""7"": 36, ""8"": 15, ""9"": 24}}, {""id"": 7, ""distances"": {""0"": 42, ""1"": 25, ""2"": 33, ""3"": 31, ""4"": 36, ""5"": 27, ""6"": 36, ""7"": 0, ""8"": 38, ""9"": 33}}, {""id"": 8, ""distances"": {""0"": 7, ""1"": 31, ""2"": 30, ""3"": 36, ""4"": 29, ""5"": 39, ""6"": 15, ""7"": 38, ""8"": 0, ""9"": 34}}, {""id"": 9, ""distances"": {""0"": 35, ""1"": 26, ""2"": 24, ""3"": 41, ""4"": 33, ""5"": 32, ""6"": 24, ""7"": 33, ""8"": 34, ""9"": 0}}], ""objective"": 36.0}","{""selected"": [4], ""assignments"": [4, 4, 4, 4, 4, 4, 4, 4, 4, 4]}"
PCENTER_M_019,PCENTER,M,19,"In town there’s a push to place a limited number of pop-up galleries at selected venues; the task is to decide which ones to open and then attach every neighborhood arts group to exactly one of those opened galleries so no group is forgotten or doubled up. The way to judge a choice is by its worst-case trip: calculate each group’s travel to its assigned gallery, find the group with the longest trip, and try to make that longest trip as short as possible. The specific list of venues, the travel distances, and the fixed number of pop-ups available are shown below.

{
  ""total_candidate_locations"": 11,
  ""popups_to_open"": 2,
  ""location_ids"": [
    ""A"",
    ""B"",
    ""C"",
    ""D"",
    ""E"",
    ""F"",
    ""G"",
    ""H"",
    ""I"",
    ""J"",
    ""K""
  ],
  ""data"": [
    {
      ""origin_location_id"": ""A"",
      ""destination_location_id"": ""B"",
      ""travel_distance"": 21
    },
    {
      ""origin_location_id"": ""A"",
      ""destination_location_id"": ""C"",
      ""travel_distance"": 27
    },
    {
      ""origin_location_id"": ""A"",
      ""destination_location_id"": ""D"",
      ""travel_distance"": 27
    },
    {
      ""origin_location_id"": ""A"",
      ""destination_location_id"": ""E"",
      ""travel_distance"": 36
    },
    {
      ""origin_location_id"": ""A"",
      ""destination_location_id"": ""F"",
      ""travel_distance"": 29
    },
    {
      ""origin_location_id"": ""A"",
      ""destination_location_id"": ""G"",
      ""travel_distance"": 44
    },
    {
      ""origin_location_id"": ""A"",
      ""destination_location_id"": ""H"",
      ""travel_distance"": 29
    },
    {
      ""origin_location_id"": ""A"",
      ""destination_location_id"": ""I"",
      ""travel_distance"": 25
    },
    {
      ""origin_location_id"": ""A"",
      ""destination_location_id"": ""J"",
      ""travel_distance"": 18
    },
    {
      ""origin_location_id"": ""A"",
      ""destination_location_id"": ""K"",
      ""travel_distance"": 39
    },
    {
      ""origin_location_id"": ""B"",
      ""destination_location_id"": ""A"",
      ""travel_distance"": 21
    },
    {
      ""origin_location_id"": ""B"",
      ""destination_location_id"": ""C"",
      ""travel_distance"": 26
    },
    {
      ""origin_location_id"": ""B"",
      ""destination_location_id"": ""D"",
      ""travel_distance"": 21
    },
    {
      ""origin_location_id"": ""B"",
      ""destination_location_id"": ""E"",
      ""travel_distance"": 18
    },
    {
      ""origin_location_id"": ""B"",
      ""destination_location_id"": ""F"",
      ""travel_distance"": 25
    },
    {
      ""origin_location_id"": ""B"",
      ""destination_location_id"": ""G"",
      ""travel_distance"": 29
    },
    {
      ""origin_location_id"": ""B"",
      ""destination_location_id"": ""H"",
      ""travel_distance"": 29
    },
    {
      ""origin_location_id"": ""B"",
      ""destination_location_id"": ""I"",
      ""travel_distance"": 28
    },
    {
      ""origin_location_id"": ""B"",
      ""destination_location_id"": ""J"",
      ""travel_distance"": 3
    },
    {
      ""origin_location_id"": ""B"",
      ""destination_location_id"": ""K"",
      ""travel_distance"": 28
    },
    {
      ""origin_location_id"": ""C"",
      ""destination_location_id"": ""A"",
      ""travel_distance"": 27
    },
    {
      ""origin_location_id"": ""C"",
      ""destination_location_id"": ""B"",
      ""travel_distance"": 26
    },
    {
      ""origin_location_id"": ""C"",
      ""destination_location_id"": ""D"",
      ""travel_distance"": 15
    },
    {
      ""origin_location_id"": ""C"",
      ""destination_location_id"": ""E"",
      ""travel_distance"": 27
    },
    {
      ""origin_location_id"": ""C"",
      ""destination_location_id"": ""F"",
      ""travel_distance"": 35
    },
    {
      ""origin_location_id"": ""C"",
      ""destination_location_id"": ""G"",
      ""travel_distance"": 27
    },
    {
      ""origin_location_id"": ""C"",
      ""destination_location_id"": ""H"",
      ""travel_distance"": 26
    },
    {
      ""origin_location_id"": ""C"",
      ""destination_location_id"": ""I"",
      ""travel_distance"": 27
    },
    {
      ""origin_location_id"": ""C"",
      ""destination_location_id"": ""J"",
      ""travel_distance"": 23
    },
    {
      ""origin_location_id"": ""C"",
      ""destination_location_id"": ""K"",
      ""travel_distance"": 41
    },
    {
      ""origin_location_id"": ""D"",
      ""destination_location_id"": ""A"",
      ""travel_distance"": 27
    },
    {
      ""origin_location_id"": ""D"",
      ""destination_location_id"": ""B"",
      ""travel_distance"": 21
    },
    {
      ""origin_location_id"": ""D"",
      ""destination_location_id"": ""C"",
      ""travel_distance"": 15
    },
    {
      ""origin_location_id"": ""D"",
      ""destination_location_id"": ""E"",
      ""travel_distance"": 17
    },
    {
      ""origin_location_id"": ""D"",
      ""destination_location_id"": ""F"",
      ""travel_distance"": 22
    },
    {
      ""origin_location_id"": ""D"",
      ""destination_location_id"": ""G"",
      ""travel_distance"": 27
    },
    {
      ""origin_location_id"": ""D"",
      ""destination_location_id"": ""H"",
      ""travel_distance"": 13
    },
    {
      ""origin_location_id"": ""D"",
      ""destination_location_id"": ""I"",
      ""travel_distance"": 14
    },
    {
      ""origin_location_id"": ""D"",
      ""destination_location_id"": ""J"",
      ""travel_distance"": 21
    },
    {
      ""origin_location_id"": ""D"",
      ""destination_location_id"": ""K"",
      ""travel_distance"": 30
    },
    {
      ""origin_location_id"": ""E"",
      ""destination_location_id"": ""A"",
      ""travel_distance"": 36
    },
    {
      ""origin_location_id"": ""E"",
      ""destination_location_id"": ""B"",
      ""travel_distance"": 18
    },
    {
      ""origin_location_id"": ""E"",
      ""destination_location_id"": ""C"",
      ""travel_distance"": 27
    },
    {
      ""origin_location_id"": ""E"",
      ""destination_location_id"": ""D"",
      ""travel_distance"": 17
    },
    {
      ""origin_location_id"": ""E"",
      ""destination_location_id"": ""F"",
      ""travel_distance"": 28
    },
    {
      ""origin_location_id"": ""E"",
      ""destination_location_id"": ""G"",
      ""travel_distance"": 26
    },
    {
      ""origin_location_id"": ""E"",
      ""destination_location_id"": ""H"",
      ""travel_distance"": 22
    },
    {
      ""origin_location_id"": ""E"",
      ""destination_location_id"": ""I"",
      ""travel_distance"": 27
    },
    {
      ""origin_location_id"": ""E"",
      ""destination_location_id"": ""J"",
      ""travel_distance"": 21
    },
    {
      ""origin_location_id"": ""E"",
      ""destination_location_id"": ""K"",
      ""travel_distance"": 38
    },
    {
      ""origin_location_id"": ""F"",
      ""destination_location_id"": ""A"",
      ""travel_distance"": 29
    },
    {
      ""origin_location_id"": ""F"",
      ""destination_location_id"": ""B"",
      ""travel_distance"": 25
    },
    {
      ""origin_location_id"": ""F"",
      ""destination_location_id"": ""C"",
      ""travel_distance"": 35
    },
    {
      ""origin_location_id"": ""F"",
      ""destination_location_id"": ""D"",
      ""travel_distance"": 22
    },
    {
      ""origin_location_id"": ""F"",
      ""destination_location_id"": ""E"",
      ""travel_distance"": 28
    },
    {
      ""origin_location_id"": ""F"",
      ""destination_location_id"": ""G"",
      ""travel_distance"": 29
    },
    {
      ""origin_location_id"": ""F"",
      ""destination_location_id"": ""H"",
      ""travel_distance"": 33
    },
    {
      ""origin_location_id"": ""F"",
      ""destination_location_id"": ""I"",
      ""travel_distance"": 22
    },
    {
      ""origin_location_id"": ""F"",
      ""destination_location_id"": ""J"",
      ""travel_distance"": 22
    },
    {
      ""origin_location_id"": ""F"",
      ""destination_location_id"": ""K"",
      ""travel_distance"": 29
    },
    {
      ""origin_location_id"": ""G"",
      ""destination_location_id"": ""A"",
      ""travel_distance"": 44
    },
    {
      ""origin_location_id"": ""G"",
      ""destination_location_id"": ""B"",
      ""travel_distance"": 29
    },
    {
      ""origin_location_id"": ""G"",
      ""destination_location_id"": ""C"",
      ""travel_distance"": 27
    },
    {
      ""origin_location_id"": ""G"",
      ""destination_location_id"": ""D"",
      ""travel_distance"": 27
    },
    {
      ""origin_location_id"": ""G"",
      ""destination_location_id"": ""E"",
      ""travel_distance"": 26
    },
    {
      ""origin_location_id"": ""G"",
      ""destination_location_id"": ""F"",
      ""travel_distance"": 29
    },
    {
      ""origin_location_id"": ""G"",
      ""destination_location_id"": ""H"",
      ""travel_distance"": 37
    },
    {
      ""origin_location_id"": ""G"",
      ""destination_location_id"": ""I"",
      ""travel_distance"": 27
    },
    {
      ""origin_location_id"": ""G"",
      ""destination_location_id"": ""J"",
      ""travel_distance"": 26
    },
    {
      ""origin_location_id"": ""G"",
      ""destination_location_id"": ""K"",
      ""travel_distance"": 27
    },
    {
      ""origin_location_id"": ""H"",
      ""destination_location_id"": ""A"",
      ""travel_distance"": 29
    },
    {
      ""origin_location_id"": ""H"",
      ""destination_location_id"": ""B"",
      ""travel_distance"": 29
    },
    {
      ""origin_location_id"": ""H"",
      ""destination_location_id"": ""C"",
      ""travel_distance"": 26
    },
    {
      ""origin_location_id"": ""H"",
      ""destination_location_id"": ""D"",
      ""travel_distance"": 13
    },
    {
      ""origin_location_id"": ""H"",
      ""destination_location_id"": ""E"",
      ""travel_distance"": 22
    },
    {
      ""origin_location_id"": ""H"",
      ""destination_location_id"": ""F"",
      ""travel_distance"": 33
    },
    {
      ""origin_location_id"": ""H"",
      ""destination_location_id"": ""G"",
      ""travel_distance"": 37
    },
    {
      ""origin_location_id"": ""H"",
      ""destination_location_id"": ""I"",
      ""travel_distance"": 25
    },
    {
      ""origin_location_id"": ""H"",
      ""destination_location_id"": ""J"",
      ""travel_distance"": 26
    },
    {
      ""origin_location_id"": ""H"",
      ""destination_location_id"": ""K"",
      ""travel_distance"": 41
    },
    {
      ""origin_location_id"": ""I"",
      ""destination_location_id"": ""A"",
      ""travel_distance"": 25
    },
    {
      ""origin_location_id"": ""I"",
      ""destination_location_id"": ""B"",
      ""travel_distance"": 28
    },
    {
      ""origin_location_id"": ""I"",
      ""destination_location_id"": ""C"",
      ""travel_distance"": 27
    },
    {
      ""origin_location_id"": ""I"",
      ""destination_location_id"": ""D"",
      ""travel_distance"": 14
    },
    {
      ""origin_location_id"": ""I"",
      ""destination_location_id"": ""E"",
      ""travel_distance"": 27
    },
    {
      ""origin_location_id"": ""I"",
      ""destination_location_id"": ""F"",
      ""travel_distance"": 22
    },
    {
      ""origin_location_id"": ""I"",
      ""destination_location_id"": ""G"",
      ""travel_distance"": 27
    },
    {
      ""origin_location_id"": ""I"",
      ""destination_location_id"": ""H"",
      ""travel_distance"": 25
    },
    {
      ""origin_location_id"": ""I"",
      ""destination_location_id"": ""J"",
      ""travel_distance"": 25
    },
    {
      ""origin_location_id"": ""I"",
      ""destination_location_id"": ""K"",
      ""travel_distance"": 26
    },
    {
      ""origin_location_id"": ""J"",
      ""destination_location_id"": ""A"",
      ""travel_distance"": 18
    },
    {
      ""origin_location_id"": ""J"",
      ""destination_location_id"": ""B"",
      ""travel_distance"": 3
    },
    {
      ""origin_location_id"": ""J"",
      ""destination_location_id"": ""C"",
      ""travel_distance"": 23
    },
    {
      ""origin_location_id"": ""J"",
      ""destination_location_id"": ""D"",
      ""travel_distance"": 21
    },
    {
      ""origin_location_id"": ""J"",
      ""destination_location_id"": ""E"",
      ""travel_distance"": 21
    },
    {
      ""origin_location_id"": ""J"",
      ""destination_location_id"": ""F"",
      ""travel_distance"": 22
    },
    {
      ""origin_location_id"": ""J"",
      ""destination_location_id"": ""G"",
      ""travel_distance"": 26
    },
    {
      ""origin_location_id"": ""J"",
      ""destination_location_id"": ""H"",
      ""travel_distance"": 26
    },
    {
      ""origin_location_id"": ""J"",
      ""destination_location_id"": ""I"",
      ""travel_distance"": 25
    },
    {
      ""origin_location_id"": ""J"",
      ""destination_location_id"": ""K"",
      ""travel_distance"": 31
    },
    {
      ""origin_location_id"": ""K"",
      ""destination_location_id"": ""A"",
      ""travel_distance"": 39
    },
    {
      ""origin_location_id"": ""K"",
      ""destination_location_id"": ""B"",
      ""travel_distance"": 28
    },
    {
      ""origin_location_id"": ""K"",
      ""destination_location_id"": ""C"",
      ""travel_distance"": 41
    },
    {
      ""origin_location_id"": ""K"",
      ""destination_location_id"": ""D"",
      ""travel_distance"": 30
    },
    {
      ""origin_location_id"": ""K"",
      ""destination_location_id"": ""E"",
      ""travel_distance"": 38
    },
    {
      ""origin_location_id"": ""K"",
      ""destination_location_id"": ""F"",
      ""travel_distance"": 29
    },
    {
      ""origin_location_id"": ""K"",
      ""destination_location_id"": ""G"",
      ""travel_distance"": 27
    },
    {
      ""origin_location_id"": ""K"",
      ""destination_location_id"": ""H"",
      ""travel_distance"": 41
    },
    {
      ""origin_location_id"": ""K"",
      ""destination_location_id"": ""I"",
      ""travel_distance"": 26
    },
    {
      ""origin_location_id"": ""K"",
      ""destination_location_id"": ""J"",
      ""travel_distance"": 31
    }
  ]
}

You can give the result back in a tiny JSON form so it's easy to read and parse. Something like this is the shape I expect:

{
  ""solution"": {
    ""selected"": [<venue_to_open>, <venue_to_open>, ...],
    ""assignments"": [<assigned_open_venue>, <assigned_open_venue>, ...]
  }
}

Here ""selected"" is where you list the venues you'll open (the pop-up spots), and ""assignments"" is a one-to-one list saying which opened venue each neighborhood arts group is attached to. Think of it like filling out a short form: pick the open galleries, then for every group write which open gallery they go to.

This is just the required shape — a sketch, not the actual answer filled in.

Please use the exact identifiers from the instance input when you fill this in — do not rename them or invent new labels. For example: ""Valid identifiers look like plain numbers such as “1” or “23”, single capital letters like “A” or “B”, or a capital letter followed by digits like “A1” or “X7”.""",json,names,"{""distance_matrix"": [[0, 21, 27, 27, 36, 29, 44, 29, 25, 18, 39], [21, 0, 26, 21, 18, 25, 29, 29, 28, 3, 28], [27, 26, 0, 15, 27, 35, 27, 26, 27, 23, 41], [27, 21, 15, 0, 17, 22, 27, 13, 14, 21, 30], [36, 18, 27, 17, 0, 28, 26, 22, 27, 21, 38], [29, 25, 35, 22, 28, 0, 29, 33, 22, 22, 29], [44, 29, 27, 27, 26, 29, 0, 37, 27, 26, 27], [29, 29, 26, 13, 22, 33, 37, 0, 25, 26, 41], [25, 28, 27, 14, 27, 22, 27, 25, 0, 25, 26], [18, 3, 23, 21, 21, 22, 26, 26, 25, 0, 31], [39, 28, 41, 30, 38, 29, 27, 41, 26, 31, 0]], ""p"": 2, ""objective"": 26.0}","{""facilities"": [8, 9], ""assignments"": [9, 9, 9, 8, 9, 8, 9, 8, 8, 9, 8]}",26.0,"{""problem_type"": ""PCENTER"", ""num_nodes"": 11, ""num_open"": 2, ""sites"": [{""id"": ""A"", ""distances"": {""A"": 0, ""B"": 21, ""C"": 27, ""D"": 27, ""E"": 36, ""F"": 29, ""G"": 44, ""H"": 29, ""I"": 25, ""J"": 18, ""K"": 39}}, {""id"": ""B"", ""distances"": {""A"": 21, ""B"": 0, ""C"": 26, ""D"": 21, ""E"": 18, ""F"": 25, ""G"": 29, ""H"": 29, ""I"": 28, ""J"": 3, ""K"": 28}}, {""id"": ""C"", ""distances"": {""A"": 27, ""B"": 26, ""C"": 0, ""D"": 15, ""E"": 27, ""F"": 35, ""G"": 27, ""H"": 26, ""I"": 27, ""J"": 23, ""K"": 41}}, {""id"": ""D"", ""distances"": {""A"": 27, ""B"": 21, ""C"": 15, ""D"": 0, ""E"": 17, ""F"": 22, ""G"": 27, ""H"": 13, ""I"": 14, ""J"": 21, ""K"": 30}}, {""id"": ""E"", ""distances"": {""A"": 36, ""B"": 18, ""C"": 27, ""D"": 17, ""E"": 0, ""F"": 28, ""G"": 26, ""H"": 22, ""I"": 27, ""J"": 21, ""K"": 38}}, {""id"": ""F"", ""distances"": {""A"": 29, ""B"": 25, ""C"": 35, ""D"": 22, ""E"": 28, ""F"": 0, ""G"": 29, ""H"": 33, ""I"": 22, ""J"": 22, ""K"": 29}}, {""id"": ""G"", ""distances"": {""A"": 44, ""B"": 29, ""C"": 27, ""D"": 27, ""E"": 26, ""F"": 29, ""G"": 0, ""H"": 37, ""I"": 27, ""J"": 26, ""K"": 27}}, {""id"": ""H"", ""distances"": {""A"": 29, ""B"": 29, ""C"": 26, ""D"": 13, ""E"": 22, ""F"": 33, ""G"": 37, ""H"": 0, ""I"": 25, ""J"": 26, ""K"": 41}}, {""id"": ""I"", ""distances"": {""A"": 25, ""B"": 28, ""C"": 27, ""D"": 14, ""E"": 27, ""F"": 22, ""G"": 27, ""H"": 25, ""I"": 0, ""J"": 25, ""K"": 26}}, {""id"": ""J"", ""distances"": {""A"": 18, ""B"": 3, ""C"": 23, ""D"": 21, ""E"": 21, ""F"": 22, ""G"": 26, ""H"": 26, ""I"": 25, ""J"": 0, ""K"": 31}}, {""id"": ""K"", ""distances"": {""A"": 39, ""B"": 28, ""C"": 41, ""D"": 30, ""E"": 38, ""F"": 29, ""G"": 27, ""H"": 41, ""I"": 26, ""J"": 31, ""K"": 0}}], ""objective"": 26.0}","{""selected"": [""I"", ""J""], ""assignments"": [""J"", ""J"", ""J"", ""I"", ""J"", ""I"", ""J"", ""I"", ""I"", ""J"", ""I""]}"
PCENTER_M_020,PCENTER,M,20,"We ran into a common logistics puzzle: the ride-share ops manager must pick a set number of staging spots from candidate road segments and then link each service area to exactly one of the opened spots. Every area has to be assigned and nobody can be assigned twice. One plan is better than another if the farthest any area has to travel to its assigned spot is smaller. To evaluate a plan, measure the distance from each area to its assigned staging zone and take the maximum of those distances — that maximum is what the team wants to minimize. The specific inputs and distances are listed below.

{
  ""num_candidate_road_segments"": 9,
  ""num_staging_zones_to_open"": 2,
  ""road_segment_ids"": [
    0,
    1,
    2,
    3,
    4,
    5,
    6,
    7,
    8
  ],
  ""data"": [
    {
      ""from_segment_id"": 0,
      ""to_segment_id"": 1,
      ""repositioning_distance"": 40
    },
    {
      ""from_segment_id"": 0,
      ""to_segment_id"": 2,
      ""repositioning_distance"": 41
    },
    {
      ""from_segment_id"": 0,
      ""to_segment_id"": 3,
      ""repositioning_distance"": 29
    },
    {
      ""from_segment_id"": 0,
      ""to_segment_id"": 4,
      ""repositioning_distance"": 46
    },
    {
      ""from_segment_id"": 0,
      ""to_segment_id"": 5,
      ""repositioning_distance"": 37
    },
    {
      ""from_segment_id"": 0,
      ""to_segment_id"": 6,
      ""repositioning_distance"": 29
    },
    {
      ""from_segment_id"": 0,
      ""to_segment_id"": 7,
      ""repositioning_distance"": 33
    },
    {
      ""from_segment_id"": 0,
      ""to_segment_id"": 8,
      ""repositioning_distance"": 36
    },
    {
      ""from_segment_id"": 1,
      ""to_segment_id"": 0,
      ""repositioning_distance"": 40
    },
    {
      ""from_segment_id"": 1,
      ""to_segment_id"": 2,
      ""repositioning_distance"": 23
    },
    {
      ""from_segment_id"": 1,
      ""to_segment_id"": 3,
      ""repositioning_distance"": 28
    },
    {
      ""from_segment_id"": 1,
      ""to_segment_id"": 4,
      ""repositioning_distance"": 37
    },
    {
      ""from_segment_id"": 1,
      ""to_segment_id"": 5,
      ""repositioning_distance"": 11
    },
    {
      ""from_segment_id"": 1,
      ""to_segment_id"": 6,
      ""repositioning_distance"": 34
    },
    {
      ""from_segment_id"": 1,
      ""to_segment_id"": 7,
      ""repositioning_distance"": 36
    },
    {
      ""from_segment_id"": 1,
      ""to_segment_id"": 8,
      ""repositioning_distance"": 25
    },
    {
      ""from_segment_id"": 2,
      ""to_segment_id"": 0,
      ""repositioning_distance"": 41
    },
    {
      ""from_segment_id"": 2,
      ""to_segment_id"": 1,
      ""repositioning_distance"": 23
    },
    {
      ""from_segment_id"": 2,
      ""to_segment_id"": 3,
      ""repositioning_distance"": 27
    },
    {
      ""from_segment_id"": 2,
      ""to_segment_id"": 4,
      ""repositioning_distance"": 33
    },
    {
      ""from_segment_id"": 2,
      ""to_segment_id"": 5,
      ""repositioning_distance"": 26
    },
    {
      ""from_segment_id"": 2,
      ""to_segment_id"": 6,
      ""repositioning_distance"": 35
    },
    {
      ""from_segment_id"": 2,
      ""to_segment_id"": 7,
      ""repositioning_distance"": 31
    },
    {
      ""from_segment_id"": 2,
      ""to_segment_id"": 8,
      ""repositioning_distance"": 31
    },
    {
      ""from_segment_id"": 3,
      ""to_segment_id"": 0,
      ""repositioning_distance"": 29
    },
    {
      ""from_segment_id"": 3,
      ""to_segment_id"": 1,
      ""repositioning_distance"": 28
    },
    {
      ""from_segment_id"": 3,
      ""to_segment_id"": 2,
      ""repositioning_distance"": 27
    },
    {
      ""from_segment_id"": 3,
      ""to_segment_id"": 4,
      ""repositioning_distance"": 29
    },
    {
      ""from_segment_id"": 3,
      ""to_segment_id"": 5,
      ""repositioning_distance"": 27
    },
    {
      ""from_segment_id"": 3,
      ""to_segment_id"": 6,
      ""repositioning_distance"": 23
    },
    {
      ""from_segment_id"": 3,
      ""to_segment_id"": 7,
      ""repositioning_distance"": 25
    },
    {
      ""from_segment_id"": 3,
      ""to_segment_id"": 8,
      ""repositioning_distance"": 27
    },
    {
      ""from_segment_id"": 4,
      ""to_segment_id"": 0,
      ""repositioning_distance"": 46
    },
    {
      ""from_segment_id"": 4,
      ""to_segment_id"": 1,
      ""repositioning_distance"": 37
    },
    {
      ""from_segment_id"": 4,
      ""to_segment_id"": 2,
      ""repositioning_distance"": 33
    },
    {
      ""from_segment_id"": 4,
      ""to_segment_id"": 3,
      ""repositioning_distance"": 29
    },
    {
      ""from_segment_id"": 4,
      ""to_segment_id"": 5,
      ""repositioning_distance"": 44
    },
    {
      ""from_segment_id"": 4,
      ""to_segment_id"": 6,
      ""repositioning_distance"": 40
    },
    {
      ""from_segment_id"": 4,
      ""to_segment_id"": 7,
      ""repositioning_distance"": 42
    },
    {
      ""from_segment_id"": 4,
      ""to_segment_id"": 8,
      ""repositioning_distance"": 46
    },
    {
      ""from_segment_id"": 5,
      ""to_segment_id"": 0,
      ""repositioning_distance"": 37
    },
    {
      ""from_segment_id"": 5,
      ""to_segment_id"": 1,
      ""repositioning_distance"": 11
    },
    {
      ""from_segment_id"": 5,
      ""to_segment_id"": 2,
      ""repositioning_distance"": 26
    },
    {
      ""from_segment_id"": 5,
      ""to_segment_id"": 3,
      ""repositioning_distance"": 27
    },
    {
      ""from_segment_id"": 5,
      ""to_segment_id"": 4,
      ""repositioning_distance"": 44
    },
    {
      ""from_segment_id"": 5,
      ""to_segment_id"": 6,
      ""repositioning_distance"": 36
    },
    {
      ""from_segment_id"": 5,
      ""to_segment_id"": 7,
      ""repositioning_distance"": 36
    },
    {
      ""from_segment_id"": 5,
      ""to_segment_id"": 8,
      ""repositioning_distance"": 29
    },
    {
      ""from_segment_id"": 6,
      ""to_segment_id"": 0,
      ""repositioning_distance"": 29
    },
    {
      ""from_segment_id"": 6,
      ""to_segment_id"": 1,
      ""repositioning_distance"": 34
    },
    {
      ""from_segment_id"": 6,
      ""to_segment_id"": 2,
      ""repositioning_distance"": 35
    },
    {
      ""from_segment_id"": 6,
      ""to_segment_id"": 3,
      ""repositioning_distance"": 23
    },
    {
      ""from_segment_id"": 6,
      ""to_segment_id"": 4,
      ""repositioning_distance"": 40
    },
    {
      ""from_segment_id"": 6,
      ""to_segment_id"": 5,
      ""repositioning_distance"": 36
    },
    {
      ""from_segment_id"": 6,
      ""to_segment_id"": 7,
      ""repositioning_distance"": 36
    },
    {
      ""from_segment_id"": 6,
      ""to_segment_id"": 8,
      ""repositioning_distance"": 19
    },
    {
      ""from_segment_id"": 7,
      ""to_segment_id"": 0,
      ""repositioning_distance"": 33
    },
    {
      ""from_segment_id"": 7,
      ""to_segment_id"": 1,
      ""repositioning_distance"": 36
    },
    {
      ""from_segment_id"": 7,
      ""to_segment_id"": 2,
      ""repositioning_distance"": 31
    },
    {
      ""from_segment_id"": 7,
      ""to_segment_id"": 3,
      ""repositioning_distance"": 25
    },
    {
      ""from_segment_id"": 7,
      ""to_segment_id"": 4,
      ""repositioning_distance"": 42
    },
    {
      ""from_segment_id"": 7,
      ""to_segment_id"": 5,
      ""repositioning_distance"": 36
    },
    {
      ""from_segment_id"": 7,
      ""to_segment_id"": 6,
      ""repositioning_distance"": 36
    },
    {
      ""from_segment_id"": 7,
      ""to_segment_id"": 8,
      ""repositioning_distance"": 41
    },
    {
      ""from_segment_id"": 8,
      ""to_segment_id"": 0,
      ""repositioning_distance"": 36
    },
    {
      ""from_segment_id"": 8,
      ""to_segment_id"": 1,
      ""repositioning_distance"": 25
    },
    {
      ""from_segment_id"": 8,
      ""to_segment_id"": 2,
      ""repositioning_distance"": 31
    },
    {
      ""from_segment_id"": 8,
      ""to_segment_id"": 3,
      ""repositioning_distance"": 27
    },
    {
      ""from_segment_id"": 8,
      ""to_segment_id"": 4,
      ""repositioning_distance"": 46
    },
    {
      ""from_segment_id"": 8,
      ""to_segment_id"": 5,
      ""repositioning_distance"": 29
    },
    {
      ""from_segment_id"": 8,
      ""to_segment_id"": 6,
      ""repositioning_distance"": 19
    },
    {
      ""from_segment_id"": 8,
      ""to_segment_id"": 7,
      ""repositioning_distance"": 41
    }
  ]
}

If you want to hand back a candidate plan, just use a simple JSON shape like this — nothing fancy, just a small form that tells us which spots to open and how each area gets assigned:

{
  ""solution"": {
    ""selected"": [<site_to_open>, <site_to_open>, ...],
    ""assignments"": [<chosen_open_spot>, <chosen_open_spot>, ...]
  }
}

Think of ""selected"" as the list of staging spots you decide to open, and ""assignments"" as, for each service area (in the same order as the input), which opened spot it will use. This is just a sketch of the shape I need, not the actual answer — replace the angle-bracket placeholders with the real identifiers from the instance.

Please make sure all identifiers are used exactly as they appear in the instance input — no renaming and no new labels.
- for example: Valid identifiers look like plain numbers such as “1” or “23”, single capital letters like “A” or “B”, or a capital letter followed by digits like “A1” or “X7”.",json,zero_based,"{""distance_matrix"": [[0, 40, 41, 29, 46, 37, 29, 33, 36], [40, 0, 23, 28, 37, 11, 34, 36, 25], [41, 23, 0, 27, 33, 26, 35, 31, 31], [29, 28, 27, 0, 29, 27, 23, 25, 27], [46, 37, 33, 29, 0, 44, 40, 42, 46], [37, 11, 26, 27, 44, 0, 36, 36, 29], [29, 34, 35, 23, 40, 36, 0, 36, 19], [33, 36, 31, 25, 42, 36, 36, 0, 41], [36, 25, 31, 27, 46, 29, 19, 41, 0]], ""p"": 2, ""objective"": 29.0}","{""facilities"": [3, 4], ""assignments"": [3, 3, 3, 4, 3, 3, 3, 3, 3]}",29.0,"{""problem_type"": ""PCENTER"", ""num_nodes"": 9, ""num_open"": 2, ""sites"": [{""id"": 0, ""distances"": {""0"": 0, ""1"": 40, ""2"": 41, ""3"": 29, ""4"": 46, ""5"": 37, ""6"": 29, ""7"": 33, ""8"": 36}}, {""id"": 1, ""distances"": {""0"": 40, ""1"": 0, ""2"": 23, ""3"": 28, ""4"": 37, ""5"": 11, ""6"": 34, ""7"": 36, ""8"": 25}}, {""id"": 2, ""distances"": {""0"": 41, ""1"": 23, ""2"": 0, ""3"": 27, ""4"": 33, ""5"": 26, ""6"": 35, ""7"": 31, ""8"": 31}}, {""id"": 3, ""distances"": {""0"": 29, ""1"": 28, ""2"": 27, ""3"": 0, ""4"": 29, ""5"": 27, ""6"": 23, ""7"": 25, ""8"": 27}}, {""id"": 4, ""distances"": {""0"": 46, ""1"": 37, ""2"": 33, ""3"": 29, ""4"": 0, ""5"": 44, ""6"": 40, ""7"": 42, ""8"": 46}}, {""id"": 5, ""distances"": {""0"": 37, ""1"": 11, ""2"": 26, ""3"": 27, ""4"": 44, ""5"": 0, ""6"": 36, ""7"": 36, ""8"": 29}}, {""id"": 6, ""distances"": {""0"": 29, ""1"": 34, ""2"": 35, ""3"": 23, ""4"": 40, ""5"": 36, ""6"": 0, ""7"": 36, ""8"": 19}}, {""id"": 7, ""distances"": {""0"": 33, ""1"": 36, ""2"": 31, ""3"": 25, ""4"": 42, ""5"": 36, ""6"": 36, ""7"": 0, ""8"": 41}}, {""id"": 8, ""distances"": {""0"": 36, ""1"": 25, ""2"": 31, ""3"": 27, ""4"": 46, ""5"": 29, ""6"": 19, ""7"": 41, ""8"": 0}}], ""objective"": 29.0}","{""selected"": [3, 4], ""assignments"": [3, 3, 3, 4, 3, 3, 3, 3, 3]}"
PCENTER_M_021,PCENTER,M,21,"Someone running the festival needs to pick a set number of water points from a list of candidate sites, and then link each gathering zone to one of those water points. The quality of a plan is judged by the worst walk anyone faces: for every zone find its walk to its linked point, then the largest of those walks is the value to reduce. Nothing can be left out or doubly linked — every zone gets one and only one connection, and chosen water points come from the available spots. The concrete layout and distances appear below.

# total_candidate_locations=14
# water_stations_to_open=3
# location_ids=0, 1, 2, 3, 4, 5, 6, 7, 8, 9, 10, 11, 12, 13
source_location_id,target_location_id,walking_distance_between_locations
0,1,41
0,2,36
0,3,63
0,4,43
0,5,54
0,6,41
0,7,56
0,8,77
0,9,42
0,10,31
0,11,60
0,12,65
0,13,36
1,0,41
1,2,37
1,3,40
1,4,34
1,5,35
1,6,31
1,7,30
1,8,58
1,9,21
1,10,32
1,11,39
1,12,26
1,13,42
2,0,36
2,1,37
2,3,49
2,4,40
2,5,45
2,6,37
2,7,36
2,8,44
2,9,43
2,10,31
2,11,56
2,12,54
2,13,38
3,0,63
3,1,40
3,2,49
3,4,29
3,5,18
3,6,42
3,7,44
3,8,42
3,9,43
3,10,51
3,11,48
3,12,42
3,13,55
4,0,43
4,1,34
4,2,40
4,3,29
4,5,11
4,6,32
4,7,25
4,8,44
4,9,35
4,10,22
4,11,41
4,12,43
4,13,26
5,0,54
5,1,35
5,2,45
5,3,18
5,4,11
5,6,37
5,7,36
5,8,49
5,9,35
5,10,33
5,11,30
5,12,36
5,13,37
6,0,41
6,1,31
6,2,37
6,3,42
6,4,32
6,5,37
6,7,33
6,8,40
6,9,28
6,10,14
6,11,41
6,12,33
6,13,35
7,0,56
7,1,30
7,2,36
7,3,44
7,4,25
7,5,36
7,6,33
7,8,47
7,9,36
7,10,34
7,11,43
7,12,25
7,13,34
8,0,77
8,1,58
8,2,44
8,3,42
8,4,44
8,5,49
8,6,40
8,7,47
8,9,49
8,10,50
8,11,57
8,12,43
8,13,51
9,0,42
9,1,21
9,2,43
9,3,43
9,4,35
9,5,35
9,6,28
9,7,36
9,8,49
9,10,42
9,11,55
9,12,23
9,13,41
10,0,31
10,1,32
10,2,31
10,3,51
10,4,22
10,5,33
10,6,14
10,7,34
10,8,50
10,9,42
10,11,53
10,12,46
10,13,25
11,0,60
11,1,39
11,2,56
11,3,48
11,4,41
11,5,30
11,6,41
11,7,43
11,8,57
11,9,55
11,10,53
11,12,60
11,13,63
12,0,65
12,1,26
12,2,54
12,3,42
12,4,43
12,5,36
12,6,33
12,7,25
12,8,43
12,9,23
12,10,46
12,11,60
12,13,41
13,0,36
13,1,42
13,2,38
13,3,55
13,4,26
13,5,37
13,6,35
13,7,34
13,8,51
13,9,41
13,10,25
13,11,63
13,12,41

You can reply using this simple JSON shape so it's easy to read and check automatically. Here's the sketch of how I expect it to look:

{
  ""solution"": {
    ""selected"": [<site_to_open>, <site_to_open>, ...],
    ""assignments"": [<chosen_open_site>, <chosen_open_site>, ...]
  }
}

""selected"" is where you list the water-point sites you decide to open. ""assignments"" is a list that, for every gathering zone in the order the instance gives them, names the open site that zone is linked to. Think of it like a short form: which sites are open, then for each zone which open site it uses.

This is just the shape I need — fill in the real identifiers from the instance when you answer, don't invent anything. No renaming of identifiers and no new labels allowed.

- for example: ""Valid identifiers look like plain numbers such as “1” or “23”, single capital letters like “A” or “B”, or a capital letter followed by digits like “A1” or “X7”.""",csv,zero_based,"{""distance_matrix"": [[0, 41, 36, 63, 43, 54, 41, 56, 77, 42, 31, 60, 65, 36], [41, 0, 37, 40, 34, 35, 31, 30, 58, 21, 32, 39, 26, 42], [36, 37, 0, 49, 40, 45, 37, 36, 44, 43, 31, 56, 54, 38], [63, 40, 49, 0, 29, 18, 42, 44, 42, 43, 51, 48, 42, 55], [43, 34, 40, 29, 0, 11, 32, 25, 44, 35, 22, 41, 43, 26], [54, 35, 45, 18, 11, 0, 37, 36, 49, 35, 33, 30, 36, 37], [41, 31, 37, 42, 32, 37, 0, 33, 40, 28, 14, 41, 33, 35], [56, 30, 36, 44, 25, 36, 33, 0, 47, 36, 34, 43, 25, 34], [77, 58, 44, 42, 44, 49, 40, 47, 0, 49, 50, 57, 43, 51], [42, 21, 43, 43, 35, 35, 28, 36, 49, 0, 42, 55, 23, 41], [31, 32, 31, 51, 22, 33, 14, 34, 50, 42, 0, 53, 46, 25], [60, 39, 56, 48, 41, 30, 41, 43, 57, 55, 53, 0, 60, 63], [65, 26, 54, 42, 43, 36, 33, 25, 43, 23, 46, 60, 0, 41], [36, 42, 38, 55, 26, 37, 35, 34, 51, 41, 25, 63, 41, 0]], ""p"": 3, ""objective"": 36.0}","{""facilities"": [5, 8, 10], ""assignments"": [10, 5, 10, 5, 5, 5, 10, 10, 8, 5, 5, 5, 5, 10]}",36.0,"{""problem_type"": ""PCENTER"", ""num_nodes"": 14, ""num_open"": 3, ""sites"": [{""id"": 0, ""distances"": {""0"": 0, ""1"": 41, ""2"": 36, ""3"": 63, ""4"": 43, ""5"": 54, ""6"": 41, ""7"": 56, ""8"": 77, ""9"": 42, ""10"": 31, ""11"": 60, ""12"": 65, ""13"": 36}}, {""id"": 1, ""distances"": {""0"": 41, ""1"": 0, ""2"": 37, ""3"": 40, ""4"": 34, ""5"": 35, ""6"": 31, ""7"": 30, ""8"": 58, ""9"": 21, ""10"": 32, ""11"": 39, ""12"": 26, ""13"": 42}}, {""id"": 2, ""distances"": {""0"": 36, ""1"": 37, ""2"": 0, ""3"": 49, ""4"": 40, ""5"": 45, ""6"": 37, ""7"": 36, ""8"": 44, ""9"": 43, ""10"": 31, ""11"": 56, ""12"": 54, ""13"": 38}}, {""id"": 3, ""distances"": {""0"": 63, ""1"": 40, ""2"": 49, ""3"": 0, ""4"": 29, ""5"": 18, ""6"": 42, ""7"": 44, ""8"": 42, ""9"": 43, ""10"": 51, ""11"": 48, ""12"": 42, ""13"": 55}}, {""id"": 4, ""distances"": {""0"": 43, ""1"": 34, ""2"": 40, ""3"": 29, ""4"": 0, ""5"": 11, ""6"": 32, ""7"": 25, ""8"": 44, ""9"": 35, ""10"": 22, ""11"": 41, ""12"": 43, ""13"": 26}}, {""id"": 5, ""distances"": {""0"": 54, ""1"": 35, ""2"": 45, ""3"": 18, ""4"": 11, ""5"": 0, ""6"": 37, ""7"": 36, ""8"": 49, ""9"": 35, ""10"": 33, ""11"": 30, ""12"": 36, ""13"": 37}}, {""id"": 6, ""distances"": {""0"": 41, ""1"": 31, ""2"": 37, ""3"": 42, ""4"": 32, ""5"": 37, ""6"": 0, ""7"": 33, ""8"": 40, ""9"": 28, ""10"": 14, ""11"": 41, ""12"": 33, ""13"": 35}}, {""id"": 7, ""distances"": {""0"": 56, ""1"": 30, ""2"": 36, ""3"": 44, ""4"": 25, ""5"": 36, ""6"": 33, ""7"": 0, ""8"": 47, ""9"": 36, ""10"": 34, ""11"": 43, ""12"": 25, ""13"": 34}}, {""id"": 8, ""distances"": {""0"": 77, ""1"": 58, ""2"": 44, ""3"": 42, ""4"": 44, ""5"": 49, ""6"": 40, ""7"": 47, ""8"": 0, ""9"": 49, ""10"": 50, ""11"": 57, ""12"": 43, ""13"": 51}}, {""id"": 9, ""distances"": {""0"": 42, ""1"": 21, ""2"": 43, ""3"": 43, ""4"": 35, ""5"": 35, ""6"": 28, ""7"": 36, ""8"": 49, ""9"": 0, ""10"": 42, ""11"": 55, ""12"": 23, ""13"": 41}}, {""id"": 10, ""distances"": {""0"": 31, ""1"": 32, ""2"": 31, ""3"": 51, ""4"": 22, ""5"": 33, ""6"": 14, ""7"": 34, ""8"": 50, ""9"": 42, ""10"": 0, ""11"": 53, ""12"": 46, ""13"": 25}}, {""id"": 11, ""distances"": {""0"": 60, ""1"": 39, ""2"": 56, ""3"": 48, ""4"": 41, ""5"": 30, ""6"": 41, ""7"": 43, ""8"": 57, ""9"": 55, ""10"": 53, ""11"": 0, ""12"": 60, ""13"": 63}}, {""id"": 12, ""distances"": {""0"": 65, ""1"": 26, ""2"": 54, ""3"": 42, ""4"": 43, ""5"": 36, ""6"": 33, ""7"": 25, ""8"": 43, ""9"": 23, ""10"": 46, ""11"": 60, ""12"": 0, ""13"": 41}}, {""id"": 13, ""distances"": {""0"": 36, ""1"": 42, ""2"": 38, ""3"": 55, ""4"": 26, ""5"": 37, ""6"": 35, ""7"": 34, ""8"": 51, ""9"": 41, ""10"": 25, ""11"": 63, ""12"": 41, ""13"": 0}}], ""objective"": 36.0}","{""selected"": [5, 8, 10], ""assignments"": [10, 5, 10, 5, 5, 5, 10, 10, 8, 5, 5, 5, 5, 10]}"
PCENTER_M_022,PCENTER,M,22,"There’s a company trying to decide which sites to activate as depots — but only a fixed number can be opened — and every delivery point has to be tied to exactly one open depot, no exceptions. Success is judged by the longest trip any delivery point has to take: add up nothing, just find the biggest distance among all assignments, and the better plan is the one with the smaller biggest-distance. The concrete locations, pairwise distances, and the number of depots to choose appear below.

# total_candidate_sites=9
# depots_to_open=3
# location_identifiers=1, 2, 3, 4, 5, 6, 7, 8, 9
origin_site_id,destination_site_id,travel_distance
1,2,62
1,3,98
1,4,67
1,5,85
1,6,76
1,7,29
1,8,68
1,9,100
2,1,62
2,3,92
2,4,66
2,5,74
2,6,66
2,7,47
2,8,34
2,9,89
3,1,98
3,2,92
3,4,93
3,5,92
3,6,104
3,7,95
3,8,81
3,9,125
4,1,67
4,2,66
4,3,93
4,5,42
4,6,66
4,7,44
4,8,60
4,9,57
5,1,85
5,2,74
5,3,92
5,4,42
5,6,83
5,7,62
5,8,47
5,9,63
6,1,76
6,2,66
6,3,104
6,4,66
6,5,83
6,7,47
6,8,53
6,9,70
7,1,29
7,2,47
7,3,95
7,4,44
7,5,62
7,6,47
7,8,48
7,9,77
8,1,68
8,2,34
8,3,81
8,4,60
8,5,47
8,6,53
8,7,48
8,9,80
9,1,100
9,2,89
9,3,125
9,4,57
9,5,63
9,6,70
9,7,77
9,8,80

Also, when you send the actual plan back, please stick to this simple JSON layout so it's easy to parse:

{
  ""solution"": {
    ""selected"": [<site_to_open>, <site_to_open>, ...],
    ""assignments"": [<assigned_site>, <assigned_site>, ...]
  }
}

Think of ""selected"" as the list of sites you decide to activate, and ""assignments"" as which open site each delivery point is tied to (one entry per location in the same order as the instance). Super casual: ""selected"" = where we open depots, ""assignments"" = which depot each place uses.

This JSON is just a sketch of the shape I need, not the real answer.

Please make sure to use the exact identifiers given in the instance input — do not rename them or invent new labels.  
- for example: ""Valid identifiers look like plain numbers such as “1” or “23”, single capital letters like “A” or “B”, or a capital letter followed by digits like “A1” or “X7”.""",csv,one_based,"{""distance_matrix"": [[0, 62, 98, 67, 85, 76, 29, 68, 100], [62, 0, 92, 66, 74, 66, 47, 34, 89], [98, 92, 0, 93, 92, 104, 95, 81, 125], [67, 66, 93, 0, 42, 66, 44, 60, 57], [85, 74, 92, 42, 0, 83, 62, 47, 63], [76, 66, 104, 66, 83, 0, 47, 53, 70], [29, 47, 95, 44, 62, 47, 0, 48, 77], [68, 34, 81, 60, 47, 53, 48, 0, 80], [100, 89, 125, 57, 63, 70, 77, 80, 0]], ""p"": 3, ""objective"": 57.0}","{""facilities"": [2, 3, 6], ""assignments"": [6, 6, 2, 6, 3, 6, 6, 6, 3]}",57.0,"{""problem_type"": ""PCENTER"", ""num_nodes"": 9, ""num_open"": 3, ""sites"": [{""id"": 1, ""distances"": {""1"": 0, ""2"": 62, ""3"": 98, ""4"": 67, ""5"": 85, ""6"": 76, ""7"": 29, ""8"": 68, ""9"": 100}}, {""id"": 2, ""distances"": {""1"": 62, ""2"": 0, ""3"": 92, ""4"": 66, ""5"": 74, ""6"": 66, ""7"": 47, ""8"": 34, ""9"": 89}}, {""id"": 3, ""distances"": {""1"": 98, ""2"": 92, ""3"": 0, ""4"": 93, ""5"": 92, ""6"": 104, ""7"": 95, ""8"": 81, ""9"": 125}}, {""id"": 4, ""distances"": {""1"": 67, ""2"": 66, ""3"": 93, ""4"": 0, ""5"": 42, ""6"": 66, ""7"": 44, ""8"": 60, ""9"": 57}}, {""id"": 5, ""distances"": {""1"": 85, ""2"": 74, ""3"": 92, ""4"": 42, ""5"": 0, ""6"": 83, ""7"": 62, ""8"": 47, ""9"": 63}}, {""id"": 6, ""distances"": {""1"": 76, ""2"": 66, ""3"": 104, ""4"": 66, ""5"": 83, ""6"": 0, ""7"": 47, ""8"": 53, ""9"": 70}}, {""id"": 7, ""distances"": {""1"": 29, ""2"": 47, ""3"": 95, ""4"": 44, ""5"": 62, ""6"": 47, ""7"": 0, ""8"": 48, ""9"": 77}}, {""id"": 8, ""distances"": {""1"": 68, ""2"": 34, ""3"": 81, ""4"": 60, ""5"": 47, ""6"": 53, ""7"": 48, ""8"": 0, ""9"": 80}}, {""id"": 9, ""distances"": {""1"": 100, ""2"": 89, ""3"": 125, ""4"": 57, ""5"": 63, ""6"": 70, ""7"": 77, ""8"": 80, ""9"": 0}}], ""objective"": 57.0}","{""selected"": [3, 4, 7], ""assignments"": [7, 7, 3, 7, 4, 7, 7, 7, 4]}"
PCENTER_M_023,PCENTER,M,23,"Recently the neighborhood decided they’ll add a set number of seating areas drawn from several candidate sites, and the job is to choose which ones and assign each street segment to one opened seating area — each segment must have one, and only one, assigned spot. To see which choice works best, compute the distance from every street segment to its assigned seat, then take the biggest of those values; the aim is to make that biggest distance as small as it can be. The exact list of candidate spots and distances follows below.

{
  ""total_locations_count"": 12,
  ""seating_areas_to_install"": 4,
  ""location_ids"": [
    ""A"",
    ""B"",
    ""C"",
    ""D"",
    ""E"",
    ""F"",
    ""G"",
    ""H"",
    ""I"",
    ""J"",
    ""K"",
    ""L""
  ],
  ""data"": [
    {
      ""from_location_id"": ""A"",
      ""to_location_id"": ""B"",
      ""walking_distance"": 53
    },
    {
      ""from_location_id"": ""A"",
      ""to_location_id"": ""C"",
      ""walking_distance"": 44
    },
    {
      ""from_location_id"": ""A"",
      ""to_location_id"": ""D"",
      ""walking_distance"": 35
    },
    {
      ""from_location_id"": ""A"",
      ""to_location_id"": ""E"",
      ""walking_distance"": 48
    },
    {
      ""from_location_id"": ""A"",
      ""to_location_id"": ""F"",
      ""walking_distance"": 53
    },
    {
      ""from_location_id"": ""A"",
      ""to_location_id"": ""G"",
      ""walking_distance"": 58
    },
    {
      ""from_location_id"": ""A"",
      ""to_location_id"": ""H"",
      ""walking_distance"": 44
    },
    {
      ""from_location_id"": ""A"",
      ""to_location_id"": ""I"",
      ""walking_distance"": 50
    },
    {
      ""from_location_id"": ""A"",
      ""to_location_id"": ""J"",
      ""walking_distance"": 29
    },
    {
      ""from_location_id"": ""A"",
      ""to_location_id"": ""K"",
      ""walking_distance"": 26
    },
    {
      ""from_location_id"": ""A"",
      ""to_location_id"": ""L"",
      ""walking_distance"": 14
    },
    {
      ""from_location_id"": ""B"",
      ""to_location_id"": ""A"",
      ""walking_distance"": 53
    },
    {
      ""from_location_id"": ""B"",
      ""to_location_id"": ""C"",
      ""walking_distance"": 47
    },
    {
      ""from_location_id"": ""B"",
      ""to_location_id"": ""D"",
      ""walking_distance"": 51
    },
    {
      ""from_location_id"": ""B"",
      ""to_location_id"": ""E"",
      ""walking_distance"": 57
    },
    {
      ""from_location_id"": ""B"",
      ""to_location_id"": ""F"",
      ""walking_distance"": 65
    },
    {
      ""from_location_id"": ""B"",
      ""to_location_id"": ""G"",
      ""walking_distance"": 47
    },
    {
      ""from_location_id"": ""B"",
      ""to_location_id"": ""H"",
      ""walking_distance"": 37
    },
    {
      ""from_location_id"": ""B"",
      ""to_location_id"": ""I"",
      ""walking_distance"": 30
    },
    {
      ""from_location_id"": ""B"",
      ""to_location_id"": ""J"",
      ""walking_distance"": 45
    },
    {
      ""from_location_id"": ""B"",
      ""to_location_id"": ""K"",
      ""walking_distance"": 48
    },
    {
      ""from_location_id"": ""B"",
      ""to_location_id"": ""L"",
      ""walking_distance"": 41
    },
    {
      ""from_location_id"": ""C"",
      ""to_location_id"": ""A"",
      ""walking_distance"": 44
    },
    {
      ""from_location_id"": ""C"",
      ""to_location_id"": ""B"",
      ""walking_distance"": 47
    },
    {
      ""from_location_id"": ""C"",
      ""to_location_id"": ""D"",
      ""walking_distance"": 67
    },
    {
      ""from_location_id"": ""C"",
      ""to_location_id"": ""E"",
      ""walking_distance"": 53
    },
    {
      ""from_location_id"": ""C"",
      ""to_location_id"": ""F"",
      ""walking_distance"": 73
    },
    {
      ""from_location_id"": ""C"",
      ""to_location_id"": ""G"",
      ""walking_distance"": 58
    },
    {
      ""from_location_id"": ""C"",
      ""to_location_id"": ""H"",
      ""walking_distance"": 36
    },
    {
      ""from_location_id"": ""C"",
      ""to_location_id"": ""I"",
      ""walking_distance"": 29
    },
    {
      ""from_location_id"": ""C"",
      ""to_location_id"": ""J"",
      ""walking_distance"": 61
    },
    {
      ""from_location_id"": ""C"",
      ""to_location_id"": ""K"",
      ""walking_distance"": 47
    },
    {
      ""from_location_id"": ""C"",
      ""to_location_id"": ""L"",
      ""walking_distance"": 34
    },
    {
      ""from_location_id"": ""D"",
      ""to_location_id"": ""A"",
      ""walking_distance"": 35
    },
    {
      ""from_location_id"": ""D"",
      ""to_location_id"": ""B"",
      ""walking_distance"": 51
    },
    {
      ""from_location_id"": ""D"",
      ""to_location_id"": ""C"",
      ""walking_distance"": 67
    },
    {
      ""from_location_id"": ""D"",
      ""to_location_id"": ""E"",
      ""walking_distance"": 36
    },
    {
      ""from_location_id"": ""D"",
      ""to_location_id"": ""F"",
      ""walking_distance"": 50
    },
    {
      ""from_location_id"": ""D"",
      ""to_location_id"": ""G"",
      ""walking_distance"": 51
    },
    {
      ""from_location_id"": ""D"",
      ""to_location_id"": ""H"",
      ""walking_distance"": 41
    },
    {
      ""from_location_id"": ""D"",
      ""to_location_id"": ""I"",
      ""walking_distance"": 47
    },
    {
      ""from_location_id"": ""D"",
      ""to_location_id"": ""J"",
      ""walking_distance"": 6
    },
    {
      ""from_location_id"": ""D"",
      ""to_location_id"": ""K"",
      ""walking_distance"": 44
    },
    {
      ""from_location_id"": ""D"",
      ""to_location_id"": ""L"",
      ""walking_distance"": 36
    },
    {
      ""from_location_id"": ""E"",
      ""to_location_id"": ""A"",
      ""walking_distance"": 48
    },
    {
      ""from_location_id"": ""E"",
      ""to_location_id"": ""B"",
      ""walking_distance"": 57
    },
    {
      ""from_location_id"": ""E"",
      ""to_location_id"": ""C"",
      ""walking_distance"": 53
    },
    {
      ""from_location_id"": ""E"",
      ""to_location_id"": ""D"",
      ""walking_distance"": 36
    },
    {
      ""from_location_id"": ""E"",
      ""to_location_id"": ""F"",
      ""walking_distance"": 64
    },
    {
      ""from_location_id"": ""E"",
      ""to_location_id"": ""G"",
      ""walking_distance"": 58
    },
    {
      ""from_location_id"": ""E"",
      ""to_location_id"": ""H"",
      ""walking_distance"": 39
    },
    {
      ""from_location_id"": ""E"",
      ""to_location_id"": ""I"",
      ""walking_distance"": 55
    },
    {
      ""from_location_id"": ""E"",
      ""to_location_id"": ""J"",
      ""walking_distance"": 30
    },
    {
      ""from_location_id"": ""E"",
      ""to_location_id"": ""K"",
      ""walking_distance"": 43
    },
    {
      ""from_location_id"": ""E"",
      ""to_location_id"": ""L"",
      ""walking_distance"": 34
    },
    {
      ""from_location_id"": ""F"",
      ""to_location_id"": ""A"",
      ""walking_distance"": 53
    },
    {
      ""from_location_id"": ""F"",
      ""to_location_id"": ""B"",
      ""walking_distance"": 65
    },
    {
      ""from_location_id"": ""F"",
      ""to_location_id"": ""C"",
      ""walking_distance"": 73
    },
    {
      ""from_location_id"": ""F"",
      ""to_location_id"": ""D"",
      ""walking_distance"": 50
    },
    {
      ""from_location_id"": ""F"",
      ""to_location_id"": ""E"",
      ""walking_distance"": 64
    },
    {
      ""from_location_id"": ""F"",
      ""to_location_id"": ""G"",
      ""walking_distance"": 75
    },
    {
      ""from_location_id"": ""F"",
      ""to_location_id"": ""H"",
      ""walking_distance"": 59
    },
    {
      ""from_location_id"": ""F"",
      ""to_location_id"": ""I"",
      ""walking_distance"": 65
    },
    {
      ""from_location_id"": ""F"",
      ""to_location_id"": ""J"",
      ""walking_distance"": 44
    },
    {
      ""from_location_id"": ""F"",
      ""to_location_id"": ""K"",
      ""walking_distance"": 44
    },
    {
      ""from_location_id"": ""F"",
      ""to_location_id"": ""L"",
      ""walking_distance"": 41
    },
    {
      ""from_location_id"": ""G"",
      ""to_location_id"": ""A"",
      ""walking_distance"": 58
    },
    {
      ""from_location_id"": ""G"",
      ""to_location_id"": ""B"",
      ""walking_distance"": 47
    },
    {
      ""from_location_id"": ""G"",
      ""to_location_id"": ""C"",
      ""walking_distance"": 58
    },
    {
      ""from_location_id"": ""G"",
      ""to_location_id"": ""D"",
      ""walking_distance"": 51
    },
    {
      ""from_location_id"": ""G"",
      ""to_location_id"": ""E"",
      ""walking_distance"": 58
    },
    {
      ""from_location_id"": ""G"",
      ""to_location_id"": ""F"",
      ""walking_distance"": 75
    },
    {
      ""from_location_id"": ""G"",
      ""to_location_id"": ""H"",
      ""walking_distance"": 22
    },
    {
      ""from_location_id"": ""G"",
      ""to_location_id"": ""I"",
      ""walking_distance"": 58
    },
    {
      ""from_location_id"": ""G"",
      ""to_location_id"": ""J"",
      ""walking_distance"": 45
    },
    {
      ""from_location_id"": ""G"",
      ""to_location_id"": ""K"",
      ""walking_distance"": 47
    },
    {
      ""from_location_id"": ""G"",
      ""to_location_id"": ""L"",
      ""walking_distance"": 44
    },
    {
      ""from_location_id"": ""H"",
      ""to_location_id"": ""A"",
      ""walking_distance"": 44
    },
    {
      ""from_location_id"": ""H"",
      ""to_location_id"": ""B"",
      ""walking_distance"": 37
    },
    {
      ""from_location_id"": ""H"",
      ""to_location_id"": ""C"",
      ""walking_distance"": 36
    },
    {
      ""from_location_id"": ""H"",
      ""to_location_id"": ""D"",
      ""walking_distance"": 41
    },
    {
      ""from_location_id"": ""H"",
      ""to_location_id"": ""E"",
      ""walking_distance"": 39
    },
    {
      ""from_location_id"": ""H"",
      ""to_location_id"": ""F"",
      ""walking_distance"": 59
    },
    {
      ""from_location_id"": ""H"",
      ""to_location_id"": ""G"",
      ""walking_distance"": 22
    },
    {
      ""from_location_id"": ""H"",
      ""to_location_id"": ""I"",
      ""walking_distance"": 36
    },
    {
      ""from_location_id"": ""H"",
      ""to_location_id"": ""J"",
      ""walking_distance"": 35
    },
    {
      ""from_location_id"": ""H"",
      ""to_location_id"": ""K"",
      ""walking_distance"": 37
    },
    {
      ""from_location_id"": ""H"",
      ""to_location_id"": ""L"",
      ""walking_distance"": 37
    },
    {
      ""from_location_id"": ""I"",
      ""to_location_id"": ""A"",
      ""walking_distance"": 50
    },
    {
      ""from_location_id"": ""I"",
      ""to_location_id"": ""B"",
      ""walking_distance"": 30
    },
    {
      ""from_location_id"": ""I"",
      ""to_location_id"": ""C"",
      ""walking_distance"": 29
    },
    {
      ""from_location_id"": ""I"",
      ""to_location_id"": ""D"",
      ""walking_distance"": 47
    },
    {
      ""from_location_id"": ""I"",
      ""to_location_id"": ""E"",
      ""walking_distance"": 55
    },
    {
      ""from_location_id"": ""I"",
      ""to_location_id"": ""F"",
      ""walking_distance"": 65
    },
    {
      ""from_location_id"": ""I"",
      ""to_location_id"": ""G"",
      ""walking_distance"": 58
    },
    {
      ""from_location_id"": ""I"",
      ""to_location_id"": ""H"",
      ""walking_distance"": 36
    },
    {
      ""from_location_id"": ""I"",
      ""to_location_id"": ""J"",
      ""walking_distance"": 41
    },
    {
      ""from_location_id"": ""I"",
      ""to_location_id"": ""K"",
      ""walking_distance"": 49
    },
    {
      ""from_location_id"": ""I"",
      ""to_location_id"": ""L"",
      ""walking_distance"": 38
    },
    {
      ""from_location_id"": ""J"",
      ""to_location_id"": ""A"",
      ""walking_distance"": 29
    },
    {
      ""from_location_id"": ""J"",
      ""to_location_id"": ""B"",
      ""walking_distance"": 45
    },
    {
      ""from_location_id"": ""J"",
      ""to_location_id"": ""C"",
      ""walking_distance"": 61
    },
    {
      ""from_location_id"": ""J"",
      ""to_location_id"": ""D"",
      ""walking_distance"": 6
    },
    {
      ""from_location_id"": ""J"",
      ""to_location_id"": ""E"",
      ""walking_distance"": 30
    },
    {
      ""from_location_id"": ""J"",
      ""to_location_id"": ""F"",
      ""walking_distance"": 44
    },
    {
      ""from_location_id"": ""J"",
      ""to_location_id"": ""G"",
      ""walking_distance"": 45
    },
    {
      ""from_location_id"": ""J"",
      ""to_location_id"": ""H"",
      ""walking_distance"": 35
    },
    {
      ""from_location_id"": ""J"",
      ""to_location_id"": ""I"",
      ""walking_distance"": 41
    },
    {
      ""from_location_id"": ""J"",
      ""to_location_id"": ""K"",
      ""walking_distance"": 38
    },
    {
      ""from_location_id"": ""J"",
      ""to_location_id"": ""L"",
      ""walking_distance"": 30
    },
    {
      ""from_location_id"": ""K"",
      ""to_location_id"": ""A"",
      ""walking_distance"": 26
    },
    {
      ""from_location_id"": ""K"",
      ""to_location_id"": ""B"",
      ""walking_distance"": 48
    },
    {
      ""from_location_id"": ""K"",
      ""to_location_id"": ""C"",
      ""walking_distance"": 47
    },
    {
      ""from_location_id"": ""K"",
      ""to_location_id"": ""D"",
      ""walking_distance"": 44
    },
    {
      ""from_location_id"": ""K"",
      ""to_location_id"": ""E"",
      ""walking_distance"": 43
    },
    {
      ""from_location_id"": ""K"",
      ""to_location_id"": ""F"",
      ""walking_distance"": 44
    },
    {
      ""from_location_id"": ""K"",
      ""to_location_id"": ""G"",
      ""walking_distance"": 47
    },
    {
      ""from_location_id"": ""K"",
      ""to_location_id"": ""H"",
      ""walking_distance"": 37
    },
    {
      ""from_location_id"": ""K"",
      ""to_location_id"": ""I"",
      ""walking_distance"": 49
    },
    {
      ""from_location_id"": ""K"",
      ""to_location_id"": ""J"",
      ""walking_distance"": 38
    },
    {
      ""from_location_id"": ""K"",
      ""to_location_id"": ""L"",
      ""walking_distance"": 13
    },
    {
      ""from_location_id"": ""L"",
      ""to_location_id"": ""A"",
      ""walking_distance"": 14
    },
    {
      ""from_location_id"": ""L"",
      ""to_location_id"": ""B"",
      ""walking_distance"": 41
    },
    {
      ""from_location_id"": ""L"",
      ""to_location_id"": ""C"",
      ""walking_distance"": 34
    },
    {
      ""from_location_id"": ""L"",
      ""to_location_id"": ""D"",
      ""walking_distance"": 36
    },
    {
      ""from_location_id"": ""L"",
      ""to_location_id"": ""E"",
      ""walking_distance"": 34
    },
    {
      ""from_location_id"": ""L"",
      ""to_location_id"": ""F"",
      ""walking_distance"": 41
    },
    {
      ""from_location_id"": ""L"",
      ""to_location_id"": ""G"",
      ""walking_distance"": 44
    },
    {
      ""from_location_id"": ""L"",
      ""to_location_id"": ""H"",
      ""walking_distance"": 37
    },
    {
      ""from_location_id"": ""L"",
      ""to_location_id"": ""I"",
      ""walking_distance"": 38
    },
    {
      ""from_location_id"": ""L"",
      ""to_location_id"": ""J"",
      ""walking_distance"": 30
    },
    {
      ""from_location_id"": ""L"",
      ""to_location_id"": ""K"",
      ""walking_distance"": 13
    }
  ]
}

I'll put the result into a simple JSON layout so it's easy to paste or check. It should follow this shape:

{
  ""solution"": {
    ""selected"": [<seat_to_open>, <seat_to_open>, ...],
    ""assignments"": [<chosen_open_seat>, <chosen_open_seat>, ...]
  }
}

""selected"" is where I'll list which seating spots we decide to open, and ""assignments"" is a parallel list (one entry per street segment in the same order as the input) saying which opened seat that segment is assigned to. Think of it like filling out a form: pick the open seats, then for each street segment write the chosen seat next to it.

This JSON is just a sketch of the expected shape, not the actual answer yet. All identifiers in the final filled-in JSON must match the instance input exactly — no renaming and no new labels. 
- for example: ""Valid identifiers look like plain numbers such as “1” or “23”, single capital letters like “A” or “B”, or a capital letter followed by digits like “A1” or “X7”.""",json,names,"{""distance_matrix"": [[0, 53, 44, 35, 48, 53, 58, 44, 50, 29, 26, 14], [53, 0, 47, 51, 57, 65, 47, 37, 30, 45, 48, 41], [44, 47, 0, 67, 53, 73, 58, 36, 29, 61, 47, 34], [35, 51, 67, 0, 36, 50, 51, 41, 47, 6, 44, 36], [48, 57, 53, 36, 0, 64, 58, 39, 55, 30, 43, 34], [53, 65, 73, 50, 64, 0, 75, 59, 65, 44, 44, 41], [58, 47, 58, 51, 58, 75, 0, 22, 58, 45, 47, 44], [44, 37, 36, 41, 39, 59, 22, 0, 36, 35, 37, 37], [50, 30, 29, 47, 55, 65, 58, 36, 0, 41, 49, 38], [29, 45, 61, 6, 30, 44, 45, 35, 41, 0, 38, 30], [26, 48, 47, 44, 43, 44, 47, 37, 49, 38, 0, 13], [14, 41, 34, 36, 34, 41, 44, 37, 38, 30, 13, 0]], ""p"": 4, ""objective"": 36.0}","{""facilities"": [1, 5, 6, 11], ""assignments"": [11, 1, 11, 11, 11, 5, 6, 6, 1, 11, 11, 11]}",36.0,"{""problem_type"": ""PCENTER"", ""num_nodes"": 12, ""num_open"": 4, ""sites"": [{""id"": ""A"", ""distances"": {""A"": 0, ""B"": 53, ""C"": 44, ""D"": 35, ""E"": 48, ""F"": 53, ""G"": 58, ""H"": 44, ""I"": 50, ""J"": 29, ""K"": 26, ""L"": 14}}, {""id"": ""B"", ""distances"": {""A"": 53, ""B"": 0, ""C"": 47, ""D"": 51, ""E"": 57, ""F"": 65, ""G"": 47, ""H"": 37, ""I"": 30, ""J"": 45, ""K"": 48, ""L"": 41}}, {""id"": ""C"", ""distances"": {""A"": 44, ""B"": 47, ""C"": 0, ""D"": 67, ""E"": 53, ""F"": 73, ""G"": 58, ""H"": 36, ""I"": 29, ""J"": 61, ""K"": 47, ""L"": 34}}, {""id"": ""D"", ""distances"": {""A"": 35, ""B"": 51, ""C"": 67, ""D"": 0, ""E"": 36, ""F"": 50, ""G"": 51, ""H"": 41, ""I"": 47, ""J"": 6, ""K"": 44, ""L"": 36}}, {""id"": ""E"", ""distances"": {""A"": 48, ""B"": 57, ""C"": 53, ""D"": 36, ""E"": 0, ""F"": 64, ""G"": 58, ""H"": 39, ""I"": 55, ""J"": 30, ""K"": 43, ""L"": 34}}, {""id"": ""F"", ""distances"": {""A"": 53, ""B"": 65, ""C"": 73, ""D"": 50, ""E"": 64, ""F"": 0, ""G"": 75, ""H"": 59, ""I"": 65, ""J"": 44, ""K"": 44, ""L"": 41}}, {""id"": ""G"", ""distances"": {""A"": 58, ""B"": 47, ""C"": 58, ""D"": 51, ""E"": 58, ""F"": 75, ""G"": 0, ""H"": 22, ""I"": 58, ""J"": 45, ""K"": 47, ""L"": 44}}, {""id"": ""H"", ""distances"": {""A"": 44, ""B"": 37, ""C"": 36, ""D"": 41, ""E"": 39, ""F"": 59, ""G"": 22, ""H"": 0, ""I"": 36, ""J"": 35, ""K"": 37, ""L"": 37}}, {""id"": ""I"", ""distances"": {""A"": 50, ""B"": 30, ""C"": 29, ""D"": 47, ""E"": 55, ""F"": 65, ""G"": 58, ""H"": 36, ""I"": 0, ""J"": 41, ""K"": 49, ""L"": 38}}, {""id"": ""J"", ""distances"": {""A"": 29, ""B"": 45, ""C"": 61, ""D"": 6, ""E"": 30, ""F"": 44, ""G"": 45, ""H"": 35, ""I"": 41, ""J"": 0, ""K"": 38, ""L"": 30}}, {""id"": ""K"", ""distances"": {""A"": 26, ""B"": 48, ""C"": 47, ""D"": 44, ""E"": 43, ""F"": 44, ""G"": 47, ""H"": 37, ""I"": 49, ""J"": 38, ""K"": 0, ""L"": 13}}, {""id"": ""L"", ""distances"": {""A"": 14, ""B"": 41, ""C"": 34, ""D"": 36, ""E"": 34, ""F"": 41, ""G"": 44, ""H"": 37, ""I"": 38, ""J"": 30, ""K"": 13, ""L"": 0}}], ""objective"": 36.0}","{""selected"": [""B"", ""F"", ""G"", ""L""], ""assignments"": [""L"", ""B"", ""L"", ""L"", ""L"", ""F"", ""G"", ""G"", ""B"", ""L"", ""L"", ""L""]}"
PCENTER_M_024,PCENTER,M,24,"I was picturing a telecom planner with a checklist: pick a fixed number of equipment sites from a list of possible spots, then hook every neighborhood up to exactly one of the active sites so nothing is left out or doubled. The success of a plan is judged by the neighborhood that ends up the farthest away — after all connections are made, find the single largest link distance from any neighborhood to its assigned site, and the smaller that “worst” distance is, the better the choice of sites. All neighborhoods must be connected and each to only one site. Concrete details for the specific instance are shown below.

Here's the instance: 10 candidate sites in total, exactly 3 must be opened, and the location identifiers are A, B, C, D, E, F, G, H, I, J.
From A to B: link distance 56.
From A to C: link distance 46.
From A to D: link distance 30.
From A to E: link distance 33.
From A to F: link distance 64.
From A to G: link distance 55.
From A to H: link distance 25.
From A to I: link distance 16.
From A to J: link distance 27.
From B to A: link distance 56.
From B to C: link distance 40.
From B to D: link distance 59.
From B to E: link distance 54.
From B to F: link distance 67.
From B to G: link distance 48.
From B to H: link distance 52.
From B to I: link distance 52.
From B to J: link distance 60.
From C to A: link distance 46.
From C to B: link distance 40.
From C to D: link distance 19.
From C to E: link distance 33.
From C to F: link distance 27.
From C to G: link distance 64.
From C to H: link distance 34.
From C to I: link distance 44.
From C to J: link distance 61.
From D to A: link distance 30.
From D to B: link distance 59.
From D to C: link distance 19.
From D to E: link distance 44.
From D to F: link distance 43.
From D to G: link distance 45.
From D to H: link distance 43.
From D to I: link distance 34.
From D to J: link distance 45.
From E to A: link distance 33.
From E to B: link distance 54.
From E to C: link distance 33.
From E to D: link distance 44.
From E to F: link distance 48.
From E to G: link distance 54.
From E to H: link distance 44.
From E to I: link distance 31.
From E to J: link distance 48.
From F to A: link distance 64.
From F to B: link distance 67.
From F to C: link distance 27.
From F to D: link distance 43.
From F to E: link distance 48.
From F to G: link distance 74.
From F to H: link distance 61.
From F to I: link distance 49.
From F to J: link distance 79.
From G to A: link distance 55.
From G to B: link distance 48.
From G to C: link distance 64.
From G to D: link distance 45.
From G to E: link distance 54.
From G to F: link distance 74.
From G to H: link distance 52.
From G to I: link distance 53.
From G to J: link distance 70.
From H to A: link distance 25.
From H to B: link distance 52.
From H to C: link distance 34.
From H to D: link distance 43.
From H to E: link distance 44.
From H to F: link distance 61.
From H to G: link distance 52.
From H to I: link distance 25.
From H to J: link distance 40.
From I to A: link distance 16.
From I to B: link distance 52.
From I to C: link distance 44.
From I to D: link distance 34.
From I to E: link distance 31.
From I to F: link distance 49.
From I to G: link distance 53.
From I to H: link distance 25.
From I to J: link distance 31.
From J to A: link distance 27.
From J to B: link distance 60.
From J to C: link distance 61.
From J to D: link distance 45.
From J to E: link distance 48.
From J to F: link distance 79.
From J to G: link distance 70.
From J to H: link distance 40.
From J to I: link distance 31.
That's the data to work from.

If you want to hand me the results in a tidy form, here's the little JSON sketch I expect — just a simple container with which sites you decided to open and which open site each neighborhood gets paired with.

{
  ""solution"": {
    ""selected"": [<site_to_open>, <site_to_open>, ...],
    ""assignments"": [<assigned_site>, <assigned_site>, ...]
  }
}

Think of ""selected"" as the checklist of sites you flipped on, and ""assignments"" as the lineup that tells me, for each neighborhood in the original order, which of the open sites it's hooked up to. Super informal: ""selected"" = open spots, ""assignments"" = who goes to which open spot.

This JSON is just a shape example — not the actual plan. One important note: use the exact identifiers from the instance input when you fill this in — do not rename them or invent new labels. Valid identifiers look like plain numbers such as “1” or “23”, single capital letters like “A” or “B”, or a capital letter followed by digits like “A1” or “X7”.",markdown_table,names,"{""distance_matrix"": [[0, 56, 46, 30, 33, 64, 55, 25, 16, 27], [56, 0, 40, 59, 54, 67, 48, 52, 52, 60], [46, 40, 0, 19, 33, 27, 64, 34, 44, 61], [30, 59, 19, 0, 44, 43, 45, 43, 34, 45], [33, 54, 33, 44, 0, 48, 54, 44, 31, 48], [64, 67, 27, 43, 48, 0, 74, 61, 49, 79], [55, 48, 64, 45, 54, 74, 0, 52, 53, 70], [25, 52, 34, 43, 44, 61, 52, 0, 25, 40], [16, 52, 44, 34, 31, 49, 53, 25, 0, 31], [27, 60, 61, 45, 48, 79, 70, 40, 31, 0]], ""p"": 3, ""objective"": 40.0}","{""facilities"": [2, 6, 7], ""assignments"": [7, 2, 2, 2, 2, 2, 6, 2, 7, 7]}",40.0,"{""problem_type"": ""PCENTER"", ""num_nodes"": 10, ""num_open"": 3, ""sites"": [{""id"": ""A"", ""distances"": {""A"": 0, ""B"": 56, ""C"": 46, ""D"": 30, ""E"": 33, ""F"": 64, ""G"": 55, ""H"": 25, ""I"": 16, ""J"": 27}}, {""id"": ""B"", ""distances"": {""A"": 56, ""B"": 0, ""C"": 40, ""D"": 59, ""E"": 54, ""F"": 67, ""G"": 48, ""H"": 52, ""I"": 52, ""J"": 60}}, {""id"": ""C"", ""distances"": {""A"": 46, ""B"": 40, ""C"": 0, ""D"": 19, ""E"": 33, ""F"": 27, ""G"": 64, ""H"": 34, ""I"": 44, ""J"": 61}}, {""id"": ""D"", ""distances"": {""A"": 30, ""B"": 59, ""C"": 19, ""D"": 0, ""E"": 44, ""F"": 43, ""G"": 45, ""H"": 43, ""I"": 34, ""J"": 45}}, {""id"": ""E"", ""distances"": {""A"": 33, ""B"": 54, ""C"": 33, ""D"": 44, ""E"": 0, ""F"": 48, ""G"": 54, ""H"": 44, ""I"": 31, ""J"": 48}}, {""id"": ""F"", ""distances"": {""A"": 64, ""B"": 67, ""C"": 27, ""D"": 43, ""E"": 48, ""F"": 0, ""G"": 74, ""H"": 61, ""I"": 49, ""J"": 79}}, {""id"": ""G"", ""distances"": {""A"": 55, ""B"": 48, ""C"": 64, ""D"": 45, ""E"": 54, ""F"": 74, ""G"": 0, ""H"": 52, ""I"": 53, ""J"": 70}}, {""id"": ""H"", ""distances"": {""A"": 25, ""B"": 52, ""C"": 34, ""D"": 43, ""E"": 44, ""F"": 61, ""G"": 52, ""H"": 0, ""I"": 25, ""J"": 40}}, {""id"": ""I"", ""distances"": {""A"": 16, ""B"": 52, ""C"": 44, ""D"": 34, ""E"": 31, ""F"": 49, ""G"": 53, ""H"": 25, ""I"": 0, ""J"": 31}}, {""id"": ""J"", ""distances"": {""A"": 27, ""B"": 60, ""C"": 61, ""D"": 45, ""E"": 48, ""F"": 79, ""G"": 70, ""H"": 40, ""I"": 31, ""J"": 0}}], ""objective"": 40.0}","{""selected"": [""C"", ""G"", ""H""], ""assignments"": [""H"", ""C"", ""C"", ""C"", ""C"", ""C"", ""G"", ""C"", ""H"", ""H""]}"
PCENTER_M_025,PCENTER,M,25,"We were planning where the mobile clinics should park for a week: there are several candidate spots, but only a set number can be opened on any day. The task is to choose which stops to open and then attach every village to one of those chosen stops — every village gets exactly one assignment, no duplicates or omissions. To judge a setup, check how far each village has to travel to its assigned stop, pick out the longest of those trips, and try to make that longest trip as short as possible. The concrete details will be shown below.

# total_locations_count=13
# clinics_to_open=3
# location_ids=A, B, C, D, E, F, G, H, I, J, K, L, M
from_location_id,to_location_id,travel_distance
A,B,29
A,C,72
A,D,56
A,E,76
A,F,105
A,G,51
A,H,78
A,I,64
A,J,50
A,K,69
A,L,60
A,M,85
B,A,29
B,C,66
B,D,51
B,E,92
B,F,99
B,G,62
B,H,89
B,I,59
B,J,69
B,K,78
B,L,55
B,M,71
C,A,72
C,B,66
C,D,62
C,E,88
C,F,108
C,G,37
C,H,64
C,I,40
C,J,80
C,K,14
C,L,32
C,M,50
D,A,56
D,B,51
D,C,62
D,E,88
D,F,95
D,G,51
D,H,78
D,I,73
D,J,71
D,K,63
D,L,30
D,M,29
E,A,76
E,B,92
E,C,88
E,D,88
E,F,119
E,G,51
E,H,78
E,I,86
E,J,37
E,K,102
E,L,93
E,M,65
F,A,105
F,B,99
F,C,108
F,D,95
F,E,119
F,G,82
F,H,109
F,I,100
F,J,96
F,K,94
F,L,85
F,M,120
G,A,51
G,B,62
G,C,37
G,D,51
G,E,51
G,F,82
G,H,27
G,I,68
G,J,71
G,K,51
G,L,53
G,M,80
H,A,78
H,B,89
H,C,64
H,D,78
H,E,78
H,F,109
H,G,27
H,I,77
H,J,98
H,K,78
H,L,80
H,M,107
I,A,64
I,B,59
I,C,40
I,D,73
I,E,86
I,F,100
I,G,68
I,H,77
I,J,98
I,K,54
I,L,72
I,M,54
J,A,50
J,B,69
J,C,80
J,D,71
J,E,37
J,F,96
J,G,71
J,H,98
J,I,98
J,K,81
J,L,64
J,M,64
K,A,69
K,B,78
K,C,14
K,D,63
K,E,102
K,F,94
K,G,51
K,H,78
K,I,54
K,J,81
K,L,36
K,M,64
L,A,60
L,B,55
L,C,32
L,D,30
L,E,93
L,F,85
L,G,53
L,H,80
L,I,72
L,J,64
L,K,36
L,M,49
M,A,85
M,B,71
M,C,50
M,D,29
M,E,65
M,F,120
M,G,80
M,H,107
M,I,54
M,J,64
M,K,64
M,L,49

Also, when you send the actual pick-and-assign, please follow this simple JSON shape so I can read it easily:

{
  ""solution"": {
    ""selected"": [<site_to_open>, <site_to_open>, ...],
    ""assignments"": [<assigned_open_site>, <assigned_open_site>, ...]
  }
}

""selected"" is where you list the stops you plan to open. ""assignments"" lists, for each village in the input order, which opened stop that village will use. Think of it like filling out a form: first the chosen stops, then one assignment per village. This is just the expected shape — not your final choices.

Quick reminder: use the exact identifiers from the instance input — do not rename them or invent new labels. 
- for example: ""Valid identifiers look like plain numbers such as “1” or “23”, single capital letters like “A” or “B”, or a capital letter followed by digits like “A1” or “X7”.""",csv,names,"{""distance_matrix"": [[0, 29, 72, 56, 76, 105, 51, 78, 64, 50, 69, 60, 85], [29, 0, 66, 51, 92, 99, 62, 89, 59, 69, 78, 55, 71], [72, 66, 0, 62, 88, 108, 37, 64, 40, 80, 14, 32, 50], [56, 51, 62, 0, 88, 95, 51, 78, 73, 71, 63, 30, 29], [76, 92, 88, 88, 0, 119, 51, 78, 86, 37, 102, 93, 65], [105, 99, 108, 95, 119, 0, 82, 109, 100, 96, 94, 85, 120], [51, 62, 37, 51, 51, 82, 0, 27, 68, 71, 51, 53, 80], [78, 89, 64, 78, 78, 109, 27, 0, 77, 98, 78, 80, 107], [64, 59, 40, 73, 86, 100, 68, 77, 0, 98, 54, 72, 54], [50, 69, 80, 71, 37, 96, 71, 98, 98, 0, 81, 64, 64], [69, 78, 14, 63, 102, 94, 51, 78, 54, 81, 0, 36, 64], [60, 55, 32, 30, 93, 85, 53, 80, 72, 64, 36, 0, 49], [85, 71, 50, 29, 65, 120, 80, 107, 54, 64, 64, 49, 0]], ""p"": 3, ""objective"": 64.0}","{""facilities"": [5, 6, 12], ""assignments"": [6, 6, 12, 6, 6, 5, 6, 6, 12, 12, 12, 12, 12]}",64.0,"{""problem_type"": ""PCENTER"", ""num_nodes"": 13, ""num_open"": 3, ""sites"": [{""id"": ""A"", ""distances"": {""A"": 0, ""B"": 29, ""C"": 72, ""D"": 56, ""E"": 76, ""F"": 105, ""G"": 51, ""H"": 78, ""I"": 64, ""J"": 50, ""K"": 69, ""L"": 60, ""M"": 85}}, {""id"": ""B"", ""distances"": {""A"": 29, ""B"": 0, ""C"": 66, ""D"": 51, ""E"": 92, ""F"": 99, ""G"": 62, ""H"": 89, ""I"": 59, ""J"": 69, ""K"": 78, ""L"": 55, ""M"": 71}}, {""id"": ""C"", ""distances"": {""A"": 72, ""B"": 66, ""C"": 0, ""D"": 62, ""E"": 88, ""F"": 108, ""G"": 37, ""H"": 64, ""I"": 40, ""J"": 80, ""K"": 14, ""L"": 32, ""M"": 50}}, {""id"": ""D"", ""distances"": {""A"": 56, ""B"": 51, ""C"": 62, ""D"": 0, ""E"": 88, ""F"": 95, ""G"": 51, ""H"": 78, ""I"": 73, ""J"": 71, ""K"": 63, ""L"": 30, ""M"": 29}}, {""id"": ""E"", ""distances"": {""A"": 76, ""B"": 92, ""C"": 88, ""D"": 88, ""E"": 0, ""F"": 119, ""G"": 51, ""H"": 78, ""I"": 86, ""J"": 37, ""K"": 102, ""L"": 93, ""M"": 65}}, {""id"": ""F"", ""distances"": {""A"": 105, ""B"": 99, ""C"": 108, ""D"": 95, ""E"": 119, ""F"": 0, ""G"": 82, ""H"": 109, ""I"": 100, ""J"": 96, ""K"": 94, ""L"": 85, ""M"": 120}}, {""id"": ""G"", ""distances"": {""A"": 51, ""B"": 62, ""C"": 37, ""D"": 51, ""E"": 51, ""F"": 82, ""G"": 0, ""H"": 27, ""I"": 68, ""J"": 71, ""K"": 51, ""L"": 53, ""M"": 80}}, {""id"": ""H"", ""distances"": {""A"": 78, ""B"": 89, ""C"": 64, ""D"": 78, ""E"": 78, ""F"": 109, ""G"": 27, ""H"": 0, ""I"": 77, ""J"": 98, ""K"": 78, ""L"": 80, ""M"": 107}}, {""id"": ""I"", ""distances"": {""A"": 64, ""B"": 59, ""C"": 40, ""D"": 73, ""E"": 86, ""F"": 100, ""G"": 68, ""H"": 77, ""I"": 0, ""J"": 98, ""K"": 54, ""L"": 72, ""M"": 54}}, {""id"": ""J"", ""distances"": {""A"": 50, ""B"": 69, ""C"": 80, ""D"": 71, ""E"": 37, ""F"": 96, ""G"": 71, ""H"": 98, ""I"": 98, ""J"": 0, ""K"": 81, ""L"": 64, ""M"": 64}}, {""id"": ""K"", ""distances"": {""A"": 69, ""B"": 78, ""C"": 14, ""D"": 63, ""E"": 102, ""F"": 94, ""G"": 51, ""H"": 78, ""I"": 54, ""J"": 81, ""K"": 0, ""L"": 36, ""M"": 64}}, {""id"": ""L"", ""distances"": {""A"": 60, ""B"": 55, ""C"": 32, ""D"": 30, ""E"": 93, ""F"": 85, ""G"": 53, ""H"": 80, ""I"": 72, ""J"": 64, ""K"": 36, ""L"": 0, ""M"": 49}}, {""id"": ""M"", ""distances"": {""A"": 85, ""B"": 71, ""C"": 50, ""D"": 29, ""E"": 65, ""F"": 120, ""G"": 80, ""H"": 107, ""I"": 54, ""J"": 64, ""K"": 64, ""L"": 49, ""M"": 0}}], ""objective"": 64.0}","{""selected"": [""F"", ""G"", ""M""], ""assignments"": [""G"", ""G"", ""M"", ""G"", ""G"", ""F"", ""G"", ""G"", ""M"", ""M"", ""M"", ""M"", ""M""]}"
PCENTER_M_026,PCENTER,M,26,"Many people drive this campus, so the facilities team needs to pick a fixed number of chargers from approved spots and assign each building to one of them. The way they’ll compare different setups is to take every building’s distance to its assigned charger and then look at the biggest of those distances — a better setup is the one with the smaller biggest distance. Every building must be paired with exactly one charger, and the actual pad locations and distance numbers are provided below.

There are 10 locations in total; the facilities team must open 1 chargers and the locations are 0, 1, 2, 3, 4, 5, 6, 7, 8, 9.
From 0 to 1, the travel distance is 35.
From 0 to 2, the travel distance is 30.
From 0 to 3, the travel distance is 42.
From 0 to 4, the travel distance is 28.
From 0 to 5, the travel distance is 29.
From 0 to 6, the travel distance is 31.
From 0 to 7, the travel distance is 31.
From 0 to 8, the travel distance is 21.
From 0 to 9, the travel distance is 31.
From 1 to 0, the travel distance is 35.
From 1 to 2, the travel distance is 16.
From 1 to 3, the travel distance is 37.
From 1 to 4, the travel distance is 27.
From 1 to 5, the travel distance is 14.
From 1 to 6, the travel distance is 33.
From 1 to 7, the travel distance is 25.
From 1 to 8, the travel distance is 23.
From 1 to 9, the travel distance is 22.
From 2 to 0, the travel distance is 30.
From 2 to 1, the travel distance is 16.
From 2 to 3, the travel distance is 48.
From 2 to 4, the travel distance is 30.
From 2 to 5, the travel distance is 20.
From 2 to 6, the travel distance is 37.
From 2 to 7, the travel distance is 37.
From 2 to 8, the travel distance is 27.
From 2 to 9, the travel distance is 37.
From 3 to 0, the travel distance is 42.
From 3 to 1, the travel distance is 37.
From 3 to 2, the travel distance is 48.
From 3 to 4, the travel distance is 45.
From 3 to 5, the travel distance is 34.
From 3 to 6, the travel distance is 46.
From 3 to 7, the travel distance is 48.
From 3 to 8, the travel distance is 36.
From 3 to 9, the travel distance is 45.
From 4 to 0, the travel distance is 28.
From 4 to 1, the travel distance is 27.
From 4 to 2, the travel distance is 30.
From 4 to 3, the travel distance is 45.
From 4 to 5, the travel distance is 21.
From 4 to 6, the travel distance is 35.
From 4 to 7, the travel distance is 15.
From 4 to 8, the travel distance is 26.
From 4 to 9, the travel distance is 25.
From 5 to 0, the travel distance is 29.
From 5 to 1, the travel distance is 14.
From 5 to 2, the travel distance is 20.
From 5 to 3, the travel distance is 34.
From 5 to 4, the travel distance is 21.
From 5 to 6, the travel distance is 19.
From 5 to 7, the travel distance is 20.
From 5 to 8, the travel distance is 20.
From 5 to 9, the travel distance is 23.
From 6 to 0, the travel distance is 31.
From 6 to 1, the travel distance is 33.
From 6 to 2, the travel distance is 37.
From 6 to 3, the travel distance is 46.
From 6 to 4, the travel distance is 35.
From 6 to 5, the travel distance is 19.
From 6 to 7, the travel distance is 37.
From 6 to 8, the travel distance is 19.
From 6 to 9, the travel distance is 34.
From 7 to 0, the travel distance is 31.
From 7 to 1, the travel distance is 25.
From 7 to 2, the travel distance is 37.
From 7 to 3, the travel distance is 48.
From 7 to 4, the travel distance is 15.
From 7 to 5, the travel distance is 20.
From 7 to 6, the travel distance is 37.
From 7 to 8, the travel distance is 32.
From 7 to 9, the travel distance is 33.
From 8 to 0, the travel distance is 21.
From 8 to 1, the travel distance is 23.
From 8 to 2, the travel distance is 27.
From 8 to 3, the travel distance is 36.
From 8 to 4, the travel distance is 26.
From 8 to 5, the travel distance is 20.
From 8 to 6, the travel distance is 19.
From 8 to 7, the travel distance is 32.
From 8 to 9, the travel distance is 23.
From 9 to 0, the travel distance is 31.
From 9 to 1, the travel distance is 22.
From 9 to 2, the travel distance is 37.
From 9 to 3, the travel distance is 45.
From 9 to 4, the travel distance is 25.
From 9 to 5, the travel distance is 23.
From 9 to 6, the travel distance is 34.
From 9 to 7, the travel distance is 33.
From 9 to 8, the travel distance is 23.
The facilities team will use these numbers to assign every building to exactly one open charger and compare setups by the largest assignment distance.

When you send back the plan, please use this little JSON layout so it's easy to read and parse:

{
  ""solution"": {
    ""selected"": [<site_to_open>, <site_to_open>, ...],
    ""assignments"": [<chosen_open_site>, <chosen_open_site>, ...]
  }
}

""selected"" is just the list of charger pads you want to open, and ""assignments"" lists, for every building in the same order as the instance, which opened pad it's paired with. Think of it like filling out a short form — which pads are open, and which pad each building uses.

This is just a sketch of the shape I need, not the actual answer.

Please use the identifiers exactly as they appear in the instance input — do not rename them or create new labels.
- for example: ""Valid identifiers look like plain numbers such as “1” or “23”, single capital letters like “A” or “B”, or a capital letter followed by digits like “A1” or “X7”.""",nl,zero_based,"{""distance_matrix"": [[0, 35, 30, 42, 28, 29, 31, 31, 21, 31], [35, 0, 16, 37, 27, 14, 33, 25, 23, 22], [30, 16, 0, 48, 30, 20, 37, 37, 27, 37], [42, 37, 48, 0, 45, 34, 46, 48, 36, 45], [28, 27, 30, 45, 0, 21, 35, 15, 26, 25], [29, 14, 20, 34, 21, 0, 19, 20, 20, 23], [31, 33, 37, 46, 35, 19, 0, 37, 19, 34], [31, 25, 37, 48, 15, 20, 37, 0, 32, 33], [21, 23, 27, 36, 26, 20, 19, 32, 0, 23], [31, 22, 37, 45, 25, 23, 34, 33, 23, 0]], ""p"": 1, ""objective"": 34.0}","{""facilities"": [5], ""assignments"": [5, 5, 5, 5, 5, 5, 5, 5, 5, 5]}",34.0,"{""problem_type"": ""PCENTER"", ""num_nodes"": 10, ""num_open"": 1, ""sites"": [{""id"": 0, ""distances"": {""0"": 0, ""1"": 35, ""2"": 30, ""3"": 42, ""4"": 28, ""5"": 29, ""6"": 31, ""7"": 31, ""8"": 21, ""9"": 31}}, {""id"": 1, ""distances"": {""0"": 35, ""1"": 0, ""2"": 16, ""3"": 37, ""4"": 27, ""5"": 14, ""6"": 33, ""7"": 25, ""8"": 23, ""9"": 22}}, {""id"": 2, ""distances"": {""0"": 30, ""1"": 16, ""2"": 0, ""3"": 48, ""4"": 30, ""5"": 20, ""6"": 37, ""7"": 37, ""8"": 27, ""9"": 37}}, {""id"": 3, ""distances"": {""0"": 42, ""1"": 37, ""2"": 48, ""3"": 0, ""4"": 45, ""5"": 34, ""6"": 46, ""7"": 48, ""8"": 36, ""9"": 45}}, {""id"": 4, ""distances"": {""0"": 28, ""1"": 27, ""2"": 30, ""3"": 45, ""4"": 0, ""5"": 21, ""6"": 35, ""7"": 15, ""8"": 26, ""9"": 25}}, {""id"": 5, ""distances"": {""0"": 29, ""1"": 14, ""2"": 20, ""3"": 34, ""4"": 21, ""5"": 0, ""6"": 19, ""7"": 20, ""8"": 20, ""9"": 23}}, {""id"": 6, ""distances"": {""0"": 31, ""1"": 33, ""2"": 37, ""3"": 46, ""4"": 35, ""5"": 19, ""6"": 0, ""7"": 37, ""8"": 19, ""9"": 34}}, {""id"": 7, ""distances"": {""0"": 31, ""1"": 25, ""2"": 37, ""3"": 48, ""4"": 15, ""5"": 20, ""6"": 37, ""7"": 0, ""8"": 32, ""9"": 33}}, {""id"": 8, ""distances"": {""0"": 21, ""1"": 23, ""2"": 27, ""3"": 36, ""4"": 26, ""5"": 20, ""6"": 19, ""7"": 32, ""8"": 0, ""9"": 23}}, {""id"": 9, ""distances"": {""0"": 31, ""1"": 22, ""2"": 37, ""3"": 45, ""4"": 25, ""5"": 23, ""6"": 34, ""7"": 33, ""8"": 23, ""9"": 0}}], ""objective"": 34.0}","{""selected"": [5], ""assignments"": [5, 5, 5, 5, 5, 5, 5, 5, 5, 5]}"
PCENTER_M_027,PCENTER,M,27,"We imagine the park team picking a set number of first aid stations out of the available clearings and then assigning every trailhead to one of the stations that stay open. The goal is simple in plain terms: look at the distance from every trailhead to the post it’s assigned to, find the one that’s farthest away, and make that farthest distance as small as possible. Every trailhead must be attached to one and only one open post, and only the selected clearings become posts. The concrete details follow below.

{
  ""total_locations"": 10,
  ""num_first_aid_posts"": 1,
  ""location_ids"": [
    1,
    2,
    3,
    4,
    5,
    6,
    7,
    8,
    9,
    10
  ],
  ""data"": [
    {
      ""from_location_id"": 1,
      ""to_location_id"": 2,
      ""travel_distance"": 41
    },
    {
      ""from_location_id"": 1,
      ""to_location_id"": 3,
      ""travel_distance"": 65
    },
    {
      ""from_location_id"": 1,
      ""to_location_id"": 4,
      ""travel_distance"": 34
    },
    {
      ""from_location_id"": 1,
      ""to_location_id"": 5,
      ""travel_distance"": 44
    },
    {
      ""from_location_id"": 1,
      ""to_location_id"": 6,
      ""travel_distance"": 38
    },
    {
      ""from_location_id"": 1,
      ""to_location_id"": 7,
      ""travel_distance"": 58
    },
    {
      ""from_location_id"": 1,
      ""to_location_id"": 8,
      ""travel_distance"": 33
    },
    {
      ""from_location_id"": 1,
      ""to_location_id"": 9,
      ""travel_distance"": 48
    },
    {
      ""from_location_id"": 1,
      ""to_location_id"": 10,
      ""travel_distance"": 48
    },
    {
      ""from_location_id"": 2,
      ""to_location_id"": 1,
      ""travel_distance"": 41
    },
    {
      ""from_location_id"": 2,
      ""to_location_id"": 3,
      ""travel_distance"": 55
    },
    {
      ""from_location_id"": 2,
      ""to_location_id"": 4,
      ""travel_distance"": 44
    },
    {
      ""from_location_id"": 2,
      ""to_location_id"": 5,
      ""travel_distance"": 49
    },
    {
      ""from_location_id"": 2,
      ""to_location_id"": 6,
      ""travel_distance"": 29
    },
    {
      ""from_location_id"": 2,
      ""to_location_id"": 7,
      ""travel_distance"": 34
    },
    {
      ""from_location_id"": 2,
      ""to_location_id"": 8,
      ""travel_distance"": 9
    },
    {
      ""from_location_id"": 2,
      ""to_location_id"": 9,
      ""travel_distance"": 28
    },
    {
      ""from_location_id"": 2,
      ""to_location_id"": 10,
      ""travel_distance"": 37
    },
    {
      ""from_location_id"": 3,
      ""to_location_id"": 1,
      ""travel_distance"": 65
    },
    {
      ""from_location_id"": 3,
      ""to_location_id"": 2,
      ""travel_distance"": 55
    },
    {
      ""from_location_id"": 3,
      ""to_location_id"": 4,
      ""travel_distance"": 51
    },
    {
      ""from_location_id"": 3,
      ""to_location_id"": 5,
      ""travel_distance"": 79
    },
    {
      ""from_location_id"": 3,
      ""to_location_id"": 6,
      ""travel_distance"": 37
    },
    {
      ""from_location_id"": 3,
      ""to_location_id"": 7,
      ""travel_distance"": 63
    },
    {
      ""from_location_id"": 3,
      ""to_location_id"": 8,
      ""travel_distance"": 57
    },
    {
      ""from_location_id"": 3,
      ""to_location_id"": 9,
      ""travel_distance"": 57
    },
    {
      ""from_location_id"": 3,
      ""to_location_id"": 10,
      ""travel_distance"": 47
    },
    {
      ""from_location_id"": 4,
      ""to_location_id"": 1,
      ""travel_distance"": 34
    },
    {
      ""from_location_id"": 4,
      ""to_location_id"": 2,
      ""travel_distance"": 44
    },
    {
      ""from_location_id"": 4,
      ""to_location_id"": 3,
      ""travel_distance"": 51
    },
    {
      ""from_location_id"": 4,
      ""to_location_id"": 5,
      ""travel_distance"": 48
    },
    {
      ""from_location_id"": 4,
      ""to_location_id"": 6,
      ""travel_distance"": 24
    },
    {
      ""from_location_id"": 4,
      ""to_location_id"": 7,
      ""travel_distance"": 38
    },
    {
      ""from_location_id"": 4,
      ""to_location_id"": 8,
      ""travel_distance"": 41
    },
    {
      ""from_location_id"": 4,
      ""to_location_id"": 9,
      ""travel_distance"": 34
    },
    {
      ""from_location_id"": 4,
      ""to_location_id"": 10,
      ""travel_distance"": 39
    },
    {
      ""from_location_id"": 5,
      ""to_location_id"": 1,
      ""travel_distance"": 44
    },
    {
      ""from_location_id"": 5,
      ""to_location_id"": 2,
      ""travel_distance"": 49
    },
    {
      ""from_location_id"": 5,
      ""to_location_id"": 3,
      ""travel_distance"": 79
    },
    {
      ""from_location_id"": 5,
      ""to_location_id"": 4,
      ""travel_distance"": 48
    },
    {
      ""from_location_id"": 5,
      ""to_location_id"": 6,
      ""travel_distance"": 52
    },
    {
      ""from_location_id"": 5,
      ""to_location_id"": 7,
      ""travel_distance"": 70
    },
    {
      ""from_location_id"": 5,
      ""to_location_id"": 8,
      ""travel_distance"": 51
    },
    {
      ""from_location_id"": 5,
      ""to_location_id"": 9,
      ""travel_distance"": 62
    },
    {
      ""from_location_id"": 5,
      ""to_location_id"": 10,
      ""travel_distance"": 67
    },
    {
      ""from_location_id"": 6,
      ""to_location_id"": 1,
      ""travel_distance"": 38
    },
    {
      ""from_location_id"": 6,
      ""to_location_id"": 2,
      ""travel_distance"": 29
    },
    {
      ""from_location_id"": 6,
      ""to_location_id"": 3,
      ""travel_distance"": 37
    },
    {
      ""from_location_id"": 6,
      ""to_location_id"": 4,
      ""travel_distance"": 24
    },
    {
      ""from_location_id"": 6,
      ""to_location_id"": 5,
      ""travel_distance"": 52
    },
    {
      ""from_location_id"": 6,
      ""to_location_id"": 7,
      ""travel_distance"": 32
    },
    {
      ""from_location_id"": 6,
      ""to_location_id"": 8,
      ""travel_distance"": 24
    },
    {
      ""from_location_id"": 6,
      ""to_location_id"": 9,
      ""travel_distance"": 29
    },
    {
      ""from_location_id"": 6,
      ""to_location_id"": 10,
      ""travel_distance"": 15
    },
    {
      ""from_location_id"": 7,
      ""to_location_id"": 1,
      ""travel_distance"": 58
    },
    {
      ""from_location_id"": 7,
      ""to_location_id"": 2,
      ""travel_distance"": 34
    },
    {
      ""from_location_id"": 7,
      ""to_location_id"": 3,
      ""travel_distance"": 63
    },
    {
      ""from_location_id"": 7,
      ""to_location_id"": 4,
      ""travel_distance"": 38
    },
    {
      ""from_location_id"": 7,
      ""to_location_id"": 5,
      ""travel_distance"": 70
    },
    {
      ""from_location_id"": 7,
      ""to_location_id"": 6,
      ""travel_distance"": 32
    },
    {
      ""from_location_id"": 7,
      ""to_location_id"": 8,
      ""travel_distance"": 25
    },
    {
      ""from_location_id"": 7,
      ""to_location_id"": 9,
      ""travel_distance"": 30
    },
    {
      ""from_location_id"": 7,
      ""to_location_id"": 10,
      ""travel_distance"": 43
    },
    {
      ""from_location_id"": 8,
      ""to_location_id"": 1,
      ""travel_distance"": 33
    },
    {
      ""from_location_id"": 8,
      ""to_location_id"": 2,
      ""travel_distance"": 9
    },
    {
      ""from_location_id"": 8,
      ""to_location_id"": 3,
      ""travel_distance"": 57
    },
    {
      ""from_location_id"": 8,
      ""to_location_id"": 4,
      ""travel_distance"": 41
    },
    {
      ""from_location_id"": 8,
      ""to_location_id"": 5,
      ""travel_distance"": 51
    },
    {
      ""from_location_id"": 8,
      ""to_location_id"": 6,
      ""travel_distance"": 24
    },
    {
      ""from_location_id"": 8,
      ""to_location_id"": 7,
      ""travel_distance"": 25
    },
    {
      ""from_location_id"": 8,
      ""to_location_id"": 9,
      ""travel_distance"": 31
    },
    {
      ""from_location_id"": 8,
      ""to_location_id"": 10,
      ""travel_distance"": 35
    },
    {
      ""from_location_id"": 9,
      ""to_location_id"": 1,
      ""travel_distance"": 48
    },
    {
      ""from_location_id"": 9,
      ""to_location_id"": 2,
      ""travel_distance"": 28
    },
    {
      ""from_location_id"": 9,
      ""to_location_id"": 3,
      ""travel_distance"": 57
    },
    {
      ""from_location_id"": 9,
      ""to_location_id"": 4,
      ""travel_distance"": 34
    },
    {
      ""from_location_id"": 9,
      ""to_location_id"": 5,
      ""travel_distance"": 62
    },
    {
      ""from_location_id"": 9,
      ""to_location_id"": 6,
      ""travel_distance"": 29
    },
    {
      ""from_location_id"": 9,
      ""to_location_id"": 7,
      ""travel_distance"": 30
    },
    {
      ""from_location_id"": 9,
      ""to_location_id"": 8,
      ""travel_distance"": 31
    },
    {
      ""from_location_id"": 9,
      ""to_location_id"": 10,
      ""travel_distance"": 43
    },
    {
      ""from_location_id"": 10,
      ""to_location_id"": 1,
      ""travel_distance"": 48
    },
    {
      ""from_location_id"": 10,
      ""to_location_id"": 2,
      ""travel_distance"": 37
    },
    {
      ""from_location_id"": 10,
      ""to_location_id"": 3,
      ""travel_distance"": 47
    },
    {
      ""from_location_id"": 10,
      ""to_location_id"": 4,
      ""travel_distance"": 39
    },
    {
      ""from_location_id"": 10,
      ""to_location_id"": 5,
      ""travel_distance"": 67
    },
    {
      ""from_location_id"": 10,
      ""to_location_id"": 6,
      ""travel_distance"": 15
    },
    {
      ""from_location_id"": 10,
      ""to_location_id"": 7,
      ""travel_distance"": 43
    },
    {
      ""from_location_id"": 10,
      ""to_location_id"": 8,
      ""travel_distance"": 35
    },
    {
      ""from_location_id"": 10,
      ""to_location_id"": 9,
      ""travel_distance"": 43
    }
  ]
}

You can just return the solution in a tiny JSON snippet like this — nothing fancy, just fill the arrays with the clearing IDs and assignments.

{
  ""solution"": {
    ""selected"": [<clearing_to_open>, <clearing_to_open>, ...],
    ""assignments"": [<assigned_open_clearing>, <assigned_open_clearing>, ...]
  }
}

""selected"" is the list of clearings you decide to open as first-aid posts. ""assignments"" says, for each trailhead in the instance (in the same order the instance lists them), which open clearing that trailhead is assigned to. Think of it like a simple form: pick the open posts, then for each trailhead name the post it uses.

This JSON is just the shape I expect you to follow — it's a sketch, not the filled-in answer.

Please be careful: use the exact identifiers from the instance input, with no renaming and no new labels. Valid identifiers look like plain numbers such as ""1"" or ""23"", single capital letters like ""A"" or ""B"", or a capital letter followed by digits like ""A1"" or ""X7"".",json,one_based,"{""distance_matrix"": [[0, 41, 65, 34, 44, 38, 58, 33, 48, 48], [41, 0, 55, 44, 49, 29, 34, 9, 28, 37], [65, 55, 0, 51, 79, 37, 63, 57, 57, 47], [34, 44, 51, 0, 48, 24, 38, 41, 34, 39], [44, 49, 79, 48, 0, 52, 70, 51, 62, 67], [38, 29, 37, 24, 52, 0, 32, 24, 29, 15], [58, 34, 63, 38, 70, 32, 0, 25, 30, 43], [33, 9, 57, 41, 51, 24, 25, 0, 31, 35], [48, 28, 57, 34, 62, 29, 30, 31, 0, 43], [48, 37, 47, 39, 67, 15, 43, 35, 43, 0]], ""p"": 1, ""objective"": 51.0}","{""facilities"": [3], ""assignments"": [3, 3, 3, 3, 3, 3, 3, 3, 3, 3]}",51.0,"{""problem_type"": ""PCENTER"", ""num_nodes"": 10, ""num_open"": 1, ""sites"": [{""id"": 1, ""distances"": {""1"": 0, ""2"": 41, ""3"": 65, ""4"": 34, ""5"": 44, ""6"": 38, ""7"": 58, ""8"": 33, ""9"": 48, ""10"": 48}}, {""id"": 2, ""distances"": {""1"": 41, ""2"": 0, ""3"": 55, ""4"": 44, ""5"": 49, ""6"": 29, ""7"": 34, ""8"": 9, ""9"": 28, ""10"": 37}}, {""id"": 3, ""distances"": {""1"": 65, ""2"": 55, ""3"": 0, ""4"": 51, ""5"": 79, ""6"": 37, ""7"": 63, ""8"": 57, ""9"": 57, ""10"": 47}}, {""id"": 4, ""distances"": {""1"": 34, ""2"": 44, ""3"": 51, ""4"": 0, ""5"": 48, ""6"": 24, ""7"": 38, ""8"": 41, ""9"": 34, ""10"": 39}}, {""id"": 5, ""distances"": {""1"": 44, ""2"": 49, ""3"": 79, ""4"": 48, ""5"": 0, ""6"": 52, ""7"": 70, ""8"": 51, ""9"": 62, ""10"": 67}}, {""id"": 6, ""distances"": {""1"": 38, ""2"": 29, ""3"": 37, ""4"": 24, ""5"": 52, ""6"": 0, ""7"": 32, ""8"": 24, ""9"": 29, ""10"": 15}}, {""id"": 7, ""distances"": {""1"": 58, ""2"": 34, ""3"": 63, ""4"": 38, ""5"": 70, ""6"": 32, ""7"": 0, ""8"": 25, ""9"": 30, ""10"": 43}}, {""id"": 8, ""distances"": {""1"": 33, ""2"": 9, ""3"": 57, ""4"": 41, ""5"": 51, ""6"": 24, ""7"": 25, ""8"": 0, ""9"": 31, ""10"": 35}}, {""id"": 9, ""distances"": {""1"": 48, ""2"": 28, ""3"": 57, ""4"": 34, ""5"": 62, ""6"": 29, ""7"": 30, ""8"": 31, ""9"": 0, ""10"": 43}}, {""id"": 10, ""distances"": {""1"": 48, ""2"": 37, ""3"": 47, ""4"": 39, ""5"": 67, ""6"": 15, ""7"": 43, ""8"": 35, ""9"": 43, ""10"": 0}}], ""objective"": 51.0}","{""selected"": [4], ""assignments"": [4, 4, 4, 4, 4, 4, 4, 4, 4, 4]}"
PCENTER_M_028,PCENTER,M,28,"We operate a network of shops and need to decide which few storefronts will host small fulfillment kiosks. The plan is to pick the required number of kiosks, then assign every sales area to exactly one open kiosk so every area is covered and none are assigned twice. To compare different choices, we look at the farthest any area has to travel to its kiosk — the smaller that farthest trip, the better the setup. The specific sites and the distances between them are shown below.

There are 12 candidate storefronts; we must open 1 kiosks, and the location IDs are A, B, C, D, E, F, G, H, I, J, K, L.
We measure the dispatch distance from A to B as 31.
We measure the dispatch distance from A to C as 51.
We measure the dispatch distance from A to D as 50.
We measure the dispatch distance from A to E as 36.
We measure the dispatch distance from A to F as 38.
We measure the dispatch distance from A to G as 38.
We measure the dispatch distance from A to H as 43.
We measure the dispatch distance from A to I as 23.
We measure the dispatch distance from A to J as 60.
We measure the dispatch distance from A to K as 29.
We measure the dispatch distance from A to L as 42.
We measure the dispatch distance from B to A as 31.
We measure the dispatch distance from B to C as 30.
We measure the dispatch distance from B to D as 19.
We measure the dispatch distance from B to E as 18.
We measure the dispatch distance from B to F as 23.
We measure the dispatch distance from B to G as 20.
We measure the dispatch distance from B to H as 24.
We measure the dispatch distance from B to I as 23.
We measure the dispatch distance from B to J as 43.
We measure the dispatch distance from B to K as 30.
We measure the dispatch distance from B to L as 42.
We measure the dispatch distance from C to A as 51.
We measure the dispatch distance from C to B as 30.
We measure the dispatch distance from C to D as 40.
We measure the dispatch distance from C to E as 36.
We measure the dispatch distance from C to F as 38.
We measure the dispatch distance from C to G as 36.
We measure the dispatch distance from C to H as 34.
We measure the dispatch distance from C to I as 33.
We measure the dispatch distance from C to J as 56.
We measure the dispatch distance from C to K as 42.
We measure the dispatch distance from C to L as 52.
We measure the dispatch distance from D to A as 50.
We measure the dispatch distance from D to B as 19.
We measure the dispatch distance from D to C as 40.
We measure the dispatch distance from D to E as 28.
We measure the dispatch distance from D to F as 22.
We measure the dispatch distance from D to G as 30.
We measure the dispatch distance from D to H as 27.
We measure the dispatch distance from D to I as 27.
We measure the dispatch distance from D to J as 44.
We measure the dispatch distance from D to K as 29.
We measure the dispatch distance from D to L as 44.
We measure the dispatch distance from E to A as 36.
We measure the dispatch distance from E to B as 18.
We measure the dispatch distance from E to C as 36.
We measure the dispatch distance from E to D as 28.
We measure the dispatch distance from E to F as 25.
We measure the dispatch distance from E to G as 17.
We measure the dispatch distance from E to H as 28.
We measure the dispatch distance from E to I as 27.
We measure the dispatch distance from E to J as 47.
We measure the dispatch distance from E to K as 26.
We measure the dispatch distance from E to L as 42.
We measure the dispatch distance from F to A as 38.
We measure the dispatch distance from F to B as 23.
We measure the dispatch distance from F to C as 38.
We measure the dispatch distance from F to D as 22.
We measure the dispatch distance from F to E as 25.
We measure the dispatch distance from F to G as 32.
We measure the dispatch distance from F to H as 27.
We measure the dispatch distance from F to I as 21.
We measure the dispatch distance from F to J as 22.
We measure the dispatch distance from F to K as 9.
We measure the dispatch distance from F to L as 38.
We measure the dispatch distance from G to A as 38.
We measure the dispatch distance from G to B as 20.
We measure the dispatch distance from G to C as 36.
We measure the dispatch distance from G to D as 30.
We measure the dispatch distance from G to E as 17.
We measure the dispatch distance from G to F as 32.
We measure the dispatch distance from G to H as 18.
We measure the dispatch distance from G to I as 27.
We measure the dispatch distance from G to J as 47.
We measure the dispatch distance from G to K as 29.
We measure the dispatch distance from G to L as 42.
We measure the dispatch distance from H to A as 43.
We measure the dispatch distance from H to B as 24.
We measure the dispatch distance from H to C as 34.
We measure the dispatch distance from H to D as 27.
We measure the dispatch distance from H to E as 28.
We measure the dispatch distance from H to F as 27.
We measure the dispatch distance from H to G as 18.
We measure the dispatch distance from H to I as 25.
We measure the dispatch distance from H to J as 47.
We measure the dispatch distance from H to K as 32.
We measure the dispatch distance from H to L as 43.
We measure the dispatch distance from I to A as 23.
We measure the dispatch distance from I to B as 23.
We measure the dispatch distance from I to C as 33.
We measure the dispatch distance from I to D as 27.
We measure the dispatch distance from I to E as 27.
We measure the dispatch distance from I to F as 21.
We measure the dispatch distance from I to G as 27.
We measure the dispatch distance from I to H as 25.
We measure the dispatch distance from I to J as 43.
We measure the dispatch distance from I to K as 17.
We measure the dispatch distance from I to L as 19.
We measure the dispatch distance from J to A as 60.
We measure the dispatch distance from J to B as 43.
We measure the dispatch distance from J to C as 56.
We measure the dispatch distance from J to D as 44.
We measure the dispatch distance from J to E as 47.
We measure the dispatch distance from J to F as 22.
We measure the dispatch distance from J to G as 47.
We measure the dispatch distance from J to H as 47.
We measure the dispatch distance from J to I as 43.
We measure the dispatch distance from J to K as 31.
We measure the dispatch distance from J to L as 57.
We measure the dispatch distance from K to A as 29.
We measure the dispatch distance from K to B as 30.
We measure the dispatch distance from K to C as 42.
We measure the dispatch distance from K to D as 29.
We measure the dispatch distance from K to E as 26.
We measure the dispatch distance from K to F as 9.
We measure the dispatch distance from K to G as 29.
We measure the dispatch distance from K to H as 32.
We measure the dispatch distance from K to I as 17.
We measure the dispatch distance from K to J as 31.
We measure the dispatch distance from K to L as 34.
We measure the dispatch distance from L to A as 42.
We measure the dispatch distance from L to B as 42.
We measure the dispatch distance from L to C as 52.
We measure the dispatch distance from L to D as 44.
We measure the dispatch distance from L to E as 42.
We measure the dispatch distance from L to F as 38.
We measure the dispatch distance from L to G as 42.
We measure the dispatch distance from L to H as 43.
We measure the dispatch distance from L to I as 19.
We measure the dispatch distance from L to J as 57.
We measure the dispatch distance from L to K as 34.
We will use these distances to evaluate the worst-case assigned dispatch distance for the chosen 1 kiosks.

Also, to keep things tidy, please send your choice in this little JSON shape — nothing fancy, just the skeleton below that says which sites you open and which open site each area is assigned to.

{
  ""solution"": {
    ""selected"": [<site_to_open>, <site_to_open>, ...],
    ""assignments"": [<chosen_open_site>, <chosen_open_site>, ...]
  }
}

This is just a sketch of the shape I expect: ""selected"" is the list of sites where we put kiosks, and ""assignments"" lists, for every sales area in the same order as the instance, which open site it's assigned to. Light and informal — think of it like filling in two columns on a form, not a full report.

One more thing: use the exact identifiers from the instance input — don't rename them or invent new labels. Valid identifiers look like plain numbers such as “1” or “23”, single capital letters like “A” or “B”, or a capital letter followed by digits like “A1” or “X7”.",nl,names,"{""distance_matrix"": [[0, 31, 51, 50, 36, 38, 38, 43, 23, 60, 29, 42], [31, 0, 30, 19, 18, 23, 20, 24, 23, 43, 30, 42], [51, 30, 0, 40, 36, 38, 36, 34, 33, 56, 42, 52], [50, 19, 40, 0, 28, 22, 30, 27, 27, 44, 29, 44], [36, 18, 36, 28, 0, 25, 17, 28, 27, 47, 26, 42], [38, 23, 38, 22, 25, 0, 32, 27, 21, 22, 9, 38], [38, 20, 36, 30, 17, 32, 0, 18, 27, 47, 29, 42], [43, 24, 34, 27, 28, 27, 18, 0, 25, 47, 32, 43], [23, 23, 33, 27, 27, 21, 27, 25, 0, 43, 17, 19], [60, 43, 56, 44, 47, 22, 47, 47, 43, 0, 31, 57], [29, 30, 42, 29, 26, 9, 29, 32, 17, 31, 0, 34], [42, 42, 52, 44, 42, 38, 42, 43, 19, 57, 34, 0]], ""p"": 1, ""objective"": 38.0}","{""facilities"": [5], ""assignments"": [5, 5, 5, 5, 5, 5, 5, 5, 5, 5, 5, 5]}",38.0,"{""problem_type"": ""PCENTER"", ""num_nodes"": 12, ""num_open"": 1, ""sites"": [{""id"": ""A"", ""distances"": {""A"": 0, ""B"": 31, ""C"": 51, ""D"": 50, ""E"": 36, ""F"": 38, ""G"": 38, ""H"": 43, ""I"": 23, ""J"": 60, ""K"": 29, ""L"": 42}}, {""id"": ""B"", ""distances"": {""A"": 31, ""B"": 0, ""C"": 30, ""D"": 19, ""E"": 18, ""F"": 23, ""G"": 20, ""H"": 24, ""I"": 23, ""J"": 43, ""K"": 30, ""L"": 42}}, {""id"": ""C"", ""distances"": {""A"": 51, ""B"": 30, ""C"": 0, ""D"": 40, ""E"": 36, ""F"": 38, ""G"": 36, ""H"": 34, ""I"": 33, ""J"": 56, ""K"": 42, ""L"": 52}}, {""id"": ""D"", ""distances"": {""A"": 50, ""B"": 19, ""C"": 40, ""D"": 0, ""E"": 28, ""F"": 22, ""G"": 30, ""H"": 27, ""I"": 27, ""J"": 44, ""K"": 29, ""L"": 44}}, {""id"": ""E"", ""distances"": {""A"": 36, ""B"": 18, ""C"": 36, ""D"": 28, ""E"": 0, ""F"": 25, ""G"": 17, ""H"": 28, ""I"": 27, ""J"": 47, ""K"": 26, ""L"": 42}}, {""id"": ""F"", ""distances"": {""A"": 38, ""B"": 23, ""C"": 38, ""D"": 22, ""E"": 25, ""F"": 0, ""G"": 32, ""H"": 27, ""I"": 21, ""J"": 22, ""K"": 9, ""L"": 38}}, {""id"": ""G"", ""distances"": {""A"": 38, ""B"": 20, ""C"": 36, ""D"": 30, ""E"": 17, ""F"": 32, ""G"": 0, ""H"": 18, ""I"": 27, ""J"": 47, ""K"": 29, ""L"": 42}}, {""id"": ""H"", ""distances"": {""A"": 43, ""B"": 24, ""C"": 34, ""D"": 27, ""E"": 28, ""F"": 27, ""G"": 18, ""H"": 0, ""I"": 25, ""J"": 47, ""K"": 32, ""L"": 43}}, {""id"": ""I"", ""distances"": {""A"": 23, ""B"": 23, ""C"": 33, ""D"": 27, ""E"": 27, ""F"": 21, ""G"": 27, ""H"": 25, ""I"": 0, ""J"": 43, ""K"": 17, ""L"": 19}}, {""id"": ""J"", ""distances"": {""A"": 60, ""B"": 43, ""C"": 56, ""D"": 44, ""E"": 47, ""F"": 22, ""G"": 47, ""H"": 47, ""I"": 43, ""J"": 0, ""K"": 31, ""L"": 57}}, {""id"": ""K"", ""distances"": {""A"": 29, ""B"": 30, ""C"": 42, ""D"": 29, ""E"": 26, ""F"": 9, ""G"": 29, ""H"": 32, ""I"": 17, ""J"": 31, ""K"": 0, ""L"": 34}}, {""id"": ""L"", ""distances"": {""A"": 42, ""B"": 42, ""C"": 52, ""D"": 44, ""E"": 42, ""F"": 38, ""G"": 42, ""H"": 43, ""I"": 19, ""J"": 57, ""K"": 34, ""L"": 0}}], ""objective"": 38.0}","{""selected"": [""F""], ""assignments"": [""F"", ""F"", ""F"", ""F"", ""F"", ""F"", ""F"", ""F"", ""F"", ""F"", ""F"", ""F""]}"
PCENTER_M_029,PCENTER,M,29,"We’re picturing the event team laying out a few information desks around the galleries: they choose a set number of booth locations from the proposed spots, and then tie each exhibit area to one of those booths so every area is covered. The rule is the number of booths is fixed and every exhibit zone must be linked to exactly one booth — nothing can be left out or assigned twice. To judge any layout, check each zone’s walking distance to its linked booth, find the biggest distance among them, and aim to shrink that biggest walk as much as possible. The actual list of spots and distance numbers appears below.

# total_candidate_locations=11
# num_booths_to_open=2
# location_ids=0, 1, 2, 3, 4, 5, 6, 7, 8, 9, 10
from_location_id,to_location_id,walking_distance
0,1,66
0,2,68
0,3,79
0,4,63
0,5,72
0,6,91
0,7,47
0,8,55
0,9,73
0,10,59
1,0,66
1,2,70
1,3,60
1,4,63
1,5,37
1,6,58
1,7,19
1,8,27
1,9,42
1,10,25
2,0,68
2,1,70
2,3,57
2,4,83
2,5,67
2,6,85
2,7,57
2,8,65
2,9,81
2,10,83
3,0,79
3,1,60
3,2,57
3,4,72
3,5,79
3,6,85
3,7,41
3,8,47
3,9,62
3,10,61
4,0,63
4,1,63
4,2,83
4,3,72
4,5,76
4,6,96
4,7,60
4,8,66
4,9,50
4,10,43
5,0,72
5,1,37
5,2,67
5,3,79
5,4,76
5,6,21
5,7,41
5,8,49
5,9,55
5,10,62
6,0,91
6,1,58
6,2,85
6,3,85
6,4,96
6,5,21
6,7,44
6,8,52
6,9,76
6,10,62
7,0,47
7,1,19
7,2,57
7,3,41
7,4,60
7,5,41
7,6,44
7,8,8
7,9,47
7,10,44
8,0,55
8,1,27
8,2,65
8,3,47
8,4,66
8,5,49
8,6,52
8,7,8
8,9,55
8,10,52
9,0,73
9,1,42
9,2,81
9,3,62
9,4,50
9,5,55
9,6,76
9,7,47
9,8,55
9,10,61
10,0,59
10,1,25
10,2,83
10,3,61
10,4,43
10,5,62
10,6,62
10,7,44
10,8,52
10,9,61

Oh, and when you send the layout back, please use this little JSON sketch so it's easy to parse. It should follow this shape exactly:

{
  ""solution"": {
    ""selected"": [<booth_to_open>, <booth_to_open>, ...],
    ""assignments"": [<chosen_open_booth>, <chosen_open_booth>, ...]
  }
}

""selected"" is the list of booth locations you decide to open. ""assignments"" is a list at the same length as the list of exhibit areas in the instance: each entry names which opened booth that area is linked to. Think of it like filling out a simple form — which booths are open, and which booth covers each area.

This JSON is just a template showing the expected shape, not the real answer. Please use the exact identifiers from the instance input for any locations or areas — do not rename them or invent new labels. 

Valid identifiers look like plain numbers such as “1” or “23”, single capital letters like “A” or “B”, or a capital letter followed by digits like “A1” or “X7”.",csv,zero_based,"{""distance_matrix"": [[0, 66, 68, 79, 63, 72, 91, 47, 55, 73, 59], [66, 0, 70, 60, 63, 37, 58, 19, 27, 42, 25], [68, 70, 0, 57, 83, 67, 85, 57, 65, 81, 83], [79, 60, 57, 0, 72, 79, 85, 41, 47, 62, 61], [63, 63, 83, 72, 0, 76, 96, 60, 66, 50, 43], [72, 37, 67, 79, 76, 0, 21, 41, 49, 55, 62], [91, 58, 85, 85, 96, 21, 0, 44, 52, 76, 62], [47, 19, 57, 41, 60, 41, 44, 0, 8, 47, 44], [55, 27, 65, 47, 66, 49, 52, 8, 0, 55, 52], [73, 42, 81, 62, 50, 55, 76, 47, 55, 0, 61], [59, 25, 83, 61, 43, 62, 62, 44, 52, 61, 0]], ""p"": 2, ""objective"": 57.0}","{""facilities"": [7, 10], ""assignments"": [7, 7, 7, 7, 10, 7, 7, 7, 7, 7, 7]}",57.0,"{""problem_type"": ""PCENTER"", ""num_nodes"": 11, ""num_open"": 2, ""sites"": [{""id"": 0, ""distances"": {""0"": 0, ""1"": 66, ""2"": 68, ""3"": 79, ""4"": 63, ""5"": 72, ""6"": 91, ""7"": 47, ""8"": 55, ""9"": 73, ""10"": 59}}, {""id"": 1, ""distances"": {""0"": 66, ""1"": 0, ""2"": 70, ""3"": 60, ""4"": 63, ""5"": 37, ""6"": 58, ""7"": 19, ""8"": 27, ""9"": 42, ""10"": 25}}, {""id"": 2, ""distances"": {""0"": 68, ""1"": 70, ""2"": 0, ""3"": 57, ""4"": 83, ""5"": 67, ""6"": 85, ""7"": 57, ""8"": 65, ""9"": 81, ""10"": 83}}, {""id"": 3, ""distances"": {""0"": 79, ""1"": 60, ""2"": 57, ""3"": 0, ""4"": 72, ""5"": 79, ""6"": 85, ""7"": 41, ""8"": 47, ""9"": 62, ""10"": 61}}, {""id"": 4, ""distances"": {""0"": 63, ""1"": 63, ""2"": 83, ""3"": 72, ""4"": 0, ""5"": 76, ""6"": 96, ""7"": 60, ""8"": 66, ""9"": 50, ""10"": 43}}, {""id"": 5, ""distances"": {""0"": 72, ""1"": 37, ""2"": 67, ""3"": 79, ""4"": 76, ""5"": 0, ""6"": 21, ""7"": 41, ""8"": 49, ""9"": 55, ""10"": 62}}, {""id"": 6, ""distances"": {""0"": 91, ""1"": 58, ""2"": 85, ""3"": 85, ""4"": 96, ""5"": 21, ""6"": 0, ""7"": 44, ""8"": 52, ""9"": 76, ""10"": 62}}, {""id"": 7, ""distances"": {""0"": 47, ""1"": 19, ""2"": 57, ""3"": 41, ""4"": 60, ""5"": 41, ""6"": 44, ""7"": 0, ""8"": 8, ""9"": 47, ""10"": 44}}, {""id"": 8, ""distances"": {""0"": 55, ""1"": 27, ""2"": 65, ""3"": 47, ""4"": 66, ""5"": 49, ""6"": 52, ""7"": 8, ""8"": 0, ""9"": 55, ""10"": 52}}, {""id"": 9, ""distances"": {""0"": 73, ""1"": 42, ""2"": 81, ""3"": 62, ""4"": 50, ""5"": 55, ""6"": 76, ""7"": 47, ""8"": 55, ""9"": 0, ""10"": 61}}, {""id"": 10, ""distances"": {""0"": 59, ""1"": 25, ""2"": 83, ""3"": 61, ""4"": 43, ""5"": 62, ""6"": 62, ""7"": 44, ""8"": 52, ""9"": 61, ""10"": 0}}], ""objective"": 57.0}","{""selected"": [7, 10], ""assignments"": [7, 7, 7, 7, 10, 7, 7, 7, 7, 7, 7]}"
PCENTER_M_030,PCENTER,M,30,"As part of the event planning, the coordinator must open a fixed number of concession bases from a set of candidate locations and assign each crowd cluster to one of the opened bases. Every cluster has to be assigned to exactly one base and only the chosen number of bases may be used. To compare choices, look at each cluster’s walk to its assigned base, take the longest of those walks, and favor the plan that minimizes that longest walk. The specific locations and distances are shown below.

This instance contains 9 total locations; the coordinator must open exactly 3 concession bases and may choose from these location identifiers: 1, 2, 3, 4, 5, 6, 7, 8, 9.
From location 1 to location 2, the walking distance is 46.
From location 1 to location 3, the walking distance is 39.
From location 1 to location 4, the walking distance is 37.
From location 1 to location 5, the walking distance is 35.
From location 1 to location 6, the walking distance is 29.
From location 1 to location 7, the walking distance is 15.
From location 1 to location 8, the walking distance is 32.
From location 1 to location 9, the walking distance is 43.
From location 2 to location 1, the walking distance is 46.
From location 2 to location 3, the walking distance is 25.
From location 2 to location 4, the walking distance is 32.
From location 2 to location 5, the walking distance is 38.
From location 2 to location 6, the walking distance is 30.
From location 2 to location 7, the walking distance is 35.
From location 2 to location 8, the walking distance is 30.
From location 2 to location 9, the walking distance is 41.
From location 3 to location 1, the walking distance is 39.
From location 3 to location 2, the walking distance is 25.
From location 3 to location 4, the walking distance is 28.
From location 3 to location 5, the walking distance is 34.
From location 3 to location 6, the walking distance is 33.
From location 3 to location 7, the walking distance is 35.
From location 3 to location 8, the walking distance is 31.
From location 3 to location 9, the walking distance is 38.
From location 4 to location 1, the walking distance is 37.
From location 4 to location 2, the walking distance is 32.
From location 4 to location 3, the walking distance is 28.
From location 4 to location 5, the walking distance is 34.
From location 4 to location 6, the walking distance is 33.
From location 4 to location 7, the walking distance is 45.
From location 4 to location 8, the walking distance is 36.
From location 4 to location 9, the walking distance is 38.
From location 5 to location 1, the walking distance is 35.
From location 5 to location 2, the walking distance is 38.
From location 5 to location 3, the walking distance is 34.
From location 5 to location 4, the walking distance is 34.
From location 5 to location 6, the walking distance is 30.
From location 5 to location 7, the walking distance is 37.
From location 5 to location 8, the walking distance is 33.
From location 5 to location 9, the walking distance is 24.
From location 6 to location 1, the walking distance is 29.
From location 6 to location 2, the walking distance is 30.
From location 6 to location 3, the walking distance is 33.
From location 6 to location 4, the walking distance is 33.
From location 6 to location 5, the walking distance is 30.
From location 6 to location 7, the walking distance is 24.
From location 6 to location 8, the walking distance is 31.
From location 6 to location 9, the walking distance is 34.
From location 7 to location 1, the walking distance is 15.
From location 7 to location 2, the walking distance is 35.
From location 7 to location 3, the walking distance is 35.
From location 7 to location 4, the walking distance is 45.
From location 7 to location 5, the walking distance is 37.
From location 7 to location 6, the walking distance is 24.
From location 7 to location 8, the walking distance is 22.
From location 7 to location 9, the walking distance is 37.
From location 8 to location 1, the walking distance is 32.
From location 8 to location 2, the walking distance is 30.
From location 8 to location 3, the walking distance is 31.
From location 8 to location 4, the walking distance is 36.
From location 8 to location 5, the walking distance is 33.
From location 8 to location 6, the walking distance is 31.
From location 8 to location 7, the walking distance is 22.
From location 8 to location 9, the walking distance is 34.
From location 9 to location 1, the walking distance is 43.
From location 9 to location 2, the walking distance is 41.
From location 9 to location 3, the walking distance is 38.
From location 9 to location 4, the walking distance is 38.
From location 9 to location 5, the walking distance is 24.
From location 9 to location 6, the walking distance is 34.
From location 9 to location 7, the walking distance is 37.
From location 9 to location 8, the walking distance is 34.
The coordinator will use these distances to assess assignment plans under the requirement to open 3 bases.

If you want to hand in a proposed plan, a relaxed way to do it is to follow this little JSON sketch for the shape of the answer:

{
  ""solution"": {
    ""selected"": [""<site_to_open>"", ""<site_to_open>"", ...],
    ""assignments"": [""<chosen_site>"", ""<chosen_site>"", ...]
  }
}

This just means: ""selected"" is the list of concession sites you decide to open, and ""assignments"" lists, for each crowd cluster in the instance order, which opened site that cluster will use. Think of it like filling out a simple form — the JSON above is only the shape I need, not the actual plan.

Please be sure to use the exact identifiers as they appear in the instance input — don't rename them or invent new labels. Valid identifiers look like plain numbers such as “1” or “23”, single capital letters like “A” or “B”, or a capital letter followed by digits like “A1” or “X7”.",nl,one_based,"{""distance_matrix"": [[0, 46, 39, 37, 35, 29, 15, 32, 43], [46, 0, 25, 32, 38, 30, 35, 30, 41], [39, 25, 0, 28, 34, 33, 35, 31, 38], [37, 32, 28, 0, 34, 33, 45, 36, 38], [35, 38, 34, 34, 0, 30, 37, 33, 24], [29, 30, 33, 33, 30, 0, 24, 31, 34], [15, 35, 35, 45, 37, 24, 0, 22, 37], [32, 30, 31, 36, 33, 31, 22, 0, 34], [43, 41, 38, 38, 24, 34, 37, 34, 0]], ""p"": 3, ""objective"": 28.0}","{""facilities"": [2, 4, 6], ""assignments"": [6, 2, 2, 2, 4, 6, 6, 6, 4]}",28.0,"{""problem_type"": ""PCENTER"", ""num_nodes"": 9, ""num_open"": 3, ""sites"": [{""id"": 1, ""distances"": {""1"": 0, ""2"": 46, ""3"": 39, ""4"": 37, ""5"": 35, ""6"": 29, ""7"": 15, ""8"": 32, ""9"": 43}}, {""id"": 2, ""distances"": {""1"": 46, ""2"": 0, ""3"": 25, ""4"": 32, ""5"": 38, ""6"": 30, ""7"": 35, ""8"": 30, ""9"": 41}}, {""id"": 3, ""distances"": {""1"": 39, ""2"": 25, ""3"": 0, ""4"": 28, ""5"": 34, ""6"": 33, ""7"": 35, ""8"": 31, ""9"": 38}}, {""id"": 4, ""distances"": {""1"": 37, ""2"": 32, ""3"": 28, ""4"": 0, ""5"": 34, ""6"": 33, ""7"": 45, ""8"": 36, ""9"": 38}}, {""id"": 5, ""distances"": {""1"": 35, ""2"": 38, ""3"": 34, ""4"": 34, ""5"": 0, ""6"": 30, ""7"": 37, ""8"": 33, ""9"": 24}}, {""id"": 6, ""distances"": {""1"": 29, ""2"": 30, ""3"": 33, ""4"": 33, ""5"": 30, ""6"": 0, ""7"": 24, ""8"": 31, ""9"": 34}}, {""id"": 7, ""distances"": {""1"": 15, ""2"": 35, ""3"": 35, ""4"": 45, ""5"": 37, ""6"": 24, ""7"": 0, ""8"": 22, ""9"": 37}}, {""id"": 8, ""distances"": {""1"": 32, ""2"": 30, ""3"": 31, ""4"": 36, ""5"": 33, ""6"": 31, ""7"": 22, ""8"": 0, ""9"": 34}}, {""id"": 9, ""distances"": {""1"": 43, ""2"": 41, ""3"": 38, ""4"": 38, ""5"": 24, ""6"": 34, ""7"": 37, ""8"": 34, ""9"": 0}}], ""objective"": 28.0}","{""selected"": [3, 5, 7], ""assignments"": [7, 3, 3, 3, 5, 7, 7, 7, 5]}"
PCENTER_M_031,PCENTER,M,31,"We’ve got a pile of potential sites and a clear limit on how many rapid-response stations we can open, so the job is to pick which ones to use. Each district must go to one and only one open station, and what makes a plan better is how close the most remote district ends up being — measure every district’s ride to its station, find the longest ride, and aim to make that longest ride as short as possible. The exact locations and the distance numbers are given below.

{
  ""total_candidate_locations"": 12,
  ""num_bases_to_open"": 1,
  ""location_ids"": [
    ""A"",
    ""B"",
    ""C"",
    ""D"",
    ""E"",
    ""F"",
    ""G"",
    ""H"",
    ""I"",
    ""J"",
    ""K"",
    ""L""
  ],
  ""data"": [
    {
      ""origin_location_id"": ""A"",
      ""destination_location_id"": ""B"",
      ""travel_distance"": 23
    },
    {
      ""origin_location_id"": ""A"",
      ""destination_location_id"": ""C"",
      ""travel_distance"": 48
    },
    {
      ""origin_location_id"": ""A"",
      ""destination_location_id"": ""D"",
      ""travel_distance"": 30
    },
    {
      ""origin_location_id"": ""A"",
      ""destination_location_id"": ""E"",
      ""travel_distance"": 39
    },
    {
      ""origin_location_id"": ""A"",
      ""destination_location_id"": ""F"",
      ""travel_distance"": 45
    },
    {
      ""origin_location_id"": ""A"",
      ""destination_location_id"": ""G"",
      ""travel_distance"": 32
    },
    {
      ""origin_location_id"": ""A"",
      ""destination_location_id"": ""H"",
      ""travel_distance"": 21
    },
    {
      ""origin_location_id"": ""A"",
      ""destination_location_id"": ""I"",
      ""travel_distance"": 48
    },
    {
      ""origin_location_id"": ""A"",
      ""destination_location_id"": ""J"",
      ""travel_distance"": 17
    },
    {
      ""origin_location_id"": ""A"",
      ""destination_location_id"": ""K"",
      ""travel_distance"": 12
    },
    {
      ""origin_location_id"": ""A"",
      ""destination_location_id"": ""L"",
      ""travel_distance"": 41
    },
    {
      ""origin_location_id"": ""B"",
      ""destination_location_id"": ""A"",
      ""travel_distance"": 23
    },
    {
      ""origin_location_id"": ""B"",
      ""destination_location_id"": ""C"",
      ""travel_distance"": 48
    },
    {
      ""origin_location_id"": ""B"",
      ""destination_location_id"": ""D"",
      ""travel_distance"": 35
    },
    {
      ""origin_location_id"": ""B"",
      ""destination_location_id"": ""E"",
      ""travel_distance"": 37
    },
    {
      ""origin_location_id"": ""B"",
      ""destination_location_id"": ""F"",
      ""travel_distance"": 43
    },
    {
      ""origin_location_id"": ""B"",
      ""destination_location_id"": ""G"",
      ""travel_distance"": 31
    },
    {
      ""origin_location_id"": ""B"",
      ""destination_location_id"": ""H"",
      ""travel_distance"": 34
    },
    {
      ""origin_location_id"": ""B"",
      ""destination_location_id"": ""I"",
      ""travel_distance"": 47
    },
    {
      ""origin_location_id"": ""B"",
      ""destination_location_id"": ""J"",
      ""travel_distance"": 40
    },
    {
      ""origin_location_id"": ""B"",
      ""destination_location_id"": ""K"",
      ""travel_distance"": 35
    },
    {
      ""origin_location_id"": ""B"",
      ""destination_location_id"": ""L"",
      ""travel_distance"": 40
    },
    {
      ""origin_location_id"": ""C"",
      ""destination_location_id"": ""A"",
      ""travel_distance"": 48
    },
    {
      ""origin_location_id"": ""C"",
      ""destination_location_id"": ""B"",
      ""travel_distance"": 48
    },
    {
      ""origin_location_id"": ""C"",
      ""destination_location_id"": ""D"",
      ""travel_distance"": 61
    },
    {
      ""origin_location_id"": ""C"",
      ""destination_location_id"": ""E"",
      ""travel_distance"": 57
    },
    {
      ""origin_location_id"": ""C"",
      ""destination_location_id"": ""F"",
      ""travel_distance"": 59
    },
    {
      ""origin_location_id"": ""C"",
      ""destination_location_id"": ""G"",
      ""travel_distance"": 36
    },
    {
      ""origin_location_id"": ""C"",
      ""destination_location_id"": ""H"",
      ""travel_distance"": 37
    },
    {
      ""origin_location_id"": ""C"",
      ""destination_location_id"": ""I"",
      ""travel_distance"": 47
    },
    {
      ""origin_location_id"": ""C"",
      ""destination_location_id"": ""J"",
      ""travel_distance"": 39
    },
    {
      ""origin_location_id"": ""C"",
      ""destination_location_id"": ""K"",
      ""travel_distance"": 56
    },
    {
      ""origin_location_id"": ""C"",
      ""destination_location_id"": ""L"",
      ""travel_distance"": 47
    },
    {
      ""origin_location_id"": ""D"",
      ""destination_location_id"": ""A"",
      ""travel_distance"": 30
    },
    {
      ""origin_location_id"": ""D"",
      ""destination_location_id"": ""B"",
      ""travel_distance"": 35
    },
    {
      ""origin_location_id"": ""D"",
      ""destination_location_id"": ""C"",
      ""travel_distance"": 61
    },
    {
      ""origin_location_id"": ""D"",
      ""destination_location_id"": ""E"",
      ""travel_distance"": 56
    },
    {
      ""origin_location_id"": ""D"",
      ""destination_location_id"": ""F"",
      ""travel_distance"": 51
    },
    {
      ""origin_location_id"": ""D"",
      ""destination_location_id"": ""G"",
      ""travel_distance"": 43
    },
    {
      ""origin_location_id"": ""D"",
      ""destination_location_id"": ""H"",
      ""travel_distance"": 25
    },
    {
      ""origin_location_id"": ""D"",
      ""destination_location_id"": ""I"",
      ""travel_distance"": 37
    },
    {
      ""origin_location_id"": ""D"",
      ""destination_location_id"": ""J"",
      ""travel_distance"": 38
    },
    {
      ""origin_location_id"": ""D"",
      ""destination_location_id"": ""K"",
      ""travel_distance"": 18
    },
    {
      ""origin_location_id"": ""D"",
      ""destination_location_id"": ""L"",
      ""travel_distance"": 52
    },
    {
      ""origin_location_id"": ""E"",
      ""destination_location_id"": ""A"",
      ""travel_distance"": 39
    },
    {
      ""origin_location_id"": ""E"",
      ""destination_location_id"": ""B"",
      ""travel_distance"": 37
    },
    {
      ""origin_location_id"": ""E"",
      ""destination_location_id"": ""C"",
      ""travel_distance"": 57
    },
    {
      ""origin_location_id"": ""E"",
      ""destination_location_id"": ""D"",
      ""travel_distance"": 56
    },
    {
      ""origin_location_id"": ""E"",
      ""destination_location_id"": ""F"",
      ""travel_distance"": 26
    },
    {
      ""origin_location_id"": ""E"",
      ""destination_location_id"": ""G"",
      ""travel_distance"": 29
    },
    {
      ""origin_location_id"": ""E"",
      ""destination_location_id"": ""H"",
      ""travel_distance"": 39
    },
    {
      ""origin_location_id"": ""E"",
      ""destination_location_id"": ""I"",
      ""travel_distance"": 46
    },
    {
      ""origin_location_id"": ""E"",
      ""destination_location_id"": ""J"",
      ""travel_distance"": 37
    },
    {
      ""origin_location_id"": ""E"",
      ""destination_location_id"": ""K"",
      ""travel_distance"": 51
    },
    {
      ""origin_location_id"": ""E"",
      ""destination_location_id"": ""L"",
      ""travel_distance"": 50
    },
    {
      ""origin_location_id"": ""F"",
      ""destination_location_id"": ""A"",
      ""travel_distance"": 45
    },
    {
      ""origin_location_id"": ""F"",
      ""destination_location_id"": ""B"",
      ""travel_distance"": 43
    },
    {
      ""origin_location_id"": ""F"",
      ""destination_location_id"": ""C"",
      ""travel_distance"": 59
    },
    {
      ""origin_location_id"": ""F"",
      ""destination_location_id"": ""D"",
      ""travel_distance"": 51
    },
    {
      ""origin_location_id"": ""F"",
      ""destination_location_id"": ""E"",
      ""travel_distance"": 26
    },
    {
      ""origin_location_id"": ""F"",
      ""destination_location_id"": ""G"",
      ""travel_distance"": 37
    },
    {
      ""origin_location_id"": ""F"",
      ""destination_location_id"": ""H"",
      ""travel_distance"": 26
    },
    {
      ""origin_location_id"": ""F"",
      ""destination_location_id"": ""I"",
      ""travel_distance"": 50
    },
    {
      ""origin_location_id"": ""F"",
      ""destination_location_id"": ""J"",
      ""travel_distance"": 40
    },
    {
      ""origin_location_id"": ""F"",
      ""destination_location_id"": ""K"",
      ""travel_distance"": 55
    },
    {
      ""origin_location_id"": ""F"",
      ""destination_location_id"": ""L"",
      ""travel_distance"": 55
    },
    {
      ""origin_location_id"": ""G"",
      ""destination_location_id"": ""A"",
      ""travel_distance"": 32
    },
    {
      ""origin_location_id"": ""G"",
      ""destination_location_id"": ""B"",
      ""travel_distance"": 31
    },
    {
      ""origin_location_id"": ""G"",
      ""destination_location_id"": ""C"",
      ""travel_distance"": 36
    },
    {
      ""origin_location_id"": ""G"",
      ""destination_location_id"": ""D"",
      ""travel_distance"": 43
    },
    {
      ""origin_location_id"": ""G"",
      ""destination_location_id"": ""E"",
      ""travel_distance"": 29
    },
    {
      ""origin_location_id"": ""G"",
      ""destination_location_id"": ""F"",
      ""travel_distance"": 37
    },
    {
      ""origin_location_id"": ""G"",
      ""destination_location_id"": ""H"",
      ""travel_distance"": 27
    },
    {
      ""origin_location_id"": ""G"",
      ""destination_location_id"": ""I"",
      ""travel_distance"": 39
    },
    {
      ""origin_location_id"": ""G"",
      ""destination_location_id"": ""J"",
      ""travel_distance"": 33
    },
    {
      ""origin_location_id"": ""G"",
      ""destination_location_id"": ""K"",
      ""travel_distance"": 44
    },
    {
      ""origin_location_id"": ""G"",
      ""destination_location_id"": ""L"",
      ""travel_distance"": 29
    },
    {
      ""origin_location_id"": ""H"",
      ""destination_location_id"": ""A"",
      ""travel_distance"": 21
    },
    {
      ""origin_location_id"": ""H"",
      ""destination_location_id"": ""B"",
      ""travel_distance"": 34
    },
    {
      ""origin_location_id"": ""H"",
      ""destination_location_id"": ""C"",
      ""travel_distance"": 37
    },
    {
      ""origin_location_id"": ""H"",
      ""destination_location_id"": ""D"",
      ""travel_distance"": 25
    },
    {
      ""origin_location_id"": ""H"",
      ""destination_location_id"": ""E"",
      ""travel_distance"": 39
    },
    {
      ""origin_location_id"": ""H"",
      ""destination_location_id"": ""F"",
      ""travel_distance"": 26
    },
    {
      ""origin_location_id"": ""H"",
      ""destination_location_id"": ""G"",
      ""travel_distance"": 27
    },
    {
      ""origin_location_id"": ""H"",
      ""destination_location_id"": ""I"",
      ""travel_distance"": 39
    },
    {
      ""origin_location_id"": ""H"",
      ""destination_location_id"": ""J"",
      ""travel_distance"": 32
    },
    {
      ""origin_location_id"": ""H"",
      ""destination_location_id"": ""K"",
      ""travel_distance"": 33
    },
    {
      ""origin_location_id"": ""H"",
      ""destination_location_id"": ""L"",
      ""travel_distance"": 44
    },
    {
      ""origin_location_id"": ""I"",
      ""destination_location_id"": ""A"",
      ""travel_distance"": 48
    },
    {
      ""origin_location_id"": ""I"",
      ""destination_location_id"": ""B"",
      ""travel_distance"": 47
    },
    {
      ""origin_location_id"": ""I"",
      ""destination_location_id"": ""C"",
      ""travel_distance"": 47
    },
    {
      ""origin_location_id"": ""I"",
      ""destination_location_id"": ""D"",
      ""travel_distance"": 37
    },
    {
      ""origin_location_id"": ""I"",
      ""destination_location_id"": ""E"",
      ""travel_distance"": 46
    },
    {
      ""origin_location_id"": ""I"",
      ""destination_location_id"": ""F"",
      ""travel_distance"": 50
    },
    {
      ""origin_location_id"": ""I"",
      ""destination_location_id"": ""G"",
      ""travel_distance"": 39
    },
    {
      ""origin_location_id"": ""I"",
      ""destination_location_id"": ""H"",
      ""travel_distance"": 39
    },
    {
      ""origin_location_id"": ""I"",
      ""destination_location_id"": ""J"",
      ""travel_distance"": 41
    },
    {
      ""origin_location_id"": ""I"",
      ""destination_location_id"": ""K"",
      ""travel_distance"": 50
    },
    {
      ""origin_location_id"": ""I"",
      ""destination_location_id"": ""L"",
      ""travel_distance"": 49
    },
    {
      ""origin_location_id"": ""J"",
      ""destination_location_id"": ""A"",
      ""travel_distance"": 17
    },
    {
      ""origin_location_id"": ""J"",
      ""destination_location_id"": ""B"",
      ""travel_distance"": 40
    },
    {
      ""origin_location_id"": ""J"",
      ""destination_location_id"": ""C"",
      ""travel_distance"": 39
    },
    {
      ""origin_location_id"": ""J"",
      ""destination_location_id"": ""D"",
      ""travel_distance"": 38
    },
    {
      ""origin_location_id"": ""J"",
      ""destination_location_id"": ""E"",
      ""travel_distance"": 37
    },
    {
      ""origin_location_id"": ""J"",
      ""destination_location_id"": ""F"",
      ""travel_distance"": 40
    },
    {
      ""origin_location_id"": ""J"",
      ""destination_location_id"": ""G"",
      ""travel_distance"": 33
    },
    {
      ""origin_location_id"": ""J"",
      ""destination_location_id"": ""H"",
      ""travel_distance"": 32
    },
    {
      ""origin_location_id"": ""J"",
      ""destination_location_id"": ""I"",
      ""travel_distance"": 41
    },
    {
      ""origin_location_id"": ""J"",
      ""destination_location_id"": ""K"",
      ""travel_distance"": 25
    },
    {
      ""origin_location_id"": ""J"",
      ""destination_location_id"": ""L"",
      ""travel_distance"": 30
    },
    {
      ""origin_location_id"": ""K"",
      ""destination_location_id"": ""A"",
      ""travel_distance"": 12
    },
    {
      ""origin_location_id"": ""K"",
      ""destination_location_id"": ""B"",
      ""travel_distance"": 35
    },
    {
      ""origin_location_id"": ""K"",
      ""destination_location_id"": ""C"",
      ""travel_distance"": 56
    },
    {
      ""origin_location_id"": ""K"",
      ""destination_location_id"": ""D"",
      ""travel_distance"": 18
    },
    {
      ""origin_location_id"": ""K"",
      ""destination_location_id"": ""E"",
      ""travel_distance"": 51
    },
    {
      ""origin_location_id"": ""K"",
      ""destination_location_id"": ""F"",
      ""travel_distance"": 55
    },
    {
      ""origin_location_id"": ""K"",
      ""destination_location_id"": ""G"",
      ""travel_distance"": 44
    },
    {
      ""origin_location_id"": ""K"",
      ""destination_location_id"": ""H"",
      ""travel_distance"": 33
    },
    {
      ""origin_location_id"": ""K"",
      ""destination_location_id"": ""I"",
      ""travel_distance"": 50
    },
    {
      ""origin_location_id"": ""K"",
      ""destination_location_id"": ""J"",
      ""travel_distance"": 25
    },
    {
      ""origin_location_id"": ""K"",
      ""destination_location_id"": ""L"",
      ""travel_distance"": 53
    },
    {
      ""origin_location_id"": ""L"",
      ""destination_location_id"": ""A"",
      ""travel_distance"": 41
    },
    {
      ""origin_location_id"": ""L"",
      ""destination_location_id"": ""B"",
      ""travel_distance"": 40
    },
    {
      ""origin_location_id"": ""L"",
      ""destination_location_id"": ""C"",
      ""travel_distance"": 47
    },
    {
      ""origin_location_id"": ""L"",
      ""destination_location_id"": ""D"",
      ""travel_distance"": 52
    },
    {
      ""origin_location_id"": ""L"",
      ""destination_location_id"": ""E"",
      ""travel_distance"": 50
    },
    {
      ""origin_location_id"": ""L"",
      ""destination_location_id"": ""F"",
      ""travel_distance"": 55
    },
    {
      ""origin_location_id"": ""L"",
      ""destination_location_id"": ""G"",
      ""travel_distance"": 29
    },
    {
      ""origin_location_id"": ""L"",
      ""destination_location_id"": ""H"",
      ""travel_distance"": 44
    },
    {
      ""origin_location_id"": ""L"",
      ""destination_location_id"": ""I"",
      ""travel_distance"": 49
    },
    {
      ""origin_location_id"": ""L"",
      ""destination_location_id"": ""J"",
      ""travel_distance"": 30
    },
    {
      ""origin_location_id"": ""L"",
      ""destination_location_id"": ""K"",
      ""travel_distance"": 53
    }
  ]
}

I'll sketch the shape of the reply so it's clear how to fill it in — a simple JSON object with the parts we need.

{
  ""solution"": {
    ""selected"": [<site_to_open>, <site_to_open>, ...],
    ""assignments"": [<assigned_site>, <assigned_site>, ...]
  }
}

""selected"" is the list of sites you'll open. ""assignments"" gives, for each district in the same order as the instance, which opened site that district is assigned to. Think of it like a form: one list of chosen station locations, and one list saying which station each district uses.

This is just a template of the expected shape, not the actual answer — fill in the real identifiers from the instance.

Please be sure to use the exact identifiers from the input, with no renaming or new labels.

Valid identifiers look like plain numbers such as “1” or “23”, single capital letters like “A” or “B”, or a capital letter followed by digits like “A1” or “X7”.",json,names,"{""distance_matrix"": [[0, 23, 48, 30, 39, 45, 32, 21, 48, 17, 12, 41], [23, 0, 48, 35, 37, 43, 31, 34, 47, 40, 35, 40], [48, 48, 0, 61, 57, 59, 36, 37, 47, 39, 56, 47], [30, 35, 61, 0, 56, 51, 43, 25, 37, 38, 18, 52], [39, 37, 57, 56, 0, 26, 29, 39, 46, 37, 51, 50], [45, 43, 59, 51, 26, 0, 37, 26, 50, 40, 55, 55], [32, 31, 36, 43, 29, 37, 0, 27, 39, 33, 44, 29], [21, 34, 37, 25, 39, 26, 27, 0, 39, 32, 33, 44], [48, 47, 47, 37, 46, 50, 39, 39, 0, 41, 50, 49], [17, 40, 39, 38, 37, 40, 33, 32, 41, 0, 25, 30], [12, 35, 56, 18, 51, 55, 44, 33, 50, 25, 0, 53], [41, 40, 47, 52, 50, 55, 29, 44, 49, 30, 53, 0]], ""p"": 1, ""objective"": 41.0}","{""facilities"": [9], ""assignments"": [9, 9, 9, 9, 9, 9, 9, 9, 9, 9, 9, 9]}",41.0,"{""problem_type"": ""PCENTER"", ""num_nodes"": 12, ""num_open"": 1, ""sites"": [{""id"": ""A"", ""distances"": {""A"": 0, ""B"": 23, ""C"": 48, ""D"": 30, ""E"": 39, ""F"": 45, ""G"": 32, ""H"": 21, ""I"": 48, ""J"": 17, ""K"": 12, ""L"": 41}}, {""id"": ""B"", ""distances"": {""A"": 23, ""B"": 0, ""C"": 48, ""D"": 35, ""E"": 37, ""F"": 43, ""G"": 31, ""H"": 34, ""I"": 47, ""J"": 40, ""K"": 35, ""L"": 40}}, {""id"": ""C"", ""distances"": {""A"": 48, ""B"": 48, ""C"": 0, ""D"": 61, ""E"": 57, ""F"": 59, ""G"": 36, ""H"": 37, ""I"": 47, ""J"": 39, ""K"": 56, ""L"": 47}}, {""id"": ""D"", ""distances"": {""A"": 30, ""B"": 35, ""C"": 61, ""D"": 0, ""E"": 56, ""F"": 51, ""G"": 43, ""H"": 25, ""I"": 37, ""J"": 38, ""K"": 18, ""L"": 52}}, {""id"": ""E"", ""distances"": {""A"": 39, ""B"": 37, ""C"": 57, ""D"": 56, ""E"": 0, ""F"": 26, ""G"": 29, ""H"": 39, ""I"": 46, ""J"": 37, ""K"": 51, ""L"": 50}}, {""id"": ""F"", ""distances"": {""A"": 45, ""B"": 43, ""C"": 59, ""D"": 51, ""E"": 26, ""F"": 0, ""G"": 37, ""H"": 26, ""I"": 50, ""J"": 40, ""K"": 55, ""L"": 55}}, {""id"": ""G"", ""distances"": {""A"": 32, ""B"": 31, ""C"": 36, ""D"": 43, ""E"": 29, ""F"": 37, ""G"": 0, ""H"": 27, ""I"": 39, ""J"": 33, ""K"": 44, ""L"": 29}}, {""id"": ""H"", ""distances"": {""A"": 21, ""B"": 34, ""C"": 37, ""D"": 25, ""E"": 39, ""F"": 26, ""G"": 27, ""H"": 0, ""I"": 39, ""J"": 32, ""K"": 33, ""L"": 44}}, {""id"": ""I"", ""distances"": {""A"": 48, ""B"": 47, ""C"": 47, ""D"": 37, ""E"": 46, ""F"": 50, ""G"": 39, ""H"": 39, ""I"": 0, ""J"": 41, ""K"": 50, ""L"": 49}}, {""id"": ""J"", ""distances"": {""A"": 17, ""B"": 40, ""C"": 39, ""D"": 38, ""E"": 37, ""F"": 40, ""G"": 33, ""H"": 32, ""I"": 41, ""J"": 0, ""K"": 25, ""L"": 30}}, {""id"": ""K"", ""distances"": {""A"": 12, ""B"": 35, ""C"": 56, ""D"": 18, ""E"": 51, ""F"": 55, ""G"": 44, ""H"": 33, ""I"": 50, ""J"": 25, ""K"": 0, ""L"": 53}}, {""id"": ""L"", ""distances"": {""A"": 41, ""B"": 40, ""C"": 47, ""D"": 52, ""E"": 50, ""F"": 55, ""G"": 29, ""H"": 44, ""I"": 49, ""J"": 30, ""K"": 53, ""L"": 0}}], ""objective"": 41.0}","{""selected"": [""J""], ""assignments"": [""J"", ""J"", ""J"", ""J"", ""J"", ""J"", ""J"", ""J"", ""J"", ""J"", ""J"", ""J""]}"
PCENTER_M_032,PCENTER,M,32,"There’s a small practical challenge on the table: a fixed number of transformers must be installed on chosen candidate plots, and each hamlet must be tied to exactly one of the installed transformers — no hamlet can be skipped or linked to more than one. A plan’s quality is decided by the single largest travel distance any hamlet has to its assigned transformer: compute each hamlet’s distance to its transformer and take the maximum — the lower that maximum, the better. The specific locations and distance data appear below.

The instance contains 10 locations; exactly 3 transformers must be opened, and the location identifiers are 1, 2, 3, 4, 5, 6, 7, 8, 9, 10.
Distance from 1 to 2 is 33.
Distance from 1 to 3 is 10.
Distance from 1 to 4 is 15.
Distance from 1 to 5 is 43.
Distance from 1 to 6 is 34.
Distance from 1 to 7 is 27.
Distance from 1 to 8 is 45.
Distance from 1 to 9 is 26.
Distance from 1 to 10 is 34.
Distance from 2 to 1 is 33.
Distance from 2 to 3 is 31.
Distance from 2 to 4 is 23.
Distance from 2 to 5 is 43.
Distance from 2 to 6 is 39.
Distance from 2 to 7 is 27.
Distance from 2 to 8 is 50.
Distance from 2 to 9 is 38.
Distance from 2 to 10 is 28.
Distance from 3 to 1 is 10.
Distance from 3 to 2 is 31.
Distance from 3 to 4 is 17.
Distance from 3 to 5 is 46.
Distance from 3 to 6 is 34.
Distance from 3 to 7 is 29.
Distance from 3 to 8 is 41.
Distance from 3 to 9 is 36.
Distance from 3 to 10 is 37.
Distance from 4 to 1 is 15.
Distance from 4 to 2 is 23.
Distance from 4 to 3 is 17.
Distance from 4 to 5 is 35.
Distance from 4 to 6 is 41.
Distance from 4 to 7 is 34.
Distance from 4 to 8 is 52.
Distance from 4 to 9 is 41.
Distance from 4 to 10 is 39.
Distance from 5 to 1 is 43.
Distance from 5 to 2 is 43.
Distance from 5 to 3 is 46.
Distance from 5 to 4 is 35.
Distance from 5 to 6 is 45.
Distance from 5 to 7 is 53.
Distance from 5 to 8 is 58.
Distance from 5 to 9 is 48.
Distance from 5 to 10 is 50.
Distance from 6 to 1 is 34.
Distance from 6 to 2 is 39.
Distance from 6 to 3 is 34.
Distance from 6 to 4 is 41.
Distance from 6 to 5 is 45.
Distance from 6 to 7 is 39.
Distance from 6 to 8 is 48.
Distance from 6 to 9 is 38.
Distance from 6 to 10 is 29.
Distance from 7 to 1 is 27.
Distance from 7 to 2 is 27.
Distance from 7 to 3 is 29.
Distance from 7 to 4 is 34.
Distance from 7 to 5 is 53.
Distance from 7 to 6 is 39.
Distance from 7 to 8 is 56.
Distance from 7 to 9 is 43.
Distance from 7 to 10 is 33.
Distance from 8 to 1 is 45.
Distance from 8 to 2 is 50.
Distance from 8 to 3 is 41.
Distance from 8 to 4 is 52.
Distance from 8 to 5 is 58.
Distance from 8 to 6 is 48.
Distance from 8 to 7 is 56.
Distance from 8 to 9 is 19.
Distance from 8 to 10 is 41.
Distance from 9 to 1 is 26.
Distance from 9 to 2 is 38.
Distance from 9 to 3 is 36.
Distance from 9 to 4 is 41.
Distance from 9 to 5 is 48.
Distance from 9 to 6 is 38.
Distance from 9 to 7 is 43.
Distance from 9 to 8 is 19.
Distance from 9 to 10 is 28.
Distance from 10 to 1 is 34.
Distance from 10 to 2 is 28.
Distance from 10 to 3 is 37.
Distance from 10 to 4 is 39.
Distance from 10 to 5 is 50.
Distance from 10 to 6 is 29.
Distance from 10 to 7 is 33.
Distance from 10 to 8 is 41.
Distance from 10 to 9 is 28.
Assess plans by the maximum hamlet-to-transformer distance computed from the records below.

Also, when you send the plan back, please stick to this simple JSON layout so it's easy to read and check. Here's the shape I expect:

{
  ""solution"": {
    ""selected"": [<plot_to_open>, <plot_to_open>, ...],
    ""assignments"": [<assigned_open_plot>, <assigned_open_plot>, ...]
  }
}

""selected"" is just the list of plots where you'll install transformers. ""assignments"" is a list of the chosen-open-plot for each hamlet (in the same order the instance lists the hamlets). Think of it like filling out a short form: which plots we open, and for each hamlet which opened plot it uses.

This JSON is only a sketch of the expected shape — not the actual answer. Also, be careful: use the identifiers exactly as they appear in the instance input — do not rename them or invent new labels. 

- for example: ""Valid identifiers look like plain numbers such as “1” or “23”, single capital letters like “A” or “B”, or a capital letter followed by digits like “A1” or “X7”.""",markdown_table,one_based,"{""distance_matrix"": [[0, 33, 10, 15, 43, 34, 27, 45, 26, 34], [33, 0, 31, 23, 43, 39, 27, 50, 38, 28], [10, 31, 0, 17, 46, 34, 29, 41, 36, 37], [15, 23, 17, 0, 35, 41, 34, 52, 41, 39], [43, 43, 46, 35, 0, 45, 53, 58, 48, 50], [34, 39, 34, 41, 45, 0, 39, 48, 38, 29], [27, 27, 29, 34, 53, 39, 0, 56, 43, 33], [45, 50, 41, 52, 58, 48, 56, 0, 19, 41], [26, 38, 36, 41, 48, 38, 43, 19, 0, 28], [34, 28, 37, 39, 50, 29, 33, 41, 28, 0]], ""p"": 3, ""objective"": 34.0}","{""facilities"": [0, 4, 8], ""assignments"": [8, 0, 0, 0, 4, 0, 0, 8, 8, 8]}",34.0,"{""problem_type"": ""PCENTER"", ""num_nodes"": 10, ""num_open"": 3, ""sites"": [{""id"": 1, ""distances"": {""1"": 0, ""2"": 33, ""3"": 10, ""4"": 15, ""5"": 43, ""6"": 34, ""7"": 27, ""8"": 45, ""9"": 26, ""10"": 34}}, {""id"": 2, ""distances"": {""1"": 33, ""2"": 0, ""3"": 31, ""4"": 23, ""5"": 43, ""6"": 39, ""7"": 27, ""8"": 50, ""9"": 38, ""10"": 28}}, {""id"": 3, ""distances"": {""1"": 10, ""2"": 31, ""3"": 0, ""4"": 17, ""5"": 46, ""6"": 34, ""7"": 29, ""8"": 41, ""9"": 36, ""10"": 37}}, {""id"": 4, ""distances"": {""1"": 15, ""2"": 23, ""3"": 17, ""4"": 0, ""5"": 35, ""6"": 41, ""7"": 34, ""8"": 52, ""9"": 41, ""10"": 39}}, {""id"": 5, ""distances"": {""1"": 43, ""2"": 43, ""3"": 46, ""4"": 35, ""5"": 0, ""6"": 45, ""7"": 53, ""8"": 58, ""9"": 48, ""10"": 50}}, {""id"": 6, ""distances"": {""1"": 34, ""2"": 39, ""3"": 34, ""4"": 41, ""5"": 45, ""6"": 0, ""7"": 39, ""8"": 48, ""9"": 38, ""10"": 29}}, {""id"": 7, ""distances"": {""1"": 27, ""2"": 27, ""3"": 29, ""4"": 34, ""5"": 53, ""6"": 39, ""7"": 0, ""8"": 56, ""9"": 43, ""10"": 33}}, {""id"": 8, ""distances"": {""1"": 45, ""2"": 50, ""3"": 41, ""4"": 52, ""5"": 58, ""6"": 48, ""7"": 56, ""8"": 0, ""9"": 19, ""10"": 41}}, {""id"": 9, ""distances"": {""1"": 26, ""2"": 38, ""3"": 36, ""4"": 41, ""5"": 48, ""6"": 38, ""7"": 43, ""8"": 19, ""9"": 0, ""10"": 28}}, {""id"": 10, ""distances"": {""1"": 34, ""2"": 28, ""3"": 37, ""4"": 39, ""5"": 50, ""6"": 29, ""7"": 33, ""8"": 41, ""9"": 28, ""10"": 0}}], ""objective"": 34.0}","{""selected"": [1, 5, 9], ""assignments"": [9, 1, 1, 1, 5, 1, 1, 9, 9, 9]}"
PCENTER_M_033,PCENTER,M,33,"I heard the mobile library is trying to pick a fixed number of pickup spots from a list of possible locations, and then link every neighborhood to exactly one of those chosen spots so nobody’s left out or assigned twice. The trick is to pick the stops so that the person who has to travel the farthest ends up with the shortest possible trip — you figure that by looking at each neighborhood’s distance to its assigned stop and taking the largest of those distances. The exact locations and travel distances will be shown below.

{
  ""total_candidate_locations"": 11,
  ""pickup_points_to_open"": 1,
  ""location_identifiers"": [
    0,
    1,
    2,
    3,
    4,
    5,
    6,
    7,
    8,
    9,
    10
  ],
  ""data"": [
    {
      ""origin_location_id"": 0,
      ""destination_location_id"": 1,
      ""travel_distance"": 40
    },
    {
      ""origin_location_id"": 0,
      ""destination_location_id"": 2,
      ""travel_distance"": 30
    },
    {
      ""origin_location_id"": 0,
      ""destination_location_id"": 3,
      ""travel_distance"": 27
    },
    {
      ""origin_location_id"": 0,
      ""destination_location_id"": 4,
      ""travel_distance"": 36
    },
    {
      ""origin_location_id"": 0,
      ""destination_location_id"": 5,
      ""travel_distance"": 44
    },
    {
      ""origin_location_id"": 0,
      ""destination_location_id"": 6,
      ""travel_distance"": 30
    },
    {
      ""origin_location_id"": 0,
      ""destination_location_id"": 7,
      ""travel_distance"": 30
    },
    {
      ""origin_location_id"": 0,
      ""destination_location_id"": 8,
      ""travel_distance"": 53
    },
    {
      ""origin_location_id"": 0,
      ""destination_location_id"": 9,
      ""travel_distance"": 29
    },
    {
      ""origin_location_id"": 0,
      ""destination_location_id"": 10,
      ""travel_distance"": 28
    },
    {
      ""origin_location_id"": 1,
      ""destination_location_id"": 0,
      ""travel_distance"": 40
    },
    {
      ""origin_location_id"": 1,
      ""destination_location_id"": 2,
      ""travel_distance"": 26
    },
    {
      ""origin_location_id"": 1,
      ""destination_location_id"": 3,
      ""travel_distance"": 39
    },
    {
      ""origin_location_id"": 1,
      ""destination_location_id"": 4,
      ""travel_distance"": 11
    },
    {
      ""origin_location_id"": 1,
      ""destination_location_id"": 5,
      ""travel_distance"": 29
    },
    {
      ""origin_location_id"": 1,
      ""destination_location_id"": 6,
      ""travel_distance"": 33
    },
    {
      ""origin_location_id"": 1,
      ""destination_location_id"": 7,
      ""travel_distance"": 24
    },
    {
      ""origin_location_id"": 1,
      ""destination_location_id"": 8,
      ""travel_distance"": 14
    },
    {
      ""origin_location_id"": 1,
      ""destination_location_id"": 9,
      ""travel_distance"": 29
    },
    {
      ""origin_location_id"": 1,
      ""destination_location_id"": 10,
      ""travel_distance"": 40
    },
    {
      ""origin_location_id"": 2,
      ""destination_location_id"": 0,
      ""travel_distance"": 30
    },
    {
      ""origin_location_id"": 2,
      ""destination_location_id"": 1,
      ""travel_distance"": 26
    },
    {
      ""origin_location_id"": 2,
      ""destination_location_id"": 3,
      ""travel_distance"": 23
    },
    {
      ""origin_location_id"": 2,
      ""destination_location_id"": 4,
      ""travel_distance"": 15
    },
    {
      ""origin_location_id"": 2,
      ""destination_location_id"": 5,
      ""travel_distance"": 24
    },
    {
      ""origin_location_id"": 2,
      ""destination_location_id"": 6,
      ""travel_distance"": 21
    },
    {
      ""origin_location_id"": 2,
      ""destination_location_id"": 7,
      ""travel_distance"": 21
    },
    {
      ""origin_location_id"": 2,
      ""destination_location_id"": 8,
      ""travel_distance"": 40
    },
    {
      ""origin_location_id"": 2,
      ""destination_location_id"": 9,
      ""travel_distance"": 28
    },
    {
      ""origin_location_id"": 2,
      ""destination_location_id"": 10,
      ""travel_distance"": 27
    },
    {
      ""origin_location_id"": 3,
      ""destination_location_id"": 0,
      ""travel_distance"": 27
    },
    {
      ""origin_location_id"": 3,
      ""destination_location_id"": 1,
      ""travel_distance"": 39
    },
    {
      ""origin_location_id"": 3,
      ""destination_location_id"": 2,
      ""travel_distance"": 23
    },
    {
      ""origin_location_id"": 3,
      ""destination_location_id"": 4,
      ""travel_distance"": 33
    },
    {
      ""origin_location_id"": 3,
      ""destination_location_id"": 5,
      ""travel_distance"": 25
    },
    {
      ""origin_location_id"": 3,
      ""destination_location_id"": 6,
      ""travel_distance"": 25
    },
    {
      ""origin_location_id"": 3,
      ""destination_location_id"": 7,
      ""travel_distance"": 37
    },
    {
      ""origin_location_id"": 3,
      ""destination_location_id"": 8,
      ""travel_distance"": 50
    },
    {
      ""origin_location_id"": 3,
      ""destination_location_id"": 9,
      ""travel_distance"": 36
    },
    {
      ""origin_location_id"": 3,
      ""destination_location_id"": 10,
      ""travel_distance"": 19
    },
    {
      ""origin_location_id"": 4,
      ""destination_location_id"": 0,
      ""travel_distance"": 36
    },
    {
      ""origin_location_id"": 4,
      ""destination_location_id"": 1,
      ""travel_distance"": 11
    },
    {
      ""origin_location_id"": 4,
      ""destination_location_id"": 2,
      ""travel_distance"": 15
    },
    {
      ""origin_location_id"": 4,
      ""destination_location_id"": 3,
      ""travel_distance"": 33
    },
    {
      ""origin_location_id"": 4,
      ""destination_location_id"": 5,
      ""travel_distance"": 18
    },
    {
      ""origin_location_id"": 4,
      ""destination_location_id"": 6,
      ""travel_distance"": 32
    },
    {
      ""origin_location_id"": 4,
      ""destination_location_id"": 7,
      ""travel_distance"": 19
    },
    {
      ""origin_location_id"": 4,
      ""destination_location_id"": 8,
      ""travel_distance"": 25
    },
    {
      ""origin_location_id"": 4,
      ""destination_location_id"": 9,
      ""travel_distance"": 24
    },
    {
      ""origin_location_id"": 4,
      ""destination_location_id"": 10,
      ""travel_distance"": 29
    },
    {
      ""origin_location_id"": 5,
      ""destination_location_id"": 0,
      ""travel_distance"": 44
    },
    {
      ""origin_location_id"": 5,
      ""destination_location_id"": 1,
      ""travel_distance"": 29
    },
    {
      ""origin_location_id"": 5,
      ""destination_location_id"": 2,
      ""travel_distance"": 24
    },
    {
      ""origin_location_id"": 5,
      ""destination_location_id"": 3,
      ""travel_distance"": 25
    },
    {
      ""origin_location_id"": 5,
      ""destination_location_id"": 4,
      ""travel_distance"": 18
    },
    {
      ""origin_location_id"": 5,
      ""destination_location_id"": 6,
      ""travel_distance"": 27
    },
    {
      ""origin_location_id"": 5,
      ""destination_location_id"": 7,
      ""travel_distance"": 26
    },
    {
      ""origin_location_id"": 5,
      ""destination_location_id"": 8,
      ""travel_distance"": 43
    },
    {
      ""origin_location_id"": 5,
      ""destination_location_id"": 9,
      ""travel_distance"": 38
    },
    {
      ""origin_location_id"": 5,
      ""destination_location_id"": 10,
      ""travel_distance"": 36
    },
    {
      ""origin_location_id"": 6,
      ""destination_location_id"": 0,
      ""travel_distance"": 30
    },
    {
      ""origin_location_id"": 6,
      ""destination_location_id"": 1,
      ""travel_distance"": 33
    },
    {
      ""origin_location_id"": 6,
      ""destination_location_id"": 2,
      ""travel_distance"": 21
    },
    {
      ""origin_location_id"": 6,
      ""destination_location_id"": 3,
      ""travel_distance"": 25
    },
    {
      ""origin_location_id"": 6,
      ""destination_location_id"": 4,
      ""travel_distance"": 32
    },
    {
      ""origin_location_id"": 6,
      ""destination_location_id"": 5,
      ""travel_distance"": 27
    },
    {
      ""origin_location_id"": 6,
      ""destination_location_id"": 7,
      ""travel_distance"": 31
    },
    {
      ""origin_location_id"": 6,
      ""destination_location_id"": 8,
      ""travel_distance"": 43
    },
    {
      ""origin_location_id"": 6,
      ""destination_location_id"": 9,
      ""travel_distance"": 30
    },
    {
      ""origin_location_id"": 6,
      ""destination_location_id"": 10,
      ""travel_distance"": 30
    },
    {
      ""origin_location_id"": 7,
      ""destination_location_id"": 0,
      ""travel_distance"": 30
    },
    {
      ""origin_location_id"": 7,
      ""destination_location_id"": 1,
      ""travel_distance"": 24
    },
    {
      ""origin_location_id"": 7,
      ""destination_location_id"": 2,
      ""travel_distance"": 21
    },
    {
      ""origin_location_id"": 7,
      ""destination_location_id"": 3,
      ""travel_distance"": 37
    },
    {
      ""origin_location_id"": 7,
      ""destination_location_id"": 4,
      ""travel_distance"": 19
    },
    {
      ""origin_location_id"": 7,
      ""destination_location_id"": 5,
      ""travel_distance"": 26
    },
    {
      ""origin_location_id"": 7,
      ""destination_location_id"": 6,
      ""travel_distance"": 31
    },
    {
      ""origin_location_id"": 7,
      ""destination_location_id"": 8,
      ""travel_distance"": 38
    },
    {
      ""origin_location_id"": 7,
      ""destination_location_id"": 9,
      ""travel_distance"": 27
    },
    {
      ""origin_location_id"": 7,
      ""destination_location_id"": 10,
      ""travel_distance"": 26
    },
    {
      ""origin_location_id"": 8,
      ""destination_location_id"": 0,
      ""travel_distance"": 53
    },
    {
      ""origin_location_id"": 8,
      ""destination_location_id"": 1,
      ""travel_distance"": 14
    },
    {
      ""origin_location_id"": 8,
      ""destination_location_id"": 2,
      ""travel_distance"": 40
    },
    {
      ""origin_location_id"": 8,
      ""destination_location_id"": 3,
      ""travel_distance"": 50
    },
    {
      ""origin_location_id"": 8,
      ""destination_location_id"": 4,
      ""travel_distance"": 25
    },
    {
      ""origin_location_id"": 8,
      ""destination_location_id"": 5,
      ""travel_distance"": 43
    },
    {
      ""origin_location_id"": 8,
      ""destination_location_id"": 6,
      ""travel_distance"": 43
    },
    {
      ""origin_location_id"": 8,
      ""destination_location_id"": 7,
      ""travel_distance"": 38
    },
    {
      ""origin_location_id"": 8,
      ""destination_location_id"": 9,
      ""travel_distance"": 43
    },
    {
      ""origin_location_id"": 8,
      ""destination_location_id"": 10,
      ""travel_distance"": 47
    },
    {
      ""origin_location_id"": 9,
      ""destination_location_id"": 0,
      ""travel_distance"": 29
    },
    {
      ""origin_location_id"": 9,
      ""destination_location_id"": 1,
      ""travel_distance"": 29
    },
    {
      ""origin_location_id"": 9,
      ""destination_location_id"": 2,
      ""travel_distance"": 28
    },
    {
      ""origin_location_id"": 9,
      ""destination_location_id"": 3,
      ""travel_distance"": 36
    },
    {
      ""origin_location_id"": 9,
      ""destination_location_id"": 4,
      ""travel_distance"": 24
    },
    {
      ""origin_location_id"": 9,
      ""destination_location_id"": 5,
      ""travel_distance"": 38
    },
    {
      ""origin_location_id"": 9,
      ""destination_location_id"": 6,
      ""travel_distance"": 30
    },
    {
      ""origin_location_id"": 9,
      ""destination_location_id"": 7,
      ""travel_distance"": 27
    },
    {
      ""origin_location_id"": 9,
      ""destination_location_id"": 8,
      ""travel_distance"": 43
    },
    {
      ""origin_location_id"": 9,
      ""destination_location_id"": 10,
      ""travel_distance"": 26
    },
    {
      ""origin_location_id"": 10,
      ""destination_location_id"": 0,
      ""travel_distance"": 28
    },
    {
      ""origin_location_id"": 10,
      ""destination_location_id"": 1,
      ""travel_distance"": 40
    },
    {
      ""origin_location_id"": 10,
      ""destination_location_id"": 2,
      ""travel_distance"": 27
    },
    {
      ""origin_location_id"": 10,
      ""destination_location_id"": 3,
      ""travel_distance"": 19
    },
    {
      ""origin_location_id"": 10,
      ""destination_location_id"": 4,
      ""travel_distance"": 29
    },
    {
      ""origin_location_id"": 10,
      ""destination_location_id"": 5,
      ""travel_distance"": 36
    },
    {
      ""origin_location_id"": 10,
      ""destination_location_id"": 6,
      ""travel_distance"": 30
    },
    {
      ""origin_location_id"": 10,
      ""destination_location_id"": 7,
      ""travel_distance"": 26
    },
    {
      ""origin_location_id"": 10,
      ""destination_location_id"": 8,
      ""travel_distance"": 47
    },
    {
      ""origin_location_id"": 10,
      ""destination_location_id"": 9,
      ""travel_distance"": 26
    }
  ]
}

Also, when you're ready to send the answer, a handy, informal way to show it is with a small JSON snippet like this:

{
  ""solution"": {
    ""selected"": [<pickup_spot>, <pickup_spot>, ...],
    ""assignments"": [<chosen_pickup_spot>, <chosen_pickup_spot>, ...]
  }
}

Think of ""selected"" as the list of pickup spots the mobile library will open, and ""assignments"" as, for each neighborhood in the instance, which of the opened pickup spots that neighborhood is assigned to. It's a simple sketch of the shape we expect — not the actual answer.

Please make sure to use the exact identifiers from the instance input — do not rename them or invent new labels. Valid identifiers look like plain numbers such as “1” or “23”, single capital letters like “A” or “B”, or a capital letter followed by digits like “A1” or “X7”.",json,zero_based,"{""distance_matrix"": [[0, 40, 30, 27, 36, 44, 30, 30, 53, 29, 28], [40, 0, 26, 39, 11, 29, 33, 24, 14, 29, 40], [30, 26, 0, 23, 15, 24, 21, 21, 40, 28, 27], [27, 39, 23, 0, 33, 25, 25, 37, 50, 36, 19], [36, 11, 15, 33, 0, 18, 32, 19, 25, 24, 29], [44, 29, 24, 25, 18, 0, 27, 26, 43, 38, 36], [30, 33, 21, 25, 32, 27, 0, 31, 43, 30, 30], [30, 24, 21, 37, 19, 26, 31, 0, 38, 27, 26], [53, 14, 40, 50, 25, 43, 43, 38, 0, 43, 47], [29, 29, 28, 36, 24, 38, 30, 27, 43, 0, 26], [28, 40, 27, 19, 29, 36, 30, 26, 47, 26, 0]], ""p"": 1, ""objective"": 36.0}","{""facilities"": [4], ""assignments"": [4, 4, 4, 4, 4, 4, 4, 4, 4, 4, 4]}",36.0,"{""problem_type"": ""PCENTER"", ""num_nodes"": 11, ""num_open"": 1, ""sites"": [{""id"": 0, ""distances"": {""0"": 0, ""1"": 40, ""2"": 30, ""3"": 27, ""4"": 36, ""5"": 44, ""6"": 30, ""7"": 30, ""8"": 53, ""9"": 29, ""10"": 28}}, {""id"": 1, ""distances"": {""0"": 40, ""1"": 0, ""2"": 26, ""3"": 39, ""4"": 11, ""5"": 29, ""6"": 33, ""7"": 24, ""8"": 14, ""9"": 29, ""10"": 40}}, {""id"": 2, ""distances"": {""0"": 30, ""1"": 26, ""2"": 0, ""3"": 23, ""4"": 15, ""5"": 24, ""6"": 21, ""7"": 21, ""8"": 40, ""9"": 28, ""10"": 27}}, {""id"": 3, ""distances"": {""0"": 27, ""1"": 39, ""2"": 23, ""3"": 0, ""4"": 33, ""5"": 25, ""6"": 25, ""7"": 37, ""8"": 50, ""9"": 36, ""10"": 19}}, {""id"": 4, ""distances"": {""0"": 36, ""1"": 11, ""2"": 15, ""3"": 33, ""4"": 0, ""5"": 18, ""6"": 32, ""7"": 19, ""8"": 25, ""9"": 24, ""10"": 29}}, {""id"": 5, ""distances"": {""0"": 44, ""1"": 29, ""2"": 24, ""3"": 25, ""4"": 18, ""5"": 0, ""6"": 27, ""7"": 26, ""8"": 43, ""9"": 38, ""10"": 36}}, {""id"": 6, ""distances"": {""0"": 30, ""1"": 33, ""2"": 21, ""3"": 25, ""4"": 32, ""5"": 27, ""6"": 0, ""7"": 31, ""8"": 43, ""9"": 30, ""10"": 30}}, {""id"": 7, ""distances"": {""0"": 30, ""1"": 24, ""2"": 21, ""3"": 37, ""4"": 19, ""5"": 26, ""6"": 31, ""7"": 0, ""8"": 38, ""9"": 27, ""10"": 26}}, {""id"": 8, ""distances"": {""0"": 53, ""1"": 14, ""2"": 40, ""3"": 50, ""4"": 25, ""5"": 43, ""6"": 43, ""7"": 38, ""8"": 0, ""9"": 43, ""10"": 47}}, {""id"": 9, ""distances"": {""0"": 29, ""1"": 29, ""2"": 28, ""3"": 36, ""4"": 24, ""5"": 38, ""6"": 30, ""7"": 27, ""8"": 43, ""9"": 0, ""10"": 26}}, {""id"": 10, ""distances"": {""0"": 28, ""1"": 40, ""2"": 27, ""3"": 19, ""4"": 29, ""5"": 36, ""6"": 30, ""7"": 26, ""8"": 47, ""9"": 26, ""10"": 0}}], ""objective"": 36.0}","{""selected"": [4], ""assignments"": [4, 4, 4, 4, 4, 4, 4, 4, 4, 4, 4]}"
PCENTER_M_034,PCENTER,M,34,"At the last planning session the decision was made to open a specific number of tents at recommended spots and then funnel every residential area to exactly one open tent. The measure of a good plan is the longest trip any area has to make: after assigning everyone, take the maximum travel distance and try to minimize that number. Every area must be assigned once and only once, and the detailed list of sites and distances is shown below.

# total_locations=14
# tents_to_open=1
# location_ids=0, 1, 2, 3, 4, 5, 6, 7, 8, 9, 10, 11, 12, 13
origin_id,destination_id,travel_distance
0,1,61
0,2,55
0,3,39
0,4,47
0,5,47
0,6,52
0,7,44
0,8,17
0,9,24
0,10,59
0,11,46
0,12,55
0,13,56
1,0,61
1,2,72
1,3,75
1,4,58
1,5,42
1,6,68
1,7,53
1,8,70
1,9,53
1,10,66
1,11,59
1,12,68
1,13,79
2,0,55
2,1,72
2,3,57
2,4,46
2,5,48
2,6,66
2,7,51
2,8,59
2,9,51
2,10,46
2,11,45
2,12,36
2,13,33
3,0,39
3,1,75
3,2,57
3,4,47
3,5,50
3,6,66
3,7,64
3,8,56
3,9,49
3,10,54
3,11,52
3,12,61
3,13,70
4,0,47
4,1,58
4,2,46
4,3,47
4,5,28
4,6,36
4,7,34
4,8,44
4,9,43
4,10,56
4,11,52
4,12,48
4,13,47
5,0,47
5,1,42
5,2,48
5,3,50
5,4,28
5,6,34
5,7,38
5,8,49
5,9,52
5,10,35
5,11,30
5,12,39
5,13,43
6,0,52
6,1,68
6,2,66
6,3,66
6,4,36
6,5,34
6,7,66
6,8,35
6,9,68
6,10,68
6,11,58
6,12,67
6,13,33
7,0,44
7,1,53
7,2,51
7,3,64
7,4,34
7,5,38
7,6,66
7,8,41
7,9,40
7,10,61
7,11,58
7,12,49
7,13,64
8,0,17
8,1,70
8,2,59
8,3,56
8,4,44
8,5,49
8,6,35
8,7,41
8,9,33
8,10,65
8,11,37
8,12,46
8,13,59
9,0,24
9,1,53
9,2,51
9,3,49
9,4,43
9,5,52
9,6,68
9,7,40
9,8,33
9,10,69
9,11,56
9,12,53
9,13,52
10,0,59
10,1,66
10,2,46
10,3,54
10,4,56
10,5,35
10,6,68
10,7,61
10,8,65
10,9,69
10,11,59
10,12,66
10,13,76
11,0,46
11,1,59
11,2,45
11,3,52
11,4,52
11,5,30
11,6,58
11,7,58
11,8,37
11,9,56
11,10,59
11,12,9
11,13,59
12,0,55
12,1,68
12,2,36
12,3,61
12,4,48
12,5,39
12,6,67
12,7,49
12,8,46
12,9,53
12,10,66
12,11,9
12,13,61
13,0,56
13,1,79
13,2,33
13,3,70
13,4,47
13,5,43
13,6,33
13,7,64
13,8,59
13,9,52
13,10,76
13,11,59
13,12,61

If you want to hand me the final plan, a simple JSON sketch like this is perfect — it just names which sites we open and who goes to which open site:

{
  ""solution"": {
    ""selected"": [<site_to_open>, <site_to_open>, ...],
    ""assignments"": [<chosen_open_site>, <chosen_open_site>, ...]
  }
}

Keep in mind what those pieces mean in plain terms: ""selected"" is the list of tent sites we decide to open, and ""assignments"" lists, for each residential area (in the same order as the instance), which opened site that area will go to. This is just the expected shape — not the actual answer.

Please also make sure to use the exact identifiers from the instance input — don't rename them or invent new labels. Valid identifiers look like plain numbers such as ""1"" or ""23"", single capital letters like ""A"" or ""B"", or a capital letter followed by digits like ""A1"" or ""X7"".",csv,zero_based,"{""distance_matrix"": [[0, 61, 55, 39, 47, 47, 52, 44, 17, 24, 59, 46, 55, 56], [61, 0, 72, 75, 58, 42, 68, 53, 70, 53, 66, 59, 68, 79], [55, 72, 0, 57, 46, 48, 66, 51, 59, 51, 46, 45, 36, 33], [39, 75, 57, 0, 47, 50, 66, 64, 56, 49, 54, 52, 61, 70], [47, 58, 46, 47, 0, 28, 36, 34, 44, 43, 56, 52, 48, 47], [47, 42, 48, 50, 28, 0, 34, 38, 49, 52, 35, 30, 39, 43], [52, 68, 66, 66, 36, 34, 0, 66, 35, 68, 68, 58, 67, 33], [44, 53, 51, 64, 34, 38, 66, 0, 41, 40, 61, 58, 49, 64], [17, 70, 59, 56, 44, 49, 35, 41, 0, 33, 65, 37, 46, 59], [24, 53, 51, 49, 43, 52, 68, 40, 33, 0, 69, 56, 53, 52], [59, 66, 46, 54, 56, 35, 68, 61, 65, 69, 0, 59, 66, 76], [46, 59, 45, 52, 52, 30, 58, 58, 37, 56, 59, 0, 9, 59], [55, 68, 36, 61, 48, 39, 67, 49, 46, 53, 66, 9, 0, 61], [56, 79, 33, 70, 47, 43, 33, 64, 59, 52, 76, 59, 61, 0]], ""p"": 1, ""objective"": 52.0}","{""facilities"": [5], ""assignments"": [5, 5, 5, 5, 5, 5, 5, 5, 5, 5, 5, 5, 5, 5]}",52.0,"{""problem_type"": ""PCENTER"", ""num_nodes"": 14, ""num_open"": 1, ""sites"": [{""id"": 0, ""distances"": {""0"": 0, ""1"": 61, ""2"": 55, ""3"": 39, ""4"": 47, ""5"": 47, ""6"": 52, ""7"": 44, ""8"": 17, ""9"": 24, ""10"": 59, ""11"": 46, ""12"": 55, ""13"": 56}}, {""id"": 1, ""distances"": {""0"": 61, ""1"": 0, ""2"": 72, ""3"": 75, ""4"": 58, ""5"": 42, ""6"": 68, ""7"": 53, ""8"": 70, ""9"": 53, ""10"": 66, ""11"": 59, ""12"": 68, ""13"": 79}}, {""id"": 2, ""distances"": {""0"": 55, ""1"": 72, ""2"": 0, ""3"": 57, ""4"": 46, ""5"": 48, ""6"": 66, ""7"": 51, ""8"": 59, ""9"": 51, ""10"": 46, ""11"": 45, ""12"": 36, ""13"": 33}}, {""id"": 3, ""distances"": {""0"": 39, ""1"": 75, ""2"": 57, ""3"": 0, ""4"": 47, ""5"": 50, ""6"": 66, ""7"": 64, ""8"": 56, ""9"": 49, ""10"": 54, ""11"": 52, ""12"": 61, ""13"": 70}}, {""id"": 4, ""distances"": {""0"": 47, ""1"": 58, ""2"": 46, ""3"": 47, ""4"": 0, ""5"": 28, ""6"": 36, ""7"": 34, ""8"": 44, ""9"": 43, ""10"": 56, ""11"": 52, ""12"": 48, ""13"": 47}}, {""id"": 5, ""distances"": {""0"": 47, ""1"": 42, ""2"": 48, ""3"": 50, ""4"": 28, ""5"": 0, ""6"": 34, ""7"": 38, ""8"": 49, ""9"": 52, ""10"": 35, ""11"": 30, ""12"": 39, ""13"": 43}}, {""id"": 6, ""distances"": {""0"": 52, ""1"": 68, ""2"": 66, ""3"": 66, ""4"": 36, ""5"": 34, ""6"": 0, ""7"": 66, ""8"": 35, ""9"": 68, ""10"": 68, ""11"": 58, ""12"": 67, ""13"": 33}}, {""id"": 7, ""distances"": {""0"": 44, ""1"": 53, ""2"": 51, ""3"": 64, ""4"": 34, ""5"": 38, ""6"": 66, ""7"": 0, ""8"": 41, ""9"": 40, ""10"": 61, ""11"": 58, ""12"": 49, ""13"": 64}}, {""id"": 8, ""distances"": {""0"": 17, ""1"": 70, ""2"": 59, ""3"": 56, ""4"": 44, ""5"": 49, ""6"": 35, ""7"": 41, ""8"": 0, ""9"": 33, ""10"": 65, ""11"": 37, ""12"": 46, ""13"": 59}}, {""id"": 9, ""distances"": {""0"": 24, ""1"": 53, ""2"": 51, ""3"": 49, ""4"": 43, ""5"": 52, ""6"": 68, ""7"": 40, ""8"": 33, ""9"": 0, ""10"": 69, ""11"": 56, ""12"": 53, ""13"": 52}}, {""id"": 10, ""distances"": {""0"": 59, ""1"": 66, ""2"": 46, ""3"": 54, ""4"": 56, ""5"": 35, ""6"": 68, ""7"": 61, ""8"": 65, ""9"": 69, ""10"": 0, ""11"": 59, ""12"": 66, ""13"": 76}}, {""id"": 11, ""distances"": {""0"": 46, ""1"": 59, ""2"": 45, ""3"": 52, ""4"": 52, ""5"": 30, ""6"": 58, ""7"": 58, ""8"": 37, ""9"": 56, ""10"": 59, ""11"": 0, ""12"": 9, ""13"": 59}}, {""id"": 12, ""distances"": {""0"": 55, ""1"": 68, ""2"": 36, ""3"": 61, ""4"": 48, ""5"": 39, ""6"": 67, ""7"": 49, ""8"": 46, ""9"": 53, ""10"": 66, ""11"": 9, ""12"": 0, ""13"": 61}}, {""id"": 13, ""distances"": {""0"": 56, ""1"": 79, ""2"": 33, ""3"": 70, ""4"": 47, ""5"": 43, ""6"": 33, ""7"": 64, ""8"": 59, ""9"": 52, ""10"": 76, ""11"": 59, ""12"": 61, ""13"": 0}}], ""objective"": 52.0}","{""selected"": [5], ""assignments"": [5, 5, 5, 5, 5, 5, 5, 5, 5, 5, 5, 5, 5, 5]}"
PCENTER_M_035,PCENTER,M,35,"There’s a small chain deciding where to host pickup lockers: they can only activate a set number of storefronts from a list, and every customer must be routed to exactly one active pickup point. To judge any choice, imagine measuring how far each customer walks or drives to their assigned store, then spotting the single longest trip — the goal is to make that longest trip as short as it can be. The distances between addresses and storefronts are already known, and the full list of locations and numbers is shown below.

The instance lists 10 locations; 3 storefronts must be opened and the location identifiers are: A, B, C, D, E, F, G, H, I, J.
Distance from A to B is 18.
Distance from A to C is 134.
Distance from A to D is 150.
Distance from A to E is 153.
Distance from A to F is 41.
Distance from A to G is 114.
Distance from A to H is 87.
Distance from A to I is 151.
Distance from A to J is 80.
Distance from B to A is 18.
Distance from B to C is 116.
Distance from B to D is 132.
Distance from B to E is 135.
Distance from B to F is 53.
Distance from B to G is 96.
Distance from B to H is 69.
Distance from B to I is 136.
Distance from B to J is 62.
Distance from C to A is 134.
Distance from C to B is 116.
Distance from C to D is 116.
Distance from C to E is 149.
Distance from C to F is 158.
Distance from C to G is 97.
Distance from C to H is 106.
Distance from C to I is 120.
Distance from C to J is 146.
Distance from D to A is 150.
Distance from D to B is 132.
Distance from D to C is 116.
Distance from D to E is 165.
Distance from D to F is 174.
Distance from D to G is 113.
Distance from D to H is 122.
Distance from D to I is 136.
Distance from D to J is 162.
Distance from E to A is 153.
Distance from E to B is 135.
Distance from E to C is 149.
Distance from E to D is 165.
Distance from E to F is 119.
Distance from E to G is 134.
Distance from E to H is 106.
Distance from E to I is 34.
Distance from E to J is 93.
Distance from F to A is 41.
Distance from F to B is 53.
Distance from F to C is 158.
Distance from F to D is 174.
Distance from F to E is 119.
Distance from F to G is 149.
Distance from F to H is 110.
Distance from F to I is 123.
Distance from F to J is 115.
Distance from G to A is 114.
Distance from G to B is 96.
Distance from G to C is 97.
Distance from G to D is 113.
Distance from G to E is 134.
Distance from G to F is 149.
Distance from G to H is 100.
Distance from G to I is 117.
Distance from G to J is 49.
Distance from H to A is 87.
Distance from H to B is 69.
Distance from H to C is 106.
Distance from H to D is 122.
Distance from H to E is 106.
Distance from H to F is 110.
Distance from H to G is 100.
Distance from H to I is 72.
Distance from H to J is 51.
Distance from I to A is 151.
Distance from I to B is 136.
Distance from I to C is 120.
Distance from I to D is 136.
Distance from I to E is 34.
Distance from I to F is 123.
Distance from I to G is 117.
Distance from I to H is 72.
Distance from I to J is 123.
Distance from J to A is 80.
Distance from J to B is 62.
Distance from J to C is 146.
Distance from J to D is 162.
Distance from J to E is 93.
Distance from J to F is 115.
Distance from J to G is 49.
Distance from J to H is 51.
Distance from J to I is 123.
These entries let you assign customers to open pickup points and evaluate the maximum customer travel distance.

Quick note: when you reply with the actual choices, please follow this JSON layout so it's easy to parse.

{
  ""solution"": {
    ""selected"": [<site_to_open>, <site_to_open>, ...],
    ""assignments"": [<assigned_open_site>, <assigned_open_site>, ...]
  }
}

""selected"" is where you list the storefronts you plan to activate (their IDs). ""assignments"" is a list, one entry per location in the instance, saying which open storefront that location is routed to. Think of the JSON as a simple form — it's just the shape I need, not the real answer.

Please use the exact identifiers from the instance input (no renaming, no new labels). 
- for example: ""Valid identifiers look like plain numbers such as “1” or “23”, single capital letters like “A” or “B”, or a capital letter followed by digits like “A1” or “X7”.""",markdown_table,names,"{""distance_matrix"": [[0, 18, 134, 150, 153, 41, 114, 87, 151, 80], [18, 0, 116, 132, 135, 53, 96, 69, 136, 62], [134, 116, 0, 116, 149, 158, 97, 106, 120, 146], [150, 132, 116, 0, 165, 174, 113, 122, 136, 162], [153, 135, 149, 165, 0, 119, 134, 106, 34, 93], [41, 53, 158, 174, 119, 0, 149, 110, 123, 115], [114, 96, 97, 113, 134, 149, 0, 100, 117, 49], [87, 69, 106, 122, 106, 110, 100, 0, 72, 51], [151, 136, 120, 136, 34, 123, 117, 72, 0, 123], [80, 62, 146, 162, 93, 115, 49, 51, 123, 0]], ""p"": 3, ""objective"": 106.0}","{""facilities"": [1, 3, 7], ""assignments"": [7, 7, 7, 3, 7, 1, 1, 1, 7, 1]}",106.0,"{""problem_type"": ""PCENTER"", ""num_nodes"": 10, ""num_open"": 3, ""sites"": [{""id"": ""A"", ""distances"": {""A"": 0, ""B"": 18, ""C"": 134, ""D"": 150, ""E"": 153, ""F"": 41, ""G"": 114, ""H"": 87, ""I"": 151, ""J"": 80}}, {""id"": ""B"", ""distances"": {""A"": 18, ""B"": 0, ""C"": 116, ""D"": 132, ""E"": 135, ""F"": 53, ""G"": 96, ""H"": 69, ""I"": 136, ""J"": 62}}, {""id"": ""C"", ""distances"": {""A"": 134, ""B"": 116, ""C"": 0, ""D"": 116, ""E"": 149, ""F"": 158, ""G"": 97, ""H"": 106, ""I"": 120, ""J"": 146}}, {""id"": ""D"", ""distances"": {""A"": 150, ""B"": 132, ""C"": 116, ""D"": 0, ""E"": 165, ""F"": 174, ""G"": 113, ""H"": 122, ""I"": 136, ""J"": 162}}, {""id"": ""E"", ""distances"": {""A"": 153, ""B"": 135, ""C"": 149, ""D"": 165, ""E"": 0, ""F"": 119, ""G"": 134, ""H"": 106, ""I"": 34, ""J"": 93}}, {""id"": ""F"", ""distances"": {""A"": 41, ""B"": 53, ""C"": 158, ""D"": 174, ""E"": 119, ""F"": 0, ""G"": 149, ""H"": 110, ""I"": 123, ""J"": 115}}, {""id"": ""G"", ""distances"": {""A"": 114, ""B"": 96, ""C"": 97, ""D"": 113, ""E"": 134, ""F"": 149, ""G"": 0, ""H"": 100, ""I"": 117, ""J"": 49}}, {""id"": ""H"", ""distances"": {""A"": 87, ""B"": 69, ""C"": 106, ""D"": 122, ""E"": 106, ""F"": 110, ""G"": 100, ""H"": 0, ""I"": 72, ""J"": 51}}, {""id"": ""I"", ""distances"": {""A"": 151, ""B"": 136, ""C"": 120, ""D"": 136, ""E"": 34, ""F"": 123, ""G"": 117, ""H"": 72, ""I"": 0, ""J"": 123}}, {""id"": ""J"", ""distances"": {""A"": 80, ""B"": 62, ""C"": 146, ""D"": 162, ""E"": 93, ""F"": 115, ""G"": 49, ""H"": 51, ""I"": 123, ""J"": 0}}], ""objective"": 106.0}","{""selected"": [""B"", ""D"", ""H""], ""assignments"": [""H"", ""H"", ""H"", ""D"", ""H"", ""B"", ""B"", ""B"", ""H"", ""B""]}"
PCENTER_M_036,PCENTER,M,36,"We’re trying to set up a limited number of antennas across town and attach every user location to one active antenna. The choice that wins is the one where the worst-off user — the one who’s farthest from their assigned antenna — has the shortest possible distance. Every location has to be assigned to a single turned-on antenna (no duplicates, no skipping), and only the allotted number of antennas can be used. The concrete locations and distances follow below.

{
  ""total_locations"": 10,
  ""antennas_to_activate"": 1,
  ""location_ids"": [
    0,
    1,
    2,
    3,
    4,
    5,
    6,
    7,
    8,
    9
  ],
  ""data"": [
    {
      ""origin_location_id"": 0,
      ""destination_location_id"": 1,
      ""travel_distance"": 19
    },
    {
      ""origin_location_id"": 0,
      ""destination_location_id"": 2,
      ""travel_distance"": 65
    },
    {
      ""origin_location_id"": 0,
      ""destination_location_id"": 3,
      ""travel_distance"": 48
    },
    {
      ""origin_location_id"": 0,
      ""destination_location_id"": 4,
      ""travel_distance"": 44
    },
    {
      ""origin_location_id"": 0,
      ""destination_location_id"": 5,
      ""travel_distance"": 19
    },
    {
      ""origin_location_id"": 0,
      ""destination_location_id"": 6,
      ""travel_distance"": 64
    },
    {
      ""origin_location_id"": 0,
      ""destination_location_id"": 7,
      ""travel_distance"": 44
    },
    {
      ""origin_location_id"": 0,
      ""destination_location_id"": 8,
      ""travel_distance"": 50
    },
    {
      ""origin_location_id"": 0,
      ""destination_location_id"": 9,
      ""travel_distance"": 58
    },
    {
      ""origin_location_id"": 1,
      ""destination_location_id"": 0,
      ""travel_distance"": 19
    },
    {
      ""origin_location_id"": 1,
      ""destination_location_id"": 2,
      ""travel_distance"": 67
    },
    {
      ""origin_location_id"": 1,
      ""destination_location_id"": 3,
      ""travel_distance"": 39
    },
    {
      ""origin_location_id"": 1,
      ""destination_location_id"": 4,
      ""travel_distance"": 35
    },
    {
      ""origin_location_id"": 1,
      ""destination_location_id"": 5,
      ""travel_distance"": 12
    },
    {
      ""origin_location_id"": 1,
      ""destination_location_id"": 6,
      ""travel_distance"": 55
    },
    {
      ""origin_location_id"": 1,
      ""destination_location_id"": 7,
      ""travel_distance"": 25
    },
    {
      ""origin_location_id"": 1,
      ""destination_location_id"": 8,
      ""travel_distance"": 43
    },
    {
      ""origin_location_id"": 1,
      ""destination_location_id"": 9,
      ""travel_distance"": 42
    },
    {
      ""origin_location_id"": 2,
      ""destination_location_id"": 0,
      ""travel_distance"": 65
    },
    {
      ""origin_location_id"": 2,
      ""destination_location_id"": 1,
      ""travel_distance"": 67
    },
    {
      ""origin_location_id"": 2,
      ""destination_location_id"": 3,
      ""travel_distance"": 69
    },
    {
      ""origin_location_id"": 2,
      ""destination_location_id"": 4,
      ""travel_distance"": 67
    },
    {
      ""origin_location_id"": 2,
      ""destination_location_id"": 5,
      ""travel_distance"": 59
    },
    {
      ""origin_location_id"": 2,
      ""destination_location_id"": 6,
      ""travel_distance"": 75
    },
    {
      ""origin_location_id"": 2,
      ""destination_location_id"": 7,
      ""travel_distance"": 81
    },
    {
      ""origin_location_id"": 2,
      ""destination_location_id"": 8,
      ""travel_distance"": 78
    },
    {
      ""origin_location_id"": 2,
      ""destination_location_id"": 9,
      ""travel_distance"": 71
    },
    {
      ""origin_location_id"": 3,
      ""destination_location_id"": 0,
      ""travel_distance"": 48
    },
    {
      ""origin_location_id"": 3,
      ""destination_location_id"": 1,
      ""travel_distance"": 39
    },
    {
      ""origin_location_id"": 3,
      ""destination_location_id"": 2,
      ""travel_distance"": 69
    },
    {
      ""origin_location_id"": 3,
      ""destination_location_id"": 4,
      ""travel_distance"": 24
    },
    {
      ""origin_location_id"": 3,
      ""destination_location_id"": 5,
      ""travel_distance"": 33
    },
    {
      ""origin_location_id"": 3,
      ""destination_location_id"": 6,
      ""travel_distance"": 57
    },
    {
      ""origin_location_id"": 3,
      ""destination_location_id"": 7,
      ""travel_distance"": 62
    },
    {
      ""origin_location_id"": 3,
      ""destination_location_id"": 8,
      ""travel_distance"": 45
    },
    {
      ""origin_location_id"": 3,
      ""destination_location_id"": 9,
      ""travel_distance"": 60
    },
    {
      ""origin_location_id"": 4,
      ""destination_location_id"": 0,
      ""travel_distance"": 44
    },
    {
      ""origin_location_id"": 4,
      ""destination_location_id"": 1,
      ""travel_distance"": 35
    },
    {
      ""origin_location_id"": 4,
      ""destination_location_id"": 2,
      ""travel_distance"": 67
    },
    {
      ""origin_location_id"": 4,
      ""destination_location_id"": 3,
      ""travel_distance"": 24
    },
    {
      ""origin_location_id"": 4,
      ""destination_location_id"": 5,
      ""travel_distance"": 29
    },
    {
      ""origin_location_id"": 4,
      ""destination_location_id"": 6,
      ""travel_distance"": 48
    },
    {
      ""origin_location_id"": 4,
      ""destination_location_id"": 7,
      ""travel_distance"": 60
    },
    {
      ""origin_location_id"": 4,
      ""destination_location_id"": 8,
      ""travel_distance"": 32
    },
    {
      ""origin_location_id"": 4,
      ""destination_location_id"": 9,
      ""travel_distance"": 54
    },
    {
      ""origin_location_id"": 5,
      ""destination_location_id"": 0,
      ""travel_distance"": 19
    },
    {
      ""origin_location_id"": 5,
      ""destination_location_id"": 1,
      ""travel_distance"": 12
    },
    {
      ""origin_location_id"": 5,
      ""destination_location_id"": 2,
      ""travel_distance"": 59
    },
    {
      ""origin_location_id"": 5,
      ""destination_location_id"": 3,
      ""travel_distance"": 33
    },
    {
      ""origin_location_id"": 5,
      ""destination_location_id"": 4,
      ""travel_distance"": 29
    },
    {
      ""origin_location_id"": 5,
      ""destination_location_id"": 6,
      ""travel_distance"": 49
    },
    {
      ""origin_location_id"": 5,
      ""destination_location_id"": 7,
      ""travel_distance"": 37
    },
    {
      ""origin_location_id"": 5,
      ""destination_location_id"": 8,
      ""travel_distance"": 43
    },
    {
      ""origin_location_id"": 5,
      ""destination_location_id"": 9,
      ""travel_distance"": 43
    },
    {
      ""origin_location_id"": 6,
      ""destination_location_id"": 0,
      ""travel_distance"": 64
    },
    {
      ""origin_location_id"": 6,
      ""destination_location_id"": 1,
      ""travel_distance"": 55
    },
    {
      ""origin_location_id"": 6,
      ""destination_location_id"": 2,
      ""travel_distance"": 75
    },
    {
      ""origin_location_id"": 6,
      ""destination_location_id"": 3,
      ""travel_distance"": 57
    },
    {
      ""origin_location_id"": 6,
      ""destination_location_id"": 4,
      ""travel_distance"": 48
    },
    {
      ""origin_location_id"": 6,
      ""destination_location_id"": 5,
      ""travel_distance"": 49
    },
    {
      ""origin_location_id"": 6,
      ""destination_location_id"": 7,
      ""travel_distance"": 72
    },
    {
      ""origin_location_id"": 6,
      ""destination_location_id"": 8,
      ""travel_distance"": 67
    },
    {
      ""origin_location_id"": 6,
      ""destination_location_id"": 9,
      ""travel_distance"": 75
    },
    {
      ""origin_location_id"": 7,
      ""destination_location_id"": 0,
      ""travel_distance"": 44
    },
    {
      ""origin_location_id"": 7,
      ""destination_location_id"": 1,
      ""travel_distance"": 25
    },
    {
      ""origin_location_id"": 7,
      ""destination_location_id"": 2,
      ""travel_distance"": 81
    },
    {
      ""origin_location_id"": 7,
      ""destination_location_id"": 3,
      ""travel_distance"": 62
    },
    {
      ""origin_location_id"": 7,
      ""destination_location_id"": 4,
      ""travel_distance"": 60
    },
    {
      ""origin_location_id"": 7,
      ""destination_location_id"": 5,
      ""travel_distance"": 37
    },
    {
      ""origin_location_id"": 7,
      ""destination_location_id"": 6,
      ""travel_distance"": 72
    },
    {
      ""origin_location_id"": 7,
      ""destination_location_id"": 8,
      ""travel_distance"": 45
    },
    {
      ""origin_location_id"": 7,
      ""destination_location_id"": 9,
      ""travel_distance"": 67
    },
    {
      ""origin_location_id"": 8,
      ""destination_location_id"": 0,
      ""travel_distance"": 50
    },
    {
      ""origin_location_id"": 8,
      ""destination_location_id"": 1,
      ""travel_distance"": 43
    },
    {
      ""origin_location_id"": 8,
      ""destination_location_id"": 2,
      ""travel_distance"": 78
    },
    {
      ""origin_location_id"": 8,
      ""destination_location_id"": 3,
      ""travel_distance"": 45
    },
    {
      ""origin_location_id"": 8,
      ""destination_location_id"": 4,
      ""travel_distance"": 32
    },
    {
      ""origin_location_id"": 8,
      ""destination_location_id"": 5,
      ""travel_distance"": 43
    },
    {
      ""origin_location_id"": 8,
      ""destination_location_id"": 6,
      ""travel_distance"": 67
    },
    {
      ""origin_location_id"": 8,
      ""destination_location_id"": 7,
      ""travel_distance"": 45
    },
    {
      ""origin_location_id"": 8,
      ""destination_location_id"": 9,
      ""travel_distance"": 69
    },
    {
      ""origin_location_id"": 9,
      ""destination_location_id"": 0,
      ""travel_distance"": 58
    },
    {
      ""origin_location_id"": 9,
      ""destination_location_id"": 1,
      ""travel_distance"": 42
    },
    {
      ""origin_location_id"": 9,
      ""destination_location_id"": 2,
      ""travel_distance"": 71
    },
    {
      ""origin_location_id"": 9,
      ""destination_location_id"": 3,
      ""travel_distance"": 60
    },
    {
      ""origin_location_id"": 9,
      ""destination_location_id"": 4,
      ""travel_distance"": 54
    },
    {
      ""origin_location_id"": 9,
      ""destination_location_id"": 5,
      ""travel_distance"": 43
    },
    {
      ""origin_location_id"": 9,
      ""destination_location_id"": 6,
      ""travel_distance"": 75
    },
    {
      ""origin_location_id"": 9,
      ""destination_location_id"": 7,
      ""travel_distance"": 67
    },
    {
      ""origin_location_id"": 9,
      ""destination_location_id"": 8,
      ""travel_distance"": 69
    }
  ]
}

Also, when you send the actual choices back, please use this simple JSON layout so it's easy to parse:

{
  ""solution"": {
    ""selected"": [<site_to_open>, <site_to_open>, ...],
    ""assignments"": [<chosen_open_site>, <chosen_open_site>, ...]
  }
}

Think of it like a little form: ""selected"" is the list of sites you decide to turn on, and ""assignments"" gives, for every location in the instance (in the same order they were listed), the site that location is attached to. Super casual — just fill those two lists and you're done.

This is just a sketch of the shape I need, not the final answer itself. One important rule: use the exact identifiers from the instance input — do not rename them or invent new labels. For example: ""Valid identifiers look like plain numbers such as ""1"" or ""23"", single capital letters like ""A"" or ""B"", or a capital letter followed by digits like ""A1"" or ""X7"".""",json,zero_based,"{""distance_matrix"": [[0, 19, 65, 48, 44, 19, 64, 44, 50, 58], [19, 0, 67, 39, 35, 12, 55, 25, 43, 42], [65, 67, 0, 69, 67, 59, 75, 81, 78, 71], [48, 39, 69, 0, 24, 33, 57, 62, 45, 60], [44, 35, 67, 24, 0, 29, 48, 60, 32, 54], [19, 12, 59, 33, 29, 0, 49, 37, 43, 43], [64, 55, 75, 57, 48, 49, 0, 72, 67, 75], [44, 25, 81, 62, 60, 37, 72, 0, 45, 67], [50, 43, 78, 45, 32, 43, 67, 45, 0, 69], [58, 42, 71, 60, 54, 43, 75, 67, 69, 0]], ""p"": 1, ""objective"": 59.0}","{""facilities"": [5], ""assignments"": [5, 5, 5, 5, 5, 5, 5, 5, 5, 5]}",59.0,"{""problem_type"": ""PCENTER"", ""num_nodes"": 10, ""num_open"": 1, ""sites"": [{""id"": 0, ""distances"": {""0"": 0, ""1"": 19, ""2"": 65, ""3"": 48, ""4"": 44, ""5"": 19, ""6"": 64, ""7"": 44, ""8"": 50, ""9"": 58}}, {""id"": 1, ""distances"": {""0"": 19, ""1"": 0, ""2"": 67, ""3"": 39, ""4"": 35, ""5"": 12, ""6"": 55, ""7"": 25, ""8"": 43, ""9"": 42}}, {""id"": 2, ""distances"": {""0"": 65, ""1"": 67, ""2"": 0, ""3"": 69, ""4"": 67, ""5"": 59, ""6"": 75, ""7"": 81, ""8"": 78, ""9"": 71}}, {""id"": 3, ""distances"": {""0"": 48, ""1"": 39, ""2"": 69, ""3"": 0, ""4"": 24, ""5"": 33, ""6"": 57, ""7"": 62, ""8"": 45, ""9"": 60}}, {""id"": 4, ""distances"": {""0"": 44, ""1"": 35, ""2"": 67, ""3"": 24, ""4"": 0, ""5"": 29, ""6"": 48, ""7"": 60, ""8"": 32, ""9"": 54}}, {""id"": 5, ""distances"": {""0"": 19, ""1"": 12, ""2"": 59, ""3"": 33, ""4"": 29, ""5"": 0, ""6"": 49, ""7"": 37, ""8"": 43, ""9"": 43}}, {""id"": 6, ""distances"": {""0"": 64, ""1"": 55, ""2"": 75, ""3"": 57, ""4"": 48, ""5"": 49, ""6"": 0, ""7"": 72, ""8"": 67, ""9"": 75}}, {""id"": 7, ""distances"": {""0"": 44, ""1"": 25, ""2"": 81, ""3"": 62, ""4"": 60, ""5"": 37, ""6"": 72, ""7"": 0, ""8"": 45, ""9"": 67}}, {""id"": 8, ""distances"": {""0"": 50, ""1"": 43, ""2"": 78, ""3"": 45, ""4"": 32, ""5"": 43, ""6"": 67, ""7"": 45, ""8"": 0, ""9"": 69}}, {""id"": 9, ""distances"": {""0"": 58, ""1"": 42, ""2"": 71, ""3"": 60, ""4"": 54, ""5"": 43, ""6"": 75, ""7"": 67, ""8"": 69, ""9"": 0}}], ""objective"": 59.0}","{""selected"": [5], ""assignments"": [5, 5, 5, 5, 5, 5, 5, 5, 5, 5]}"
PCENTER_M_037,PCENTER,M,37,"Many people care about fair access, so imagine choosing a handful of service locations from a list of possible spots to cover a set of communities, with the distance between every pair already known. Each community must be assigned to one and only one chosen spot, and the best arrangement is the one that makes the longest required trip for any community as short as it can be. In practical terms, evaluate an arrangement by finding the community with the largest assigned travel distance — that largest distance is what gets reduced. The concrete data — locations and distances — are provided below.

The instance lists 13 distinct candidate locations, of which 4 must be opened; the ordered location identifiers are 0, 1, 2, 3, 4, 5, 6, 7, 8, 9, 10, 11, 12.
The travel distance from 0 to 1 is 41.
The travel distance from 0 to 2 is 86.
The travel distance from 0 to 3 is 52.
The travel distance from 0 to 4 is 54.
The travel distance from 0 to 5 is 66.
The travel distance from 0 to 6 is 57.
The travel distance from 0 to 7 is 41.
The travel distance from 0 to 8 is 53.
The travel distance from 0 to 9 is 58.
The travel distance from 0 to 10 is 47.
The travel distance from 0 to 11 is 76.
The travel distance from 0 to 12 is 62.
The travel distance from 1 to 0 is 41.
The travel distance from 1 to 2 is 67.
The travel distance from 1 to 3 is 19.
The travel distance from 1 to 4 is 40.
The travel distance from 1 to 5 is 42.
The travel distance from 1 to 6 is 34.
The travel distance from 1 to 7 is 50.
The travel distance from 1 to 8 is 49.
The travel distance from 1 to 9 is 39.
The travel distance from 1 to 10 is 67.
The travel distance from 1 to 11 is 62.
The travel distance from 1 to 12 is 36.
The travel distance from 2 to 0 is 86.
The travel distance from 2 to 1 is 67.
The travel distance from 2 to 3 is 71.
The travel distance from 2 to 4 is 61.
The travel distance from 2 to 5 is 48.
The travel distance from 2 to 6 is 59.
The travel distance from 2 to 7 is 69.
The travel distance from 2 to 8 is 65.
The travel distance from 2 to 9 is 28.
The travel distance from 2 to 10 is 94.
The travel distance from 2 to 11 is 68.
The travel distance from 2 to 12 is 77.
The travel distance from 3 to 0 is 52.
The travel distance from 3 to 1 is 19.
The travel distance from 3 to 2 is 71.
The travel distance from 3 to 4 is 27.
The travel distance from 3 to 5 is 49.
The travel distance from 3 to 6 is 42.
The travel distance from 3 to 7 is 56.
The travel distance from 3 to 8 is 52.
The travel distance from 3 to 9 is 44.
The travel distance from 3 to 10 is 78.
The travel distance from 3 to 11 is 75.
The travel distance from 3 to 12 is 47.
The travel distance from 4 to 0 is 54.
The travel distance from 4 to 1 is 40.
The travel distance from 4 to 2 is 61.
The travel distance from 4 to 3 is 27.
The travel distance from 4 to 5 is 29.
The travel distance from 4 to 6 is 32.
The travel distance from 4 to 7 is 52.
The travel distance from 4 to 8 is 42.
The travel distance from 4 to 9 is 33.
The travel distance from 4 to 10 is 67.
The travel distance from 4 to 11 is 53.
The travel distance from 4 to 12 is 49.
The travel distance from 5 to 0 is 66.
The travel distance from 5 to 1 is 42.
The travel distance from 5 to 2 is 48.
The travel distance from 5 to 3 is 49.
The travel distance from 5 to 4 is 29.
The travel distance from 5 to 6 is 46.
The travel distance from 5 to 7 is 52.
The travel distance from 5 to 8 is 54.
The travel distance from 5 to 9 is 22.
The travel distance from 5 to 10 is 70.
The travel distance from 5 to 11 is 61.
The travel distance from 5 to 12 is 53.
The travel distance from 6 to 0 is 57.
The travel distance from 6 to 1 is 34.
The travel distance from 6 to 2 is 59.
The travel distance from 6 to 3 is 42.
The travel distance from 6 to 4 is 32.
The travel distance from 6 to 5 is 46.
The travel distance from 6 to 7 is 25.
The travel distance from 6 to 8 is 42.
The travel distance from 6 to 9 is 31.
The travel distance from 6 to 10 is 68.
The travel distance from 6 to 11 is 58.
The travel distance from 6 to 12 is 59.
The travel distance from 7 to 0 is 41.
The travel distance from 7 to 1 is 50.
The travel distance from 7 to 2 is 69.
The travel distance from 7 to 3 is 56.
The travel distance from 7 to 4 is 52.
The travel distance from 7 to 5 is 52.
The travel distance from 7 to 6 is 25.
The travel distance from 7 to 8 is 54.
The travel distance from 7 to 9 is 51.
The travel distance from 7 to 10 is 82.
The travel distance from 7 to 11 is 56.
The travel distance from 7 to 12 is 71.
The travel distance from 8 to 0 is 53.
The travel distance from 8 to 1 is 49.
The travel distance from 8 to 2 is 65.
The travel distance from 8 to 3 is 52.
The travel distance from 8 to 4 is 42.
The travel distance from 8 to 5 is 54.
The travel distance from 8 to 6 is 42.
The travel distance from 8 to 7 is 54.
The travel distance from 8 to 9 is 37.
The travel distance from 8 to 10 is 66.
The travel distance from 8 to 11 is 49.
The travel distance from 8 to 12 is 55.
The travel distance from 9 to 0 is 58.
The travel distance from 9 to 1 is 39.
The travel distance from 9 to 2 is 28.
The travel distance from 9 to 3 is 44.
The travel distance from 9 to 4 is 33.
The travel distance from 9 to 5 is 22.
The travel distance from 9 to 6 is 31.
The travel distance from 9 to 7 is 51.
The travel distance from 9 to 8 is 37.
The travel distance from 9 to 10 is 76.
The travel distance from 9 to 11 is 63.
The travel distance from 9 to 12 is 59.
The travel distance from 10 to 0 is 47.
The travel distance from 10 to 1 is 67.
The travel distance from 10 to 2 is 94.
The travel distance from 10 to 3 is 78.
The travel distance from 10 to 4 is 67.
The travel distance from 10 to 5 is 70.
The travel distance from 10 to 6 is 68.
The travel distance from 10 to 7 is 82.
The travel distance from 10 to 8 is 66.
The travel distance from 10 to 9 is 76.
The travel distance from 10 to 11 is 87.
The travel distance from 10 to 12 is 77.
The travel distance from 11 to 0 is 76.
The travel distance from 11 to 1 is 62.
The travel distance from 11 to 2 is 68.
The travel distance from 11 to 3 is 75.
The travel distance from 11 to 4 is 53.
The travel distance from 11 to 5 is 61.
The travel distance from 11 to 6 is 58.
The travel distance from 11 to 7 is 56.
The travel distance from 11 to 8 is 49.
The travel distance from 11 to 9 is 63.
The travel distance from 11 to 10 is 87.
The travel distance from 11 to 12 is 80.
The travel distance from 12 to 0 is 62.
The travel distance from 12 to 1 is 36.
The travel distance from 12 to 2 is 77.
The travel distance from 12 to 3 is 47.
The travel distance from 12 to 4 is 49.
The travel distance from 12 to 5 is 53.
The travel distance from 12 to 6 is 59.
The travel distance from 12 to 7 is 71.
The travel distance from 12 to 8 is 55.
The travel distance from 12 to 9 is 59.
The travel distance from 12 to 10 is 77.
The travel distance from 12 to 11 is 80.
Use these distance records to assess assignments and reduce the maximum assigned travel distance.

You can just reply using a simple JSON shape like this — nothing fancy, just the idea of which spots you open and who gets assigned where.

{
  ""solution"": {
    ""selected"": [<site_to_open>, <site_to_open>, ...],
    ""assignments"": [<chosen_open_site>, <chosen_open_site>, ...]
  }
}

""selected"" is the list of sites you choose to open. ""assignments"" is, in the same order as the locations in the instance input, the open site each location is assigned to. Think of it like filling out a short form: pick the open sites, then for every community write which open site they're connected to.

This JSON is just the expected shape — a sketch, not the final filled-in answer. Please use the exact identifiers from the instance input; do not rename them or invent new labels. 

For example: ""Valid identifiers look like plain numbers such as ""1"" or ""23"", single capital letters like ""A"" or ""B"", or a capital letter followed by digits like ""A1"" or ""X7"".""",nl,zero_based,"{""distance_matrix"": [[0, 41, 86, 52, 54, 66, 57, 41, 53, 58, 47, 76, 62], [41, 0, 67, 19, 40, 42, 34, 50, 49, 39, 67, 62, 36], [86, 67, 0, 71, 61, 48, 59, 69, 65, 28, 94, 68, 77], [52, 19, 71, 0, 27, 49, 42, 56, 52, 44, 78, 75, 47], [54, 40, 61, 27, 0, 29, 32, 52, 42, 33, 67, 53, 49], [66, 42, 48, 49, 29, 0, 46, 52, 54, 22, 70, 61, 53], [57, 34, 59, 42, 32, 46, 0, 25, 42, 31, 68, 58, 59], [41, 50, 69, 56, 52, 52, 25, 0, 54, 51, 82, 56, 71], [53, 49, 65, 52, 42, 54, 42, 54, 0, 37, 66, 49, 55], [58, 39, 28, 44, 33, 22, 31, 51, 37, 0, 76, 63, 59], [47, 67, 94, 78, 67, 70, 68, 82, 66, 76, 0, 87, 77], [76, 62, 68, 75, 53, 61, 58, 56, 49, 63, 87, 0, 80], [62, 36, 77, 47, 49, 53, 59, 71, 55, 59, 77, 80, 0]], ""p"": 4, ""objective"": 47.0}","{""facilities"": [0, 9, 11, 12], ""assignments"": [0, 12, 9, 12, 9, 9, 9, 0, 9, 9, 0, 11, 12]}",47.0,"{""problem_type"": ""PCENTER"", ""num_nodes"": 13, ""num_open"": 4, ""sites"": [{""id"": 0, ""distances"": {""0"": 0, ""1"": 41, ""2"": 86, ""3"": 52, ""4"": 54, ""5"": 66, ""6"": 57, ""7"": 41, ""8"": 53, ""9"": 58, ""10"": 47, ""11"": 76, ""12"": 62}}, {""id"": 1, ""distances"": {""0"": 41, ""1"": 0, ""2"": 67, ""3"": 19, ""4"": 40, ""5"": 42, ""6"": 34, ""7"": 50, ""8"": 49, ""9"": 39, ""10"": 67, ""11"": 62, ""12"": 36}}, {""id"": 2, ""distances"": {""0"": 86, ""1"": 67, ""2"": 0, ""3"": 71, ""4"": 61, ""5"": 48, ""6"": 59, ""7"": 69, ""8"": 65, ""9"": 28, ""10"": 94, ""11"": 68, ""12"": 77}}, {""id"": 3, ""distances"": {""0"": 52, ""1"": 19, ""2"": 71, ""3"": 0, ""4"": 27, ""5"": 49, ""6"": 42, ""7"": 56, ""8"": 52, ""9"": 44, ""10"": 78, ""11"": 75, ""12"": 47}}, {""id"": 4, ""distances"": {""0"": 54, ""1"": 40, ""2"": 61, ""3"": 27, ""4"": 0, ""5"": 29, ""6"": 32, ""7"": 52, ""8"": 42, ""9"": 33, ""10"": 67, ""11"": 53, ""12"": 49}}, {""id"": 5, ""distances"": {""0"": 66, ""1"": 42, ""2"": 48, ""3"": 49, ""4"": 29, ""5"": 0, ""6"": 46, ""7"": 52, ""8"": 54, ""9"": 22, ""10"": 70, ""11"": 61, ""12"": 53}}, {""id"": 6, ""distances"": {""0"": 57, ""1"": 34, ""2"": 59, ""3"": 42, ""4"": 32, ""5"": 46, ""6"": 0, ""7"": 25, ""8"": 42, ""9"": 31, ""10"": 68, ""11"": 58, ""12"": 59}}, {""id"": 7, ""distances"": {""0"": 41, ""1"": 50, ""2"": 69, ""3"": 56, ""4"": 52, ""5"": 52, ""6"": 25, ""7"": 0, ""8"": 54, ""9"": 51, ""10"": 82, ""11"": 56, ""12"": 71}}, {""id"": 8, ""distances"": {""0"": 53, ""1"": 49, ""2"": 65, ""3"": 52, ""4"": 42, ""5"": 54, ""6"": 42, ""7"": 54, ""8"": 0, ""9"": 37, ""10"": 66, ""11"": 49, ""12"": 55}}, {""id"": 9, ""distances"": {""0"": 58, ""1"": 39, ""2"": 28, ""3"": 44, ""4"": 33, ""5"": 22, ""6"": 31, ""7"": 51, ""8"": 37, ""9"": 0, ""10"": 76, ""11"": 63, ""12"": 59}}, {""id"": 10, ""distances"": {""0"": 47, ""1"": 67, ""2"": 94, ""3"": 78, ""4"": 67, ""5"": 70, ""6"": 68, ""7"": 82, ""8"": 66, ""9"": 76, ""10"": 0, ""11"": 87, ""12"": 77}}, {""id"": 11, ""distances"": {""0"": 76, ""1"": 62, ""2"": 68, ""3"": 75, ""4"": 53, ""5"": 61, ""6"": 58, ""7"": 56, ""8"": 49, ""9"": 63, ""10"": 87, ""11"": 0, ""12"": 80}}, {""id"": 12, ""distances"": {""0"": 62, ""1"": 36, ""2"": 77, ""3"": 47, ""4"": 49, ""5"": 53, ""6"": 59, ""7"": 71, ""8"": 55, ""9"": 59, ""10"": 77, ""11"": 80, ""12"": 0}}], ""objective"": 47.0}","{""selected"": [0, 9, 11, 12], ""assignments"": [0, 12, 9, 12, 9, 9, 9, 0, 9, 9, 0, 11, 12]}"
PCENTER_M_038,PCENTER,M,38,"Picture a neighborhood with a handful of candidate spots for chargers; the task is to choose a set number of those spots and attach every parking area to exactly one of the selected chargers, so nothing is left out or assigned twice. What counts as a good choice is how long the longest journey is — you compute each parking area’s distance to its assigned charger, take the biggest distance, and aim to make that biggest distance minimal. The specific locations and pairwise distances are listed below.

There are 11 locations to consider; you must open exactly 4 chargers, and the locations are 0, 1, 2, 3, 4, 5, 6, 7, 8, 9, 10.
Distance from 0 to 1 is 18.
Distance from 0 to 2 is 23.
Distance from 0 to 3 is 18.
Distance from 0 to 4 is 32.
Distance from 0 to 5 is 19.
Distance from 0 to 6 is 26.
Distance from 0 to 7 is 22.
Distance from 0 to 8 is 27.
Distance from 0 to 9 is 30.
Distance from 0 to 10 is 29.
Distance from 1 to 0 is 18.
Distance from 1 to 2 is 31.
Distance from 1 to 3 is 36.
Distance from 1 to 4 is 39.
Distance from 1 to 5 is 22.
Distance from 1 to 6 is 23.
Distance from 1 to 7 is 33.
Distance from 1 to 8 is 24.
Distance from 1 to 9 is 42.
Distance from 1 to 10 is 30.
Distance from 2 to 0 is 23.
Distance from 2 to 1 is 31.
Distance from 2 to 3 is 19.
Distance from 2 to 4 is 39.
Distance from 2 to 5 is 26.
Distance from 2 to 6 is 26.
Distance from 2 to 7 is 33.
Distance from 2 to 8 is 33.
Distance from 2 to 9 is 37.
Distance from 2 to 10 is 36.
Distance from 3 to 0 is 18.
Distance from 3 to 1 is 36.
Distance from 3 to 2 is 19.
Distance from 3 to 4 is 45.
Distance from 3 to 5 is 29.
Distance from 3 to 6 is 31.
Distance from 3 to 7 is 31.
Distance from 3 to 8 is 39.
Distance from 3 to 9 is 31.
Distance from 3 to 10 is 39.
Distance from 4 to 0 is 32.
Distance from 4 to 1 is 39.
Distance from 4 to 2 is 39.
Distance from 4 to 3 is 45.
Distance from 4 to 5 is 35.
Distance from 4 to 6 is 35.
Distance from 4 to 7 is 46.
Distance from 4 to 8 is 41.
Distance from 4 to 9 is 50.
Distance from 4 to 10 is 39.
Distance from 5 to 0 is 19.
Distance from 5 to 1 is 22.
Distance from 5 to 2 is 26.
Distance from 5 to 3 is 29.
Distance from 5 to 4 is 35.
Distance from 5 to 6 is 18.
Distance from 5 to 7 is 27.
Distance from 5 to 8 is 24.
Distance from 5 to 9 is 36.
Distance from 5 to 10 is 18.
Distance from 6 to 0 is 26.
Distance from 6 to 1 is 23.
Distance from 6 to 2 is 26.
Distance from 6 to 3 is 31.
Distance from 6 to 4 is 35.
Distance from 6 to 5 is 18.
Distance from 6 to 7 is 32.
Distance from 6 to 8 is 25.
Distance from 6 to 9 is 42.
Distance from 6 to 10 is 24.
Distance from 7 to 0 is 22.
Distance from 7 to 1 is 33.
Distance from 7 to 2 is 33.
Distance from 7 to 3 is 31.
Distance from 7 to 4 is 46.
Distance from 7 to 5 is 27.
Distance from 7 to 6 is 32.
Distance from 7 to 8 is 31.
Distance from 7 to 9 is 21.
Distance from 7 to 10 is 36.
Distance from 8 to 0 is 27.
Distance from 8 to 1 is 24.
Distance from 8 to 2 is 33.
Distance from 8 to 3 is 39.
Distance from 8 to 4 is 41.
Distance from 8 to 5 is 24.
Distance from 8 to 6 is 25.
Distance from 8 to 7 is 31.
Distance from 8 to 9 is 42.
Distance from 8 to 10 is 36.
Distance from 9 to 0 is 30.
Distance from 9 to 1 is 42.
Distance from 9 to 2 is 37.
Distance from 9 to 3 is 31.
Distance from 9 to 4 is 50.
Distance from 9 to 5 is 36.
Distance from 9 to 6 is 42.
Distance from 9 to 7 is 21.
Distance from 9 to 8 is 42.
Distance from 9 to 10 is 44.
Distance from 10 to 0 is 29.
Distance from 10 to 1 is 30.
Distance from 10 to 2 is 36.
Distance from 10 to 3 is 39.
Distance from 10 to 4 is 39.
Distance from 10 to 5 is 18.
Distance from 10 to 6 is 24.
Distance from 10 to 7 is 36.
Distance from 10 to 8 is 36.
Distance from 10 to 9 is 44.
Use these distances to evaluate assignments when opening 4 chargers among the 11 locations.

Also, when you give the final choice, please use this simple JSON layout so it's easy to parse and check — nothing fancy, just the shape below.

{
  ""solution"": {
    ""selected"": [<site_to_open>, <site_to_open>, ...],
    ""assignments"": [<chosen_open_site>, <chosen_open_site>, ...]
  }
}

It's just a sketch of the shape I expect: ""selected"" lists the charger spots you decide to open, and ""assignments"" lists, for every parking area (in the same order as the instance), which opened spot it's assigned to. Keep it casual — think of ""selected"" as the boxes you tick and ""assignments"" as the little labels you stick on each parking area.

A quick reminder: use the exact identifiers from the instance input — don't rename them or invent new ones. Valid identifiers look like plain numbers such as “1” or “23”, single capital letters like “A” or “B”, or a capital letter followed by digits like “A1” or “X7”.",markdown_table,zero_based,"{""distance_matrix"": [[0, 18, 23, 18, 32, 19, 26, 22, 27, 30, 29], [18, 0, 31, 36, 39, 22, 23, 33, 24, 42, 30], [23, 31, 0, 19, 39, 26, 26, 33, 33, 37, 36], [18, 36, 19, 0, 45, 29, 31, 31, 39, 31, 39], [32, 39, 39, 45, 0, 35, 35, 46, 41, 50, 39], [19, 22, 26, 29, 35, 0, 18, 27, 24, 36, 18], [26, 23, 26, 31, 35, 18, 0, 32, 25, 42, 24], [22, 33, 33, 31, 46, 27, 32, 0, 31, 21, 36], [27, 24, 33, 39, 41, 24, 25, 31, 0, 42, 36], [30, 42, 37, 31, 50, 36, 42, 21, 42, 0, 44], [29, 30, 36, 39, 39, 18, 24, 36, 36, 44, 0]], ""p"": 4, ""objective"": 24.0}","{""facilities"": [0, 4, 5, 7], ""assignments"": [5, 0, 0, 0, 4, 0, 5, 0, 5, 7, 5]}",24.0,"{""problem_type"": ""PCENTER"", ""num_nodes"": 11, ""num_open"": 4, ""sites"": [{""id"": 0, ""distances"": {""0"": 0, ""1"": 18, ""2"": 23, ""3"": 18, ""4"": 32, ""5"": 19, ""6"": 26, ""7"": 22, ""8"": 27, ""9"": 30, ""10"": 29}}, {""id"": 1, ""distances"": {""0"": 18, ""1"": 0, ""2"": 31, ""3"": 36, ""4"": 39, ""5"": 22, ""6"": 23, ""7"": 33, ""8"": 24, ""9"": 42, ""10"": 30}}, {""id"": 2, ""distances"": {""0"": 23, ""1"": 31, ""2"": 0, ""3"": 19, ""4"": 39, ""5"": 26, ""6"": 26, ""7"": 33, ""8"": 33, ""9"": 37, ""10"": 36}}, {""id"": 3, ""distances"": {""0"": 18, ""1"": 36, ""2"": 19, ""3"": 0, ""4"": 45, ""5"": 29, ""6"": 31, ""7"": 31, ""8"": 39, ""9"": 31, ""10"": 39}}, {""id"": 4, ""distances"": {""0"": 32, ""1"": 39, ""2"": 39, ""3"": 45, ""4"": 0, ""5"": 35, ""6"": 35, ""7"": 46, ""8"": 41, ""9"": 50, ""10"": 39}}, {""id"": 5, ""distances"": {""0"": 19, ""1"": 22, ""2"": 26, ""3"": 29, ""4"": 35, ""5"": 0, ""6"": 18, ""7"": 27, ""8"": 24, ""9"": 36, ""10"": 18}}, {""id"": 6, ""distances"": {""0"": 26, ""1"": 23, ""2"": 26, ""3"": 31, ""4"": 35, ""5"": 18, ""6"": 0, ""7"": 32, ""8"": 25, ""9"": 42, ""10"": 24}}, {""id"": 7, ""distances"": {""0"": 22, ""1"": 33, ""2"": 33, ""3"": 31, ""4"": 46, ""5"": 27, ""6"": 32, ""7"": 0, ""8"": 31, ""9"": 21, ""10"": 36}}, {""id"": 8, ""distances"": {""0"": 27, ""1"": 24, ""2"": 33, ""3"": 39, ""4"": 41, ""5"": 24, ""6"": 25, ""7"": 31, ""8"": 0, ""9"": 42, ""10"": 36}}, {""id"": 9, ""distances"": {""0"": 30, ""1"": 42, ""2"": 37, ""3"": 31, ""4"": 50, ""5"": 36, ""6"": 42, ""7"": 21, ""8"": 42, ""9"": 0, ""10"": 44}}, {""id"": 10, ""distances"": {""0"": 29, ""1"": 30, ""2"": 36, ""3"": 39, ""4"": 39, ""5"": 18, ""6"": 24, ""7"": 36, ""8"": 36, ""9"": 44, ""10"": 0}}], ""objective"": 24.0}","{""selected"": [0, 4, 5, 7], ""assignments"": [5, 0, 0, 0, 4, 0, 5, 0, 5, 7, 5]}"
PCENTER_M_039,PCENTER,M,39,"On a sunny afternoon the team needs to decide where to open a fixed number of water refill stations and which picnic area will use which station. Every picnic area must be tied to one and only one open station — no duplicates and nothing left out. The way to tell if one setup is better than another is to look at the picnic area that walks the farthest to its station; the aim is to make that farthest walk as short as it can be. The exact candidate sites and distances will be shown below.

{
  ""num_locations"": 13,
  ""kiosks_to_open"": 3,
  ""location_ids"": [
    ""A"",
    ""B"",
    ""C"",
    ""D"",
    ""E"",
    ""F"",
    ""G"",
    ""H"",
    ""I"",
    ""J"",
    ""K"",
    ""L"",
    ""M""
  ],
  ""data"": [
    {
      ""origin_location_id"": ""A"",
      ""destination_location_id"": ""B"",
      ""walking_distance"": 38
    },
    {
      ""origin_location_id"": ""A"",
      ""destination_location_id"": ""C"",
      ""walking_distance"": 28
    },
    {
      ""origin_location_id"": ""A"",
      ""destination_location_id"": ""D"",
      ""walking_distance"": 32
    },
    {
      ""origin_location_id"": ""A"",
      ""destination_location_id"": ""E"",
      ""walking_distance"": 32
    },
    {
      ""origin_location_id"": ""A"",
      ""destination_location_id"": ""F"",
      ""walking_distance"": 25
    },
    {
      ""origin_location_id"": ""A"",
      ""destination_location_id"": ""G"",
      ""walking_distance"": 34
    },
    {
      ""origin_location_id"": ""A"",
      ""destination_location_id"": ""H"",
      ""walking_distance"": 31
    },
    {
      ""origin_location_id"": ""A"",
      ""destination_location_id"": ""I"",
      ""walking_distance"": 27
    },
    {
      ""origin_location_id"": ""A"",
      ""destination_location_id"": ""J"",
      ""walking_distance"": 33
    },
    {
      ""origin_location_id"": ""A"",
      ""destination_location_id"": ""K"",
      ""walking_distance"": 36
    },
    {
      ""origin_location_id"": ""A"",
      ""destination_location_id"": ""L"",
      ""walking_distance"": 40
    },
    {
      ""origin_location_id"": ""A"",
      ""destination_location_id"": ""M"",
      ""walking_distance"": 22
    },
    {
      ""origin_location_id"": ""B"",
      ""destination_location_id"": ""A"",
      ""walking_distance"": 38
    },
    {
      ""origin_location_id"": ""B"",
      ""destination_location_id"": ""C"",
      ""walking_distance"": 32
    },
    {
      ""origin_location_id"": ""B"",
      ""destination_location_id"": ""D"",
      ""walking_distance"": 32
    },
    {
      ""origin_location_id"": ""B"",
      ""destination_location_id"": ""E"",
      ""walking_distance"": 28
    },
    {
      ""origin_location_id"": ""B"",
      ""destination_location_id"": ""F"",
      ""walking_distance"": 31
    },
    {
      ""origin_location_id"": ""B"",
      ""destination_location_id"": ""G"",
      ""walking_distance"": 36
    },
    {
      ""origin_location_id"": ""B"",
      ""destination_location_id"": ""H"",
      ""walking_distance"": 31
    },
    {
      ""origin_location_id"": ""B"",
      ""destination_location_id"": ""I"",
      ""walking_distance"": 27
    },
    {
      ""origin_location_id"": ""B"",
      ""destination_location_id"": ""J"",
      ""walking_distance"": 36
    },
    {
      ""origin_location_id"": ""B"",
      ""destination_location_id"": ""K"",
      ""walking_distance"": 18
    },
    {
      ""origin_location_id"": ""B"",
      ""destination_location_id"": ""L"",
      ""walking_distance"": 37
    },
    {
      ""origin_location_id"": ""B"",
      ""destination_location_id"": ""M"",
      ""walking_distance"": 30
    },
    {
      ""origin_location_id"": ""C"",
      ""destination_location_id"": ""A"",
      ""walking_distance"": 28
    },
    {
      ""origin_location_id"": ""C"",
      ""destination_location_id"": ""B"",
      ""walking_distance"": 32
    },
    {
      ""origin_location_id"": ""C"",
      ""destination_location_id"": ""D"",
      ""walking_distance"": 28
    },
    {
      ""origin_location_id"": ""C"",
      ""destination_location_id"": ""E"",
      ""walking_distance"": 18
    },
    {
      ""origin_location_id"": ""C"",
      ""destination_location_id"": ""F"",
      ""walking_distance"": 26
    },
    {
      ""origin_location_id"": ""C"",
      ""destination_location_id"": ""G"",
      ""walking_distance"": 26
    },
    {
      ""origin_location_id"": ""C"",
      ""destination_location_id"": ""H"",
      ""walking_distance"": 27
    },
    {
      ""origin_location_id"": ""C"",
      ""destination_location_id"": ""I"",
      ""walking_distance"": 24
    },
    {
      ""origin_location_id"": ""C"",
      ""destination_location_id"": ""J"",
      ""walking_distance"": 39
    },
    {
      ""origin_location_id"": ""C"",
      ""destination_location_id"": ""K"",
      ""walking_distance"": 27
    },
    {
      ""origin_location_id"": ""C"",
      ""destination_location_id"": ""L"",
      ""walking_distance"": 43
    },
    {
      ""origin_location_id"": ""C"",
      ""destination_location_id"": ""M"",
      ""walking_distance"": 20
    },
    {
      ""origin_location_id"": ""D"",
      ""destination_location_id"": ""A"",
      ""walking_distance"": 32
    },
    {
      ""origin_location_id"": ""D"",
      ""destination_location_id"": ""B"",
      ""walking_distance"": 32
    },
    {
      ""origin_location_id"": ""D"",
      ""destination_location_id"": ""C"",
      ""walking_distance"": 28
    },
    {
      ""origin_location_id"": ""D"",
      ""destination_location_id"": ""E"",
      ""walking_distance"": 36
    },
    {
      ""origin_location_id"": ""D"",
      ""destination_location_id"": ""F"",
      ""walking_distance"": 31
    },
    {
      ""origin_location_id"": ""D"",
      ""destination_location_id"": ""G"",
      ""walking_distance"": 30
    },
    {
      ""origin_location_id"": ""D"",
      ""destination_location_id"": ""H"",
      ""walking_distance"": 1
    },
    {
      ""origin_location_id"": ""D"",
      ""destination_location_id"": ""I"",
      ""walking_distance"": 32
    },
    {
      ""origin_location_id"": ""D"",
      ""destination_location_id"": ""J"",
      ""walking_distance"": 40
    },
    {
      ""origin_location_id"": ""D"",
      ""destination_location_id"": ""K"",
      ""walking_distance"": 36
    },
    {
      ""origin_location_id"": ""D"",
      ""destination_location_id"": ""L"",
      ""walking_distance"": 36
    },
    {
      ""origin_location_id"": ""D"",
      ""destination_location_id"": ""M"",
      ""walking_distance"": 32
    },
    {
      ""origin_location_id"": ""E"",
      ""destination_location_id"": ""A"",
      ""walking_distance"": 32
    },
    {
      ""origin_location_id"": ""E"",
      ""destination_location_id"": ""B"",
      ""walking_distance"": 28
    },
    {
      ""origin_location_id"": ""E"",
      ""destination_location_id"": ""C"",
      ""walking_distance"": 18
    },
    {
      ""origin_location_id"": ""E"",
      ""destination_location_id"": ""D"",
      ""walking_distance"": 36
    },
    {
      ""origin_location_id"": ""E"",
      ""destination_location_id"": ""F"",
      ""walking_distance"": 26
    },
    {
      ""origin_location_id"": ""E"",
      ""destination_location_id"": ""G"",
      ""walking_distance"": 34
    },
    {
      ""origin_location_id"": ""E"",
      ""destination_location_id"": ""H"",
      ""walking_distance"": 35
    },
    {
      ""origin_location_id"": ""E"",
      ""destination_location_id"": ""I"",
      ""walking_distance"": 19
    },
    {
      ""origin_location_id"": ""E"",
      ""destination_location_id"": ""J"",
      ""walking_distance"": 38
    },
    {
      ""origin_location_id"": ""E"",
      ""destination_location_id"": ""K"",
      ""walking_distance"": 30
    },
    {
      ""origin_location_id"": ""E"",
      ""destination_location_id"": ""L"",
      ""walking_distance"": 28
    },
    {
      ""origin_location_id"": ""E"",
      ""destination_location_id"": ""M"",
      ""walking_distance"": 24
    },
    {
      ""origin_location_id"": ""F"",
      ""destination_location_id"": ""A"",
      ""walking_distance"": 25
    },
    {
      ""origin_location_id"": ""F"",
      ""destination_location_id"": ""B"",
      ""walking_distance"": 31
    },
    {
      ""origin_location_id"": ""F"",
      ""destination_location_id"": ""C"",
      ""walking_distance"": 26
    },
    {
      ""origin_location_id"": ""F"",
      ""destination_location_id"": ""D"",
      ""walking_distance"": 31
    },
    {
      ""origin_location_id"": ""F"",
      ""destination_location_id"": ""E"",
      ""walking_distance"": 26
    },
    {
      ""origin_location_id"": ""F"",
      ""destination_location_id"": ""G"",
      ""walking_distance"": 27
    },
    {
      ""origin_location_id"": ""F"",
      ""destination_location_id"": ""H"",
      ""walking_distance"": 32
    },
    {
      ""origin_location_id"": ""F"",
      ""destination_location_id"": ""I"",
      ""walking_distance"": 21
    },
    {
      ""origin_location_id"": ""F"",
      ""destination_location_id"": ""J"",
      ""walking_distance"": 35
    },
    {
      ""origin_location_id"": ""F"",
      ""destination_location_id"": ""K"",
      ""walking_distance"": 21
    },
    {
      ""origin_location_id"": ""F"",
      ""destination_location_id"": ""L"",
      ""walking_distance"": 32
    },
    {
      ""origin_location_id"": ""F"",
      ""destination_location_id"": ""M"",
      ""walking_distance"": 14
    },
    {
      ""origin_location_id"": ""G"",
      ""destination_location_id"": ""A"",
      ""walking_distance"": 34
    },
    {
      ""origin_location_id"": ""G"",
      ""destination_location_id"": ""B"",
      ""walking_distance"": 36
    },
    {
      ""origin_location_id"": ""G"",
      ""destination_location_id"": ""C"",
      ""walking_distance"": 26
    },
    {
      ""origin_location_id"": ""G"",
      ""destination_location_id"": ""D"",
      ""walking_distance"": 30
    },
    {
      ""origin_location_id"": ""G"",
      ""destination_location_id"": ""E"",
      ""walking_distance"": 34
    },
    {
      ""origin_location_id"": ""G"",
      ""destination_location_id"": ""F"",
      ""walking_distance"": 27
    },
    {
      ""origin_location_id"": ""G"",
      ""destination_location_id"": ""H"",
      ""walking_distance"": 31
    },
    {
      ""origin_location_id"": ""G"",
      ""destination_location_id"": ""I"",
      ""walking_distance"": 30
    },
    {
      ""origin_location_id"": ""G"",
      ""destination_location_id"": ""J"",
      ""walking_distance"": 38
    },
    {
      ""origin_location_id"": ""G"",
      ""destination_location_id"": ""K"",
      ""walking_distance"": 34
    },
    {
      ""origin_location_id"": ""G"",
      ""destination_location_id"": ""L"",
      ""walking_distance"": 34
    },
    {
      ""origin_location_id"": ""G"",
      ""destination_location_id"": ""M"",
      ""walking_distance"": 33
    },
    {
      ""origin_location_id"": ""H"",
      ""destination_location_id"": ""A"",
      ""walking_distance"": 31
    },
    {
      ""origin_location_id"": ""H"",
      ""destination_location_id"": ""B"",
      ""walking_distance"": 31
    },
    {
      ""origin_location_id"": ""H"",
      ""destination_location_id"": ""C"",
      ""walking_distance"": 27
    },
    {
      ""origin_location_id"": ""H"",
      ""destination_location_id"": ""D"",
      ""walking_distance"": 1
    },
    {
      ""origin_location_id"": ""H"",
      ""destination_location_id"": ""E"",
      ""walking_distance"": 35
    },
    {
      ""origin_location_id"": ""H"",
      ""destination_location_id"": ""F"",
      ""walking_distance"": 32
    },
    {
      ""origin_location_id"": ""H"",
      ""destination_location_id"": ""G"",
      ""walking_distance"": 31
    },
    {
      ""origin_location_id"": ""H"",
      ""destination_location_id"": ""I"",
      ""walking_distance"": 33
    },
    {
      ""origin_location_id"": ""H"",
      ""destination_location_id"": ""J"",
      ""walking_distance"": 41
    },
    {
      ""origin_location_id"": ""H"",
      ""destination_location_id"": ""K"",
      ""walking_distance"": 37
    },
    {
      ""origin_location_id"": ""H"",
      ""destination_location_id"": ""L"",
      ""walking_distance"": 37
    },
    {
      ""origin_location_id"": ""H"",
      ""destination_location_id"": ""M"",
      ""walking_distance"": 33
    },
    {
      ""origin_location_id"": ""I"",
      ""destination_location_id"": ""A"",
      ""walking_distance"": 27
    },
    {
      ""origin_location_id"": ""I"",
      ""destination_location_id"": ""B"",
      ""walking_distance"": 27
    },
    {
      ""origin_location_id"": ""I"",
      ""destination_location_id"": ""C"",
      ""walking_distance"": 24
    },
    {
      ""origin_location_id"": ""I"",
      ""destination_location_id"": ""D"",
      ""walking_distance"": 32
    },
    {
      ""origin_location_id"": ""I"",
      ""destination_location_id"": ""E"",
      ""walking_distance"": 19
    },
    {
      ""origin_location_id"": ""I"",
      ""destination_location_id"": ""F"",
      ""walking_distance"": 21
    },
    {
      ""origin_location_id"": ""I"",
      ""destination_location_id"": ""G"",
      ""walking_distance"": 30
    },
    {
      ""origin_location_id"": ""I"",
      ""destination_location_id"": ""H"",
      ""walking_distance"": 33
    },
    {
      ""origin_location_id"": ""I"",
      ""destination_location_id"": ""J"",
      ""walking_distance"": 34
    },
    {
      ""origin_location_id"": ""I"",
      ""destination_location_id"": ""K"",
      ""walking_distance"": 20
    },
    {
      ""origin_location_id"": ""I"",
      ""destination_location_id"": ""L"",
      ""walking_distance"": 29
    },
    {
      ""origin_location_id"": ""I"",
      ""destination_location_id"": ""M"",
      ""walking_distance"": 19
    },
    {
      ""origin_location_id"": ""J"",
      ""destination_location_id"": ""A"",
      ""walking_distance"": 33
    },
    {
      ""origin_location_id"": ""J"",
      ""destination_location_id"": ""B"",
      ""walking_distance"": 36
    },
    {
      ""origin_location_id"": ""J"",
      ""destination_location_id"": ""C"",
      ""walking_distance"": 39
    },
    {
      ""origin_location_id"": ""J"",
      ""destination_location_id"": ""D"",
      ""walking_distance"": 40
    },
    {
      ""origin_location_id"": ""J"",
      ""destination_location_id"": ""E"",
      ""walking_distance"": 38
    },
    {
      ""origin_location_id"": ""J"",
      ""destination_location_id"": ""F"",
      ""walking_distance"": 35
    },
    {
      ""origin_location_id"": ""J"",
      ""destination_location_id"": ""G"",
      ""walking_distance"": 38
    },
    {
      ""origin_location_id"": ""J"",
      ""destination_location_id"": ""H"",
      ""walking_distance"": 41
    },
    {
      ""origin_location_id"": ""J"",
      ""destination_location_id"": ""I"",
      ""walking_distance"": 34
    },
    {
      ""origin_location_id"": ""J"",
      ""destination_location_id"": ""K"",
      ""walking_distance"": 41
    },
    {
      ""origin_location_id"": ""J"",
      ""destination_location_id"": ""L"",
      ""walking_distance"": 42
    },
    {
      ""origin_location_id"": ""J"",
      ""destination_location_id"": ""M"",
      ""walking_distance"": 31
    },
    {
      ""origin_location_id"": ""K"",
      ""destination_location_id"": ""A"",
      ""walking_distance"": 36
    },
    {
      ""origin_location_id"": ""K"",
      ""destination_location_id"": ""B"",
      ""walking_distance"": 18
    },
    {
      ""origin_location_id"": ""K"",
      ""destination_location_id"": ""C"",
      ""walking_distance"": 27
    },
    {
      ""origin_location_id"": ""K"",
      ""destination_location_id"": ""D"",
      ""walking_distance"": 36
    },
    {
      ""origin_location_id"": ""K"",
      ""destination_location_id"": ""E"",
      ""walking_distance"": 30
    },
    {
      ""origin_location_id"": ""K"",
      ""destination_location_id"": ""F"",
      ""walking_distance"": 21
    },
    {
      ""origin_location_id"": ""K"",
      ""destination_location_id"": ""G"",
      ""walking_distance"": 34
    },
    {
      ""origin_location_id"": ""K"",
      ""destination_location_id"": ""H"",
      ""walking_distance"": 37
    },
    {
      ""origin_location_id"": ""K"",
      ""destination_location_id"": ""I"",
      ""walking_distance"": 20
    },
    {
      ""origin_location_id"": ""K"",
      ""destination_location_id"": ""J"",
      ""walking_distance"": 41
    },
    {
      ""origin_location_id"": ""K"",
      ""destination_location_id"": ""L"",
      ""walking_distance"": 35
    },
    {
      ""origin_location_id"": ""K"",
      ""destination_location_id"": ""M"",
      ""walking_distance"": 18
    },
    {
      ""origin_location_id"": ""L"",
      ""destination_location_id"": ""A"",
      ""walking_distance"": 40
    },
    {
      ""origin_location_id"": ""L"",
      ""destination_location_id"": ""B"",
      ""walking_distance"": 37
    },
    {
      ""origin_location_id"": ""L"",
      ""destination_location_id"": ""C"",
      ""walking_distance"": 43
    },
    {
      ""origin_location_id"": ""L"",
      ""destination_location_id"": ""D"",
      ""walking_distance"": 36
    },
    {
      ""origin_location_id"": ""L"",
      ""destination_location_id"": ""E"",
      ""walking_distance"": 28
    },
    {
      ""origin_location_id"": ""L"",
      ""destination_location_id"": ""F"",
      ""walking_distance"": 32
    },
    {
      ""origin_location_id"": ""L"",
      ""destination_location_id"": ""G"",
      ""walking_distance"": 34
    },
    {
      ""origin_location_id"": ""L"",
      ""destination_location_id"": ""H"",
      ""walking_distance"": 37
    },
    {
      ""origin_location_id"": ""L"",
      ""destination_location_id"": ""I"",
      ""walking_distance"": 29
    },
    {
      ""origin_location_id"": ""L"",
      ""destination_location_id"": ""J"",
      ""walking_distance"": 42
    },
    {
      ""origin_location_id"": ""L"",
      ""destination_location_id"": ""K"",
      ""walking_distance"": 35
    },
    {
      ""origin_location_id"": ""L"",
      ""destination_location_id"": ""M"",
      ""walking_distance"": 31
    },
    {
      ""origin_location_id"": ""M"",
      ""destination_location_id"": ""A"",
      ""walking_distance"": 22
    },
    {
      ""origin_location_id"": ""M"",
      ""destination_location_id"": ""B"",
      ""walking_distance"": 30
    },
    {
      ""origin_location_id"": ""M"",
      ""destination_location_id"": ""C"",
      ""walking_distance"": 20
    },
    {
      ""origin_location_id"": ""M"",
      ""destination_location_id"": ""D"",
      ""walking_distance"": 32
    },
    {
      ""origin_location_id"": ""M"",
      ""destination_location_id"": ""E"",
      ""walking_distance"": 24
    },
    {
      ""origin_location_id"": ""M"",
      ""destination_location_id"": ""F"",
      ""walking_distance"": 14
    },
    {
      ""origin_location_id"": ""M"",
      ""destination_location_id"": ""G"",
      ""walking_distance"": 33
    },
    {
      ""origin_location_id"": ""M"",
      ""destination_location_id"": ""H"",
      ""walking_distance"": 33
    },
    {
      ""origin_location_id"": ""M"",
      ""destination_location_id"": ""I"",
      ""walking_distance"": 19
    },
    {
      ""origin_location_id"": ""M"",
      ""destination_location_id"": ""J"",
      ""walking_distance"": 31
    },
    {
      ""origin_location_id"": ""M"",
      ""destination_location_id"": ""K"",
      ""walking_distance"": 18
    },
    {
      ""origin_location_id"": ""M"",
      ""destination_location_id"": ""L"",
      ""walking_distance"": 31
    }
  ]
}

Also, to keep things machine-friendly, please give the final plan in this simple JSON shape so it's easy to check:

{
  ""solution"": {
    ""selected"": [<site_to_open>, <site_to_open>, ...],
    ""assignments"": [<assigned_site>, <assigned_site>, ...]
  }
}

This is just a sketch of the shape I need, not the actual answer. In plain terms: ""selected"" is the list of picnic sites you choose to open as refill stations, and ""assignments"" lists, for each picnic area in the problem input order, which open site that area will use. Keep it casual—think of filling in a short form.

All identifiers must be used exactly as they appear in the instance input — no renaming and no new labels.
- for example: ""Valid identifiers look like plain numbers such as ""1"" or ""23"", single capital letters like ""A"" or ""B"", or a capital letter followed by digits like ""A1"" or ""X7"".""",json,names,"{""distance_matrix"": [[0, 38, 28, 32, 32, 25, 34, 31, 27, 33, 36, 40, 22], [38, 0, 32, 32, 28, 31, 36, 31, 27, 36, 18, 37, 30], [28, 32, 0, 28, 18, 26, 26, 27, 24, 39, 27, 43, 20], [32, 32, 28, 0, 36, 31, 30, 1, 32, 40, 36, 36, 32], [32, 28, 18, 36, 0, 26, 34, 35, 19, 38, 30, 28, 24], [25, 31, 26, 31, 26, 0, 27, 32, 21, 35, 21, 32, 14], [34, 36, 26, 30, 34, 27, 0, 31, 30, 38, 34, 34, 33], [31, 31, 27, 1, 35, 32, 31, 0, 33, 41, 37, 37, 33], [27, 27, 24, 32, 19, 21, 30, 33, 0, 34, 20, 29, 19], [33, 36, 39, 40, 38, 35, 38, 41, 34, 0, 41, 42, 31], [36, 18, 27, 36, 30, 21, 34, 37, 20, 41, 0, 35, 18], [40, 37, 43, 36, 28, 32, 34, 37, 29, 42, 35, 0, 31], [22, 30, 20, 32, 24, 14, 33, 33, 19, 31, 18, 31, 0]], ""p"": 3, ""objective"": 28.0}","{""facilities"": [2, 4, 9], ""assignments"": [2, 4, 2, 2, 2, 4, 2, 2, 2, 9, 2, 4, 4]}",28.0,"{""problem_type"": ""PCENTER"", ""num_nodes"": 13, ""num_open"": 3, ""sites"": [{""id"": ""A"", ""distances"": {""A"": 0, ""B"": 38, ""C"": 28, ""D"": 32, ""E"": 32, ""F"": 25, ""G"": 34, ""H"": 31, ""I"": 27, ""J"": 33, ""K"": 36, ""L"": 40, ""M"": 22}}, {""id"": ""B"", ""distances"": {""A"": 38, ""B"": 0, ""C"": 32, ""D"": 32, ""E"": 28, ""F"": 31, ""G"": 36, ""H"": 31, ""I"": 27, ""J"": 36, ""K"": 18, ""L"": 37, ""M"": 30}}, {""id"": ""C"", ""distances"": {""A"": 28, ""B"": 32, ""C"": 0, ""D"": 28, ""E"": 18, ""F"": 26, ""G"": 26, ""H"": 27, ""I"": 24, ""J"": 39, ""K"": 27, ""L"": 43, ""M"": 20}}, {""id"": ""D"", ""distances"": {""A"": 32, ""B"": 32, ""C"": 28, ""D"": 0, ""E"": 36, ""F"": 31, ""G"": 30, ""H"": 1, ""I"": 32, ""J"": 40, ""K"": 36, ""L"": 36, ""M"": 32}}, {""id"": ""E"", ""distances"": {""A"": 32, ""B"": 28, ""C"": 18, ""D"": 36, ""E"": 0, ""F"": 26, ""G"": 34, ""H"": 35, ""I"": 19, ""J"": 38, ""K"": 30, ""L"": 28, ""M"": 24}}, {""id"": ""F"", ""distances"": {""A"": 25, ""B"": 31, ""C"": 26, ""D"": 31, ""E"": 26, ""F"": 0, ""G"": 27, ""H"": 32, ""I"": 21, ""J"": 35, ""K"": 21, ""L"": 32, ""M"": 14}}, {""id"": ""G"", ""distances"": {""A"": 34, ""B"": 36, ""C"": 26, ""D"": 30, ""E"": 34, ""F"": 27, ""G"": 0, ""H"": 31, ""I"": 30, ""J"": 38, ""K"": 34, ""L"": 34, ""M"": 33}}, {""id"": ""H"", ""distances"": {""A"": 31, ""B"": 31, ""C"": 27, ""D"": 1, ""E"": 35, ""F"": 32, ""G"": 31, ""H"": 0, ""I"": 33, ""J"": 41, ""K"": 37, ""L"": 37, ""M"": 33}}, {""id"": ""I"", ""distances"": {""A"": 27, ""B"": 27, ""C"": 24, ""D"": 32, ""E"": 19, ""F"": 21, ""G"": 30, ""H"": 33, ""I"": 0, ""J"": 34, ""K"": 20, ""L"": 29, ""M"": 19}}, {""id"": ""J"", ""distances"": {""A"": 33, ""B"": 36, ""C"": 39, ""D"": 40, ""E"": 38, ""F"": 35, ""G"": 38, ""H"": 41, ""I"": 34, ""J"": 0, ""K"": 41, ""L"": 42, ""M"": 31}}, {""id"": ""K"", ""distances"": {""A"": 36, ""B"": 18, ""C"": 27, ""D"": 36, ""E"": 30, ""F"": 21, ""G"": 34, ""H"": 37, ""I"": 20, ""J"": 41, ""K"": 0, ""L"": 35, ""M"": 18}}, {""id"": ""L"", ""distances"": {""A"": 40, ""B"": 37, ""C"": 43, ""D"": 36, ""E"": 28, ""F"": 32, ""G"": 34, ""H"": 37, ""I"": 29, ""J"": 42, ""K"": 35, ""L"": 0, ""M"": 31}}, {""id"": ""M"", ""distances"": {""A"": 22, ""B"": 30, ""C"": 20, ""D"": 32, ""E"": 24, ""F"": 14, ""G"": 33, ""H"": 33, ""I"": 19, ""J"": 31, ""K"": 18, ""L"": 31, ""M"": 0}}], ""objective"": 28.0}","{""selected"": [""C"", ""E"", ""J""], ""assignments"": [""C"", ""E"", ""C"", ""C"", ""C"", ""E"", ""C"", ""C"", ""C"", ""J"", ""C"", ""E"", ""E""]}"
PCENTER_M_040,PCENTER,M,40,"Picture this: a concert plaza with several candidate food stall locations and a handful of spots that can actually be opened. Every crowd group must be routed to exactly one of the open stalls — no splitting, no skipping. To see which routing is best, calculate how far each group would have to walk to its stall, pick the largest of those distances, and choose the plan where that largest distance is as small as possible. The specific data and map are shown below.

{
  ""total_candidate_spots"": 14,
  ""stalls_to_open"": 1,
  ""location_ids"": [
    ""A"",
    ""B"",
    ""C"",
    ""D"",
    ""E"",
    ""F"",
    ""G"",
    ""H"",
    ""I"",
    ""J"",
    ""K"",
    ""L"",
    ""M"",
    ""N""
  ],
  ""data"": [
    {
      ""from_location_id"": ""A"",
      ""to_location_id"": ""B"",
      ""walking_distance"": 67
    },
    {
      ""from_location_id"": ""A"",
      ""to_location_id"": ""C"",
      ""walking_distance"": 73
    },
    {
      ""from_location_id"": ""A"",
      ""to_location_id"": ""D"",
      ""walking_distance"": 29
    },
    {
      ""from_location_id"": ""A"",
      ""to_location_id"": ""E"",
      ""walking_distance"": 44
    },
    {
      ""from_location_id"": ""A"",
      ""to_location_id"": ""F"",
      ""walking_distance"": 53
    },
    {
      ""from_location_id"": ""A"",
      ""to_location_id"": ""G"",
      ""walking_distance"": 44
    },
    {
      ""from_location_id"": ""A"",
      ""to_location_id"": ""H"",
      ""walking_distance"": 42
    },
    {
      ""from_location_id"": ""A"",
      ""to_location_id"": ""I"",
      ""walking_distance"": 31
    },
    {
      ""from_location_id"": ""A"",
      ""to_location_id"": ""J"",
      ""walking_distance"": 40
    },
    {
      ""from_location_id"": ""A"",
      ""to_location_id"": ""K"",
      ""walking_distance"": 26
    },
    {
      ""from_location_id"": ""A"",
      ""to_location_id"": ""L"",
      ""walking_distance"": 35
    },
    {
      ""from_location_id"": ""A"",
      ""to_location_id"": ""M"",
      ""walking_distance"": 51
    },
    {
      ""from_location_id"": ""A"",
      ""to_location_id"": ""N"",
      ""walking_distance"": 18
    },
    {
      ""from_location_id"": ""B"",
      ""to_location_id"": ""A"",
      ""walking_distance"": 67
    },
    {
      ""from_location_id"": ""B"",
      ""to_location_id"": ""C"",
      ""walking_distance"": 89
    },
    {
      ""from_location_id"": ""B"",
      ""to_location_id"": ""D"",
      ""walking_distance"": 73
    },
    {
      ""from_location_id"": ""B"",
      ""to_location_id"": ""E"",
      ""walking_distance"": 57
    },
    {
      ""from_location_id"": ""B"",
      ""to_location_id"": ""F"",
      ""walking_distance"": 74
    },
    {
      ""from_location_id"": ""B"",
      ""to_location_id"": ""G"",
      ""walking_distance"": 65
    },
    {
      ""from_location_id"": ""B"",
      ""to_location_id"": ""H"",
      ""walking_distance"": 68
    },
    {
      ""from_location_id"": ""B"",
      ""to_location_id"": ""I"",
      ""walking_distance"": 59
    },
    {
      ""from_location_id"": ""B"",
      ""to_location_id"": ""J"",
      ""walking_distance"": 73
    },
    {
      ""from_location_id"": ""B"",
      ""to_location_id"": ""K"",
      ""walking_distance"": 59
    },
    {
      ""from_location_id"": ""B"",
      ""to_location_id"": ""L"",
      ""walking_distance"": 54
    },
    {
      ""from_location_id"": ""B"",
      ""to_location_id"": ""M"",
      ""walking_distance"": 71
    },
    {
      ""from_location_id"": ""B"",
      ""to_location_id"": ""N"",
      ""walking_distance"": 49
    },
    {
      ""from_location_id"": ""C"",
      ""to_location_id"": ""A"",
      ""walking_distance"": 73
    },
    {
      ""from_location_id"": ""C"",
      ""to_location_id"": ""B"",
      ""walking_distance"": 89
    },
    {
      ""from_location_id"": ""C"",
      ""to_location_id"": ""D"",
      ""walking_distance"": 68
    },
    {
      ""from_location_id"": ""C"",
      ""to_location_id"": ""E"",
      ""walking_distance"": 69
    },
    {
      ""from_location_id"": ""C"",
      ""to_location_id"": ""F"",
      ""walking_distance"": 64
    },
    {
      ""from_location_id"": ""C"",
      ""to_location_id"": ""G"",
      ""walking_distance"": 70
    },
    {
      ""from_location_id"": ""C"",
      ""to_location_id"": ""H"",
      ""walking_distance"": 72
    },
    {
      ""from_location_id"": ""C"",
      ""to_location_id"": ""I"",
      ""walking_distance"": 61
    },
    {
      ""from_location_id"": ""C"",
      ""to_location_id"": ""J"",
      ""walking_distance"": 58
    },
    {
      ""from_location_id"": ""C"",
      ""to_location_id"": ""K"",
      ""walking_distance"": 49
    },
    {
      ""from_location_id"": ""C"",
      ""to_location_id"": ""L"",
      ""walking_distance"": 61
    },
    {
      ""from_location_id"": ""C"",
      ""to_location_id"": ""M"",
      ""walking_distance"": 66
    },
    {
      ""from_location_id"": ""C"",
      ""to_location_id"": ""N"",
      ""walking_distance"": 58
    },
    {
      ""from_location_id"": ""D"",
      ""to_location_id"": ""A"",
      ""walking_distance"": 29
    },
    {
      ""from_location_id"": ""D"",
      ""to_location_id"": ""B"",
      ""walking_distance"": 73
    },
    {
      ""from_location_id"": ""D"",
      ""to_location_id"": ""C"",
      ""walking_distance"": 68
    },
    {
      ""from_location_id"": ""D"",
      ""to_location_id"": ""E"",
      ""walking_distance"": 55
    },
    {
      ""from_location_id"": ""D"",
      ""to_location_id"": ""F"",
      ""walking_distance"": 28
    },
    {
      ""from_location_id"": ""D"",
      ""to_location_id"": ""G"",
      ""walking_distance"": 28
    },
    {
      ""from_location_id"": ""D"",
      ""to_location_id"": ""H"",
      ""walking_distance"": 56
    },
    {
      ""from_location_id"": ""D"",
      ""to_location_id"": ""I"",
      ""walking_distance"": 27
    },
    {
      ""from_location_id"": ""D"",
      ""to_location_id"": ""J"",
      ""walking_distance"": 45
    },
    {
      ""from_location_id"": ""D"",
      ""to_location_id"": ""K"",
      ""walking_distance"": 41
    },
    {
      ""from_location_id"": ""D"",
      ""to_location_id"": ""L"",
      ""walking_distance"": 35
    },
    {
      ""from_location_id"": ""D"",
      ""to_location_id"": ""M"",
      ""walking_distance"": 44
    },
    {
      ""from_location_id"": ""D"",
      ""to_location_id"": ""N"",
      ""walking_distance"": 41
    },
    {
      ""from_location_id"": ""E"",
      ""to_location_id"": ""A"",
      ""walking_distance"": 44
    },
    {
      ""from_location_id"": ""E"",
      ""to_location_id"": ""B"",
      ""walking_distance"": 57
    },
    {
      ""from_location_id"": ""E"",
      ""to_location_id"": ""C"",
      ""walking_distance"": 69
    },
    {
      ""from_location_id"": ""E"",
      ""to_location_id"": ""D"",
      ""walking_distance"": 55
    },
    {
      ""from_location_id"": ""E"",
      ""to_location_id"": ""F"",
      ""walking_distance"": 58
    },
    {
      ""from_location_id"": ""E"",
      ""to_location_id"": ""G"",
      ""walking_distance"": 55
    },
    {
      ""from_location_id"": ""E"",
      ""to_location_id"": ""H"",
      ""walking_distance"": 53
    },
    {
      ""from_location_id"": ""E"",
      ""to_location_id"": ""I"",
      ""walking_distance"": 46
    },
    {
      ""from_location_id"": ""E"",
      ""to_location_id"": ""J"",
      ""walking_distance"": 49
    },
    {
      ""from_location_id"": ""E"",
      ""to_location_id"": ""K"",
      ""walking_distance"": 33
    },
    {
      ""from_location_id"": ""E"",
      ""to_location_id"": ""L"",
      ""walking_distance"": 34
    },
    {
      ""from_location_id"": ""E"",
      ""to_location_id"": ""M"",
      ""walking_distance"": 14
    },
    {
      ""from_location_id"": ""E"",
      ""to_location_id"": ""N"",
      ""walking_distance"": 28
    },
    {
      ""from_location_id"": ""F"",
      ""to_location_id"": ""A"",
      ""walking_distance"": 53
    },
    {
      ""from_location_id"": ""F"",
      ""to_location_id"": ""B"",
      ""walking_distance"": 74
    },
    {
      ""from_location_id"": ""F"",
      ""to_location_id"": ""C"",
      ""walking_distance"": 64
    },
    {
      ""from_location_id"": ""F"",
      ""to_location_id"": ""D"",
      ""walking_distance"": 28
    },
    {
      ""from_location_id"": ""F"",
      ""to_location_id"": ""E"",
      ""walking_distance"": 58
    },
    {
      ""from_location_id"": ""F"",
      ""to_location_id"": ""G"",
      ""walking_distance"": 46
    },
    {
      ""from_location_id"": ""F"",
      ""to_location_id"": ""H"",
      ""walking_distance"": 52
    },
    {
      ""from_location_id"": ""F"",
      ""to_location_id"": ""I"",
      ""walking_distance"": 35
    },
    {
      ""from_location_id"": ""F"",
      ""to_location_id"": ""J"",
      ""walking_distance"": 62
    },
    {
      ""from_location_id"": ""F"",
      ""to_location_id"": ""K"",
      ""walking_distance"": 43
    },
    {
      ""from_location_id"": ""F"",
      ""to_location_id"": ""L"",
      ""walking_distance"": 38
    },
    {
      ""from_location_id"": ""F"",
      ""to_location_id"": ""M"",
      ""walking_distance"": 52
    },
    {
      ""from_location_id"": ""F"",
      ""to_location_id"": ""N"",
      ""walking_distance"": 66
    },
    {
      ""from_location_id"": ""G"",
      ""to_location_id"": ""A"",
      ""walking_distance"": 44
    },
    {
      ""from_location_id"": ""G"",
      ""to_location_id"": ""B"",
      ""walking_distance"": 65
    },
    {
      ""from_location_id"": ""G"",
      ""to_location_id"": ""C"",
      ""walking_distance"": 70
    },
    {
      ""from_location_id"": ""G"",
      ""to_location_id"": ""D"",
      ""walking_distance"": 28
    },
    {
      ""from_location_id"": ""G"",
      ""to_location_id"": ""E"",
      ""walking_distance"": 55
    },
    {
      ""from_location_id"": ""G"",
      ""to_location_id"": ""F"",
      ""walking_distance"": 46
    },
    {
      ""from_location_id"": ""G"",
      ""to_location_id"": ""H"",
      ""walking_distance"": 38
    },
    {
      ""from_location_id"": ""G"",
      ""to_location_id"": ""I"",
      ""walking_distance"": 31
    },
    {
      ""from_location_id"": ""G"",
      ""to_location_id"": ""J"",
      ""walking_distance"": 36
    },
    {
      ""from_location_id"": ""G"",
      ""to_location_id"": ""K"",
      ""walking_distance"": 33
    },
    {
      ""from_location_id"": ""G"",
      ""to_location_id"": ""L"",
      ""walking_distance"": 35
    },
    {
      ""from_location_id"": ""G"",
      ""to_location_id"": ""M"",
      ""walking_distance"": 50
    },
    {
      ""from_location_id"": ""G"",
      ""to_location_id"": ""N"",
      ""walking_distance"": 38
    },
    {
      ""from_location_id"": ""H"",
      ""to_location_id"": ""A"",
      ""walking_distance"": 42
    },
    {
      ""from_location_id"": ""H"",
      ""to_location_id"": ""B"",
      ""walking_distance"": 68
    },
    {
      ""from_location_id"": ""H"",
      ""to_location_id"": ""C"",
      ""walking_distance"": 72
    },
    {
      ""from_location_id"": ""H"",
      ""to_location_id"": ""D"",
      ""walking_distance"": 56
    },
    {
      ""from_location_id"": ""H"",
      ""to_location_id"": ""E"",
      ""walking_distance"": 53
    },
    {
      ""from_location_id"": ""H"",
      ""to_location_id"": ""F"",
      ""walking_distance"": 52
    },
    {
      ""from_location_id"": ""H"",
      ""to_location_id"": ""G"",
      ""walking_distance"": 38
    },
    {
      ""from_location_id"": ""H"",
      ""to_location_id"": ""I"",
      ""walking_distance"": 29
    },
    {
      ""from_location_id"": ""H"",
      ""to_location_id"": ""J"",
      ""walking_distance"": 34
    },
    {
      ""from_location_id"": ""H"",
      ""to_location_id"": ""K"",
      ""walking_distance"": 31
    },
    {
      ""from_location_id"": ""H"",
      ""to_location_id"": ""L"",
      ""walking_distance"": 39
    },
    {
      ""from_location_id"": ""H"",
      ""to_location_id"": ""M"",
      ""walking_distance"": 67
    },
    {
      ""from_location_id"": ""H"",
      ""to_location_id"": ""N"",
      ""walking_distance"": 42
    },
    {
      ""from_location_id"": ""I"",
      ""to_location_id"": ""A"",
      ""walking_distance"": 31
    },
    {
      ""from_location_id"": ""I"",
      ""to_location_id"": ""B"",
      ""walking_distance"": 59
    },
    {
      ""from_location_id"": ""I"",
      ""to_location_id"": ""C"",
      ""walking_distance"": 61
    },
    {
      ""from_location_id"": ""I"",
      ""to_location_id"": ""D"",
      ""walking_distance"": 27
    },
    {
      ""from_location_id"": ""I"",
      ""to_location_id"": ""E"",
      ""walking_distance"": 46
    },
    {
      ""from_location_id"": ""I"",
      ""to_location_id"": ""F"",
      ""walking_distance"": 35
    },
    {
      ""from_location_id"": ""I"",
      ""to_location_id"": ""G"",
      ""walking_distance"": 31
    },
    {
      ""from_location_id"": ""I"",
      ""to_location_id"": ""H"",
      ""walking_distance"": 29
    },
    {
      ""from_location_id"": ""I"",
      ""to_location_id"": ""J"",
      ""walking_distance"": 27
    },
    {
      ""from_location_id"": ""I"",
      ""to_location_id"": ""K"",
      ""walking_distance"": 26
    },
    {
      ""from_location_id"": ""I"",
      ""to_location_id"": ""L"",
      ""walking_distance"": 34
    },
    {
      ""from_location_id"": ""I"",
      ""to_location_id"": ""M"",
      ""walking_distance"": 41
    },
    {
      ""from_location_id"": ""I"",
      ""to_location_id"": ""N"",
      ""walking_distance"": 41
    },
    {
      ""from_location_id"": ""J"",
      ""to_location_id"": ""A"",
      ""walking_distance"": 40
    },
    {
      ""from_location_id"": ""J"",
      ""to_location_id"": ""B"",
      ""walking_distance"": 73
    },
    {
      ""from_location_id"": ""J"",
      ""to_location_id"": ""C"",
      ""walking_distance"": 58
    },
    {
      ""from_location_id"": ""J"",
      ""to_location_id"": ""D"",
      ""walking_distance"": 45
    },
    {
      ""from_location_id"": ""J"",
      ""to_location_id"": ""E"",
      ""walking_distance"": 49
    },
    {
      ""from_location_id"": ""J"",
      ""to_location_id"": ""F"",
      ""walking_distance"": 62
    },
    {
      ""from_location_id"": ""J"",
      ""to_location_id"": ""G"",
      ""walking_distance"": 36
    },
    {
      ""from_location_id"": ""J"",
      ""to_location_id"": ""H"",
      ""walking_distance"": 34
    },
    {
      ""from_location_id"": ""J"",
      ""to_location_id"": ""I"",
      ""walking_distance"": 27
    },
    {
      ""from_location_id"": ""J"",
      ""to_location_id"": ""K"",
      ""walking_distance"": 37
    },
    {
      ""from_location_id"": ""J"",
      ""to_location_id"": ""L"",
      ""walking_distance"": 38
    },
    {
      ""from_location_id"": ""J"",
      ""to_location_id"": ""M"",
      ""walking_distance"": 55
    },
    {
      ""from_location_id"": ""J"",
      ""to_location_id"": ""N"",
      ""walking_distance"": 46
    },
    {
      ""from_location_id"": ""K"",
      ""to_location_id"": ""A"",
      ""walking_distance"": 26
    },
    {
      ""from_location_id"": ""K"",
      ""to_location_id"": ""B"",
      ""walking_distance"": 59
    },
    {
      ""from_location_id"": ""K"",
      ""to_location_id"": ""C"",
      ""walking_distance"": 49
    },
    {
      ""from_location_id"": ""K"",
      ""to_location_id"": ""D"",
      ""walking_distance"": 41
    },
    {
      ""from_location_id"": ""K"",
      ""to_location_id"": ""E"",
      ""walking_distance"": 33
    },
    {
      ""from_location_id"": ""K"",
      ""to_location_id"": ""F"",
      ""walking_distance"": 43
    },
    {
      ""from_location_id"": ""K"",
      ""to_location_id"": ""G"",
      ""walking_distance"": 33
    },
    {
      ""from_location_id"": ""K"",
      ""to_location_id"": ""H"",
      ""walking_distance"": 31
    },
    {
      ""from_location_id"": ""K"",
      ""to_location_id"": ""I"",
      ""walking_distance"": 26
    },
    {
      ""from_location_id"": ""K"",
      ""to_location_id"": ""J"",
      ""walking_distance"": 37
    },
    {
      ""from_location_id"": ""K"",
      ""to_location_id"": ""L"",
      ""walking_distance"": 24
    },
    {
      ""from_location_id"": ""K"",
      ""to_location_id"": ""M"",
      ""walking_distance"": 44
    },
    {
      ""from_location_id"": ""K"",
      ""to_location_id"": ""N"",
      ""walking_distance"": 39
    },
    {
      ""from_location_id"": ""L"",
      ""to_location_id"": ""A"",
      ""walking_distance"": 35
    },
    {
      ""from_location_id"": ""L"",
      ""to_location_id"": ""B"",
      ""walking_distance"": 54
    },
    {
      ""from_location_id"": ""L"",
      ""to_location_id"": ""C"",
      ""walking_distance"": 61
    },
    {
      ""from_location_id"": ""L"",
      ""to_location_id"": ""D"",
      ""walking_distance"": 35
    },
    {
      ""from_location_id"": ""L"",
      ""to_location_id"": ""E"",
      ""walking_distance"": 34
    },
    {
      ""from_location_id"": ""L"",
      ""to_location_id"": ""F"",
      ""walking_distance"": 38
    },
    {
      ""from_location_id"": ""L"",
      ""to_location_id"": ""G"",
      ""walking_distance"": 35
    },
    {
      ""from_location_id"": ""L"",
      ""to_location_id"": ""H"",
      ""walking_distance"": 39
    },
    {
      ""from_location_id"": ""L"",
      ""to_location_id"": ""I"",
      ""walking_distance"": 34
    },
    {
      ""from_location_id"": ""L"",
      ""to_location_id"": ""J"",
      ""walking_distance"": 38
    },
    {
      ""from_location_id"": ""L"",
      ""to_location_id"": ""K"",
      ""walking_distance"": 24
    },
    {
      ""from_location_id"": ""L"",
      ""to_location_id"": ""M"",
      ""walking_distance"": 48
    },
    {
      ""from_location_id"": ""L"",
      ""to_location_id"": ""N"",
      ""walking_distance"": 41
    },
    {
      ""from_location_id"": ""M"",
      ""to_location_id"": ""A"",
      ""walking_distance"": 51
    },
    {
      ""from_location_id"": ""M"",
      ""to_location_id"": ""B"",
      ""walking_distance"": 71
    },
    {
      ""from_location_id"": ""M"",
      ""to_location_id"": ""C"",
      ""walking_distance"": 66
    },
    {
      ""from_location_id"": ""M"",
      ""to_location_id"": ""D"",
      ""walking_distance"": 44
    },
    {
      ""from_location_id"": ""M"",
      ""to_location_id"": ""E"",
      ""walking_distance"": 14
    },
    {
      ""from_location_id"": ""M"",
      ""to_location_id"": ""F"",
      ""walking_distance"": 52
    },
    {
      ""from_location_id"": ""M"",
      ""to_location_id"": ""G"",
      ""walking_distance"": 50
    },
    {
      ""from_location_id"": ""M"",
      ""to_location_id"": ""H"",
      ""walking_distance"": 67
    },
    {
      ""from_location_id"": ""M"",
      ""to_location_id"": ""I"",
      ""walking_distance"": 41
    },
    {
      ""from_location_id"": ""M"",
      ""to_location_id"": ""J"",
      ""walking_distance"": 55
    },
    {
      ""from_location_id"": ""M"",
      ""to_location_id"": ""K"",
      ""walking_distance"": 44
    },
    {
      ""from_location_id"": ""M"",
      ""to_location_id"": ""L"",
      ""walking_distance"": 48
    },
    {
      ""from_location_id"": ""M"",
      ""to_location_id"": ""N"",
      ""walking_distance"": 42
    },
    {
      ""from_location_id"": ""N"",
      ""to_location_id"": ""A"",
      ""walking_distance"": 18
    },
    {
      ""from_location_id"": ""N"",
      ""to_location_id"": ""B"",
      ""walking_distance"": 49
    },
    {
      ""from_location_id"": ""N"",
      ""to_location_id"": ""C"",
      ""walking_distance"": 58
    },
    {
      ""from_location_id"": ""N"",
      ""to_location_id"": ""D"",
      ""walking_distance"": 41
    },
    {
      ""from_location_id"": ""N"",
      ""to_location_id"": ""E"",
      ""walking_distance"": 28
    },
    {
      ""from_location_id"": ""N"",
      ""to_location_id"": ""F"",
      ""walking_distance"": 66
    },
    {
      ""from_location_id"": ""N"",
      ""to_location_id"": ""G"",
      ""walking_distance"": 38
    },
    {
      ""from_location_id"": ""N"",
      ""to_location_id"": ""H"",
      ""walking_distance"": 42
    },
    {
      ""from_location_id"": ""N"",
      ""to_location_id"": ""I"",
      ""walking_distance"": 41
    },
    {
      ""from_location_id"": ""N"",
      ""to_location_id"": ""J"",
      ""walking_distance"": 46
    },
    {
      ""from_location_id"": ""N"",
      ""to_location_id"": ""K"",
      ""walking_distance"": 39
    },
    {
      ""from_location_id"": ""N"",
      ""to_location_id"": ""L"",
      ""walking_distance"": 41
    },
    {
      ""from_location_id"": ""N"",
      ""to_location_id"": ""M"",
      ""walking_distance"": 42
    }
  ]
}

Also, when you send the final plan, please follow this simple JSON layout so it’s easy to check automatically. Something like:

{
  ""solution"": {
    ""selected"": [<stall_to_open>, <stall_to_open>, ...],
    ""assignments"": [<chosen_open_stall>, <chosen_open_stall>, ...]
  }
}

Think of it as a little form:
- ""selected"" is the list of stalls you decide to open.
- ""assignments"" lists, for every location in the instance, which opened stall that location is assigned to.

This JSON is just a sketch of the shape I expect, not the actual answer.

Quick reminder: use the exact identifiers from the instance input — don’t rename them and don’t invent new labels. Valid identifiers look like plain numbers such as ""1"" or ""23"", single capital letters like ""A"" or ""B"", or a capital letter followed by digits like ""A1"" or ""X7"".",json,names,"{""distance_matrix"": [[0, 67, 73, 29, 44, 53, 44, 42, 31, 40, 26, 35, 51, 18], [67, 0, 89, 73, 57, 74, 65, 68, 59, 73, 59, 54, 71, 49], [73, 89, 0, 68, 69, 64, 70, 72, 61, 58, 49, 61, 66, 58], [29, 73, 68, 0, 55, 28, 28, 56, 27, 45, 41, 35, 44, 41], [44, 57, 69, 55, 0, 58, 55, 53, 46, 49, 33, 34, 14, 28], [53, 74, 64, 28, 58, 0, 46, 52, 35, 62, 43, 38, 52, 66], [44, 65, 70, 28, 55, 46, 0, 38, 31, 36, 33, 35, 50, 38], [42, 68, 72, 56, 53, 52, 38, 0, 29, 34, 31, 39, 67, 42], [31, 59, 61, 27, 46, 35, 31, 29, 0, 27, 26, 34, 41, 41], [40, 73, 58, 45, 49, 62, 36, 34, 27, 0, 37, 38, 55, 46], [26, 59, 49, 41, 33, 43, 33, 31, 26, 37, 0, 24, 44, 39], [35, 54, 61, 35, 34, 38, 35, 39, 34, 38, 24, 0, 48, 41], [51, 71, 66, 44, 14, 52, 50, 67, 41, 55, 44, 48, 0, 42], [18, 49, 58, 41, 28, 66, 38, 42, 41, 46, 39, 41, 42, 0]], ""p"": 1, ""objective"": 59.0}","{""facilities"": [10], ""assignments"": [10, 10, 10, 10, 10, 10, 10, 10, 10, 10, 10, 10, 10, 10]}",59.0,"{""problem_type"": ""PCENTER"", ""num_nodes"": 14, ""num_open"": 1, ""sites"": [{""id"": ""A"", ""distances"": {""A"": 0, ""B"": 67, ""C"": 73, ""D"": 29, ""E"": 44, ""F"": 53, ""G"": 44, ""H"": 42, ""I"": 31, ""J"": 40, ""K"": 26, ""L"": 35, ""M"": 51, ""N"": 18}}, {""id"": ""B"", ""distances"": {""A"": 67, ""B"": 0, ""C"": 89, ""D"": 73, ""E"": 57, ""F"": 74, ""G"": 65, ""H"": 68, ""I"": 59, ""J"": 73, ""K"": 59, ""L"": 54, ""M"": 71, ""N"": 49}}, {""id"": ""C"", ""distances"": {""A"": 73, ""B"": 89, ""C"": 0, ""D"": 68, ""E"": 69, ""F"": 64, ""G"": 70, ""H"": 72, ""I"": 61, ""J"": 58, ""K"": 49, ""L"": 61, ""M"": 66, ""N"": 58}}, {""id"": ""D"", ""distances"": {""A"": 29, ""B"": 73, ""C"": 68, ""D"": 0, ""E"": 55, ""F"": 28, ""G"": 28, ""H"": 56, ""I"": 27, ""J"": 45, ""K"": 41, ""L"": 35, ""M"": 44, ""N"": 41}}, {""id"": ""E"", ""distances"": {""A"": 44, ""B"": 57, ""C"": 69, ""D"": 55, ""E"": 0, ""F"": 58, ""G"": 55, ""H"": 53, ""I"": 46, ""J"": 49, ""K"": 33, ""L"": 34, ""M"": 14, ""N"": 28}}, {""id"": ""F"", ""distances"": {""A"": 53, ""B"": 74, ""C"": 64, ""D"": 28, ""E"": 58, ""F"": 0, ""G"": 46, ""H"": 52, ""I"": 35, ""J"": 62, ""K"": 43, ""L"": 38, ""M"": 52, ""N"": 66}}, {""id"": ""G"", ""distances"": {""A"": 44, ""B"": 65, ""C"": 70, ""D"": 28, ""E"": 55, ""F"": 46, ""G"": 0, ""H"": 38, ""I"": 31, ""J"": 36, ""K"": 33, ""L"": 35, ""M"": 50, ""N"": 38}}, {""id"": ""H"", ""distances"": {""A"": 42, ""B"": 68, ""C"": 72, ""D"": 56, ""E"": 53, ""F"": 52, ""G"": 38, ""H"": 0, ""I"": 29, ""J"": 34, ""K"": 31, ""L"": 39, ""M"": 67, ""N"": 42}}, {""id"": ""I"", ""distances"": {""A"": 31, ""B"": 59, ""C"": 61, ""D"": 27, ""E"": 46, ""F"": 35, ""G"": 31, ""H"": 29, ""I"": 0, ""J"": 27, ""K"": 26, ""L"": 34, ""M"": 41, ""N"": 41}}, {""id"": ""J"", ""distances"": {""A"": 40, ""B"": 73, ""C"": 58, ""D"": 45, ""E"": 49, ""F"": 62, ""G"": 36, ""H"": 34, ""I"": 27, ""J"": 0, ""K"": 37, ""L"": 38, ""M"": 55, ""N"": 46}}, {""id"": ""K"", ""distances"": {""A"": 26, ""B"": 59, ""C"": 49, ""D"": 41, ""E"": 33, ""F"": 43, ""G"": 33, ""H"": 31, ""I"": 26, ""J"": 37, ""K"": 0, ""L"": 24, ""M"": 44, ""N"": 39}}, {""id"": ""L"", ""distances"": {""A"": 35, ""B"": 54, ""C"": 61, ""D"": 35, ""E"": 34, ""F"": 38, ""G"": 35, ""H"": 39, ""I"": 34, ""J"": 38, ""K"": 24, ""L"": 0, ""M"": 48, ""N"": 41}}, {""id"": ""M"", ""distances"": {""A"": 51, ""B"": 71, ""C"": 66, ""D"": 44, ""E"": 14, ""F"": 52, ""G"": 50, ""H"": 67, ""I"": 41, ""J"": 55, ""K"": 44, ""L"": 48, ""M"": 0, ""N"": 42}}, {""id"": ""N"", ""distances"": {""A"": 18, ""B"": 49, ""C"": 58, ""D"": 41, ""E"": 28, ""F"": 66, ""G"": 38, ""H"": 42, ""I"": 41, ""J"": 46, ""K"": 39, ""L"": 41, ""M"": 42, ""N"": 0}}], ""objective"": 59.0}","{""selected"": [""K""], ""assignments"": [""K"", ""K"", ""K"", ""K"", ""K"", ""K"", ""K"", ""K"", ""K"", ""K"", ""K"", ""K"", ""K"", ""K""]}"
PCENTER_M_041,PCENTER,M,41,"Many people in outlying hamlets depend on a few pickup boxes, so the planners must choose a set number of box locations from candidate sites and assign every delivery point to one chosen box only. The measure of a good setup is straightforward: find the house that ends up farthest from its box, note that distance, and aim to make that farthest distance as small as possible. The specific site options and the travel distances are listed below.

There are 9 total locations; the planners must open exactly 1 boxes. The ordered location identifiers are: 1, 2, 3, 4, 5, 6, 7, 8, 9.
Measured travel distance from 1 to 2 along the road network: 59.
Measured travel distance from 1 to 3 along the road network: 52.
Measured travel distance from 1 to 4 along the road network: 40.
Measured travel distance from 1 to 5 along the road network: 71.
Measured travel distance from 1 to 6 along the road network: 60.
Measured travel distance from 1 to 7 along the road network: 43.
Measured travel distance from 1 to 8 along the road network: 53.
Measured travel distance from 1 to 9 along the road network: 40.
Measured travel distance from 2 to 1 along the road network: 59.
Measured travel distance from 2 to 3 along the road network: 44.
Measured travel distance from 2 to 4 along the road network: 31.
Measured travel distance from 2 to 5 along the road network: 29.
Measured travel distance from 2 to 6 along the road network: 57.
Measured travel distance from 2 to 7 along the road network: 24.
Measured travel distance from 2 to 8 along the road network: 39.
Measured travel distance from 2 to 9 along the road network: 26.
Measured travel distance from 3 to 1 along the road network: 52.
Measured travel distance from 3 to 2 along the road network: 44.
Measured travel distance from 3 to 4 along the road network: 19.
Measured travel distance from 3 to 5 along the road network: 46.
Measured travel distance from 3 to 6 along the road network: 52.
Measured travel distance from 3 to 7 along the road network: 49.
Measured travel distance from 3 to 8 along the road network: 42.
Measured travel distance from 3 to 9 along the road network: 18.
Measured travel distance from 4 to 1 along the road network: 40.
Measured travel distance from 4 to 2 along the road network: 31.
Measured travel distance from 4 to 3 along the road network: 19.
Measured travel distance from 4 to 5 along the road network: 37.
Measured travel distance from 4 to 6 along the road network: 46.
Measured travel distance from 4 to 7 along the road network: 42.
Measured travel distance from 4 to 8 along the road network: 38.
Measured travel distance from 4 to 9 along the road network: 25.
Measured travel distance from 5 to 1 along the road network: 71.
Measured travel distance from 5 to 2 along the road network: 29.
Measured travel distance from 5 to 3 along the road network: 46.
Measured travel distance from 5 to 4 along the road network: 37.
Measured travel distance from 5 to 6 along the road network: 56.
Measured travel distance from 5 to 7 along the road network: 42.
Measured travel distance from 5 to 8 along the road network: 62.
Measured travel distance from 5 to 9 along the road network: 31.
Measured travel distance from 6 to 1 along the road network: 60.
Measured travel distance from 6 to 2 along the road network: 57.
Measured travel distance from 6 to 3 along the road network: 52.
Measured travel distance from 6 to 4 along the road network: 46.
Measured travel distance from 6 to 5 along the road network: 56.
Measured travel distance from 6 to 7 along the road network: 43.
Measured travel distance from 6 to 8 along the road network: 60.
Measured travel distance from 6 to 9 along the road network: 48.
Measured travel distance from 7 to 1 along the road network: 43.
Measured travel distance from 7 to 2 along the road network: 24.
Measured travel distance from 7 to 3 along the road network: 49.
Measured travel distance from 7 to 4 along the road network: 42.
Measured travel distance from 7 to 5 along the road network: 42.
Measured travel distance from 7 to 6 along the road network: 43.
Measured travel distance from 7 to 8 along the road network: 48.
Measured travel distance from 7 to 9 along the road network: 47.
Measured travel distance from 8 to 1 along the road network: 53.
Measured travel distance from 8 to 2 along the road network: 39.
Measured travel distance from 8 to 3 along the road network: 42.
Measured travel distance from 8 to 4 along the road network: 38.
Measured travel distance from 8 to 5 along the road network: 62.
Measured travel distance from 8 to 6 along the road network: 60.
Measured travel distance from 8 to 7 along the road network: 48.
Measured travel distance from 8 to 9 along the road network: 43.
Measured travel distance from 9 to 1 along the road network: 40.
Measured travel distance from 9 to 2 along the road network: 26.
Measured travel distance from 9 to 3 along the road network: 18.
Measured travel distance from 9 to 4 along the road network: 25.
Measured travel distance from 9 to 5 along the road network: 31.
Measured travel distance from 9 to 6 along the road network: 48.
Measured travel distance from 9 to 7 along the road network: 47.
Measured travel distance from 9 to 8 along the road network: 43.
Planners will use these distances to assign each delivery point to an opened box and to evaluate the maximum assigned travel distance.

If you'd like to send a proposed setup, just drop it in a little JSON snippet like this so I can read it easily:

{
  ""solution"": {
    ""selected"": [<site_to_open>, <site_to_open>, ...],
    ""assignments"": [<chosen_open_site>, <chosen_open_site>, ...]
  }
}

This just means: ""selected"" is the list of box sites you plan to open, and ""assignments"" says, for each delivery location in the instance, which opened site it's assigned to. Super casual sketch — not the final answer, just the shape I expect.

Also, please use the exact identifiers from the instance input — don't rename them or invent new labels. 
- for example: ""Valid identifiers look like plain numbers such as “1” or “23”, single capital letters like “A” or “B”, or a capital letter followed by digits like “A1” or “X7”.""",nl,one_based,"{""distance_matrix"": [[0, 59, 52, 40, 71, 60, 43, 53, 40], [59, 0, 44, 31, 29, 57, 24, 39, 26], [52, 44, 0, 19, 46, 52, 49, 42, 18], [40, 31, 19, 0, 37, 46, 42, 38, 25], [71, 29, 46, 37, 0, 56, 42, 62, 31], [60, 57, 52, 46, 56, 0, 43, 60, 48], [43, 24, 49, 42, 42, 43, 0, 48, 47], [53, 39, 42, 38, 62, 60, 48, 0, 43], [40, 26, 18, 25, 31, 48, 47, 43, 0]], ""p"": 1, ""objective"": 46.0}","{""facilities"": [3], ""assignments"": [3, 3, 3, 3, 3, 3, 3, 3, 3]}",46.0,"{""problem_type"": ""PCENTER"", ""num_nodes"": 9, ""num_open"": 1, ""sites"": [{""id"": 1, ""distances"": {""1"": 0, ""2"": 59, ""3"": 52, ""4"": 40, ""5"": 71, ""6"": 60, ""7"": 43, ""8"": 53, ""9"": 40}}, {""id"": 2, ""distances"": {""1"": 59, ""2"": 0, ""3"": 44, ""4"": 31, ""5"": 29, ""6"": 57, ""7"": 24, ""8"": 39, ""9"": 26}}, {""id"": 3, ""distances"": {""1"": 52, ""2"": 44, ""3"": 0, ""4"": 19, ""5"": 46, ""6"": 52, ""7"": 49, ""8"": 42, ""9"": 18}}, {""id"": 4, ""distances"": {""1"": 40, ""2"": 31, ""3"": 19, ""4"": 0, ""5"": 37, ""6"": 46, ""7"": 42, ""8"": 38, ""9"": 25}}, {""id"": 5, ""distances"": {""1"": 71, ""2"": 29, ""3"": 46, ""4"": 37, ""5"": 0, ""6"": 56, ""7"": 42, ""8"": 62, ""9"": 31}}, {""id"": 6, ""distances"": {""1"": 60, ""2"": 57, ""3"": 52, ""4"": 46, ""5"": 56, ""6"": 0, ""7"": 43, ""8"": 60, ""9"": 48}}, {""id"": 7, ""distances"": {""1"": 43, ""2"": 24, ""3"": 49, ""4"": 42, ""5"": 42, ""6"": 43, ""7"": 0, ""8"": 48, ""9"": 47}}, {""id"": 8, ""distances"": {""1"": 53, ""2"": 39, ""3"": 42, ""4"": 38, ""5"": 62, ""6"": 60, ""7"": 48, ""8"": 0, ""9"": 43}}, {""id"": 9, ""distances"": {""1"": 40, ""2"": 26, ""3"": 18, ""4"": 25, ""5"": 31, ""6"": 48, ""7"": 47, ""8"": 43, ""9"": 0}}], ""objective"": 46.0}","{""selected"": [4], ""assignments"": [4, 4, 4, 4, 4, 4, 4, 4, 4]}"
PCENTER_M_042,PCENTER,M,42,"I’ve been thinking about the little library van route: pick a fixed number of mobile book stops around town, then for each neighborhood cluster decide which one of those stops it will use. The idea is to arrange things so the person who has to walk the farthest still has as short a trip as possible — for any plan, look at every neighborhood’s travel distance to its assigned stop and take the largest one, and the goal is to make that largest distance as small as it can be. Every neighborhood has to be assigned to exactly one chosen stop — nothing left out and no neighborhood sent to two different stops. The exact candidate stops and the distances between places are listed below.

There are 12 candidate locations; we must open 2 stops, and the locations are 1, 2, 3, 4, 5, 6, 7, 8, 9, 10, 11, 12.
From 1 to 2 the travel distance is 27.
From 1 to 3 the travel distance is 32.
From 1 to 4 the travel distance is 29.
From 1 to 5 the travel distance is 34.
From 1 to 6 the travel distance is 26.
From 1 to 7 the travel distance is 19.
From 1 to 8 the travel distance is 24.
From 1 to 9 the travel distance is 27.
From 1 to 10 the travel distance is 26.
From 1 to 11 the travel distance is 29.
From 1 to 12 the travel distance is 24.
From 2 to 1 the travel distance is 27.
From 2 to 3 the travel distance is 40.
From 2 to 4 the travel distance is 25.
From 2 to 5 the travel distance is 33.
From 2 to 6 the travel distance is 21.
From 2 to 7 the travel distance is 22.
From 2 to 8 the travel distance is 33.
From 2 to 9 the travel distance is 29.
From 2 to 10 the travel distance is 35.
From 2 to 11 the travel distance is 24.
From 2 to 12 the travel distance is 28.
From 3 to 1 the travel distance is 32.
From 3 to 2 the travel distance is 40.
From 3 to 4 the travel distance is 32.
From 3 to 5 the travel distance is 27.
From 3 to 6 the travel distance is 36.
From 3 to 7 the travel distance is 39.
From 3 to 8 the travel distance is 37.
From 3 to 9 the travel distance is 38.
From 3 to 10 the travel distance is 39.
From 3 to 11 the travel distance is 37.
From 3 to 12 the travel distance is 34.
From 4 to 1 the travel distance is 29.
From 4 to 2 the travel distance is 25.
From 4 to 3 the travel distance is 32.
From 4 to 5 the travel distance is 33.
From 4 to 6 the travel distance is 30.
From 4 to 7 the travel distance is 27.
From 4 to 8 the travel distance is 35.
From 4 to 9 the travel distance is 20.
From 4 to 10 the travel distance is 30.
From 4 to 11 the travel distance is 27.
From 4 to 12 the travel distance is 34.
From 5 to 1 the travel distance is 34.
From 5 to 2 the travel distance is 33.
From 5 to 3 the travel distance is 27.
From 5 to 4 the travel distance is 33.
From 5 to 6 the travel distance is 31.
From 5 to 7 the travel distance is 30.
From 5 to 8 the travel distance is 44.
From 5 to 9 the travel distance is 33.
From 5 to 10 the travel distance is 35.
From 5 to 11 the travel distance is 28.
From 5 to 12 the travel distance is 35.
From 6 to 1 the travel distance is 26.
From 6 to 2 the travel distance is 21.
From 6 to 3 the travel distance is 36.
From 6 to 4 the travel distance is 30.
From 6 to 5 the travel distance is 31.
From 6 to 7 the travel distance is 13.
From 6 to 8 the travel distance is 31.
From 6 to 9 the travel distance is 29.
From 6 to 10 the travel distance is 29.
From 6 to 11 the travel distance is 3.
From 6 to 12 the travel distance is 26.
From 7 to 1 the travel distance is 19.
From 7 to 2 the travel distance is 22.
From 7 to 3 the travel distance is 39.
From 7 to 4 the travel distance is 27.
From 7 to 5 the travel distance is 30.
From 7 to 6 the travel distance is 13.
From 7 to 8 the travel distance is 32.
From 7 to 9 the travel distance is 30.
From 7 to 10 the travel distance is 26.
From 7 to 11 the travel distance is 16.
From 7 to 12 the travel distance is 27.
From 8 to 1 the travel distance is 24.
From 8 to 2 the travel distance is 33.
From 8 to 3 the travel distance is 37.
From 8 to 4 the travel distance is 35.
From 8 to 5 the travel distance is 44.
From 8 to 6 the travel distance is 31.
From 8 to 7 the travel distance is 32.
From 8 to 9 the travel distance is 32.
From 8 to 10 the travel distance is 34.
From 8 to 11 the travel distance is 29.
From 8 to 12 the travel distance is 27.
From 9 to 1 the travel distance is 27.
From 9 to 2 the travel distance is 29.
From 9 to 3 the travel distance is 38.
From 9 to 4 the travel distance is 20.
From 9 to 5 the travel distance is 33.
From 9 to 6 the travel distance is 29.
From 9 to 7 the travel distance is 30.
From 9 to 8 the travel distance is 32.
From 9 to 10 the travel distance is 26.
From 9 to 11 the travel distance is 32.
From 9 to 12 the travel distance is 21.
From 10 to 1 the travel distance is 26.
From 10 to 2 the travel distance is 35.
From 10 to 3 the travel distance is 39.
From 10 to 4 the travel distance is 30.
From 10 to 5 the travel distance is 35.
From 10 to 6 the travel distance is 29.
From 10 to 7 the travel distance is 26.
From 10 to 8 the travel distance is 34.
From 10 to 9 the travel distance is 26.
From 10 to 11 the travel distance is 30.
From 10 to 12 the travel distance is 29.
From 11 to 1 the travel distance is 29.
From 11 to 2 the travel distance is 24.
From 11 to 3 the travel distance is 37.
From 11 to 4 the travel distance is 27.
From 11 to 5 the travel distance is 28.
From 11 to 6 the travel distance is 3.
From 11 to 7 the travel distance is 16.
From 11 to 8 the travel distance is 29.
From 11 to 9 the travel distance is 32.
From 11 to 10 the travel distance is 30.
From 11 to 12 the travel distance is 29.
From 12 to 1 the travel distance is 24.
From 12 to 2 the travel distance is 28.
From 12 to 3 the travel distance is 34.
From 12 to 4 the travel distance is 34.
From 12 to 5 the travel distance is 35.
From 12 to 6 the travel distance is 26.
From 12 to 7 the travel distance is 27.
From 12 to 8 the travel distance is 27.
From 12 to 9 the travel distance is 21.
From 12 to 10 the travel distance is 29.
From 12 to 11 the travel distance is 29.
I'll use these distances to judge and compare candidate stop assignments.

Oh, and to keep things machine-friendly, here's the little JSON layout I'd like the final plan to follow — nothing fancy, just a tidy shape:

{
  ""solution"": {
    ""selected"": [<stop_to_open>, <stop_to_open>, ...],
    ""assignments"": [<assigned_stop>, <assigned_stop>, ...]
  }
}

""selected"" is where you list which stops (by their location IDs) you're opening, and ""assignments"" says, for each neighborhood in the same order as the input, which opened stop it will use. Think of it like filling out a short form: pick the stops, then say who goes to which stop.

This is just a sketch of the expected shape, not the actual answer — I'll fill in the real IDs and assignments based on the instance details.

Please make sure to use the exact identifiers from the instance input — do not rename them or invent new labels. Valid identifiers look like plain numbers such as “1” or “23”, single capital letters like “A” or “B”, or a capital letter followed by digits like “A1” or “X7”.",markdown_table,one_based,"{""distance_matrix"": [[0, 27, 32, 29, 34, 26, 19, 24, 27, 26, 29, 24], [27, 0, 40, 25, 33, 21, 22, 33, 29, 35, 24, 28], [32, 40, 0, 32, 27, 36, 39, 37, 38, 39, 37, 34], [29, 25, 32, 0, 33, 30, 27, 35, 20, 30, 27, 34], [34, 33, 27, 33, 0, 31, 30, 44, 33, 35, 28, 35], [26, 21, 36, 30, 31, 0, 13, 31, 29, 29, 3, 26], [19, 22, 39, 27, 30, 13, 0, 32, 30, 26, 16, 27], [24, 33, 37, 35, 44, 31, 32, 0, 32, 34, 29, 27], [27, 29, 38, 20, 33, 29, 30, 32, 0, 26, 32, 21], [26, 35, 39, 30, 35, 29, 26, 34, 26, 0, 30, 29], [29, 24, 37, 27, 28, 3, 16, 29, 32, 30, 0, 29], [24, 28, 34, 34, 35, 26, 27, 27, 21, 29, 29, 0]], ""p"": 2, ""objective"": 29.0}","{""facilities"": [0, 4], ""assignments"": [0, 0, 4, 0, 4, 0, 0, 0, 0, 0, 4, 0]}",29.0,"{""problem_type"": ""PCENTER"", ""num_nodes"": 12, ""num_open"": 2, ""sites"": [{""id"": 1, ""distances"": {""1"": 0, ""2"": 27, ""3"": 32, ""4"": 29, ""5"": 34, ""6"": 26, ""7"": 19, ""8"": 24, ""9"": 27, ""10"": 26, ""11"": 29, ""12"": 24}}, {""id"": 2, ""distances"": {""1"": 27, ""2"": 0, ""3"": 40, ""4"": 25, ""5"": 33, ""6"": 21, ""7"": 22, ""8"": 33, ""9"": 29, ""10"": 35, ""11"": 24, ""12"": 28}}, {""id"": 3, ""distances"": {""1"": 32, ""2"": 40, ""3"": 0, ""4"": 32, ""5"": 27, ""6"": 36, ""7"": 39, ""8"": 37, ""9"": 38, ""10"": 39, ""11"": 37, ""12"": 34}}, {""id"": 4, ""distances"": {""1"": 29, ""2"": 25, ""3"": 32, ""4"": 0, ""5"": 33, ""6"": 30, ""7"": 27, ""8"": 35, ""9"": 20, ""10"": 30, ""11"": 27, ""12"": 34}}, {""id"": 5, ""distances"": {""1"": 34, ""2"": 33, ""3"": 27, ""4"": 33, ""5"": 0, ""6"": 31, ""7"": 30, ""8"": 44, ""9"": 33, ""10"": 35, ""11"": 28, ""12"": 35}}, {""id"": 6, ""distances"": {""1"": 26, ""2"": 21, ""3"": 36, ""4"": 30, ""5"": 31, ""6"": 0, ""7"": 13, ""8"": 31, ""9"": 29, ""10"": 29, ""11"": 3, ""12"": 26}}, {""id"": 7, ""distances"": {""1"": 19, ""2"": 22, ""3"": 39, ""4"": 27, ""5"": 30, ""6"": 13, ""7"": 0, ""8"": 32, ""9"": 30, ""10"": 26, ""11"": 16, ""12"": 27}}, {""id"": 8, ""distances"": {""1"": 24, ""2"": 33, ""3"": 37, ""4"": 35, ""5"": 44, ""6"": 31, ""7"": 32, ""8"": 0, ""9"": 32, ""10"": 34, ""11"": 29, ""12"": 27}}, {""id"": 9, ""distances"": {""1"": 27, ""2"": 29, ""3"": 38, ""4"": 20, ""5"": 33, ""6"": 29, ""7"": 30, ""8"": 32, ""9"": 0, ""10"": 26, ""11"": 32, ""12"": 21}}, {""id"": 10, ""distances"": {""1"": 26, ""2"": 35, ""3"": 39, ""4"": 30, ""5"": 35, ""6"": 29, ""7"": 26, ""8"": 34, ""9"": 26, ""10"": 0, ""11"": 30, ""12"": 29}}, {""id"": 11, ""distances"": {""1"": 29, ""2"": 24, ""3"": 37, ""4"": 27, ""5"": 28, ""6"": 3, ""7"": 16, ""8"": 29, ""9"": 32, ""10"": 30, ""11"": 0, ""12"": 29}}, {""id"": 12, ""distances"": {""1"": 24, ""2"": 28, ""3"": 34, ""4"": 34, ""5"": 35, ""6"": 26, ""7"": 27, ""8"": 27, ""9"": 21, ""10"": 29, ""11"": 29, ""12"": 0}}], ""objective"": 29.0}","{""selected"": [1, 5], ""assignments"": [1, 1, 5, 1, 5, 1, 1, 1, 1, 1, 5, 1]}"
PCENTER_M_043,PCENTER,M,43,"Out at the coastal camping area the team has to pick a fixed number of restroom sites from the available locations and tie every campsite to one of the chosen restrooms. Every campsite gets assigned to one and only one opened restroom, and the planners have measured the distance between every pair of spots. For any choice, measure the walk for each campsite to its assigned restroom, then look at the worst — the longest walk anyone has to make — and aim for the plan where that worst walk is the shortest it can be. The concrete locations and distances are provided below.

{
  ""total_number_of_spots"": 10,
  ""num_restrooms_to_open"": 1,
  ""site_ids"": [
    0,
    1,
    2,
    3,
    4,
    5,
    6,
    7,
    8,
    9
  ],
  ""data"": [
    {
      ""from_site_id"": 0,
      ""to_site_id"": 1,
      ""walking_distance"": 74
    },
    {
      ""from_site_id"": 0,
      ""to_site_id"": 2,
      ""walking_distance"": 69
    },
    {
      ""from_site_id"": 0,
      ""to_site_id"": 3,
      ""walking_distance"": 56
    },
    {
      ""from_site_id"": 0,
      ""to_site_id"": 4,
      ""walking_distance"": 46
    },
    {
      ""from_site_id"": 0,
      ""to_site_id"": 5,
      ""walking_distance"": 69
    },
    {
      ""from_site_id"": 0,
      ""to_site_id"": 6,
      ""walking_distance"": 37
    },
    {
      ""from_site_id"": 0,
      ""to_site_id"": 7,
      ""walking_distance"": 67
    },
    {
      ""from_site_id"": 0,
      ""to_site_id"": 8,
      ""walking_distance"": 55
    },
    {
      ""from_site_id"": 0,
      ""to_site_id"": 9,
      ""walking_distance"": 65
    },
    {
      ""from_site_id"": 1,
      ""to_site_id"": 0,
      ""walking_distance"": 74
    },
    {
      ""from_site_id"": 1,
      ""to_site_id"": 2,
      ""walking_distance"": 66
    },
    {
      ""from_site_id"": 1,
      ""to_site_id"": 3,
      ""walking_distance"": 59
    },
    {
      ""from_site_id"": 1,
      ""to_site_id"": 4,
      ""walking_distance"": 44
    },
    {
      ""from_site_id"": 1,
      ""to_site_id"": 5,
      ""walking_distance"": 67
    },
    {
      ""from_site_id"": 1,
      ""to_site_id"": 6,
      ""walking_distance"": 55
    },
    {
      ""from_site_id"": 1,
      ""to_site_id"": 7,
      ""walking_distance"": 65
    },
    {
      ""from_site_id"": 1,
      ""to_site_id"": 8,
      ""walking_distance"": 67
    },
    {
      ""from_site_id"": 1,
      ""to_site_id"": 9,
      ""walking_distance"": 27
    },
    {
      ""from_site_id"": 2,
      ""to_site_id"": 0,
      ""walking_distance"": 69
    },
    {
      ""from_site_id"": 2,
      ""to_site_id"": 1,
      ""walking_distance"": 66
    },
    {
      ""from_site_id"": 2,
      ""to_site_id"": 3,
      ""walking_distance"": 62
    },
    {
      ""from_site_id"": 2,
      ""to_site_id"": 4,
      ""walking_distance"": 54
    },
    {
      ""from_site_id"": 2,
      ""to_site_id"": 5,
      ""walking_distance"": 68
    },
    {
      ""from_site_id"": 2,
      ""to_site_id"": 6,
      ""walking_distance"": 40
    },
    {
      ""from_site_id"": 2,
      ""to_site_id"": 7,
      ""walking_distance"": 57
    },
    {
      ""from_site_id"": 2,
      ""to_site_id"": 8,
      ""walking_distance"": 65
    },
    {
      ""from_site_id"": 2,
      ""to_site_id"": 9,
      ""walking_distance"": 48
    },
    {
      ""from_site_id"": 3,
      ""to_site_id"": 0,
      ""walking_distance"": 56
    },
    {
      ""from_site_id"": 3,
      ""to_site_id"": 1,
      ""walking_distance"": 59
    },
    {
      ""from_site_id"": 3,
      ""to_site_id"": 2,
      ""walking_distance"": 62
    },
    {
      ""from_site_id"": 3,
      ""to_site_id"": 4,
      ""walking_distance"": 36
    },
    {
      ""from_site_id"": 3,
      ""to_site_id"": 5,
      ""walking_distance"": 59
    },
    {
      ""from_site_id"": 3,
      ""to_site_id"": 6,
      ""walking_distance"": 34
    },
    {
      ""from_site_id"": 3,
      ""to_site_id"": 7,
      ""walking_distance"": 57
    },
    {
      ""from_site_id"": 3,
      ""to_site_id"": 8,
      ""walking_distance"": 49
    },
    {
      ""from_site_id"": 3,
      ""to_site_id"": 9,
      ""walking_distance"": 41
    },
    {
      ""from_site_id"": 4,
      ""to_site_id"": 0,
      ""walking_distance"": 46
    },
    {
      ""from_site_id"": 4,
      ""to_site_id"": 1,
      ""walking_distance"": 44
    },
    {
      ""from_site_id"": 4,
      ""to_site_id"": 2,
      ""walking_distance"": 54
    },
    {
      ""from_site_id"": 4,
      ""to_site_id"": 3,
      ""walking_distance"": 36
    },
    {
      ""from_site_id"": 4,
      ""to_site_id"": 5,
      ""walking_distance"": 32
    },
    {
      ""from_site_id"": 4,
      ""to_site_id"": 6,
      ""walking_distance"": 14
    },
    {
      ""from_site_id"": 4,
      ""to_site_id"": 7,
      ""walking_distance"": 42
    },
    {
      ""from_site_id"": 4,
      ""to_site_id"": 8,
      ""walking_distance"": 38
    },
    {
      ""from_site_id"": 4,
      ""to_site_id"": 9,
      ""walking_distance"": 43
    },
    {
      ""from_site_id"": 5,
      ""to_site_id"": 0,
      ""walking_distance"": 69
    },
    {
      ""from_site_id"": 5,
      ""to_site_id"": 1,
      ""walking_distance"": 67
    },
    {
      ""from_site_id"": 5,
      ""to_site_id"": 2,
      ""walking_distance"": 68
    },
    {
      ""from_site_id"": 5,
      ""to_site_id"": 3,
      ""walking_distance"": 59
    },
    {
      ""from_site_id"": 5,
      ""to_site_id"": 4,
      ""walking_distance"": 32
    },
    {
      ""from_site_id"": 5,
      ""to_site_id"": 6,
      ""walking_distance"": 43
    },
    {
      ""from_site_id"": 5,
      ""to_site_id"": 7,
      ""walking_distance"": 54
    },
    {
      ""from_site_id"": 5,
      ""to_site_id"": 8,
      ""walking_distance"": 62
    },
    {
      ""from_site_id"": 5,
      ""to_site_id"": 9,
      ""walking_distance"": 71
    },
    {
      ""from_site_id"": 6,
      ""to_site_id"": 0,
      ""walking_distance"": 37
    },
    {
      ""from_site_id"": 6,
      ""to_site_id"": 1,
      ""walking_distance"": 55
    },
    {
      ""from_site_id"": 6,
      ""to_site_id"": 2,
      ""walking_distance"": 40
    },
    {
      ""from_site_id"": 6,
      ""to_site_id"": 3,
      ""walking_distance"": 34
    },
    {
      ""from_site_id"": 6,
      ""to_site_id"": 4,
      ""walking_distance"": 14
    },
    {
      ""from_site_id"": 6,
      ""to_site_id"": 5,
      ""walking_distance"": 43
    },
    {
      ""from_site_id"": 6,
      ""to_site_id"": 7,
      ""walking_distance"": 39
    },
    {
      ""from_site_id"": 6,
      ""to_site_id"": 8,
      ""walking_distance"": 40
    },
    {
      ""from_site_id"": 6,
      ""to_site_id"": 9,
      ""walking_distance"": 45
    },
    {
      ""from_site_id"": 7,
      ""to_site_id"": 0,
      ""walking_distance"": 67
    },
    {
      ""from_site_id"": 7,
      ""to_site_id"": 1,
      ""walking_distance"": 65
    },
    {
      ""from_site_id"": 7,
      ""to_site_id"": 2,
      ""walking_distance"": 57
    },
    {
      ""from_site_id"": 7,
      ""to_site_id"": 3,
      ""walking_distance"": 57
    },
    {
      ""from_site_id"": 7,
      ""to_site_id"": 4,
      ""walking_distance"": 42
    },
    {
      ""from_site_id"": 7,
      ""to_site_id"": 5,
      ""walking_distance"": 54
    },
    {
      ""from_site_id"": 7,
      ""to_site_id"": 6,
      ""walking_distance"": 39
    },
    {
      ""from_site_id"": 7,
      ""to_site_id"": 8,
      ""walking_distance"": 56
    },
    {
      ""from_site_id"": 7,
      ""to_site_id"": 9,
      ""walking_distance"": 38
    },
    {
      ""from_site_id"": 8,
      ""to_site_id"": 0,
      ""walking_distance"": 55
    },
    {
      ""from_site_id"": 8,
      ""to_site_id"": 1,
      ""walking_distance"": 67
    },
    {
      ""from_site_id"": 8,
      ""to_site_id"": 2,
      ""walking_distance"": 65
    },
    {
      ""from_site_id"": 8,
      ""to_site_id"": 3,
      ""walking_distance"": 49
    },
    {
      ""from_site_id"": 8,
      ""to_site_id"": 4,
      ""walking_distance"": 38
    },
    {
      ""from_site_id"": 8,
      ""to_site_id"": 5,
      ""walking_distance"": 62
    },
    {
      ""from_site_id"": 8,
      ""to_site_id"": 6,
      ""walking_distance"": 40
    },
    {
      ""from_site_id"": 8,
      ""to_site_id"": 7,
      ""walking_distance"": 56
    },
    {
      ""from_site_id"": 8,
      ""to_site_id"": 9,
      ""walking_distance"": 58
    },
    {
      ""from_site_id"": 9,
      ""to_site_id"": 0,
      ""walking_distance"": 65
    },
    {
      ""from_site_id"": 9,
      ""to_site_id"": 1,
      ""walking_distance"": 27
    },
    {
      ""from_site_id"": 9,
      ""to_site_id"": 2,
      ""walking_distance"": 48
    },
    {
      ""from_site_id"": 9,
      ""to_site_id"": 3,
      ""walking_distance"": 41
    },
    {
      ""from_site_id"": 9,
      ""to_site_id"": 4,
      ""walking_distance"": 43
    },
    {
      ""from_site_id"": 9,
      ""to_site_id"": 5,
      ""walking_distance"": 71
    },
    {
      ""from_site_id"": 9,
      ""to_site_id"": 6,
      ""walking_distance"": 45
    },
    {
      ""from_site_id"": 9,
      ""to_site_id"": 7,
      ""walking_distance"": 38
    },
    {
      ""from_site_id"": 9,
      ""to_site_id"": 8,
      ""walking_distance"": 58
    }
  ]
}

If you want to send back the plan, just use this simple JSON shape so it's easy to read and parse — something like:

{
  ""solution"": {
    ""selected"": [<restroom_to_open>, <restroom_to_open>, ...],
    ""assignments"": [<chosen_open_restroom>, <chosen_open_restroom>, ...]
  }
}

""selected"" is where you list the restroom sites you decide to open. ""assignments"" shows, in the same order as the campsite list from the instance, which opened restroom each campsite is tied to. This is just the shape of the reply I expect — a sketch, not the actual final plan.

Please be sure to use the exact identifiers from the instance input when you fill this in — do not rename or invent new labels. 
- for example: ""Valid identifiers look like plain numbers such as “1” or “23”, single capital letters like “A” or “B”, or a capital letter followed by digits like “A1” or “X7”.""",json,zero_based,"{""distance_matrix"": [[0, 74, 69, 56, 46, 69, 37, 67, 55, 65], [74, 0, 66, 59, 44, 67, 55, 65, 67, 27], [69, 66, 0, 62, 54, 68, 40, 57, 65, 48], [56, 59, 62, 0, 36, 59, 34, 57, 49, 41], [46, 44, 54, 36, 0, 32, 14, 42, 38, 43], [69, 67, 68, 59, 32, 0, 43, 54, 62, 71], [37, 55, 40, 34, 14, 43, 0, 39, 40, 45], [67, 65, 57, 57, 42, 54, 39, 0, 56, 38], [55, 67, 65, 49, 38, 62, 40, 56, 0, 58], [65, 27, 48, 41, 43, 71, 45, 38, 58, 0]], ""p"": 1, ""objective"": 54.0}","{""facilities"": [4], ""assignments"": [4, 4, 4, 4, 4, 4, 4, 4, 4, 4]}",54.0,"{""problem_type"": ""PCENTER"", ""num_nodes"": 10, ""num_open"": 1, ""sites"": [{""id"": 0, ""distances"": {""0"": 0, ""1"": 74, ""2"": 69, ""3"": 56, ""4"": 46, ""5"": 69, ""6"": 37, ""7"": 67, ""8"": 55, ""9"": 65}}, {""id"": 1, ""distances"": {""0"": 74, ""1"": 0, ""2"": 66, ""3"": 59, ""4"": 44, ""5"": 67, ""6"": 55, ""7"": 65, ""8"": 67, ""9"": 27}}, {""id"": 2, ""distances"": {""0"": 69, ""1"": 66, ""2"": 0, ""3"": 62, ""4"": 54, ""5"": 68, ""6"": 40, ""7"": 57, ""8"": 65, ""9"": 48}}, {""id"": 3, ""distances"": {""0"": 56, ""1"": 59, ""2"": 62, ""3"": 0, ""4"": 36, ""5"": 59, ""6"": 34, ""7"": 57, ""8"": 49, ""9"": 41}}, {""id"": 4, ""distances"": {""0"": 46, ""1"": 44, ""2"": 54, ""3"": 36, ""4"": 0, ""5"": 32, ""6"": 14, ""7"": 42, ""8"": 38, ""9"": 43}}, {""id"": 5, ""distances"": {""0"": 69, ""1"": 67, ""2"": 68, ""3"": 59, ""4"": 32, ""5"": 0, ""6"": 43, ""7"": 54, ""8"": 62, ""9"": 71}}, {""id"": 6, ""distances"": {""0"": 37, ""1"": 55, ""2"": 40, ""3"": 34, ""4"": 14, ""5"": 43, ""6"": 0, ""7"": 39, ""8"": 40, ""9"": 45}}, {""id"": 7, ""distances"": {""0"": 67, ""1"": 65, ""2"": 57, ""3"": 57, ""4"": 42, ""5"": 54, ""6"": 39, ""7"": 0, ""8"": 56, ""9"": 38}}, {""id"": 8, ""distances"": {""0"": 55, ""1"": 67, ""2"": 65, ""3"": 49, ""4"": 38, ""5"": 62, ""6"": 40, ""7"": 56, ""8"": 0, ""9"": 58}}, {""id"": 9, ""distances"": {""0"": 65, ""1"": 27, ""2"": 48, ""3"": 41, ""4"": 43, ""5"": 71, ""6"": 45, ""7"": 38, ""8"": 58, ""9"": 0}}], ""objective"": 54.0}","{""selected"": [4], ""assignments"": [4, 4, 4, 4, 4, 4, 4, 4, 4, 4]}"
PCENTER_M_044,PCENTER,M,44,"We need to figure out where to install a set number of vending machines and which dorms and teaching areas should use each one. Every dorm or classroom must be assigned to one, and only one, chosen machine — nothing can be skipped or served twice. To see how good a setup is, measure each assigned walking distance and then take the largest distance anyone would have to walk; the goal is to make that biggest walk as small as it can be. The specific instance details follow below.

There are 12 candidate sites in total, we must install 4 vending machines, and the site identifiers are 1, 2, 3, 4, 5, 6, 7, 8, 9, 10, 11, 12.
From 1 to 2 the walking distance is 59.
From 1 to 3 the walking distance is 59.
From 1 to 4 the walking distance is 81.
From 1 to 5 the walking distance is 46.
From 1 to 6 the walking distance is 65.
From 1 to 7 the walking distance is 33.
From 1 to 8 the walking distance is 38.
From 1 to 9 the walking distance is 49.
From 1 to 10 the walking distance is 60.
From 1 to 11 the walking distance is 47.
From 1 to 12 the walking distance is 45.
From 2 to 1 the walking distance is 59.
From 2 to 3 the walking distance is 38.
From 2 to 4 the walking distance is 38.
From 2 to 5 the walking distance is 34.
From 2 to 6 the walking distance is 57.
From 2 to 7 the walking distance is 46.
From 2 to 8 the walking distance is 26.
From 2 to 9 the walking distance is 53.
From 2 to 10 the walking distance is 30.
From 2 to 11 the walking distance is 32.
From 2 to 12 the walking distance is 40.
From 3 to 1 the walking distance is 59.
From 3 to 2 the walking distance is 38.
From 3 to 4 the walking distance is 74.
From 3 to 5 the walking distance is 39.
From 3 to 6 the walking distance is 54.
From 3 to 7 the walking distance is 54.
From 3 to 8 the walking distance is 31.
From 3 to 9 the walking distance is 33.
From 3 to 10 the walking distance is 36.
From 3 to 11 the walking distance is 45.
From 3 to 12 the walking distance is 50.
From 4 to 1 the walking distance is 81.
From 4 to 2 the walking distance is 38.
From 4 to 3 the walking distance is 74.
From 4 to 5 the walking distance is 62.
From 4 to 6 the walking distance is 84.
From 4 to 7 the walking distance is 70.
From 4 to 8 the walking distance is 54.
From 4 to 9 the walking distance is 76.
From 4 to 10 the walking distance is 61.
From 4 to 11 the walking distance is 55.
From 4 to 12 the walking distance is 53.
From 5 to 1 the walking distance is 46.
From 5 to 2 the walking distance is 34.
From 5 to 3 the walking distance is 39.
From 5 to 4 the walking distance is 62.
From 5 to 6 the walking distance is 67.
From 5 to 7 the walking distance is 41.
From 5 to 8 the walking distance is 8.
From 5 to 9 the walking distance is 61.
From 5 to 10 the walking distance is 39.
From 5 to 11 the walking distance is 36.
From 5 to 12 the walking distance is 50.
From 6 to 1 the walking distance is 65.
From 6 to 2 the walking distance is 57.
From 6 to 3 the walking distance is 54.
From 6 to 4 the walking distance is 84.
From 6 to 5 the walking distance is 67.
From 6 to 7 the walking distance is 60.
From 6 to 8 the walking distance is 59.
From 6 to 9 the walking distance is 72.
From 6 to 10 the walking distance is 41.
From 6 to 11 the walking distance is 53.
From 6 to 12 the walking distance is 37.
From 7 to 1 the walking distance is 33.
From 7 to 2 the walking distance is 46.
From 7 to 3 the walking distance is 54.
From 7 to 4 the walking distance is 70.
From 7 to 5 the walking distance is 41.
From 7 to 6 the walking distance is 60.
From 7 to 8 the walking distance is 33.
From 7 to 9 the walking distance is 63.
From 7 to 10 the walking distance is 39.
From 7 to 11 the walking distance is 41.
From 7 to 12 the walking distance is 43.
From 8 to 1 the walking distance is 38.
From 8 to 2 the walking distance is 26.
From 8 to 3 the walking distance is 31.
From 8 to 4 the walking distance is 54.
From 8 to 5 the walking distance is 8.
From 8 to 6 the walking distance is 59.
From 8 to 7 the walking distance is 33.
From 8 to 9 the walking distance is 59.
From 8 to 10 the walking distance is 31.
From 8 to 11 the walking distance is 28.
From 8 to 12 the walking distance is 42.
From 9 to 1 the walking distance is 49.
From 9 to 2 the walking distance is 53.
From 9 to 3 the walking distance is 33.
From 9 to 4 the walking distance is 76.
From 9 to 5 the walking distance is 61.
From 9 to 6 the walking distance is 72.
From 9 to 7 the walking distance is 63.
From 9 to 8 the walking distance is 59.
From 9 to 10 the walking distance is 51.
From 9 to 11 the walking distance is 47.
From 9 to 12 the walking distance is 50.
From 10 to 1 the walking distance is 60.
From 10 to 2 the walking distance is 30.
From 10 to 3 the walking distance is 36.
From 10 to 4 the walking distance is 61.
From 10 to 5 the walking distance is 39.
From 10 to 6 the walking distance is 41.
From 10 to 7 the walking distance is 39.
From 10 to 8 the walking distance is 31.
From 10 to 9 the walking distance is 51.
From 10 to 11 the walking distance is 40.
From 10 to 12 the walking distance is 54.
From 11 to 1 the walking distance is 47.
From 11 to 2 the walking distance is 32.
From 11 to 3 the walking distance is 45.
From 11 to 4 the walking distance is 55.
From 11 to 5 the walking distance is 36.
From 11 to 6 the walking distance is 53.
From 11 to 7 the walking distance is 41.
From 11 to 8 the walking distance is 28.
From 11 to 9 the walking distance is 47.
From 11 to 10 the walking distance is 40.
From 11 to 12 the walking distance is 16.
From 12 to 1 the walking distance is 45.
From 12 to 2 the walking distance is 40.
From 12 to 3 the walking distance is 50.
From 12 to 4 the walking distance is 53.
From 12 to 5 the walking distance is 50.
From 12 to 6 the walking distance is 37.
From 12 to 7 the walking distance is 43.
From 12 to 8 the walking distance is 42.
From 12 to 9 the walking distance is 50.
From 12 to 10 the walking distance is 54.
From 12 to 11 the walking distance is 16.
We will use these pairwise walking distances to assign every location and evaluate the maximum walk under the 4-machine requirement.

I’ll show the shape I want the answer in as a little JSON sketch so it’s clear what to fill in — nothing fancy, just follow this layout.

{
  ""solution"": {
    ""selected"": [<machine_to_open>, <machine_to_open>, ...],
    ""assignments"": [<chosen_machine_location>, <chosen_machine_location>, ...]
  }
}

""selected"" is where you list the locations you open vending machines (one identifier per machine). ""assignments"" is a list, in the same order as the instance’s locations, saying which opened machine that location will use. Think of it like a simple form: which machines are open, and then for each dorm/area which machine they’re assigned to.

This JSON is just a sketch of the expected shape, not the actual answer. Also, don’t rename any identifiers from the instance input — use them exactly as given.
- for example: ""Valid identifiers look like plain numbers such as “1” or “23”, single capital letters like “A” or “B”, or a capital letter followed by digits like “A1” or “X7”.""",nl,one_based,"{""distance_matrix"": [[0, 59, 59, 81, 46, 65, 33, 38, 49, 60, 47, 45], [59, 0, 38, 38, 34, 57, 46, 26, 53, 30, 32, 40], [59, 38, 0, 74, 39, 54, 54, 31, 33, 36, 45, 50], [81, 38, 74, 0, 62, 84, 70, 54, 76, 61, 55, 53], [46, 34, 39, 62, 0, 67, 41, 8, 61, 39, 36, 50], [65, 57, 54, 84, 67, 0, 60, 59, 72, 41, 53, 37], [33, 46, 54, 70, 41, 60, 0, 33, 63, 39, 41, 43], [38, 26, 31, 54, 8, 59, 33, 0, 59, 31, 28, 42], [49, 53, 33, 76, 61, 72, 63, 59, 0, 51, 47, 50], [60, 30, 36, 61, 39, 41, 39, 31, 51, 0, 40, 54], [47, 32, 45, 55, 36, 53, 41, 28, 47, 40, 0, 16], [45, 40, 50, 53, 50, 37, 43, 42, 50, 54, 16, 0]], ""p"": 4, ""objective"": 38.0}","{""facilities"": [0, 1, 2, 11], ""assignments"": [0, 2, 2, 1, 1, 11, 0, 2, 2, 2, 1, 11]}",38.0,"{""problem_type"": ""PCENTER"", ""num_nodes"": 12, ""num_open"": 4, ""sites"": [{""id"": 1, ""distances"": {""1"": 0, ""2"": 59, ""3"": 59, ""4"": 81, ""5"": 46, ""6"": 65, ""7"": 33, ""8"": 38, ""9"": 49, ""10"": 60, ""11"": 47, ""12"": 45}}, {""id"": 2, ""distances"": {""1"": 59, ""2"": 0, ""3"": 38, ""4"": 38, ""5"": 34, ""6"": 57, ""7"": 46, ""8"": 26, ""9"": 53, ""10"": 30, ""11"": 32, ""12"": 40}}, {""id"": 3, ""distances"": {""1"": 59, ""2"": 38, ""3"": 0, ""4"": 74, ""5"": 39, ""6"": 54, ""7"": 54, ""8"": 31, ""9"": 33, ""10"": 36, ""11"": 45, ""12"": 50}}, {""id"": 4, ""distances"": {""1"": 81, ""2"": 38, ""3"": 74, ""4"": 0, ""5"": 62, ""6"": 84, ""7"": 70, ""8"": 54, ""9"": 76, ""10"": 61, ""11"": 55, ""12"": 53}}, {""id"": 5, ""distances"": {""1"": 46, ""2"": 34, ""3"": 39, ""4"": 62, ""5"": 0, ""6"": 67, ""7"": 41, ""8"": 8, ""9"": 61, ""10"": 39, ""11"": 36, ""12"": 50}}, {""id"": 6, ""distances"": {""1"": 65, ""2"": 57, ""3"": 54, ""4"": 84, ""5"": 67, ""6"": 0, ""7"": 60, ""8"": 59, ""9"": 72, ""10"": 41, ""11"": 53, ""12"": 37}}, {""id"": 7, ""distances"": {""1"": 33, ""2"": 46, ""3"": 54, ""4"": 70, ""5"": 41, ""6"": 60, ""7"": 0, ""8"": 33, ""9"": 63, ""10"": 39, ""11"": 41, ""12"": 43}}, {""id"": 8, ""distances"": {""1"": 38, ""2"": 26, ""3"": 31, ""4"": 54, ""5"": 8, ""6"": 59, ""7"": 33, ""8"": 0, ""9"": 59, ""10"": 31, ""11"": 28, ""12"": 42}}, {""id"": 9, ""distances"": {""1"": 49, ""2"": 53, ""3"": 33, ""4"": 76, ""5"": 61, ""6"": 72, ""7"": 63, ""8"": 59, ""9"": 0, ""10"": 51, ""11"": 47, ""12"": 50}}, {""id"": 10, ""distances"": {""1"": 60, ""2"": 30, ""3"": 36, ""4"": 61, ""5"": 39, ""6"": 41, ""7"": 39, ""8"": 31, ""9"": 51, ""10"": 0, ""11"": 40, ""12"": 54}}, {""id"": 11, ""distances"": {""1"": 47, ""2"": 32, ""3"": 45, ""4"": 55, ""5"": 36, ""6"": 53, ""7"": 41, ""8"": 28, ""9"": 47, ""10"": 40, ""11"": 0, ""12"": 16}}, {""id"": 12, ""distances"": {""1"": 45, ""2"": 40, ""3"": 50, ""4"": 53, ""5"": 50, ""6"": 37, ""7"": 43, ""8"": 42, ""9"": 50, ""10"": 54, ""11"": 16, ""12"": 0}}], ""objective"": 38.0}","{""selected"": [1, 2, 3, 12], ""assignments"": [1, 3, 3, 2, 2, 12, 1, 3, 3, 3, 2, 12]}"
PCENTER_M_045,PCENTER,M,45,"Someone’s been asked to place a limited number of potable-water kiosks around a rural district and then link every small settlement to one of those kiosks. The setup is strict: only the allotted number of kiosks can be opened, and each hamlet must be attached to a single kiosk—no hamlet can be skipped or served twice. The plan that’s best is the one that keeps the biggest distance any hamlet must travel as small as possible, meaning after assignments are made, the single largest hamlet-to-kiosk distance should be as low as it can go. The specific sites and distances are shown below.

There are 14 candidate locations named A, B, C, D, E, F, G, H, I, J, K, L, M, N, and exactly 3 kiosks must be opened among them.
From A to B the travel distance is 40.
From A to C the travel distance is 32.
From A to D the travel distance is 32.
From A to E the travel distance is 29.
From A to F the travel distance is 24.
From A to G the travel distance is 20.
From A to H the travel distance is 19.
From A to I the travel distance is 35.
From A to J the travel distance is 32.
From A to K the travel distance is 46.
From A to L the travel distance is 39.
From A to M the travel distance is 43.
From A to N the travel distance is 27.
From B to A the travel distance is 40.
From B to C the travel distance is 40.
From B to D the travel distance is 49.
From B to E the travel distance is 44.
From B to F the travel distance is 41.
From B to G the travel distance is 34.
From B to H the travel distance is 37.
From B to I the travel distance is 25.
From B to J the travel distance is 47.
From B to K the travel distance is 54.
From B to L the travel distance is 37.
From B to M the travel distance is 51.
From B to N the travel distance is 40.
From C to A the travel distance is 32.
From C to B the travel distance is 40.
From C to D the travel distance is 38.
From C to E the travel distance is 14.
From C to F the travel distance is 38.
From C to G the travel distance is 29.
From C to H the travel distance is 33.
From C to I the travel distance is 19.
From C to J the travel distance is 35.
From C to K the travel distance is 32.
From C to L the travel distance is 19.
From C to M the travel distance is 25.
From C to N the travel distance is 27.
From D to A the travel distance is 32.
From D to B the travel distance is 49.
From D to C the travel distance is 38.
From D to E the travel distance is 24.
From D to F the travel distance is 41.
From D to G the travel distance is 28.
From D to H the travel distance is 27.
From D to I the travel distance is 40.
From D to J the travel distance is 45.
From D to K the travel distance is 47.
From D to L the travel distance is 37.
From D to M the travel distance is 34.
From D to N the travel distance is 35.
From E to A the travel distance is 29.
From E to B the travel distance is 44.
From E to C the travel distance is 14.
From E to D the travel distance is 24.
From E to F the travel distance is 37.
From E to G the travel distance is 18.
From E to H the travel distance is 19.
From E to I the travel distance is 24.
From E to J the travel distance is 21.
From E to K the travel distance is 24.
From E to L the travel distance is 29.
From E to M the travel distance is 39.
From E to N the travel distance is 13.
From F to A the travel distance is 24.
From F to B the travel distance is 41.
From F to C the travel distance is 38.
From F to D the travel distance is 41.
From F to E the travel distance is 37.
From F to G the travel distance is 24.
From F to H the travel distance is 36.
From F to I the travel distance is 41.
From F to J the travel distance is 29.
From F to K the travel distance is 44.
From F to L the travel distance is 21.
From F to M the travel distance is 38.
From F to N the travel distance is 30.
From G to A the travel distance is 20.
From G to B the travel distance is 34.
From G to C the travel distance is 29.
From G to D the travel distance is 28.
From G to E the travel distance is 18.
From G to F the travel distance is 24.
From G to H the travel distance is 30.
From G to I the travel distance is 21.
From G to J the travel distance is 38.
From G to K the travel distance is 39.
From G to L the travel distance is 27.
From G to M the travel distance is 36.
From G to N the travel distance is 24.
From H to A the travel distance is 19.
From H to B the travel distance is 37.
From H to C the travel distance is 33.
From H to D the travel distance is 27.
From H to E the travel distance is 19.
From H to F the travel distance is 36.
From H to G the travel distance is 30.
From H to I the travel distance is 22.
From H to J the travel distance is 36.
From H to K the travel distance is 29.
From H to L the travel distance is 22.
From H to M the travel distance is 27.
From H to N the travel distance is 10.
From I to A the travel distance is 35.
From I to B the travel distance is 25.
From I to C the travel distance is 19.
From I to D the travel distance is 40.
From I to E the travel distance is 24.
From I to F the travel distance is 41.
From I to G the travel distance is 21.
From I to H the travel distance is 22.
From I to J the travel distance is 37.
From I to K the travel distance is 29.
From I to L the travel distance is 22.
From I to M the travel distance is 32.
From I to N the travel distance is 28.
From J to A the travel distance is 32.
From J to B the travel distance is 47.
From J to C the travel distance is 35.
From J to D the travel distance is 45.
From J to E the travel distance is 21.
From J to F the travel distance is 29.
From J to G the travel distance is 38.
From J to H the travel distance is 36.
From J to I the travel distance is 37.
From J to K the travel distance is 34.
From J to L the travel distance is 20.
From J to M the travel distance is 26.
From J to N the travel distance is 28.
From K to A the travel distance is 46.
From K to B the travel distance is 54.
From K to C the travel distance is 32.
From K to D the travel distance is 47.
From K to E the travel distance is 24.
From K to F the travel distance is 44.
From K to G the travel distance is 39.
From K to H the travel distance is 29.
From K to I the travel distance is 29.
From K to J the travel distance is 34.
From K to L the travel distance is 25.
From K to M the travel distance is 44.
From K to N the travel distance is 37.
From L to A the travel distance is 39.
From L to B the travel distance is 37.
From L to C the travel distance is 19.
From L to D the travel distance is 37.
From L to E the travel distance is 29.
From L to F the travel distance is 21.
From L to G the travel distance is 27.
From L to H the travel distance is 22.
From L to I the travel distance is 22.
From L to J the travel distance is 20.
From L to K the travel distance is 25.
From L to M the travel distance is 37.
From L to N the travel distance is 24.
From M to A the travel distance is 43.
From M to B the travel distance is 51.
From M to C the travel distance is 25.
From M to D the travel distance is 34.
From M to E the travel distance is 39.
From M to F the travel distance is 38.
From M to G the travel distance is 36.
From M to H the travel distance is 27.
From M to I the travel distance is 32.
From M to J the travel distance is 26.
From M to K the travel distance is 44.
From M to L the travel distance is 37.
From M to N the travel distance is 30.
From N to A the travel distance is 27.
From N to B the travel distance is 40.
From N to C the travel distance is 27.
From N to D the travel distance is 35.
From N to E the travel distance is 13.
From N to F the travel distance is 30.
From N to G the travel distance is 24.
From N to H the travel distance is 10.
From N to I the travel distance is 28.
From N to J the travel distance is 28.
From N to K the travel distance is 37.
From N to L the travel distance is 24.
From N to M the travel distance is 30.
Use these distance entries to assign every hamlet to a single opened kiosk so the largest hamlet-to-kiosk distance is as small as possible.

When you report the choices and who goes to which kiosk, it's easiest if you stick to a simple JSON layout like this:

{
  ""solution"": {
    ""selected"": [""<site_to_open>"", ""<site_to_open>"", ...],
    ""assignments"": [""<chosen_open_site>"", ""<chosen_open_site>"", ...]
  }
}

This just sketches the shape I expect: ""selected"" is the list of kiosk sites you decide to open, and ""assignments"" lists, for each settlement in the same order as the input, which opened site it gets linked to. Think of it like a quick form — which kiosks are turned on, and who is assigned to each.

This JSON is only a template of the expected format, not the final answer. Please make sure all identifiers you use match exactly the ones in the instance input — no renaming, no invented labels. 

for example: ""Valid identifiers look like plain numbers such as “1” or “23”, single capital letters like “A” or “B”, or a capital letter followed by digits like “A1” or “X7”.""",markdown_table,names,"{""distance_matrix"": [[0, 40, 32, 32, 29, 24, 20, 19, 35, 32, 46, 39, 43, 27], [40, 0, 40, 49, 44, 41, 34, 37, 25, 47, 54, 37, 51, 40], [32, 40, 0, 38, 14, 38, 29, 33, 19, 35, 32, 19, 25, 27], [32, 49, 38, 0, 24, 41, 28, 27, 40, 45, 47, 37, 34, 35], [29, 44, 14, 24, 0, 37, 18, 19, 24, 21, 24, 29, 39, 13], [24, 41, 38, 41, 37, 0, 24, 36, 41, 29, 44, 21, 38, 30], [20, 34, 29, 28, 18, 24, 0, 30, 21, 38, 39, 27, 36, 24], [19, 37, 33, 27, 19, 36, 30, 0, 22, 36, 29, 22, 27, 10], [35, 25, 19, 40, 24, 41, 21, 22, 0, 37, 29, 22, 32, 28], [32, 47, 35, 45, 21, 29, 38, 36, 37, 0, 34, 20, 26, 28], [46, 54, 32, 47, 24, 44, 39, 29, 29, 34, 0, 25, 44, 37], [39, 37, 19, 37, 29, 21, 27, 22, 22, 20, 25, 0, 37, 24], [43, 51, 25, 34, 39, 38, 36, 27, 32, 26, 44, 37, 0, 30], [27, 40, 27, 35, 13, 30, 24, 10, 28, 28, 37, 24, 30, 0]], ""p"": 3, ""objective"": 27.0}","{""facilities"": [7, 8, 11], ""assignments"": [7, 8, 8, 7, 7, 11, 8, 7, 8, 11, 11, 8, 7, 11]}",27.0,"{""problem_type"": ""PCENTER"", ""num_nodes"": 14, ""num_open"": 3, ""sites"": [{""id"": ""A"", ""distances"": {""A"": 0, ""B"": 40, ""C"": 32, ""D"": 32, ""E"": 29, ""F"": 24, ""G"": 20, ""H"": 19, ""I"": 35, ""J"": 32, ""K"": 46, ""L"": 39, ""M"": 43, ""N"": 27}}, {""id"": ""B"", ""distances"": {""A"": 40, ""B"": 0, ""C"": 40, ""D"": 49, ""E"": 44, ""F"": 41, ""G"": 34, ""H"": 37, ""I"": 25, ""J"": 47, ""K"": 54, ""L"": 37, ""M"": 51, ""N"": 40}}, {""id"": ""C"", ""distances"": {""A"": 32, ""B"": 40, ""C"": 0, ""D"": 38, ""E"": 14, ""F"": 38, ""G"": 29, ""H"": 33, ""I"": 19, ""J"": 35, ""K"": 32, ""L"": 19, ""M"": 25, ""N"": 27}}, {""id"": ""D"", ""distances"": {""A"": 32, ""B"": 49, ""C"": 38, ""D"": 0, ""E"": 24, ""F"": 41, ""G"": 28, ""H"": 27, ""I"": 40, ""J"": 45, ""K"": 47, ""L"": 37, ""M"": 34, ""N"": 35}}, {""id"": ""E"", ""distances"": {""A"": 29, ""B"": 44, ""C"": 14, ""D"": 24, ""E"": 0, ""F"": 37, ""G"": 18, ""H"": 19, ""I"": 24, ""J"": 21, ""K"": 24, ""L"": 29, ""M"": 39, ""N"": 13}}, {""id"": ""F"", ""distances"": {""A"": 24, ""B"": 41, ""C"": 38, ""D"": 41, ""E"": 37, ""F"": 0, ""G"": 24, ""H"": 36, ""I"": 41, ""J"": 29, ""K"": 44, ""L"": 21, ""M"": 38, ""N"": 30}}, {""id"": ""G"", ""distances"": {""A"": 20, ""B"": 34, ""C"": 29, ""D"": 28, ""E"": 18, ""F"": 24, ""G"": 0, ""H"": 30, ""I"": 21, ""J"": 38, ""K"": 39, ""L"": 27, ""M"": 36, ""N"": 24}}, {""id"": ""H"", ""distances"": {""A"": 19, ""B"": 37, ""C"": 33, ""D"": 27, ""E"": 19, ""F"": 36, ""G"": 30, ""H"": 0, ""I"": 22, ""J"": 36, ""K"": 29, ""L"": 22, ""M"": 27, ""N"": 10}}, {""id"": ""I"", ""distances"": {""A"": 35, ""B"": 25, ""C"": 19, ""D"": 40, ""E"": 24, ""F"": 41, ""G"": 21, ""H"": 22, ""I"": 0, ""J"": 37, ""K"": 29, ""L"": 22, ""M"": 32, ""N"": 28}}, {""id"": ""J"", ""distances"": {""A"": 32, ""B"": 47, ""C"": 35, ""D"": 45, ""E"": 21, ""F"": 29, ""G"": 38, ""H"": 36, ""I"": 37, ""J"": 0, ""K"": 34, ""L"": 20, ""M"": 26, ""N"": 28}}, {""id"": ""K"", ""distances"": {""A"": 46, ""B"": 54, ""C"": 32, ""D"": 47, ""E"": 24, ""F"": 44, ""G"": 39, ""H"": 29, ""I"": 29, ""J"": 34, ""K"": 0, ""L"": 25, ""M"": 44, ""N"": 37}}, {""id"": ""L"", ""distances"": {""A"": 39, ""B"": 37, ""C"": 19, ""D"": 37, ""E"": 29, ""F"": 21, ""G"": 27, ""H"": 22, ""I"": 22, ""J"": 20, ""K"": 25, ""L"": 0, ""M"": 37, ""N"": 24}}, {""id"": ""M"", ""distances"": {""A"": 43, ""B"": 51, ""C"": 25, ""D"": 34, ""E"": 39, ""F"": 38, ""G"": 36, ""H"": 27, ""I"": 32, ""J"": 26, ""K"": 44, ""L"": 37, ""M"": 0, ""N"": 30}}, {""id"": ""N"", ""distances"": {""A"": 27, ""B"": 40, ""C"": 27, ""D"": 35, ""E"": 13, ""F"": 30, ""G"": 24, ""H"": 10, ""I"": 28, ""J"": 28, ""K"": 37, ""L"": 24, ""M"": 30, ""N"": 0}}], ""objective"": 27.0}","{""selected"": [""H"", ""I"", ""L""], ""assignments"": [""H"", ""I"", ""I"", ""H"", ""H"", ""L"", ""I"", ""H"", ""I"", ""L"", ""L"", ""I"", ""H"", ""L""]}"
PCENTER_M_046,PCENTER,M,46,"Someone needs to pick a handful of docks to keep open around the neighborhood and then assign each popular origin to one of the open docks — no origin skipped and no origin linked to multiple docks. The trick is to choose the open docks so that, after assignments, the longest walk anyone ends up with (the single biggest distance among all assignments) is as small as it can be. The actual candidate sites and the travel distances between them are shown below.

There are 11 locations listed; exactly 2 docks must be kept open, and the location identifiers are A, B, C, D, E, F, G, H, I, J, K.
From A to B, the walking distance is 123.
From A to C, the walking distance is 86.
From A to D, the walking distance is 169.
From A to E, the walking distance is 132.
From A to F, the walking distance is 184.
From A to G, the walking distance is 235.
From A to H, the walking distance is 152.
From A to I, the walking distance is 135.
From A to J, the walking distance is 162.
From A to K, the walking distance is 130.
From B to A, the walking distance is 123.
From B to C, the walking distance is 99.
From B to D, the walking distance is 173.
From B to E, the walking distance is 136.
From B to F, the walking distance is 182.
From B to G, the walking distance is 135.
From B to H, the walking distance is 162.
From B to I, the walking distance is 241.
From B to J, the walking distance is 186.
From B to K, the walking distance is 59.
From C to A, the walking distance is 86.
From C to B, the walking distance is 99.
From C to D, the walking distance is 110.
From C to E, the walking distance is 145.
From C to F, the walking distance is 197.
From C to G, the walking distance is 211.
From C to H, the walking distance is 170.
From C to I, the walking distance is 178.
From C to J, the walking distance is 171.
From C to K, the walking distance is 134.
From D to A, the walking distance is 169.
From D to B, the walking distance is 173.
From D to C, the walking distance is 110.
From D to E, the walking distance is 37.
From D to F, the walking distance is 89.
From D to G, the walking distance is 234.
From D to H, the walking distance is 60.
From D to I, the walking distance is 186.
From D to J, the walking distance is 108.
From D to K, the walking distance is 179.
From E to A, the walking distance is 132.
From E to B, the walking distance is 136.
From E to C, the walking distance is 145.
From E to D, the walking distance is 37.
From E to F, the walking distance is 52.
From E to G, the walking distance is 197.
From E to H, the walking distance is 97.
From E to I, the walking distance is 149.
From E to J, the walking distance is 145.
From E to K, the walking distance is 151.
From F to A, the walking distance is 184.
From F to B, the walking distance is 182.
From F to C, the walking distance is 197.
From F to D, the walking distance is 89.
From F to E, the walking distance is 52.
From F to G, the walking distance is 249.
From F to H, the walking distance is 126.
From F to I, the walking distance is 201.
From F to J, the walking distance is 197.
From F to K, the walking distance is 139.
From G to A, the walking distance is 235.
From G to B, the walking distance is 135.
From G to C, the walking distance is 211.
From G to D, the walking distance is 234.
From G to E, the walking distance is 197.
From G to F, the walking distance is 249.
From G to H, the walking distance is 286.
From G to I, the walking distance is 287.
From G to J, the walking distance is 213.
From G to K, the walking distance is 194.
From H to A, the walking distance is 152.
From H to B, the walking distance is 162.
From H to C, the walking distance is 170.
From H to D, the walking distance is 60.
From H to E, the walking distance is 97.
From H to F, the walking distance is 126.
From H to G, the walking distance is 286.
From H to I, the walking distance is 190.
From H to J, the walking distance is 168.
From H to K, the walking distance is 119.
From I to A, the walking distance is 135.
From I to B, the walking distance is 241.
From I to C, the walking distance is 178.
From I to D, the walking distance is 186.
From I to E, the walking distance is 149.
From I to F, the walking distance is 201.
From I to G, the walking distance is 287.
From I to H, the walking distance is 190.
From I to J, the walking distance is 229.
From I to K, the walking distance is 239.
From J to A, the walking distance is 162.
From J to B, the walking distance is 186.
From J to C, the walking distance is 171.
From J to D, the walking distance is 108.
From J to E, the walking distance is 145.
From J to F, the walking distance is 197.
From J to G, the walking distance is 213.
From J to H, the walking distance is 168.
From J to I, the walking distance is 229.
From J to K, the walking distance is 183.
From K to A, the walking distance is 130.
From K to B, the walking distance is 59.
From K to C, the walking distance is 134.
From K to D, the walking distance is 179.
From K to E, the walking distance is 151.
From K to F, the walking distance is 139.
From K to G, the walking distance is 194.
From K to H, the walking distance is 119.
From K to I, the walking distance is 239.
From K to J, the walking distance is 183.
These distance records are what someone will use to assign each origin to an open dock so the maximum walking distance is minimized.

Oh, and when you reply with the chosen docks and who goes to which dock, please follow this simple JSON sketch for the shape of the answer — nothing fancy, just that layout.

{
  ""solution"": {
    ""selected"": [<dock_to_open>, <dock_to_open>, ...],
    ""assignments"": [<chosen_open_dock>, <chosen_open_dock>, ...]
  }
}

This is just a friendly template: ""selected"" is the list of docks we keep open, and ""assignments"" lists, for each origin in the same order as the instance, which open dock it's assigned to. Think of it like filling out a short form — first pick the open docks, then for every origin write down which open dock it uses.

Note that the JSON above is only the expected shape — not the final answer itself. Also, please use the exact identifiers from the instance input; do not rename them or invent new labels.

For example: ""Valid identifiers look like plain numbers such as “1” or “23”, single capital letters like “A” or “B”, or a capital letter followed by digits like “A1” or “X7”.""",markdown_table,names,"{""distance_matrix"": [[0, 123, 86, 169, 132, 184, 235, 152, 135, 162, 130], [123, 0, 99, 173, 136, 182, 135, 162, 241, 186, 59], [86, 99, 0, 110, 145, 197, 211, 170, 178, 171, 134], [169, 173, 110, 0, 37, 89, 234, 60, 186, 108, 179], [132, 136, 145, 37, 0, 52, 197, 97, 149, 145, 151], [184, 182, 197, 89, 52, 0, 249, 126, 201, 197, 139], [235, 135, 211, 234, 197, 249, 0, 286, 287, 213, 194], [152, 162, 170, 60, 97, 126, 286, 0, 190, 168, 119], [135, 241, 178, 186, 149, 201, 287, 190, 0, 229, 239], [162, 186, 171, 108, 145, 197, 213, 168, 229, 0, 183], [130, 59, 134, 179, 151, 139, 194, 119, 239, 183, 0]], ""p"": 2, ""objective"": 149.0}","{""facilities"": [1, 4], ""assignments"": [1, 1, 1, 4, 1, 4, 1, 4, 4, 4, 1]}",149.0,"{""problem_type"": ""PCENTER"", ""num_nodes"": 11, ""num_open"": 2, ""sites"": [{""id"": ""A"", ""distances"": {""A"": 0, ""B"": 123, ""C"": 86, ""D"": 169, ""E"": 132, ""F"": 184, ""G"": 235, ""H"": 152, ""I"": 135, ""J"": 162, ""K"": 130}}, {""id"": ""B"", ""distances"": {""A"": 123, ""B"": 0, ""C"": 99, ""D"": 173, ""E"": 136, ""F"": 182, ""G"": 135, ""H"": 162, ""I"": 241, ""J"": 186, ""K"": 59}}, {""id"": ""C"", ""distances"": {""A"": 86, ""B"": 99, ""C"": 0, ""D"": 110, ""E"": 145, ""F"": 197, ""G"": 211, ""H"": 170, ""I"": 178, ""J"": 171, ""K"": 134}}, {""id"": ""D"", ""distances"": {""A"": 169, ""B"": 173, ""C"": 110, ""D"": 0, ""E"": 37, ""F"": 89, ""G"": 234, ""H"": 60, ""I"": 186, ""J"": 108, ""K"": 179}}, {""id"": ""E"", ""distances"": {""A"": 132, ""B"": 136, ""C"": 145, ""D"": 37, ""E"": 0, ""F"": 52, ""G"": 197, ""H"": 97, ""I"": 149, ""J"": 145, ""K"": 151}}, {""id"": ""F"", ""distances"": {""A"": 184, ""B"": 182, ""C"": 197, ""D"": 89, ""E"": 52, ""F"": 0, ""G"": 249, ""H"": 126, ""I"": 201, ""J"": 197, ""K"": 139}}, {""id"": ""G"", ""distances"": {""A"": 235, ""B"": 135, ""C"": 211, ""D"": 234, ""E"": 197, ""F"": 249, ""G"": 0, ""H"": 286, ""I"": 287, ""J"": 213, ""K"": 194}}, {""id"": ""H"", ""distances"": {""A"": 152, ""B"": 162, ""C"": 170, ""D"": 60, ""E"": 97, ""F"": 126, ""G"": 286, ""H"": 0, ""I"": 190, ""J"": 168, ""K"": 119}}, {""id"": ""I"", ""distances"": {""A"": 135, ""B"": 241, ""C"": 178, ""D"": 186, ""E"": 149, ""F"": 201, ""G"": 287, ""H"": 190, ""I"": 0, ""J"": 229, ""K"": 239}}, {""id"": ""J"", ""distances"": {""A"": 162, ""B"": 186, ""C"": 171, ""D"": 108, ""E"": 145, ""F"": 197, ""G"": 213, ""H"": 168, ""I"": 229, ""J"": 0, ""K"": 183}}, {""id"": ""K"", ""distances"": {""A"": 130, ""B"": 59, ""C"": 134, ""D"": 179, ""E"": 151, ""F"": 139, ""G"": 194, ""H"": 119, ""I"": 239, ""J"": 183, ""K"": 0}}], ""objective"": 149.0}","{""selected"": [""B"", ""E""], ""assignments"": [""B"", ""B"", ""B"", ""E"", ""B"", ""E"", ""B"", ""E"", ""E"", ""E"", ""B""]}"
PCENTER_M_047,PCENTER,M,47,"Around here the challenge is to pick only a certain number of approved donation-bin locations and then connect each apartment cluster to one of them. The whole point is to keep the worst walk short: after picking the bins and assigning clusters, look at every cluster’s distance to its bin, pick the farthest distance, and try to minimize that farthest trip. Each cluster must be assigned to exactly one selected bin, with no overlaps or omissions. The concrete locations and distances follow below.

There are 10 distinct locations, you must open exactly 1 of the approved spots, and the location identifiers are 1, 2, 3, 4, 5, 6, 7, 8, 9, 10.
From 1 to 2 the walking distance is 119.
From 1 to 3 the walking distance is 116.
From 1 to 4 the walking distance is 59.
From 1 to 5 the walking distance is 114.
From 1 to 6 the walking distance is 76.
From 1 to 7 the walking distance is 73.
From 1 to 8 the walking distance is 71.
From 1 to 9 the walking distance is 104.
From 1 to 10 the walking distance is 122.
From 2 to 1 the walking distance is 119.
From 2 to 3 the walking distance is 130.
From 2 to 4 the walking distance is 98.
From 2 to 5 the walking distance is 135.
From 2 to 6 the walking distance is 91.
From 2 to 7 the walking distance is 124.
From 2 to 8 the walking distance is 86.
From 2 to 9 the walking distance is 138.
From 2 to 10 the walking distance is 146.
From 3 to 1 the walking distance is 116.
From 3 to 2 the walking distance is 130.
From 3 to 4 the walking distance is 85.
From 3 to 5 the walking distance is 110.
From 3 to 6 the walking distance is 97.
From 3 to 7 the walking distance is 89.
From 3 to 8 the walking distance is 67.
From 3 to 9 the walking distance is 115.
From 3 to 10 the walking distance is 153.
From 4 to 1 the walking distance is 59.
From 4 to 2 the walking distance is 98.
From 4 to 3 the walking distance is 85.
From 4 to 5 the walking distance is 93.
From 4 to 6 the walking distance is 53.
From 4 to 7 the walking distance is 73.
From 4 to 8 the walking distance is 39.
From 4 to 9 the walking distance is 67.
From 4 to 10 the walking distance is 133.
From 5 to 1 the walking distance is 114.
From 5 to 2 the walking distance is 135.
From 5 to 3 the walking distance is 110.
From 5 to 4 the walking distance is 93.
From 5 to 6 the walking distance is 102.
From 5 to 7 the walking distance is 85.
From 5 to 8 the walking distance is 75.
From 5 to 9 the walking distance is 84.
From 5 to 10 the walking distance is 134.
From 6 to 1 the walking distance is 76.
From 6 to 2 the walking distance is 91.
From 6 to 3 the walking distance is 97.
From 6 to 4 the walking distance is 53.
From 6 to 5 the walking distance is 102.
From 6 to 7 the walking distance is 58.
From 6 to 8 the walking distance is 67.
From 6 to 9 the walking distance is 94.
From 6 to 10 the walking distance is 150.
From 7 to 1 the walking distance is 73.
From 7 to 2 the walking distance is 124.
From 7 to 3 the walking distance is 89.
From 7 to 4 the walking distance is 73.
From 7 to 5 the walking distance is 85.
From 7 to 6 the walking distance is 58.
From 7 to 8 the walking distance is 80.
From 7 to 9 the walking distance is 76.
From 7 to 10 the walking distance is 144.
From 8 to 1 the walking distance is 71.
From 8 to 2 the walking distance is 86.
From 8 to 3 the walking distance is 67.
From 8 to 4 the walking distance is 39.
From 8 to 5 the walking distance is 75.
From 8 to 6 the walking distance is 67.
From 8 to 7 the walking distance is 80.
From 8 to 9 the walking distance is 78.
From 8 to 10 the walking distance is 99.
From 9 to 1 the walking distance is 104.
From 9 to 2 the walking distance is 138.
From 9 to 3 the walking distance is 115.
From 9 to 4 the walking distance is 67.
From 9 to 5 the walking distance is 84.
From 9 to 6 the walking distance is 94.
From 9 to 7 the walking distance is 76.
From 9 to 8 the walking distance is 78.
From 9 to 10 the walking distance is 128.
From 10 to 1 the walking distance is 122.
From 10 to 2 the walking distance is 146.
From 10 to 3 the walking distance is 153.
From 10 to 4 the walking distance is 133.
From 10 to 5 the walking distance is 134.
From 10 to 6 the walking distance is 150.
From 10 to 7 the walking distance is 144.
From 10 to 8 the walking distance is 99.
From 10 to 9 the walking distance is 128.
Use these distances to assign each cluster to one chosen bin so the maximum assigned walk is as small as possible.

Also, when you send back the chosen plan, please use this simple JSON shape so it's easy to check automatically — nothing fancy, just the two pieces we need.

{
  ""solution"": {
    ""selected"": [<bin_to_open>, <bin_to_open>, ...],
    ""assignments"": [<assigned_bin>, <assigned_bin>, ...]
  }
}

Here ""selected"" is the short list of donation-bin sites you decide to open, and ""assignments"" lists, for every apartment cluster in the same order as the instance, which opened bin that cluster is assigned to. Think of it like filling out a form: pick the bins, then for each cluster write which bin it uses.

This JSON is just a sketch of the shape I expect — not the final answers themselves.

Please be sure to use the exact identifiers from the instance input, with no renaming and no new labels. For example: ""Valid identifiers look like plain numbers such as ""1"" or ""23"", single capital letters like ""A"" or ""B"", or a capital letter followed by digits like ""A1"" or ""X7"".""",nl,one_based,"{""distance_matrix"": [[0, 119, 116, 59, 114, 76, 73, 71, 104, 122], [119, 0, 130, 98, 135, 91, 124, 86, 138, 146], [116, 130, 0, 85, 110, 97, 89, 67, 115, 153], [59, 98, 85, 0, 93, 53, 73, 39, 67, 133], [114, 135, 110, 93, 0, 102, 85, 75, 84, 134], [76, 91, 97, 53, 102, 0, 58, 67, 94, 150], [73, 124, 89, 73, 85, 58, 0, 80, 76, 144], [71, 86, 67, 39, 75, 67, 80, 0, 78, 99], [104, 138, 115, 67, 84, 94, 76, 78, 0, 128], [122, 146, 153, 133, 134, 150, 144, 99, 128, 0]], ""p"": 1, ""objective"": 99.0}","{""facilities"": [7], ""assignments"": [7, 7, 7, 7, 7, 7, 7, 7, 7, 7]}",99.0,"{""problem_type"": ""PCENTER"", ""num_nodes"": 10, ""num_open"": 1, ""sites"": [{""id"": 1, ""distances"": {""1"": 0, ""2"": 119, ""3"": 116, ""4"": 59, ""5"": 114, ""6"": 76, ""7"": 73, ""8"": 71, ""9"": 104, ""10"": 122}}, {""id"": 2, ""distances"": {""1"": 119, ""2"": 0, ""3"": 130, ""4"": 98, ""5"": 135, ""6"": 91, ""7"": 124, ""8"": 86, ""9"": 138, ""10"": 146}}, {""id"": 3, ""distances"": {""1"": 116, ""2"": 130, ""3"": 0, ""4"": 85, ""5"": 110, ""6"": 97, ""7"": 89, ""8"": 67, ""9"": 115, ""10"": 153}}, {""id"": 4, ""distances"": {""1"": 59, ""2"": 98, ""3"": 85, ""4"": 0, ""5"": 93, ""6"": 53, ""7"": 73, ""8"": 39, ""9"": 67, ""10"": 133}}, {""id"": 5, ""distances"": {""1"": 114, ""2"": 135, ""3"": 110, ""4"": 93, ""5"": 0, ""6"": 102, ""7"": 85, ""8"": 75, ""9"": 84, ""10"": 134}}, {""id"": 6, ""distances"": {""1"": 76, ""2"": 91, ""3"": 97, ""4"": 53, ""5"": 102, ""6"": 0, ""7"": 58, ""8"": 67, ""9"": 94, ""10"": 150}}, {""id"": 7, ""distances"": {""1"": 73, ""2"": 124, ""3"": 89, ""4"": 73, ""5"": 85, ""6"": 58, ""7"": 0, ""8"": 80, ""9"": 76, ""10"": 144}}, {""id"": 8, ""distances"": {""1"": 71, ""2"": 86, ""3"": 67, ""4"": 39, ""5"": 75, ""6"": 67, ""7"": 80, ""8"": 0, ""9"": 78, ""10"": 99}}, {""id"": 9, ""distances"": {""1"": 104, ""2"": 138, ""3"": 115, ""4"": 67, ""5"": 84, ""6"": 94, ""7"": 76, ""8"": 78, ""9"": 0, ""10"": 128}}, {""id"": 10, ""distances"": {""1"": 122, ""2"": 146, ""3"": 153, ""4"": 133, ""5"": 134, ""6"": 150, ""7"": 144, ""8"": 99, ""9"": 128, ""10"": 0}}], ""objective"": 99.0}","{""selected"": [8], ""assignments"": [8, 8, 8, 8, 8, 8, 8, 8, 8, 8]}"
PCENTER_M_048,PCENTER,M,48,"I was helping a team plan a series of weekend pop-ups around town: there’s a fixed number of booths that can be opened, and every neighborhood cluster needs to be handed off to exactly one of those booths — no cluster can be left out or split between two booths. The idea is to pick which venues to open so that the single longest walk any neighborhood has to make to its assigned booth is as short as possible — in other words, check the cluster that ends up farthest from its booth and make that distance as small as it can be. The concrete list of possible spots and the travel distances between places are shown below.

# total_locations=14
# num_booths_to_open=1
# location_ids=1, 2, 3, 4, 5, 6, 7, 8, 9, 10, 11, 12, 13, 14
from_location_id,to_location_id,walking_distance
1,2,37
1,3,46
1,4,38
1,5,22
1,6,44
1,7,38
1,8,33
1,9,24
1,10,31
1,11,35
1,12,21
1,13,37
1,14,29
2,1,37
2,3,54
2,4,42
2,5,38
2,6,52
2,7,24
2,8,39
2,9,17
2,10,32
2,11,37
2,12,21
2,13,37
2,14,47
3,1,46
3,2,54
3,4,58
3,5,24
3,6,2
3,7,56
3,8,41
3,9,37
3,10,39
3,11,47
3,12,42
3,13,56
3,14,55
4,1,38
4,2,42
4,3,58
4,5,49
4,6,60
4,7,32
4,8,43
4,9,41
4,10,41
4,11,37
4,12,32
4,13,57
4,14,45
5,1,22
5,2,38
5,3,24
5,4,49
5,6,22
5,7,32
5,8,43
5,9,39
5,10,41
5,11,28
5,12,36
5,13,53
5,14,34
6,1,44
6,2,52
6,3,2
6,4,60
6,5,22
6,7,54
6,8,43
6,9,35
6,10,41
6,11,49
6,12,44
6,13,54
6,14,56
7,1,38
7,2,24
7,3,56
7,4,32
7,5,32
7,6,54
7,8,51
7,9,26
7,10,46
7,11,32
7,12,45
7,13,56
7,14,33
8,1,33
8,2,39
8,3,41
8,4,43
8,5,43
8,6,43
8,7,51
8,9,31
8,10,8
8,11,34
8,12,18
8,13,62
8,14,40
9,1,24
9,2,17
9,3,37
9,4,41
9,5,39
9,6,35
9,7,26
9,8,31
9,10,39
9,11,24
9,12,38
9,13,53
9,14,30
10,1,31
10,2,32
10,3,39
10,4,41
10,5,41
10,6,41
10,7,46
10,8,8
10,9,39
10,11,28
10,12,25
10,13,57
10,14,38
11,1,35
11,2,37
11,3,47
11,4,37
11,5,28
11,6,49
11,7,32
11,8,34
11,9,24
11,10,28
11,12,29
11,13,40
11,14,18
12,1,21
12,2,21
12,3,42
12,4,32
12,5,36
12,6,44
12,7,45
12,8,18
12,9,38
12,10,25
12,11,29
12,13,46
12,14,29
13,1,37
13,2,37
13,3,56
13,4,57
13,5,53
13,6,54
13,7,56
13,8,62
13,9,53
13,10,57
13,11,40
13,12,46
13,14,33
14,1,29
14,2,47
14,3,55
14,4,45
14,5,34
14,6,56
14,7,33
14,8,40
14,9,30
14,10,38
14,11,18
14,12,29
14,13,33

If you want to hand me the final choices, just use this little JSON shape so it's easy to parse — nothing fancy, just the two parts we need:

{
  ""solution"": {
    ""selected"": [<site_to_open>, <site_to_open>, ...],
    ""assignments"": [<chosen_open_site>, <chosen_open_site>, ...]
  }
}

Think of it like a short form: ""selected"" is the list of spots you decide to open for the pop-ups, and ""assignments"" is, in the same order as the input locations, which opened spot each one hooks up to. Super casual — just fill those placeholders with the exact IDs from the instance when you give the real answer.

This JSON is only a sketch of the shape I expect, not the actual answer.

Please be sure all identifiers match the instance input exactly — don't rename them or invent new labels. For example:
- Valid identifiers look like plain numbers such as “1” or “23”
- single capital letters like “A” or “B”
- a capital letter followed by digits like “A1” or “X7”",csv,one_based,"{""distance_matrix"": [[0, 37, 46, 38, 22, 44, 38, 33, 24, 31, 35, 21, 37, 29], [37, 0, 54, 42, 38, 52, 24, 39, 17, 32, 37, 21, 37, 47], [46, 54, 0, 58, 24, 2, 56, 41, 37, 39, 47, 42, 56, 55], [38, 42, 58, 0, 49, 60, 32, 43, 41, 41, 37, 32, 57, 45], [22, 38, 24, 49, 0, 22, 32, 43, 39, 41, 28, 36, 53, 34], [44, 52, 2, 60, 22, 0, 54, 43, 35, 41, 49, 44, 54, 56], [38, 24, 56, 32, 32, 54, 0, 51, 26, 46, 32, 45, 56, 33], [33, 39, 41, 43, 43, 43, 51, 0, 31, 8, 34, 18, 62, 40], [24, 17, 37, 41, 39, 35, 26, 31, 0, 39, 24, 38, 53, 30], [31, 32, 39, 41, 41, 41, 46, 8, 39, 0, 28, 25, 57, 38], [35, 37, 47, 37, 28, 49, 32, 34, 24, 28, 0, 29, 40, 18], [21, 21, 42, 32, 36, 44, 45, 18, 38, 25, 29, 0, 46, 29], [37, 37, 56, 57, 53, 54, 56, 62, 53, 57, 40, 46, 0, 33], [29, 47, 55, 45, 34, 56, 33, 40, 30, 38, 18, 29, 33, 0]], ""p"": 1, ""objective"": 46.0}","{""facilities"": [0], ""assignments"": [0, 0, 0, 0, 0, 0, 0, 0, 0, 0, 0, 0, 0, 0]}",46.0,"{""problem_type"": ""PCENTER"", ""num_nodes"": 14, ""num_open"": 1, ""sites"": [{""id"": 1, ""distances"": {""1"": 0, ""2"": 37, ""3"": 46, ""4"": 38, ""5"": 22, ""6"": 44, ""7"": 38, ""8"": 33, ""9"": 24, ""10"": 31, ""11"": 35, ""12"": 21, ""13"": 37, ""14"": 29}}, {""id"": 2, ""distances"": {""1"": 37, ""2"": 0, ""3"": 54, ""4"": 42, ""5"": 38, ""6"": 52, ""7"": 24, ""8"": 39, ""9"": 17, ""10"": 32, ""11"": 37, ""12"": 21, ""13"": 37, ""14"": 47}}, {""id"": 3, ""distances"": {""1"": 46, ""2"": 54, ""3"": 0, ""4"": 58, ""5"": 24, ""6"": 2, ""7"": 56, ""8"": 41, ""9"": 37, ""10"": 39, ""11"": 47, ""12"": 42, ""13"": 56, ""14"": 55}}, {""id"": 4, ""distances"": {""1"": 38, ""2"": 42, ""3"": 58, ""4"": 0, ""5"": 49, ""6"": 60, ""7"": 32, ""8"": 43, ""9"": 41, ""10"": 41, ""11"": 37, ""12"": 32, ""13"": 57, ""14"": 45}}, {""id"": 5, ""distances"": {""1"": 22, ""2"": 38, ""3"": 24, ""4"": 49, ""5"": 0, ""6"": 22, ""7"": 32, ""8"": 43, ""9"": 39, ""10"": 41, ""11"": 28, ""12"": 36, ""13"": 53, ""14"": 34}}, {""id"": 6, ""distances"": {""1"": 44, ""2"": 52, ""3"": 2, ""4"": 60, ""5"": 22, ""6"": 0, ""7"": 54, ""8"": 43, ""9"": 35, ""10"": 41, ""11"": 49, ""12"": 44, ""13"": 54, ""14"": 56}}, {""id"": 7, ""distances"": {""1"": 38, ""2"": 24, ""3"": 56, ""4"": 32, ""5"": 32, ""6"": 54, ""7"": 0, ""8"": 51, ""9"": 26, ""10"": 46, ""11"": 32, ""12"": 45, ""13"": 56, ""14"": 33}}, {""id"": 8, ""distances"": {""1"": 33, ""2"": 39, ""3"": 41, ""4"": 43, ""5"": 43, ""6"": 43, ""7"": 51, ""8"": 0, ""9"": 31, ""10"": 8, ""11"": 34, ""12"": 18, ""13"": 62, ""14"": 40}}, {""id"": 9, ""distances"": {""1"": 24, ""2"": 17, ""3"": 37, ""4"": 41, ""5"": 39, ""6"": 35, ""7"": 26, ""8"": 31, ""9"": 0, ""10"": 39, ""11"": 24, ""12"": 38, ""13"": 53, ""14"": 30}}, {""id"": 10, ""distances"": {""1"": 31, ""2"": 32, ""3"": 39, ""4"": 41, ""5"": 41, ""6"": 41, ""7"": 46, ""8"": 8, ""9"": 39, ""10"": 0, ""11"": 28, ""12"": 25, ""13"": 57, ""14"": 38}}, {""id"": 11, ""distances"": {""1"": 35, ""2"": 37, ""3"": 47, ""4"": 37, ""5"": 28, ""6"": 49, ""7"": 32, ""8"": 34, ""9"": 24, ""10"": 28, ""11"": 0, ""12"": 29, ""13"": 40, ""14"": 18}}, {""id"": 12, ""distances"": {""1"": 21, ""2"": 21, ""3"": 42, ""4"": 32, ""5"": 36, ""6"": 44, ""7"": 45, ""8"": 18, ""9"": 38, ""10"": 25, ""11"": 29, ""12"": 0, ""13"": 46, ""14"": 29}}, {""id"": 13, ""distances"": {""1"": 37, ""2"": 37, ""3"": 56, ""4"": 57, ""5"": 53, ""6"": 54, ""7"": 56, ""8"": 62, ""9"": 53, ""10"": 57, ""11"": 40, ""12"": 46, ""13"": 0, ""14"": 33}}, {""id"": 14, ""distances"": {""1"": 29, ""2"": 47, ""3"": 55, ""4"": 45, ""5"": 34, ""6"": 56, ""7"": 33, ""8"": 40, ""9"": 30, ""10"": 38, ""11"": 18, ""12"": 29, ""13"": 33, ""14"": 0}}], ""objective"": 46.0}","{""selected"": [1], ""assignments"": [1, 1, 1, 1, 1, 1, 1, 1, 1, 1, 1, 1, 1, 1]}"
PCENTER_M_049,PCENTER,M,49,"On a busy weekend the team needs to decide which aisles will host a preset number of pickup counters; distances between all candidate spots are known. Each product section must be linked to one open counter — nothing can be left unassigned or attached to more than one counter. To pick the best arrangement, look at the distance every section’s customers would walk to their counter, pick out the largest of those distances, and choose the arrangement that makes that largest walk as small as possible. The detailed map and distances follow below.

{
  ""num_candidate_aisles"": 9,
  ""num_counters_to_open"": 1,
  ""candidate_spot_ids"": [
    1,
    2,
    3,
    4,
    5,
    6,
    7,
    8,
    9
  ],
  ""data"": [
    {
      ""from_spot_id"": 1,
      ""to_spot_id"": 2,
      ""walking_distance"": 33
    },
    {
      ""from_spot_id"": 1,
      ""to_spot_id"": 3,
      ""walking_distance"": 36
    },
    {
      ""from_spot_id"": 1,
      ""to_spot_id"": 4,
      ""walking_distance"": 41
    },
    {
      ""from_spot_id"": 1,
      ""to_spot_id"": 5,
      ""walking_distance"": 32
    },
    {
      ""from_spot_id"": 1,
      ""to_spot_id"": 6,
      ""walking_distance"": 26
    },
    {
      ""from_spot_id"": 1,
      ""to_spot_id"": 7,
      ""walking_distance"": 44
    },
    {
      ""from_spot_id"": 1,
      ""to_spot_id"": 8,
      ""walking_distance"": 19
    },
    {
      ""from_spot_id"": 1,
      ""to_spot_id"": 9,
      ""walking_distance"": 40
    },
    {
      ""from_spot_id"": 2,
      ""to_spot_id"": 1,
      ""walking_distance"": 33
    },
    {
      ""from_spot_id"": 2,
      ""to_spot_id"": 3,
      ""walking_distance"": 36
    },
    {
      ""from_spot_id"": 2,
      ""to_spot_id"": 4,
      ""walking_distance"": 48
    },
    {
      ""from_spot_id"": 2,
      ""to_spot_id"": 5,
      ""walking_distance"": 36
    },
    {
      ""from_spot_id"": 2,
      ""to_spot_id"": 6,
      ""walking_distance"": 22
    },
    {
      ""from_spot_id"": 2,
      ""to_spot_id"": 7,
      ""walking_distance"": 43
    },
    {
      ""from_spot_id"": 2,
      ""to_spot_id"": 8,
      ""walking_distance"": 29
    },
    {
      ""from_spot_id"": 2,
      ""to_spot_id"": 9,
      ""walking_distance"": 46
    },
    {
      ""from_spot_id"": 3,
      ""to_spot_id"": 1,
      ""walking_distance"": 36
    },
    {
      ""from_spot_id"": 3,
      ""to_spot_id"": 2,
      ""walking_distance"": 36
    },
    {
      ""from_spot_id"": 3,
      ""to_spot_id"": 4,
      ""walking_distance"": 26
    },
    {
      ""from_spot_id"": 3,
      ""to_spot_id"": 5,
      ""walking_distance"": 29
    },
    {
      ""from_spot_id"": 3,
      ""to_spot_id"": 6,
      ""walking_distance"": 15
    },
    {
      ""from_spot_id"": 3,
      ""to_spot_id"": 7,
      ""walking_distance"": 46
    },
    {
      ""from_spot_id"": 3,
      ""to_spot_id"": 8,
      ""walking_distance"": 22
    },
    {
      ""from_spot_id"": 3,
      ""to_spot_id"": 9,
      ""walking_distance"": 32
    },
    {
      ""from_spot_id"": 4,
      ""to_spot_id"": 1,
      ""walking_distance"": 41
    },
    {
      ""from_spot_id"": 4,
      ""to_spot_id"": 2,
      ""walking_distance"": 48
    },
    {
      ""from_spot_id"": 4,
      ""to_spot_id"": 3,
      ""walking_distance"": 26
    },
    {
      ""from_spot_id"": 4,
      ""to_spot_id"": 5,
      ""walking_distance"": 43
    },
    {
      ""from_spot_id"": 4,
      ""to_spot_id"": 6,
      ""walking_distance"": 26
    },
    {
      ""from_spot_id"": 4,
      ""to_spot_id"": 7,
      ""walking_distance"": 50
    },
    {
      ""from_spot_id"": 4,
      ""to_spot_id"": 8,
      ""walking_distance"": 33
    },
    {
      ""from_spot_id"": 4,
      ""to_spot_id"": 9,
      ""walking_distance"": 34
    },
    {
      ""from_spot_id"": 5,
      ""to_spot_id"": 1,
      ""walking_distance"": 32
    },
    {
      ""from_spot_id"": 5,
      ""to_spot_id"": 2,
      ""walking_distance"": 36
    },
    {
      ""from_spot_id"": 5,
      ""to_spot_id"": 3,
      ""walking_distance"": 29
    },
    {
      ""from_spot_id"": 5,
      ""to_spot_id"": 4,
      ""walking_distance"": 43
    },
    {
      ""from_spot_id"": 5,
      ""to_spot_id"": 6,
      ""walking_distance"": 31
    },
    {
      ""from_spot_id"": 5,
      ""to_spot_id"": 7,
      ""walking_distance"": 39
    },
    {
      ""from_spot_id"": 5,
      ""to_spot_id"": 8,
      ""walking_distance"": 28
    },
    {
      ""from_spot_id"": 5,
      ""to_spot_id"": 9,
      ""walking_distance"": 33
    },
    {
      ""from_spot_id"": 6,
      ""to_spot_id"": 1,
      ""walking_distance"": 26
    },
    {
      ""from_spot_id"": 6,
      ""to_spot_id"": 2,
      ""walking_distance"": 22
    },
    {
      ""from_spot_id"": 6,
      ""to_spot_id"": 3,
      ""walking_distance"": 15
    },
    {
      ""from_spot_id"": 6,
      ""to_spot_id"": 4,
      ""walking_distance"": 26
    },
    {
      ""from_spot_id"": 6,
      ""to_spot_id"": 5,
      ""walking_distance"": 31
    },
    {
      ""from_spot_id"": 6,
      ""to_spot_id"": 7,
      ""walking_distance"": 40
    },
    {
      ""from_spot_id"": 6,
      ""to_spot_id"": 8,
      ""walking_distance"": 7
    },
    {
      ""from_spot_id"": 6,
      ""to_spot_id"": 9,
      ""walking_distance"": 29
    },
    {
      ""from_spot_id"": 7,
      ""to_spot_id"": 1,
      ""walking_distance"": 44
    },
    {
      ""from_spot_id"": 7,
      ""to_spot_id"": 2,
      ""walking_distance"": 43
    },
    {
      ""from_spot_id"": 7,
      ""to_spot_id"": 3,
      ""walking_distance"": 46
    },
    {
      ""from_spot_id"": 7,
      ""to_spot_id"": 4,
      ""walking_distance"": 50
    },
    {
      ""from_spot_id"": 7,
      ""to_spot_id"": 5,
      ""walking_distance"": 39
    },
    {
      ""from_spot_id"": 7,
      ""to_spot_id"": 6,
      ""walking_distance"": 40
    },
    {
      ""from_spot_id"": 7,
      ""to_spot_id"": 8,
      ""walking_distance"": 46
    },
    {
      ""from_spot_id"": 7,
      ""to_spot_id"": 9,
      ""walking_distance"": 16
    },
    {
      ""from_spot_id"": 8,
      ""to_spot_id"": 1,
      ""walking_distance"": 19
    },
    {
      ""from_spot_id"": 8,
      ""to_spot_id"": 2,
      ""walking_distance"": 29
    },
    {
      ""from_spot_id"": 8,
      ""to_spot_id"": 3,
      ""walking_distance"": 22
    },
    {
      ""from_spot_id"": 8,
      ""to_spot_id"": 4,
      ""walking_distance"": 33
    },
    {
      ""from_spot_id"": 8,
      ""to_spot_id"": 5,
      ""walking_distance"": 28
    },
    {
      ""from_spot_id"": 8,
      ""to_spot_id"": 6,
      ""walking_distance"": 7
    },
    {
      ""from_spot_id"": 8,
      ""to_spot_id"": 7,
      ""walking_distance"": 46
    },
    {
      ""from_spot_id"": 8,
      ""to_spot_id"": 9,
      ""walking_distance"": 30
    },
    {
      ""from_spot_id"": 9,
      ""to_spot_id"": 1,
      ""walking_distance"": 40
    },
    {
      ""from_spot_id"": 9,
      ""to_spot_id"": 2,
      ""walking_distance"": 46
    },
    {
      ""from_spot_id"": 9,
      ""to_spot_id"": 3,
      ""walking_distance"": 32
    },
    {
      ""from_spot_id"": 9,
      ""to_spot_id"": 4,
      ""walking_distance"": 34
    },
    {
      ""from_spot_id"": 9,
      ""to_spot_id"": 5,
      ""walking_distance"": 33
    },
    {
      ""from_spot_id"": 9,
      ""to_spot_id"": 6,
      ""walking_distance"": 29
    },
    {
      ""from_spot_id"": 9,
      ""to_spot_id"": 7,
      ""walking_distance"": 16
    },
    {
      ""from_spot_id"": 9,
      ""to_spot_id"": 8,
      ""walking_distance"": 30
    }
  ]
}

Also, to keep things easy to parse, please lay out the solution in this simple JSON shape when you reply:

{
  ""solution"": {
    ""selected"": [<aisle_to_open>, <aisle_to_open>, ...],
    ""assignments"": [<chosen_open_aisle>, <chosen_open_aisle>, ...]
  }
}

Think of ""selected"" as the list of aisles where we actually put pickup counters, and ""assignments"" as which open aisle each product section is tied to. Super casual — just a quick form showing which aisles are open and who goes to which one. This is just the expected shape, not the final plan itself.

Remember to use the exact identifiers from the instance input — don't rename them or invent new labels. 
- for example: ""Valid identifiers look like plain numbers such as “1” or “23”, single capital letters like “A” or “B”, or a capital letter followed by digits like “A1” or “X7”.""",json,one_based,"{""distance_matrix"": [[0, 33, 36, 41, 32, 26, 44, 19, 40], [33, 0, 36, 48, 36, 22, 43, 29, 46], [36, 36, 0, 26, 29, 15, 46, 22, 32], [41, 48, 26, 0, 43, 26, 50, 33, 34], [32, 36, 29, 43, 0, 31, 39, 28, 33], [26, 22, 15, 26, 31, 0, 40, 7, 29], [44, 43, 46, 50, 39, 40, 0, 46, 16], [19, 29, 22, 33, 28, 7, 46, 0, 30], [40, 46, 32, 34, 33, 29, 16, 30, 0]], ""p"": 1, ""objective"": 40.0}","{""facilities"": [5], ""assignments"": [5, 5, 5, 5, 5, 5, 5, 5, 5]}",40.0,"{""problem_type"": ""PCENTER"", ""num_nodes"": 9, ""num_open"": 1, ""sites"": [{""id"": 1, ""distances"": {""1"": 0, ""2"": 33, ""3"": 36, ""4"": 41, ""5"": 32, ""6"": 26, ""7"": 44, ""8"": 19, ""9"": 40}}, {""id"": 2, ""distances"": {""1"": 33, ""2"": 0, ""3"": 36, ""4"": 48, ""5"": 36, ""6"": 22, ""7"": 43, ""8"": 29, ""9"": 46}}, {""id"": 3, ""distances"": {""1"": 36, ""2"": 36, ""3"": 0, ""4"": 26, ""5"": 29, ""6"": 15, ""7"": 46, ""8"": 22, ""9"": 32}}, {""id"": 4, ""distances"": {""1"": 41, ""2"": 48, ""3"": 26, ""4"": 0, ""5"": 43, ""6"": 26, ""7"": 50, ""8"": 33, ""9"": 34}}, {""id"": 5, ""distances"": {""1"": 32, ""2"": 36, ""3"": 29, ""4"": 43, ""5"": 0, ""6"": 31, ""7"": 39, ""8"": 28, ""9"": 33}}, {""id"": 6, ""distances"": {""1"": 26, ""2"": 22, ""3"": 15, ""4"": 26, ""5"": 31, ""6"": 0, ""7"": 40, ""8"": 7, ""9"": 29}}, {""id"": 7, ""distances"": {""1"": 44, ""2"": 43, ""3"": 46, ""4"": 50, ""5"": 39, ""6"": 40, ""7"": 0, ""8"": 46, ""9"": 16}}, {""id"": 8, ""distances"": {""1"": 19, ""2"": 29, ""3"": 22, ""4"": 33, ""5"": 28, ""6"": 7, ""7"": 46, ""8"": 0, ""9"": 30}}, {""id"": 9, ""distances"": {""1"": 40, ""2"": 46, ""3"": 32, ""4"": 34, ""5"": 33, ""6"": 29, ""7"": 16, ""8"": 30, ""9"": 0}}], ""objective"": 40.0}","{""selected"": [6], ""assignments"": [6, 6, 6, 6, 6, 6, 6, 6, 6]}"
PCENTER_M_050,PCENTER,M,50,"There’s a constant puzzle in the terminal about which baggage belts to activate. Given a fixed number to turn on, every incoming gate must be tied to one of the active belts (no gate left out, no gate sent to two belts), and the way to tell if a choice is good is to find the passenger who walks the farthest under that plan. The goal is to keep that single worst walk as short as possible — measure it by the largest gate-to-carousel distance in the assignment. The specific layout and distances follow below.

This instance lists 12 candidate locations, requires activating 1 carousels, and provides the ordered location IDs 0, 1, 2, 3, 4, 5, 6, 7, 8, 9, 10, 11.
From 0 to 1 the walk distance is 98.
From 0 to 2 the walk distance is 66.
From 0 to 3 the walk distance is 89.
From 0 to 4 the walk distance is 106.
From 0 to 5 the walk distance is 66.
From 0 to 6 the walk distance is 123.
From 0 to 7 the walk distance is 54.
From 0 to 8 the walk distance is 108.
From 0 to 9 the walk distance is 124.
From 0 to 10 the walk distance is 90.
From 0 to 11 the walk distance is 99.
From 1 to 0 the walk distance is 98.
From 1 to 2 the walk distance is 85.
From 1 to 3 the walk distance is 82.
From 1 to 4 the walk distance is 76.
From 1 to 5 the walk distance is 50.
From 1 to 6 the walk distance is 85.
From 1 to 7 the walk distance is 46.
From 1 to 8 the walk distance is 114.
From 1 to 9 the walk distance is 118.
From 1 to 10 the walk distance is 73.
From 1 to 11 the walk distance is 109.
From 2 to 0 the walk distance is 66.
From 2 to 1 the walk distance is 85.
From 2 to 3 the walk distance is 34.
From 2 to 4 the walk distance is 98.
From 2 to 5 the walk distance is 86.
From 2 to 6 the walk distance is 75.
From 2 to 7 the walk distance is 95.
From 2 to 8 the walk distance is 92.
From 2 to 9 the walk distance is 89.
From 2 to 10 the walk distance is 44.
From 2 to 11 the walk distance is 83.
From 3 to 0 the walk distance is 89.
From 3 to 1 the walk distance is 82.
From 3 to 2 the walk distance is 34.
From 3 to 4 the walk distance is 90.
From 3 to 5 the walk distance is 54.
From 3 to 6 the walk distance is 43.
From 3 to 7 the walk distance is 67.
From 3 to 8 the walk distance is 64.
From 3 to 9 the walk distance is 123.
From 3 to 10 the walk distance is 12.
From 3 to 11 the walk distance is 51.
From 4 to 0 the walk distance is 106.
From 4 to 1 the walk distance is 76.
From 4 to 2 the walk distance is 98.
From 4 to 3 the walk distance is 90.
From 4 to 5 the walk distance is 64.
From 4 to 6 the walk distance is 97.
From 4 to 7 the walk distance is 80.
From 4 to 8 the walk distance is 118.
From 4 to 9 the walk distance is 134.
From 4 to 10 the walk distance is 91.
From 4 to 11 the walk distance is 109.
From 5 to 0 the walk distance is 66.
From 5 to 1 the walk distance is 50.
From 5 to 2 the walk distance is 86.
From 5 to 3 the walk distance is 54.
From 5 to 4 the walk distance is 64.
From 5 to 6 the walk distance is 87.
From 5 to 7 the walk distance is 40.
From 5 to 8 the walk distance is 86.
From 5 to 9 the walk distance is 133.
From 5 to 10 the walk distance is 64.
From 5 to 11 the walk distance is 95.
From 6 to 0 the walk distance is 123.
From 6 to 1 the walk distance is 85.
From 6 to 2 the walk distance is 75.
From 6 to 3 the walk distance is 43.
From 6 to 4 the walk distance is 97.
From 6 to 5 the walk distance is 87.
From 6 to 7 the walk distance is 78.
From 6 to 8 the walk distance is 107.
From 6 to 9 the walk distance is 164.
From 6 to 10 the walk distance is 53.
From 6 to 11 the walk distance is 92.
From 7 to 0 the walk distance is 54.
From 7 to 1 the walk distance is 46.
From 7 to 2 the walk distance is 95.
From 7 to 3 the walk distance is 67.
From 7 to 4 the walk distance is 80.
From 7 to 5 the walk distance is 40.
From 7 to 6 the walk distance is 78.
From 7 to 8 the walk distance is 108.
From 7 to 9 the walk distance is 130.
From 7 to 10 the walk distance is 66.
From 7 to 11 the walk distance is 102.
From 8 to 0 the walk distance is 108.
From 8 to 1 the walk distance is 114.
From 8 to 2 the walk distance is 92.
From 8 to 3 the walk distance is 64.
From 8 to 4 the walk distance is 118.
From 8 to 5 the walk distance is 86.
From 8 to 6 the walk distance is 107.
From 8 to 7 the walk distance is 108.
From 8 to 9 the walk distance is 124.
From 8 to 10 the walk distance is 76.
From 8 to 11 the walk distance is 93.
From 9 to 0 the walk distance is 124.
From 9 to 1 the walk distance is 118.
From 9 to 2 the walk distance is 89.
From 9 to 3 the walk distance is 123.
From 9 to 4 the walk distance is 134.
From 9 to 5 the walk distance is 133.
From 9 to 6 the walk distance is 164.
From 9 to 7 the walk distance is 130.
From 9 to 8 the walk distance is 124.
From 9 to 10 the walk distance is 133.
From 9 to 11 the walk distance is 153.
From 10 to 0 the walk distance is 90.
From 10 to 1 the walk distance is 73.
From 10 to 2 the walk distance is 44.
From 10 to 3 the walk distance is 12.
From 10 to 4 the walk distance is 91.
From 10 to 5 the walk distance is 64.
From 10 to 6 the walk distance is 53.
From 10 to 7 the walk distance is 66.
From 10 to 8 the walk distance is 76.
From 10 to 9 the walk distance is 133.
From 10 to 11 the walk distance is 57.
From 11 to 0 the walk distance is 99.
From 11 to 1 the walk distance is 109.
From 11 to 2 the walk distance is 83.
From 11 to 3 the walk distance is 51.
From 11 to 4 the walk distance is 109.
From 11 to 5 the walk distance is 95.
From 11 to 6 the walk distance is 92.
From 11 to 7 the walk distance is 102.
From 11 to 8 the walk distance is 93.
From 11 to 9 the walk distance is 153.
From 11 to 10 the walk distance is 57.
These distances are to be used to evaluate assignments and determine the maximum single walk given the 1 active carousels.

If you want to hand me a candidate plan, just drop it into this little JSON sketch so I can read it easily:

{
  ""solution"": {
    ""selected"": [<site_to_open>, <site_to_open>, ...],
    ""assignments"": [<chosen_open_site>, <chosen_open_site>, ...]
  }
}

This is just a simple form: ""selected"" is the list of carousels/belts you choose to switch on, and ""assignments"" is a list that, for each gate in the instance (in the instance order), names which of the chosen carousels that gate uses. Think of it like filling out a short checklist — which belts are active, and which belt each gate goes to. The JSON above is only a sketch of the shape I expect, not the actual solution.

Please be careful to use the exact identifiers from the instance input — don’t rename them and don’t invent new labels. For example: ""Valid identifiers look like plain numbers such as “1” or “23”, single capital letters like “A” or “B”, or a capital letter followed by digits like “A1” or “X7”.""",nl,zero_based,"{""distance_matrix"": [[0, 98, 66, 89, 106, 66, 123, 54, 108, 124, 90, 99], [98, 0, 85, 82, 76, 50, 85, 46, 114, 118, 73, 109], [66, 85, 0, 34, 98, 86, 75, 95, 92, 89, 44, 83], [89, 82, 34, 0, 90, 54, 43, 67, 64, 123, 12, 51], [106, 76, 98, 90, 0, 64, 97, 80, 118, 134, 91, 109], [66, 50, 86, 54, 64, 0, 87, 40, 86, 133, 64, 95], [123, 85, 75, 43, 97, 87, 0, 78, 107, 164, 53, 92], [54, 46, 95, 67, 80, 40, 78, 0, 108, 130, 66, 102], [108, 114, 92, 64, 118, 86, 107, 108, 0, 124, 76, 93], [124, 118, 89, 123, 134, 133, 164, 130, 124, 0, 133, 153], [90, 73, 44, 12, 91, 64, 53, 66, 76, 133, 0, 57], [99, 109, 83, 51, 109, 95, 92, 102, 93, 153, 57, 0]], ""p"": 1, ""objective"": 98.0}","{""facilities"": [2], ""assignments"": [2, 2, 2, 2, 2, 2, 2, 2, 2, 2, 2, 2]}",98.0,"{""problem_type"": ""PCENTER"", ""num_nodes"": 12, ""num_open"": 1, ""sites"": [{""id"": 0, ""distances"": {""0"": 0, ""1"": 98, ""2"": 66, ""3"": 89, ""4"": 106, ""5"": 66, ""6"": 123, ""7"": 54, ""8"": 108, ""9"": 124, ""10"": 90, ""11"": 99}}, {""id"": 1, ""distances"": {""0"": 98, ""1"": 0, ""2"": 85, ""3"": 82, ""4"": 76, ""5"": 50, ""6"": 85, ""7"": 46, ""8"": 114, ""9"": 118, ""10"": 73, ""11"": 109}}, {""id"": 2, ""distances"": {""0"": 66, ""1"": 85, ""2"": 0, ""3"": 34, ""4"": 98, ""5"": 86, ""6"": 75, ""7"": 95, ""8"": 92, ""9"": 89, ""10"": 44, ""11"": 83}}, {""id"": 3, ""distances"": {""0"": 89, ""1"": 82, ""2"": 34, ""3"": 0, ""4"": 90, ""5"": 54, ""6"": 43, ""7"": 67, ""8"": 64, ""9"": 123, ""10"": 12, ""11"": 51}}, {""id"": 4, ""distances"": {""0"": 106, ""1"": 76, ""2"": 98, ""3"": 90, ""4"": 0, ""5"": 64, ""6"": 97, ""7"": 80, ""8"": 118, ""9"": 134, ""10"": 91, ""11"": 109}}, {""id"": 5, ""distances"": {""0"": 66, ""1"": 50, ""2"": 86, ""3"": 54, ""4"": 64, ""5"": 0, ""6"": 87, ""7"": 40, ""8"": 86, ""9"": 133, ""10"": 64, ""11"": 95}}, {""id"": 6, ""distances"": {""0"": 123, ""1"": 85, ""2"": 75, ""3"": 43, ""4"": 97, ""5"": 87, ""6"": 0, ""7"": 78, ""8"": 107, ""9"": 164, ""10"": 53, ""11"": 92}}, {""id"": 7, ""distances"": {""0"": 54, ""1"": 46, ""2"": 95, ""3"": 67, ""4"": 80, ""5"": 40, ""6"": 78, ""7"": 0, ""8"": 108, ""9"": 130, ""10"": 66, ""11"": 102}}, {""id"": 8, ""distances"": {""0"": 108, ""1"": 114, ""2"": 92, ""3"": 64, ""4"": 118, ""5"": 86, ""6"": 107, ""7"": 108, ""8"": 0, ""9"": 124, ""10"": 76, ""11"": 93}}, {""id"": 9, ""distances"": {""0"": 124, ""1"": 118, ""2"": 89, ""3"": 123, ""4"": 134, ""5"": 133, ""6"": 164, ""7"": 130, ""8"": 124, ""9"": 0, ""10"": 133, ""11"": 153}}, {""id"": 10, ""distances"": {""0"": 90, ""1"": 73, ""2"": 44, ""3"": 12, ""4"": 91, ""5"": 64, ""6"": 53, ""7"": 66, ""8"": 76, ""9"": 133, ""10"": 0, ""11"": 57}}, {""id"": 11, ""distances"": {""0"": 99, ""1"": 109, ""2"": 83, ""3"": 51, ""4"": 109, ""5"": 95, ""6"": 92, ""7"": 102, ""8"": 93, ""9"": 153, ""10"": 57, ""11"": 0}}], ""objective"": 98.0}","{""selected"": [2], ""assignments"": [2, 2, 2, 2, 2, 2, 2, 2, 2, 2, 2, 2]}"
