id,task_id,difficulty_tier,example_index,prompt,surface_format,indexing_scheme,instance_canonical_json,reference_solution_canonical_json,reference_objective_value,instance_surface_json,reference_solution_surface_json
MVC_L_001,MVC,L,1,"Back at the office the building manager sketched a plan to place extinguishers without overdoing it: choose the fewest rooms so every corridor touches at least one stocked room. Performance is measured by the number of rooms chosen (count them), and the practical rule is that every corridor must be accounted for and each room is either stocked or not — duplicates don’t lower the count. The exact room-to-room connections are given below.

There are 20 rooms in total and 36 corridors.

| room_a | room_b |
|---|---|
| P | F |
| P | H |
| P | J |
| I | D |
| I | G |
| I | T |
| O | D |
| O | H |
| O | J |
| O | T |
| G | N |
| H | B |
| H | J |
| C | J |
| C | R |
| R | A |
| R | E |
| R | K |
| R | L |
| R | Q |
| R | S |
| S | A |
| S | D |
| S | M |
| S | N |
| Q | E |
| J | A |
| J | F |
| D | A |
| D | M |
| D | T |
| K | L |
| K | N |
| B | T |
| L | E |
| N | M |

Oh, and when you give the answer, please stick to this little JSON shape so it's easy to parse:

{
  ""solution"": [""room_id"", ""room_id"", ...]
}

Think of ""solution"" as just the list of rooms you picked to stock with extinguishers — each entry is a room identifier from the instance. This JSON is just a sketch of the shape I expect, not the actual answer itself.

Please use the identifiers exactly as they appear in the instance input — do not rename them or invent new labels.  
For example: ""Valid identifiers look like plain numbers such as “1” or “23”, single capital letters like “A” or “B”, or a capital letter followed by digits like “A1” or “X7”.""",markdown_table,names,"{""problem_type"": ""MVC"", ""num_nodes"": 20, ""num_edges"": 36, ""edges"": [{""u"": 16, ""v"": 6}, {""u"": 16, ""v"": 8}, {""u"": 16, ""v"": 10}, {""u"": 9, ""v"": 4}, {""u"": 9, ""v"": 7}, {""u"": 9, ""v"": 20}, {""u"": 15, ""v"": 4}, {""u"": 15, ""v"": 8}, {""u"": 15, ""v"": 10}, {""u"": 15, ""v"": 20}, {""u"": 7, ""v"": 14}, {""u"": 8, ""v"": 2}, {""u"": 8, ""v"": 10}, {""u"": 3, ""v"": 10}, {""u"": 3, ""v"": 18}, {""u"": 18, ""v"": 1}, {""u"": 18, ""v"": 5}, {""u"": 18, ""v"": 11}, {""u"": 18, ""v"": 12}, {""u"": 18, ""v"": 17}, {""u"": 18, ""v"": 19}, {""u"": 19, ""v"": 1}, {""u"": 19, ""v"": 4}, {""u"": 19, ""v"": 13}, {""u"": 19, ""v"": 14}, {""u"": 17, ""v"": 5}, {""u"": 10, ""v"": 1}, {""u"": 10, ""v"": 6}, {""u"": 4, ""v"": 1}, {""u"": 4, ""v"": 13}, {""u"": 4, ""v"": 20}, {""u"": 11, ""v"": 12}, {""u"": 11, ""v"": 14}, {""u"": 2, ""v"": 20}, {""u"": 12, ""v"": 5}, {""u"": 14, ""v"": 13}], ""source_file"": ""wa2010.mtx"", ""density"": 0.18947368421052632, ""viz_instance"": ""generated_data/MVC/viz/MVC_L/instance_0000.png"", ""viz_solution"": ""generated_data/MVC/viz/MVC_L/solution_0000.png"", ""edge_connectivity"": 2}","[4, 5, 8, 9, 10, 11, 14, 16, 18, 19, 20]",11.0,"{""num_nodes"": 20, ""num_edges"": 36, ""edges"": [{""u"": ""P"", ""v"": ""F""}, {""u"": ""P"", ""v"": ""H""}, {""u"": ""P"", ""v"": ""J""}, {""u"": ""I"", ""v"": ""D""}, {""u"": ""I"", ""v"": ""G""}, {""u"": ""I"", ""v"": ""T""}, {""u"": ""O"", ""v"": ""D""}, {""u"": ""O"", ""v"": ""H""}, {""u"": ""O"", ""v"": ""J""}, {""u"": ""O"", ""v"": ""T""}, {""u"": ""G"", ""v"": ""N""}, {""u"": ""H"", ""v"": ""B""}, {""u"": ""H"", ""v"": ""J""}, {""u"": ""C"", ""v"": ""J""}, {""u"": ""C"", ""v"": ""R""}, {""u"": ""R"", ""v"": ""A""}, {""u"": ""R"", ""v"": ""E""}, {""u"": ""R"", ""v"": ""K""}, {""u"": ""R"", ""v"": ""L""}, {""u"": ""R"", ""v"": ""Q""}, {""u"": ""R"", ""v"": ""S""}, {""u"": ""S"", ""v"": ""A""}, {""u"": ""S"", ""v"": ""D""}, {""u"": ""S"", ""v"": ""M""}, {""u"": ""S"", ""v"": ""N""}, {""u"": ""Q"", ""v"": ""E""}, {""u"": ""J"", ""v"": ""A""}, {""u"": ""J"", ""v"": ""F""}, {""u"": ""D"", ""v"": ""A""}, {""u"": ""D"", ""v"": ""M""}, {""u"": ""D"", ""v"": ""T""}, {""u"": ""K"", ""v"": ""L""}, {""u"": ""K"", ""v"": ""N""}, {""u"": ""B"", ""v"": ""T""}, {""u"": ""L"", ""v"": ""E""}, {""u"": ""N"", ""v"": ""M""}]}","[""D"", ""E"", ""H"", ""I"", ""J"", ""K"", ""N"", ""P"", ""R"", ""S"", ""T""]"
MVC_L_002,MVC,L,2,"There’s a block where volunteers are needed at certain homes so that for every two houses next to each other, one of them has a watcher. The aim is simple: use the least number of people necessary, so after choosing who stands watch the total number of volunteers should be as small as it can be while still leaving no adjacent pair unguarded. Each volunteer is attached to a single household and every neighboring link must be covered. The concrete map and details appear below.

There are 20 num houses on block in total and 38 num adjacent house pairs.

| adjacent_house_1 | adjacent_house_2 |
|---|---|
| 7 | 5 |
| 7 | 9 |
| 7 | 19 |
| 10 | 15 |
| 10 | 20 |
| 1 | 12 |
| 1 | 17 |
| 1 | 18 |
| 1 | 20 |
| 11 | 3 |
| 11 | 5 |
| 11 | 8 |
| 11 | 19 |
| 11 | 20 |
| 2 | 9 |
| 2 | 13 |
| 2 | 16 |
| 2 | 19 |
| 19 | 3 |
| 19 | 4 |
| 19 | 9 |
| 19 | 13 |
| 19 | 16 |
| 3 | 4 |
| 3 | 14 |
| 3 | 17 |
| 3 | 20 |
| 4 | 13 |
| 5 | 8 |
| 6 | 18 |
| 6 | 20 |
| 16 | 13 |
| 17 | 13 |
| 13 | 12 |
| 18 | 12 |
| 20 | 8 |
| 20 | 15 |
| 15 | 8 |

Also, when you send back the chosen watchers, please use this simple JSON layout so it's easy to read and parse:

{
  ""solution"": [""house_id"", ""house_id"", ...]
}

Here ""solution"" is just an array listing the houses where volunteers will stand watch — one entry per house. Think of the placeholders like blank fields on a form: replace each ""house_id"" with the actual house identifier from the instance when you answer. This JSON is only a sketch of the shape I expect, not the real answer itself.

All identifiers must be used exactly as they appear in the instance input — no renaming and no new labels.

For example: ""Valid identifiers look like plain numbers such as ""1"" or ""23"", single capital letters like ""A"" or ""B"", or a capital letter followed by digits like ""A1"" or ""X7"".""",markdown_table,one_based,"{""problem_type"": ""MVC"", ""num_nodes"": 20, ""num_edges"": 38, ""edges"": [{""u"": 7, ""v"": 5}, {""u"": 7, ""v"": 9}, {""u"": 7, ""v"": 19}, {""u"": 10, ""v"": 15}, {""u"": 10, ""v"": 20}, {""u"": 1, ""v"": 12}, {""u"": 1, ""v"": 17}, {""u"": 1, ""v"": 18}, {""u"": 1, ""v"": 20}, {""u"": 11, ""v"": 3}, {""u"": 11, ""v"": 5}, {""u"": 11, ""v"": 8}, {""u"": 11, ""v"": 19}, {""u"": 11, ""v"": 20}, {""u"": 2, ""v"": 9}, {""u"": 2, ""v"": 13}, {""u"": 2, ""v"": 16}, {""u"": 2, ""v"": 19}, {""u"": 19, ""v"": 3}, {""u"": 19, ""v"": 4}, {""u"": 19, ""v"": 9}, {""u"": 19, ""v"": 13}, {""u"": 19, ""v"": 16}, {""u"": 3, ""v"": 4}, {""u"": 3, ""v"": 14}, {""u"": 3, ""v"": 17}, {""u"": 3, ""v"": 20}, {""u"": 4, ""v"": 13}, {""u"": 5, ""v"": 8}, {""u"": 6, ""v"": 18}, {""u"": 6, ""v"": 20}, {""u"": 16, ""v"": 13}, {""u"": 17, ""v"": 13}, {""u"": 13, ""v"": 12}, {""u"": 18, ""v"": 12}, {""u"": 20, ""v"": 8}, {""u"": 20, ""v"": 15}, {""u"": 15, ""v"": 8}], ""source_file"": ""vt2010.mtx"", ""density"": 0.2, ""viz_instance"": ""generated_data/MVC/viz/MVC_L/instance_0001.png"", ""viz_solution"": ""generated_data/MVC/viz/MVC_L/solution_0001.png"", ""edge_connectivity"": 1}","[1, 2, 3, 5, 7, 11, 13, 15, 18, 19, 20]",11.0,"{""num_nodes"": 20, ""num_edges"": 38, ""edges"": [{""u"": 7, ""v"": 5}, {""u"": 7, ""v"": 9}, {""u"": 7, ""v"": 19}, {""u"": 10, ""v"": 15}, {""u"": 10, ""v"": 20}, {""u"": 1, ""v"": 12}, {""u"": 1, ""v"": 17}, {""u"": 1, ""v"": 18}, {""u"": 1, ""v"": 20}, {""u"": 11, ""v"": 3}, {""u"": 11, ""v"": 5}, {""u"": 11, ""v"": 8}, {""u"": 11, ""v"": 19}, {""u"": 11, ""v"": 20}, {""u"": 2, ""v"": 9}, {""u"": 2, ""v"": 13}, {""u"": 2, ""v"": 16}, {""u"": 2, ""v"": 19}, {""u"": 19, ""v"": 3}, {""u"": 19, ""v"": 4}, {""u"": 19, ""v"": 9}, {""u"": 19, ""v"": 13}, {""u"": 19, ""v"": 16}, {""u"": 3, ""v"": 4}, {""u"": 3, ""v"": 14}, {""u"": 3, ""v"": 17}, {""u"": 3, ""v"": 20}, {""u"": 4, ""v"": 13}, {""u"": 5, ""v"": 8}, {""u"": 6, ""v"": 18}, {""u"": 6, ""v"": 20}, {""u"": 16, ""v"": 13}, {""u"": 17, ""v"": 13}, {""u"": 13, ""v"": 12}, {""u"": 18, ""v"": 12}, {""u"": 20, ""v"": 8}, {""u"": 20, ""v"": 15}, {""u"": 15, ""v"": 8}]}","[1, 2, 3, 5, 7, 11, 13, 15, 18, 19, 20]"
MVC_L_003,MVC,L,3,"Someone asked the head librarian to be clever about staffing: assign people to a handful of shelving zones so every seam between neighboring sections is next to a staffed area. The decision is simply which zones to staff, and better is defined by using as few staffed zones as possible while still covering every border. To see which plan wins, count how many zones are staffed and make sure each shared border has one of its two sides staffed. The exact layout and numbers are included below.

There are 21 distinct shelving zones and 40 neighboring borders that must be covered.
Seam between sections 1 and 2 must be adjacent to a staffed zone.
Seam between sections 1 and 4 must be adjacent to a staffed zone.
Seam between sections 1 and 21 must be adjacent to a staffed zone.
Seam between sections 14 and 3 must be adjacent to a staffed zone.
Seam between sections 14 and 9 must be adjacent to a staffed zone.
Seam between sections 14 and 10 must be adjacent to a staffed zone.
Seam between sections 15 and 3 must be adjacent to a staffed zone.
Seam between sections 15 and 8 must be adjacent to a staffed zone.
Seam between sections 15 and 9 must be adjacent to a staffed zone.
Seam between sections 10 and 3 must be adjacent to a staffed zone.
Seam between sections 18 and 11 must be adjacent to a staffed zone.
Seam between sections 18 and 16 must be adjacent to a staffed zone.
Seam between sections 16 and 5 must be adjacent to a staffed zone.
Seam between sections 16 and 11 must be adjacent to a staffed zone.
Seam between sections 17 and 11 must be adjacent to a staffed zone.
Seam between sections 17 and 20 must be adjacent to a staffed zone.
Seam between sections 19 and 6 must be adjacent to a staffed zone.
Seam between sections 19 and 12 must be adjacent to a staffed zone.
Seam between sections 19 and 20 must be adjacent to a staffed zone.
Seam between sections 6 and 12 must be adjacent to a staffed zone.
Seam between sections 6 and 20 must be adjacent to a staffed zone.
Seam between sections 2 and 4 must be adjacent to a staffed zone.
Seam between sections 2 and 5 must be adjacent to a staffed zone.
Seam between sections 2 and 21 must be adjacent to a staffed zone.
Seam between sections 20 and 12 must be adjacent to a staffed zone.
Seam between sections 20 and 13 must be adjacent to a staffed zone.
Seam between sections 3 and 8 must be adjacent to a staffed zone.
Seam between sections 3 and 9 must be adjacent to a staffed zone.
Seam between sections 3 and 11 must be adjacent to a staffed zone.
Seam between sections 3 and 12 must be adjacent to a staffed zone.
Seam between sections 3 and 13 must be adjacent to a staffed zone.
Seam between sections 3 and 21 must be adjacent to a staffed zone.
Seam between sections 21 and 4 must be adjacent to a staffed zone.
Seam between sections 21 and 11 must be adjacent to a staffed zone.
Seam between sections 21 and 12 must be adjacent to a staffed zone.
Seam between sections 5 and 11 must be adjacent to a staffed zone.
Seam between sections 11 and 8 must be adjacent to a staffed zone.
Seam between sections 11 and 13 must be adjacent to a staffed zone.
Seam between sections 12 and 7 must be adjacent to a staffed zone.
Seam between sections 12 and 13 must be adjacent to a staffed zone.
Rank plans by how many zones are staffed; valid plans cover all 40 seams while using as few of the 21 zones as possible.

Just so we're on the same page, please give the plan in this simple JSON shape — a list of the staffed zones.

{
  ""solution"": [""zone_id"", ""zone_id"", ...]
}

""solution"" is the array of zone IDs you plan to staff; each string is one staffed zone. Think of it like ticking boxes on a short form — which zones get a person. This block is just a sketch of the shape I want, not the actual answer.

All identifiers must be used exactly as they appear in the instance input — no renaming and no new labels.
- For example: Valid identifiers look like plain numbers such as ""1"" or ""23"", single capital letters like ""A"" or ""B"", or a capital letter followed by digits like ""A1"" or ""X7"".",nl,one_based,"{""problem_type"": ""MVC"", ""num_nodes"": 21, ""num_edges"": 40, ""edges"": [{""u"": 1, ""v"": 2}, {""u"": 1, ""v"": 4}, {""u"": 1, ""v"": 21}, {""u"": 14, ""v"": 3}, {""u"": 14, ""v"": 9}, {""u"": 14, ""v"": 10}, {""u"": 15, ""v"": 3}, {""u"": 15, ""v"": 8}, {""u"": 15, ""v"": 9}, {""u"": 10, ""v"": 3}, {""u"": 18, ""v"": 11}, {""u"": 18, ""v"": 16}, {""u"": 16, ""v"": 5}, {""u"": 16, ""v"": 11}, {""u"": 17, ""v"": 11}, {""u"": 17, ""v"": 20}, {""u"": 19, ""v"": 6}, {""u"": 19, ""v"": 12}, {""u"": 19, ""v"": 20}, {""u"": 6, ""v"": 12}, {""u"": 6, ""v"": 20}, {""u"": 2, ""v"": 4}, {""u"": 2, ""v"": 5}, {""u"": 2, ""v"": 21}, {""u"": 20, ""v"": 12}, {""u"": 20, ""v"": 13}, {""u"": 3, ""v"": 8}, {""u"": 3, ""v"": 9}, {""u"": 3, ""v"": 11}, {""u"": 3, ""v"": 12}, {""u"": 3, ""v"": 13}, {""u"": 3, ""v"": 21}, {""u"": 21, ""v"": 4}, {""u"": 21, ""v"": 11}, {""u"": 21, ""v"": 12}, {""u"": 5, ""v"": 11}, {""u"": 11, ""v"": 8}, {""u"": 11, ""v"": 13}, {""u"": 12, ""v"": 7}, {""u"": 12, ""v"": 13}], ""source_file"": ""wi2010.mtx"", ""density"": 0.19047619047619047, ""viz_instance"": ""generated_data/MVC/viz/MVC_L/instance_0002.png"", ""viz_solution"": ""generated_data/MVC/viz/MVC_L/solution_0002.png"", ""edge_connectivity"": 1}","[1, 2, 3, 11, 12, 14, 15, 16, 19, 20, 21]",11.0,"{""num_nodes"": 21, ""num_edges"": 40, ""edges"": [{""u"": 1, ""v"": 2}, {""u"": 1, ""v"": 4}, {""u"": 1, ""v"": 21}, {""u"": 14, ""v"": 3}, {""u"": 14, ""v"": 9}, {""u"": 14, ""v"": 10}, {""u"": 15, ""v"": 3}, {""u"": 15, ""v"": 8}, {""u"": 15, ""v"": 9}, {""u"": 10, ""v"": 3}, {""u"": 18, ""v"": 11}, {""u"": 18, ""v"": 16}, {""u"": 16, ""v"": 5}, {""u"": 16, ""v"": 11}, {""u"": 17, ""v"": 11}, {""u"": 17, ""v"": 20}, {""u"": 19, ""v"": 6}, {""u"": 19, ""v"": 12}, {""u"": 19, ""v"": 20}, {""u"": 6, ""v"": 12}, {""u"": 6, ""v"": 20}, {""u"": 2, ""v"": 4}, {""u"": 2, ""v"": 5}, {""u"": 2, ""v"": 21}, {""u"": 20, ""v"": 12}, {""u"": 20, ""v"": 13}, {""u"": 3, ""v"": 8}, {""u"": 3, ""v"": 9}, {""u"": 3, ""v"": 11}, {""u"": 3, ""v"": 12}, {""u"": 3, ""v"": 13}, {""u"": 3, ""v"": 21}, {""u"": 21, ""v"": 4}, {""u"": 21, ""v"": 11}, {""u"": 21, ""v"": 12}, {""u"": 5, ""v"": 11}, {""u"": 11, ""v"": 8}, {""u"": 11, ""v"": 13}, {""u"": 12, ""v"": 7}, {""u"": 12, ""v"": 13}]}","[1, 2, 3, 11, 12, 14, 15, 16, 19, 20, 21]"
MVC_L_004,MVC,L,4,"I’m the network guy trying to keep tabs on a messy rack of routers and cables, and the task is to pick which routers to watch so that every physical cable has at least one end under surveillance. The better choice is the one that uses the fewest watched routers — measure that by simply counting how many routers are marked — and it has to be done so no cable is left unmonitored and marking the same router twice doesn’t add anything. The exact network layout and connections are shown below.

# total_routers=19
# total_cables=41
cable_endpoint_u,cable_endpoint_v
19,1
19,2
19,5
19,11
19,14
16,4
16,6
16,8
16,13
16,17
17,3
17,6
17,13
1,2
1,10
1,12
1,14
2,11
2,18
3,5
3,6
3,11
3,13
3,18
4,7
5,11
7,9
7,13
7,14
7,15
14,10
14,15
15,10
15,13
18,12
18,13
8,9
8,13
9,13
10,12
12,13

Throw your final pick into a tiny JSON snippet like this — nothing fancy, just the shape I expect:

{
  ""solution"": [""router_id"", ""router_id"", ...]
}

Here ""solution"" is the list of router IDs you want to watch so every cable has at least one watched endpoint. Think of each ""router_id"" as a placeholder for whatever exact label the instance uses; the array is just the set of routers you mark (order doesn't matter). This JSON is only a sketch of the shape I want, not the actual answer.

Please use the identifiers exactly as they appear in the instance input — no renaming and no invented labels.
- for example: ""Valid identifiers look like plain numbers such as “1” or “23”, single capital letters like “A” or “B”, or a capital letter followed by digits like “A1” or “X7”.""",csv,one_based,"{""problem_type"": ""MVC"", ""num_nodes"": 19, ""num_edges"": 41, ""edges"": [{""u"": 19, ""v"": 1}, {""u"": 19, ""v"": 2}, {""u"": 19, ""v"": 5}, {""u"": 19, ""v"": 11}, {""u"": 19, ""v"": 14}, {""u"": 16, ""v"": 4}, {""u"": 16, ""v"": 6}, {""u"": 16, ""v"": 8}, {""u"": 16, ""v"": 13}, {""u"": 16, ""v"": 17}, {""u"": 17, ""v"": 3}, {""u"": 17, ""v"": 6}, {""u"": 17, ""v"": 13}, {""u"": 1, ""v"": 2}, {""u"": 1, ""v"": 10}, {""u"": 1, ""v"": 12}, {""u"": 1, ""v"": 14}, {""u"": 2, ""v"": 11}, {""u"": 2, ""v"": 18}, {""u"": 3, ""v"": 5}, {""u"": 3, ""v"": 6}, {""u"": 3, ""v"": 11}, {""u"": 3, ""v"": 13}, {""u"": 3, ""v"": 18}, {""u"": 4, ""v"": 7}, {""u"": 5, ""v"": 11}, {""u"": 7, ""v"": 9}, {""u"": 7, ""v"": 13}, {""u"": 7, ""v"": 14}, {""u"": 7, ""v"": 15}, {""u"": 14, ""v"": 10}, {""u"": 14, ""v"": 15}, {""u"": 15, ""v"": 10}, {""u"": 15, ""v"": 13}, {""u"": 18, ""v"": 12}, {""u"": 18, ""v"": 13}, {""u"": 8, ""v"": 9}, {""u"": 8, ""v"": 13}, {""u"": 9, ""v"": 13}, {""u"": 10, ""v"": 12}, {""u"": 12, ""v"": 13}], ""source_file"": ""wi2010.mtx"", ""density"": 0.23976608187134502, ""viz_instance"": ""generated_data/MVC/viz/MVC_L/instance_0003.png"", ""viz_solution"": ""generated_data/MVC/viz/MVC_L/solution_0003.png"", ""edge_connectivity"": 2}","[2, 3, 7, 9, 10, 11, 12, 13, 14, 16, 17, 19]",12.0,"{""num_nodes"": 19, ""num_edges"": 41, ""edges"": [{""u"": 19, ""v"": 1}, {""u"": 19, ""v"": 2}, {""u"": 19, ""v"": 5}, {""u"": 19, ""v"": 11}, {""u"": 19, ""v"": 14}, {""u"": 16, ""v"": 4}, {""u"": 16, ""v"": 6}, {""u"": 16, ""v"": 8}, {""u"": 16, ""v"": 13}, {""u"": 16, ""v"": 17}, {""u"": 17, ""v"": 3}, {""u"": 17, ""v"": 6}, {""u"": 17, ""v"": 13}, {""u"": 1, ""v"": 2}, {""u"": 1, ""v"": 10}, {""u"": 1, ""v"": 12}, {""u"": 1, ""v"": 14}, {""u"": 2, ""v"": 11}, {""u"": 2, ""v"": 18}, {""u"": 3, ""v"": 5}, {""u"": 3, ""v"": 6}, {""u"": 3, ""v"": 11}, {""u"": 3, ""v"": 13}, {""u"": 3, ""v"": 18}, {""u"": 4, ""v"": 7}, {""u"": 5, ""v"": 11}, {""u"": 7, ""v"": 9}, {""u"": 7, ""v"": 13}, {""u"": 7, ""v"": 14}, {""u"": 7, ""v"": 15}, {""u"": 14, ""v"": 10}, {""u"": 14, ""v"": 15}, {""u"": 15, ""v"": 10}, {""u"": 15, ""v"": 13}, {""u"": 18, ""v"": 12}, {""u"": 18, ""v"": 13}, {""u"": 8, ""v"": 9}, {""u"": 8, ""v"": 13}, {""u"": 9, ""v"": 13}, {""u"": 10, ""v"": 12}, {""u"": 12, ""v"": 13}]}","[2, 3, 7, 9, 10, 11, 12, 13, 14, 16, 17, 19]"
MVC_L_005,MVC,L,5,"I’m the head chef juggling a crowded prep line and need to decide which stations get someone standing at them so every adjacent pair of worktops has at least one cook nearby. The whole point is to pick as few cooks as necessary — a better plan uses fewer people — and goodness of a plan is simply the number of cooks assigned, counted up. Nothing can be left uncovered: for every pair of neighboring stations at least one of those two must have a cook. The exact kitchen layout and numbers will be shown below.

{
  ""total_workstations"": 21,
  ""total_adjacent_station_pairs"": 45,
  ""edges"": [
    {
      ""station_endpoint_a"": 21,
      ""station_endpoint_b"": 9
    },
    {
      ""station_endpoint_a"": 21,
      ""station_endpoint_b"": 13
    },
    {
      ""station_endpoint_a"": 14,
      ""station_endpoint_b"": 3
    },
    {
      ""station_endpoint_a"": 14,
      ""station_endpoint_b"": 8
    },
    {
      ""station_endpoint_a"": 14,
      ""station_endpoint_b"": 15
    },
    {
      ""station_endpoint_a"": 14,
      ""station_endpoint_b"": 16
    },
    {
      ""station_endpoint_a"": 14,
      ""station_endpoint_b"": 20
    },
    {
      ""station_endpoint_a"": 15,
      ""station_endpoint_b"": 2
    },
    {
      ""station_endpoint_a"": 15,
      ""station_endpoint_b"": 18
    },
    {
      ""station_endpoint_a"": 15,
      ""station_endpoint_b"": 20
    },
    {
      ""station_endpoint_a"": 16,
      ""station_endpoint_b"": 1
    },
    {
      ""station_endpoint_a"": 16,
      ""station_endpoint_b"": 8
    },
    {
      ""station_endpoint_a"": 16,
      ""station_endpoint_b"": 10
    },
    {
      ""station_endpoint_a"": 7,
      ""station_endpoint_b"": 6
    },
    {
      ""station_endpoint_a"": 7,
      ""station_endpoint_b"": 11
    },
    {
      ""station_endpoint_a"": 7,
      ""station_endpoint_b"": 17
    },
    {
      ""station_endpoint_a"": 20,
      ""station_endpoint_b"": 2
    },
    {
      ""station_endpoint_a"": 20,
      ""station_endpoint_b"": 10
    },
    {
      ""station_endpoint_a"": 1,
      ""station_endpoint_b"": 8
    },
    {
      ""station_endpoint_a"": 1,
      ""station_endpoint_b"": 19
    },
    {
      ""station_endpoint_a"": 2,
      ""station_endpoint_b"": 4
    },
    {
      ""station_endpoint_a"": 2,
      ""station_endpoint_b"": 12
    },
    {
      ""station_endpoint_a"": 13,
      ""station_endpoint_b"": 4
    },
    {
      ""station_endpoint_a"": 13,
      ""station_endpoint_b"": 9
    },
    {
      ""station_endpoint_a"": 13,
      ""station_endpoint_b"": 18
    },
    {
      ""station_endpoint_a"": 6,
      ""station_endpoint_b"": 4
    },
    {
      ""station_endpoint_a"": 6,
      ""station_endpoint_b"": 5
    },
    {
      ""station_endpoint_a"": 6,
      ""station_endpoint_b"": 8
    },
    {
      ""station_endpoint_a"": 6,
      ""station_endpoint_b"": 11
    },
    {
      ""station_endpoint_a"": 9,
      ""station_endpoint_b"": 3
    },
    {
      ""station_endpoint_a"": 9,
      ""station_endpoint_b"": 8
    },
    {
      ""station_endpoint_a"": 9,
      ""station_endpoint_b"": 18
    },
    {
      ""station_endpoint_a"": 10,
      ""station_endpoint_b"": 12
    },
    {
      ""station_endpoint_a"": 10,
      ""station_endpoint_b"": 19
    },
    {
      ""station_endpoint_a"": 11,
      ""station_endpoint_b"": 12
    },
    {
      ""station_endpoint_a"": 11,
      ""station_endpoint_b"": 17
    },
    {
      ""station_endpoint_a"": 11,
      ""station_endpoint_b"": 19
    },
    {
      ""station_endpoint_a"": 12,
      ""station_endpoint_b"": 4
    },
    {
      ""station_endpoint_a"": 12,
      ""station_endpoint_b"": 19
    },
    {
      ""station_endpoint_a"": 8,
      ""station_endpoint_b"": 3
    },
    {
      ""station_endpoint_a"": 8,
      ""station_endpoint_b"": 17
    },
    {
      ""station_endpoint_a"": 17,
      ""station_endpoint_b"": 19
    },
    {
      ""station_endpoint_a"": 18,
      ""station_endpoint_b"": 3
    },
    {
      ""station_endpoint_a"": 18,
      ""station_endpoint_b"": 4
    },
    {
      ""station_endpoint_a"": 4,
      ""station_endpoint_b"": 5
    }
  ]
}

When you send the answer back, just drop a tiny JSON sketch like this into your reply so I can read it programmatically:

{
  ""solution"": [""station_id"", ""station_id"", ...]
}

Here ""solution"" is just the list of stations where we’ll stand a cook — each entry is a station identifier. This is only the shape I need (a simple list), not the actual assignment — fill it in with the real station labels from the instance.

Please use the identifiers exactly as they appear in the instance input — no renaming and no new labels. 
- for example: ""Valid identifiers look like plain numbers such as “1” or “23”, single capital letters like “A” or “B”, or a capital letter followed by digits like “A1” or “X7”.""",json,one_based,"{""problem_type"": ""MVC"", ""num_nodes"": 21, ""num_edges"": 45, ""edges"": [{""u"": 21, ""v"": 9}, {""u"": 21, ""v"": 13}, {""u"": 14, ""v"": 3}, {""u"": 14, ""v"": 8}, {""u"": 14, ""v"": 15}, {""u"": 14, ""v"": 16}, {""u"": 14, ""v"": 20}, {""u"": 15, ""v"": 2}, {""u"": 15, ""v"": 18}, {""u"": 15, ""v"": 20}, {""u"": 16, ""v"": 1}, {""u"": 16, ""v"": 8}, {""u"": 16, ""v"": 10}, {""u"": 7, ""v"": 6}, {""u"": 7, ""v"": 11}, {""u"": 7, ""v"": 17}, {""u"": 20, ""v"": 2}, {""u"": 20, ""v"": 10}, {""u"": 1, ""v"": 8}, {""u"": 1, ""v"": 19}, {""u"": 2, ""v"": 4}, {""u"": 2, ""v"": 12}, {""u"": 13, ""v"": 4}, {""u"": 13, ""v"": 9}, {""u"": 13, ""v"": 18}, {""u"": 6, ""v"": 4}, {""u"": 6, ""v"": 5}, {""u"": 6, ""v"": 8}, {""u"": 6, ""v"": 11}, {""u"": 9, ""v"": 3}, {""u"": 9, ""v"": 8}, {""u"": 9, ""v"": 18}, {""u"": 10, ""v"": 12}, {""u"": 10, ""v"": 19}, {""u"": 11, ""v"": 12}, {""u"": 11, ""v"": 17}, {""u"": 11, ""v"": 19}, {""u"": 12, ""v"": 4}, {""u"": 12, ""v"": 19}, {""u"": 8, ""v"": 3}, {""u"": 8, ""v"": 17}, {""u"": 17, ""v"": 19}, {""u"": 18, ""v"": 3}, {""u"": 18, ""v"": 4}, {""u"": 4, ""v"": 5}], ""source_file"": ""wv2010.mtx"", ""density"": 0.21428571428571427, ""viz_instance"": ""generated_data/MVC/viz/MVC_L/instance_0004.png"", ""viz_solution"": ""generated_data/MVC/viz/MVC_L/solution_0004.png"", ""edge_connectivity"": 2}","[3, 4, 6, 8, 9, 11, 12, 13, 15, 16, 17, 19, 20]",13.0,"{""num_nodes"": 21, ""num_edges"": 45, ""edges"": [{""u"": 21, ""v"": 9}, {""u"": 21, ""v"": 13}, {""u"": 14, ""v"": 3}, {""u"": 14, ""v"": 8}, {""u"": 14, ""v"": 15}, {""u"": 14, ""v"": 16}, {""u"": 14, ""v"": 20}, {""u"": 15, ""v"": 2}, {""u"": 15, ""v"": 18}, {""u"": 15, ""v"": 20}, {""u"": 16, ""v"": 1}, {""u"": 16, ""v"": 8}, {""u"": 16, ""v"": 10}, {""u"": 7, ""v"": 6}, {""u"": 7, ""v"": 11}, {""u"": 7, ""v"": 17}, {""u"": 20, ""v"": 2}, {""u"": 20, ""v"": 10}, {""u"": 1, ""v"": 8}, {""u"": 1, ""v"": 19}, {""u"": 2, ""v"": 4}, {""u"": 2, ""v"": 12}, {""u"": 13, ""v"": 4}, {""u"": 13, ""v"": 9}, {""u"": 13, ""v"": 18}, {""u"": 6, ""v"": 4}, {""u"": 6, ""v"": 5}, {""u"": 6, ""v"": 8}, {""u"": 6, ""v"": 11}, {""u"": 9, ""v"": 3}, {""u"": 9, ""v"": 8}, {""u"": 9, ""v"": 18}, {""u"": 10, ""v"": 12}, {""u"": 10, ""v"": 19}, {""u"": 11, ""v"": 12}, {""u"": 11, ""v"": 17}, {""u"": 11, ""v"": 19}, {""u"": 12, ""v"": 4}, {""u"": 12, ""v"": 19}, {""u"": 8, ""v"": 3}, {""u"": 8, ""v"": 17}, {""u"": 17, ""v"": 19}, {""u"": 18, ""v"": 3}, {""u"": 18, ""v"": 4}, {""u"": 4, ""v"": 5}]}","[3, 4, 6, 8, 9, 11, 12, 13, 15, 16, 17, 19, 20]"
MVC_L_006,MVC,L,6,"Many people organizing supervision rounds face the same question: which rooms should host teachers so every hallway has at least one watched end? The winning arrangement is simply the one that uses the fewest staffed classrooms — evaluate options by the number of rooms chosen. Make sure no hallway is left without a supervised room, and don’t duplicate effort by putting multiple teachers in one room. The specific layout details are given below.

There are 21 classrooms in total and 40 hallways.

| classroom_endpoint_a | classroom_endpoint_b |
|---|---|
| 12 | 3 |
| 12 | 10 |
| 12 | 11 |
| 12 | 14 |
| 12 | 15 |
| 12 | 20 |
| 13 | 1 |
| 13 | 3 |
| 13 | 4 |
| 13 | 5 |
| 13 | 6 |
| 13 | 8 |
| 13 | 16 |
| 13 | 19 |
| 11 | 0 |
| 11 | 3 |
| 11 | 16 |
| 14 | 3 |
| 14 | 9 |
| 0 | 10 |
| 0 | 16 |
| 7 | 9 |
| 7 | 17 |
| 7 | 18 |
| 6 | 16 |
| 6 | 19 |
| 19 | 4 |
| 20 | 15 |
| 3 | 1 |
| 3 | 8 |
| 3 | 9 |
| 3 | 16 |
| 3 | 18 |
| 4 | 2 |
| 4 | 5 |
| 4 | 8 |
| 8 | 2 |
| 8 | 5 |
| 8 | 17 |
| 17 | 18 |

If you want to send back the chosen rooms, a tiny JSON snippet is perfect — just a simple list of the room identifiers you picked. For this story I’ll show the placeholder name as room_id so it reads naturally:

{
  ""solution"": [""room_id"", ""room_id"", ...]
}

Pretty straightforward: ""solution"" is the list of rooms where you'll place teachers so every hallway has a watched end. The entries in that array are placeholders showing the shape — replace each ""room_id"" with the actual room identifier from the instance.

This JSON is just a sketch of the expected shape, not the actual answer.

Please use the identifiers exactly as they appear in the instance input — don’t rename them or invent new labels. Valid identifiers look like:
- ""1"" or ""23""
- ""A"" or ""B""
- ""A1"" or ""X7""",markdown_table,zero_based,"{""problem_type"": ""MVC"", ""num_nodes"": 21, ""num_edges"": 40, ""edges"": [{""u"": 13, ""v"": 4}, {""u"": 13, ""v"": 11}, {""u"": 13, ""v"": 12}, {""u"": 13, ""v"": 15}, {""u"": 13, ""v"": 16}, {""u"": 13, ""v"": 21}, {""u"": 14, ""v"": 2}, {""u"": 14, ""v"": 4}, {""u"": 14, ""v"": 5}, {""u"": 14, ""v"": 6}, {""u"": 14, ""v"": 7}, {""u"": 14, ""v"": 9}, {""u"": 14, ""v"": 17}, {""u"": 14, ""v"": 20}, {""u"": 12, ""v"": 1}, {""u"": 12, ""v"": 4}, {""u"": 12, ""v"": 17}, {""u"": 15, ""v"": 4}, {""u"": 15, ""v"": 10}, {""u"": 1, ""v"": 11}, {""u"": 1, ""v"": 17}, {""u"": 8, ""v"": 10}, {""u"": 8, ""v"": 18}, {""u"": 8, ""v"": 19}, {""u"": 7, ""v"": 17}, {""u"": 7, ""v"": 20}, {""u"": 20, ""v"": 5}, {""u"": 21, ""v"": 16}, {""u"": 4, ""v"": 2}, {""u"": 4, ""v"": 9}, {""u"": 4, ""v"": 10}, {""u"": 4, ""v"": 17}, {""u"": 4, ""v"": 19}, {""u"": 5, ""v"": 3}, {""u"": 5, ""v"": 6}, {""u"": 5, ""v"": 9}, {""u"": 9, ""v"": 3}, {""u"": 9, ""v"": 6}, {""u"": 9, ""v"": 18}, {""u"": 18, ""v"": 19}], ""source_file"": ""wi2010.mtx"", ""density"": 0.19047619047619047, ""viz_instance"": ""generated_data/MVC/viz/MVC_L/instance_0005.png"", ""viz_solution"": ""generated_data/MVC/viz/MVC_L/solution_0005.png"", ""edge_connectivity"": 2}","[1, 4, 5, 7, 8, 9, 10, 13, 14, 16, 17, 18]",12.0,"{""num_nodes"": 21, ""num_edges"": 40, ""edges"": [{""u"": 12, ""v"": 3}, {""u"": 12, ""v"": 10}, {""u"": 12, ""v"": 11}, {""u"": 12, ""v"": 14}, {""u"": 12, ""v"": 15}, {""u"": 12, ""v"": 20}, {""u"": 13, ""v"": 1}, {""u"": 13, ""v"": 3}, {""u"": 13, ""v"": 4}, {""u"": 13, ""v"": 5}, {""u"": 13, ""v"": 6}, {""u"": 13, ""v"": 8}, {""u"": 13, ""v"": 16}, {""u"": 13, ""v"": 19}, {""u"": 11, ""v"": 0}, {""u"": 11, ""v"": 3}, {""u"": 11, ""v"": 16}, {""u"": 14, ""v"": 3}, {""u"": 14, ""v"": 9}, {""u"": 0, ""v"": 10}, {""u"": 0, ""v"": 16}, {""u"": 7, ""v"": 9}, {""u"": 7, ""v"": 17}, {""u"": 7, ""v"": 18}, {""u"": 6, ""v"": 16}, {""u"": 6, ""v"": 19}, {""u"": 19, ""v"": 4}, {""u"": 20, ""v"": 15}, {""u"": 3, ""v"": 1}, {""u"": 3, ""v"": 8}, {""u"": 3, ""v"": 9}, {""u"": 3, ""v"": 16}, {""u"": 3, ""v"": 18}, {""u"": 4, ""v"": 2}, {""u"": 4, ""v"": 5}, {""u"": 4, ""v"": 8}, {""u"": 8, ""v"": 2}, {""u"": 8, ""v"": 5}, {""u"": 8, ""v"": 17}, {""u"": 17, ""v"": 18}]}","[0, 3, 4, 6, 7, 8, 9, 12, 13, 15, 16, 17]"
MVC_L_007,MVC,L,7,"Backstage at the expo, the security lead’s job is to pick which vendor booths get checkpoints so every aisle that runs between two booths is covered by having a checkpoint at one of those booths. The goal is straightforward — cover all the aisles but do it with the least number of checkpoints; compute that by counting checkpoints and verifying every aisle has at least one endpoint with one, and don’t leave any aisle uncovered or install pointless duplicates. The full booth map and instance details are shown below.

# total_booths=22
# total_aisles=38
aisle_booth_u,aisle_booth_v
2,3
2,15
2,16
16,3
16,7
16,15
21,0
21,12
18,0
18,1
10,1
10,5
10,6
10,7
10,9
10,11
10,12
10,13
10,17
10,20
11,4
11,19
8,1
8,19
6,5
6,13
6,14
7,3
7,5
7,17
0,13
3,12
13,1
14,15
15,5
9,1
9,19
20,1

Oh, and when you send the checkpoint list back, please keep it in this simple JSON shape so whoever's checking can parse it automatically:

{
  ""solution"": [""booth_id"", ""booth_id"", ...]
}

This means ""solution"" is just the list of booth IDs where you'll place checkpoints. Think of it as filling out a short form: each entry is a booth identifier from the map. The JSON above is only a sketch of the expected shape — not the actual answer.

Please make sure to use the exact identifiers from the instance input — no renaming and no new labels.  
- for example: ""Valid identifiers look like plain numbers such as “1” or “23”, single capital letters like “A” or “B”, or a capital letter followed by digits like “A1” or “X7”.""",csv,zero_based,"{""problem_type"": ""MVC"", ""num_nodes"": 22, ""num_edges"": 38, ""edges"": [{""u"": 3, ""v"": 4}, {""u"": 3, ""v"": 16}, {""u"": 3, ""v"": 17}, {""u"": 17, ""v"": 4}, {""u"": 17, ""v"": 8}, {""u"": 17, ""v"": 16}, {""u"": 22, ""v"": 1}, {""u"": 22, ""v"": 13}, {""u"": 19, ""v"": 1}, {""u"": 19, ""v"": 2}, {""u"": 11, ""v"": 2}, {""u"": 11, ""v"": 6}, {""u"": 11, ""v"": 7}, {""u"": 11, ""v"": 8}, {""u"": 11, ""v"": 10}, {""u"": 11, ""v"": 12}, {""u"": 11, ""v"": 13}, {""u"": 11, ""v"": 14}, {""u"": 11, ""v"": 18}, {""u"": 11, ""v"": 21}, {""u"": 12, ""v"": 5}, {""u"": 12, ""v"": 20}, {""u"": 9, ""v"": 2}, {""u"": 9, ""v"": 20}, {""u"": 7, ""v"": 6}, {""u"": 7, ""v"": 14}, {""u"": 7, ""v"": 15}, {""u"": 8, ""v"": 4}, {""u"": 8, ""v"": 6}, {""u"": 8, ""v"": 18}, {""u"": 1, ""v"": 14}, {""u"": 4, ""v"": 13}, {""u"": 14, ""v"": 2}, {""u"": 15, ""v"": 16}, {""u"": 16, ""v"": 6}, {""u"": 10, ""v"": 2}, {""u"": 10, ""v"": 20}, {""u"": 21, ""v"": 2}], ""source_file"": ""wy2010.mtx"", ""density"": 0.1645021645021645, ""viz_instance"": ""generated_data/MVC/viz/MVC_L/instance_0006.png"", ""viz_solution"": ""generated_data/MVC/viz/MVC_L/solution_0006.png"", ""edge_connectivity"": 1}","[1, 2, 3, 7, 8, 11, 12, 13, 16, 17, 20]",11.0,"{""num_nodes"": 22, ""num_edges"": 38, ""edges"": [{""u"": 2, ""v"": 3}, {""u"": 2, ""v"": 15}, {""u"": 2, ""v"": 16}, {""u"": 16, ""v"": 3}, {""u"": 16, ""v"": 7}, {""u"": 16, ""v"": 15}, {""u"": 21, ""v"": 0}, {""u"": 21, ""v"": 12}, {""u"": 18, ""v"": 0}, {""u"": 18, ""v"": 1}, {""u"": 10, ""v"": 1}, {""u"": 10, ""v"": 5}, {""u"": 10, ""v"": 6}, {""u"": 10, ""v"": 7}, {""u"": 10, ""v"": 9}, {""u"": 10, ""v"": 11}, {""u"": 10, ""v"": 12}, {""u"": 10, ""v"": 13}, {""u"": 10, ""v"": 17}, {""u"": 10, ""v"": 20}, {""u"": 11, ""v"": 4}, {""u"": 11, ""v"": 19}, {""u"": 8, ""v"": 1}, {""u"": 8, ""v"": 19}, {""u"": 6, ""v"": 5}, {""u"": 6, ""v"": 13}, {""u"": 6, ""v"": 14}, {""u"": 7, ""v"": 3}, {""u"": 7, ""v"": 5}, {""u"": 7, ""v"": 17}, {""u"": 0, ""v"": 13}, {""u"": 3, ""v"": 12}, {""u"": 13, ""v"": 1}, {""u"": 14, ""v"": 15}, {""u"": 15, ""v"": 5}, {""u"": 9, ""v"": 1}, {""u"": 9, ""v"": 19}, {""u"": 20, ""v"": 1}]}","[0, 1, 2, 6, 7, 10, 11, 12, 15, 16, 19]"
MVC_L_008,MVC,L,8,"I heard about a small office where the network admin needs to patch some servers, but wants to do it smart: pick a handful of machines to update so that for every cable between any two machines at least one end is patched. The choice to make is which servers to update; the better choices are the ones that use fewer updates while still touching every connection. Success is measured simply by counting how many servers got updated — fewer is better — and every link must be covered (no connection can be left without an updated endpoint). Each server is either updated once or not at all, and the exact layout of machines and links will be shown below.

Below is the layout: 22 servers and 49 links.
A cable connects servers 21 and 3.
A cable connects servers 21 and 5.
A cable connects servers 21 and 6.
A cable connects servers 21 and 7.
A cable connects servers 21 and 8.
A cable connects servers 21 and 12.
A cable connects servers 21 and 13.
A cable connects servers 21 and 14.
A cable connects servers 21 and 15.
A cable connects servers 21 and 20.
A cable connects servers 22 and 9.
A cable connects servers 22 and 10.
A cable connects servers 22 and 13.
A cable connects servers 22 and 16.
A cable connects servers 7 and 3.
A cable connects servers 7 and 5.
A cable connects servers 6 and 15.
A cable connects servers 6 and 16.
A cable connects servers 18 and 11.
A cable connects servers 18 and 13.
A cable connects servers 18 and 16.
A cable connects servers 14 and 2.
A cable connects servers 14 and 13.
A cable connects servers 14 and 16.
A cable connects servers 13 and 2.
A cable connects servers 13 and 8.
A cable connects servers 13 and 9.
A cable connects servers 13 and 11.
A cable connects servers 13 and 12.
A cable connects servers 13 and 16.
A cable connects servers 13 and 17.
A cable connects servers 13 and 19.
A cable connects servers 13 and 20.
A cable connects servers 15 and 16.
A cable connects servers 1 and 17.
A cable connects servers 1 and 19.
A cable connects servers 1 and 20.
A cable connects servers 9 and 10.
A cable connects servers 9 and 16.
A cable connects servers 10 and 16.
A cable connects servers 3 and 4.
A cable connects servers 3 and 20.
A cable connects servers 4 and 5.
A cable connects servers 4 and 20.
A cable connects servers 12 and 20.
A cable connects servers 19 and 17.
A cable connects servers 19 and 20.
A cable connects servers 20 and 11.
A cable connects servers 20 and 17.
Success is measured by the number of servers updated — fewer is better; every link must have at least one updated endpoint.

When you send back the list of servers to patch, just drop them into a tiny JSON snippet like this:

{
  ""solution"": [""server_id"", ""server_id"", ...]
}

Here ""solution"" is the array where you list the servers you'll update — one identifier per entry. Think of it like filling out a simple form: put the exact server IDs in that list. This JSON is just a sketch of the shape I expect, not the actual answer.

Please use the identifiers exactly as they appear in the instance input — no renaming and no new labels.
- for example: ""Valid identifiers look like plain numbers such as “1” or “23”, single capital letters like “A” or “B”, or a capital letter followed by digits like “A1” or “X7”.""",nl,one_based,"{""problem_type"": ""MVC"", ""num_nodes"": 22, ""num_edges"": 49, ""edges"": [{""u"": 21, ""v"": 3}, {""u"": 21, ""v"": 5}, {""u"": 21, ""v"": 6}, {""u"": 21, ""v"": 7}, {""u"": 21, ""v"": 8}, {""u"": 21, ""v"": 12}, {""u"": 21, ""v"": 13}, {""u"": 21, ""v"": 14}, {""u"": 21, ""v"": 15}, {""u"": 21, ""v"": 20}, {""u"": 22, ""v"": 9}, {""u"": 22, ""v"": 10}, {""u"": 22, ""v"": 13}, {""u"": 22, ""v"": 16}, {""u"": 7, ""v"": 3}, {""u"": 7, ""v"": 5}, {""u"": 6, ""v"": 15}, {""u"": 6, ""v"": 16}, {""u"": 18, ""v"": 11}, {""u"": 18, ""v"": 13}, {""u"": 18, ""v"": 16}, {""u"": 14, ""v"": 2}, {""u"": 14, ""v"": 13}, {""u"": 14, ""v"": 16}, {""u"": 13, ""v"": 2}, {""u"": 13, ""v"": 8}, {""u"": 13, ""v"": 9}, {""u"": 13, ""v"": 11}, {""u"": 13, ""v"": 12}, {""u"": 13, ""v"": 16}, {""u"": 13, ""v"": 17}, {""u"": 13, ""v"": 19}, {""u"": 13, ""v"": 20}, {""u"": 15, ""v"": 16}, {""u"": 1, ""v"": 17}, {""u"": 1, ""v"": 19}, {""u"": 1, ""v"": 20}, {""u"": 9, ""v"": 10}, {""u"": 9, ""v"": 16}, {""u"": 10, ""v"": 16}, {""u"": 3, ""v"": 4}, {""u"": 3, ""v"": 20}, {""u"": 4, ""v"": 5}, {""u"": 4, ""v"": 20}, {""u"": 12, ""v"": 20}, {""u"": 19, ""v"": 17}, {""u"": 19, ""v"": 20}, {""u"": 20, ""v"": 11}, {""u"": 20, ""v"": 17}], ""source_file"": ""wi2010.mtx"", ""density"": 0.21212121212121213, ""viz_instance"": ""generated_data/MVC/viz/MVC_L/instance_0007.png"", ""viz_solution"": ""generated_data/MVC/viz/MVC_L/solution_0007.png"", ""edge_connectivity"": 2}","[3, 5, 6, 9, 11, 13, 14, 16, 17, 19, 20, 21, 22]",13.0,"{""num_nodes"": 22, ""num_edges"": 49, ""edges"": [{""u"": 21, ""v"": 3}, {""u"": 21, ""v"": 5}, {""u"": 21, ""v"": 6}, {""u"": 21, ""v"": 7}, {""u"": 21, ""v"": 8}, {""u"": 21, ""v"": 12}, {""u"": 21, ""v"": 13}, {""u"": 21, ""v"": 14}, {""u"": 21, ""v"": 15}, {""u"": 21, ""v"": 20}, {""u"": 22, ""v"": 9}, {""u"": 22, ""v"": 10}, {""u"": 22, ""v"": 13}, {""u"": 22, ""v"": 16}, {""u"": 7, ""v"": 3}, {""u"": 7, ""v"": 5}, {""u"": 6, ""v"": 15}, {""u"": 6, ""v"": 16}, {""u"": 18, ""v"": 11}, {""u"": 18, ""v"": 13}, {""u"": 18, ""v"": 16}, {""u"": 14, ""v"": 2}, {""u"": 14, ""v"": 13}, {""u"": 14, ""v"": 16}, {""u"": 13, ""v"": 2}, {""u"": 13, ""v"": 8}, {""u"": 13, ""v"": 9}, {""u"": 13, ""v"": 11}, {""u"": 13, ""v"": 12}, {""u"": 13, ""v"": 16}, {""u"": 13, ""v"": 17}, {""u"": 13, ""v"": 19}, {""u"": 13, ""v"": 20}, {""u"": 15, ""v"": 16}, {""u"": 1, ""v"": 17}, {""u"": 1, ""v"": 19}, {""u"": 1, ""v"": 20}, {""u"": 9, ""v"": 10}, {""u"": 9, ""v"": 16}, {""u"": 10, ""v"": 16}, {""u"": 3, ""v"": 4}, {""u"": 3, ""v"": 20}, {""u"": 4, ""v"": 5}, {""u"": 4, ""v"": 20}, {""u"": 12, ""v"": 20}, {""u"": 19, ""v"": 17}, {""u"": 19, ""v"": 20}, {""u"": 20, ""v"": 11}, {""u"": 20, ""v"": 17}]}","[3, 5, 6, 9, 11, 13, 14, 16, 17, 19, 20, 21, 22]"
MVC_L_009,MVC,L,9,"There’s a small team trying to minimize the number of trash cans around the hiking routes, by choosing which trailheads to outfit so every segment connects to at least one equipped head. The idea is to make the number of installed bins as small as possible — the way to tell which idea is better is to count how many bins it needs. Every trail segment must have one of its two trailheads fitted with a bin (no segment may be skipped), and a trailhead either has one bin or none. The specific park map and details are shown below.

{
  ""num_trailheads"": 21,
  ""num_trail_segments"": 46,
  ""edges"": [
    {
      ""trailhead_one"": 19,
      ""trailhead_two"": 17
    },
    {
      ""trailhead_one"": 19,
      ""trailhead_two"": 18
    },
    {
      ""trailhead_one"": 19,
      ""trailhead_two"": 20
    },
    {
      ""trailhead_one"": 15,
      ""trailhead_two"": 4
    },
    {
      ""trailhead_one"": 15,
      ""trailhead_two"": 8
    },
    {
      ""trailhead_one"": 15,
      ""trailhead_two"": 10
    },
    {
      ""trailhead_one"": 15,
      ""trailhead_two"": 18
    },
    {
      ""trailhead_one"": 16,
      ""trailhead_two"": 3
    },
    {
      ""trailhead_one"": 16,
      ""trailhead_two"": 6
    },
    {
      ""trailhead_one"": 16,
      ""trailhead_two"": 9
    },
    {
      ""trailhead_one"": 16,
      ""trailhead_two"": 13
    },
    {
      ""trailhead_one"": 16,
      ""trailhead_two"": 14
    },
    {
      ""trailhead_one"": 16,
      ""trailhead_two"": 21
    },
    {
      ""trailhead_one"": 8,
      ""trailhead_two"": 4
    },
    {
      ""trailhead_one"": 8,
      ""trailhead_two"": 5
    },
    {
      ""trailhead_one"": 8,
      ""trailhead_two"": 10
    },
    {
      ""trailhead_one"": 8,
      ""trailhead_two"": 11
    },
    {
      ""trailhead_one"": 8,
      ""trailhead_two"": 21
    },
    {
      ""trailhead_one"": 17,
      ""trailhead_two"": 20
    },
    {
      ""trailhead_one"": 18,
      ""trailhead_two"": 7
    },
    {
      ""trailhead_one"": 18,
      ""trailhead_two"": 10
    },
    {
      ""trailhead_one"": 5,
      ""trailhead_two"": 4
    },
    {
      ""trailhead_one"": 5,
      ""trailhead_two"": 11
    },
    {
      ""trailhead_one"": 10,
      ""trailhead_two"": 6
    },
    {
      ""trailhead_one"": 10,
      ""trailhead_two"": 12
    },
    {
      ""trailhead_one"": 10,
      ""trailhead_two"": 14
    },
    {
      ""trailhead_one"": 10,
      ""trailhead_two"": 20
    },
    {
      ""trailhead_one"": 11,
      ""trailhead_two"": 4
    },
    {
      ""trailhead_one"": 11,
      ""trailhead_two"": 21
    },
    {
      ""trailhead_one"": 12,
      ""trailhead_two"": 2
    },
    {
      ""trailhead_one"": 12,
      ""trailhead_two"": 3
    },
    {
      ""trailhead_one"": 12,
      ""trailhead_two"": 7
    },
    {
      ""trailhead_one"": 12,
      ""trailhead_two"": 14
    },
    {
      ""trailhead_one"": 12,
      ""trailhead_two"": 20
    },
    {
      ""trailhead_one"": 13,
      ""trailhead_two"": 21
    },
    {
      ""trailhead_one"": 2,
      ""trailhead_two"": 1
    },
    {
      ""trailhead_one"": 2,
      ""trailhead_two"": 3
    },
    {
      ""trailhead_one"": 2,
      ""trailhead_two"": 9
    },
    {
      ""trailhead_one"": 3,
      ""trailhead_two"": 7
    },
    {
      ""trailhead_one"": 3,
      ""trailhead_two"": 21
    },
    {
      ""trailhead_one"": 20,
      ""trailhead_two"": 7
    },
    {
      ""trailhead_one"": 21,
      ""trailhead_two"": 7
    },
    {
      ""trailhead_one"": 6,
      ""trailhead_two"": 14
    },
    {
      ""trailhead_one"": 7,
      ""trailhead_two"": 4
    },
    {
      ""trailhead_one"": 14,
      ""trailhead_two"": 9
    },
    {
      ""trailhead_one"": 1,
      ""trailhead_two"": 9
    }
  ]
}

Also, to keep things machine-friendly, please send the chosen trailheads in a tiny JSON shape like this:

{
  ""solution"": [""trailhead_id"", ""trailhead_id"", ...]
}

This just means ""solution"" should be a list of the trailhead identifiers where we'll put bins. It’s a sketch of the expected shape — not the actual answer itself — and each entry should be the identifier for a trailhead from the map.

Please make sure to use the exact identifiers from the instance input — don’t rename them or invent new labels.  
To be clear, valid identifiers look like plain numbers such as ""1"" or ""23"", single capital letters like ""A"" or ""B"", or a capital letter followed by digits like ""A1"" or ""X7"".",json,one_based,"{""problem_type"": ""MVC"", ""num_nodes"": 21, ""num_edges"": 46, ""edges"": [{""u"": 19, ""v"": 17}, {""u"": 19, ""v"": 18}, {""u"": 19, ""v"": 20}, {""u"": 15, ""v"": 4}, {""u"": 15, ""v"": 8}, {""u"": 15, ""v"": 10}, {""u"": 15, ""v"": 18}, {""u"": 16, ""v"": 3}, {""u"": 16, ""v"": 6}, {""u"": 16, ""v"": 9}, {""u"": 16, ""v"": 13}, {""u"": 16, ""v"": 14}, {""u"": 16, ""v"": 21}, {""u"": 8, ""v"": 4}, {""u"": 8, ""v"": 5}, {""u"": 8, ""v"": 10}, {""u"": 8, ""v"": 11}, {""u"": 8, ""v"": 21}, {""u"": 17, ""v"": 20}, {""u"": 18, ""v"": 7}, {""u"": 18, ""v"": 10}, {""u"": 5, ""v"": 4}, {""u"": 5, ""v"": 11}, {""u"": 10, ""v"": 6}, {""u"": 10, ""v"": 12}, {""u"": 10, ""v"": 14}, {""u"": 10, ""v"": 20}, {""u"": 11, ""v"": 4}, {""u"": 11, ""v"": 21}, {""u"": 12, ""v"": 2}, {""u"": 12, ""v"": 3}, {""u"": 12, ""v"": 7}, {""u"": 12, ""v"": 14}, {""u"": 12, ""v"": 20}, {""u"": 13, ""v"": 21}, {""u"": 2, ""v"": 1}, {""u"": 2, ""v"": 3}, {""u"": 2, ""v"": 9}, {""u"": 3, ""v"": 7}, {""u"": 3, ""v"": 21}, {""u"": 20, ""v"": 7}, {""u"": 21, ""v"": 7}, {""u"": 6, ""v"": 14}, {""u"": 7, ""v"": 4}, {""u"": 14, ""v"": 9}, {""u"": 1, ""v"": 9}], ""source_file"": ""vt2010.mtx"", ""density"": 0.21904761904761905, ""viz_instance"": ""generated_data/MVC/viz/MVC_L/instance_0008.png"", ""viz_solution"": ""generated_data/MVC/viz/MVC_L/solution_0008.png"", ""edge_connectivity"": 2}","[2, 4, 7, 8, 9, 10, 11, 12, 14, 16, 18, 19, 20, 21]",14.0,"{""num_nodes"": 21, ""num_edges"": 46, ""edges"": [{""u"": 19, ""v"": 17}, {""u"": 19, ""v"": 18}, {""u"": 19, ""v"": 20}, {""u"": 15, ""v"": 4}, {""u"": 15, ""v"": 8}, {""u"": 15, ""v"": 10}, {""u"": 15, ""v"": 18}, {""u"": 16, ""v"": 3}, {""u"": 16, ""v"": 6}, {""u"": 16, ""v"": 9}, {""u"": 16, ""v"": 13}, {""u"": 16, ""v"": 14}, {""u"": 16, ""v"": 21}, {""u"": 8, ""v"": 4}, {""u"": 8, ""v"": 5}, {""u"": 8, ""v"": 10}, {""u"": 8, ""v"": 11}, {""u"": 8, ""v"": 21}, {""u"": 17, ""v"": 20}, {""u"": 18, ""v"": 7}, {""u"": 18, ""v"": 10}, {""u"": 5, ""v"": 4}, {""u"": 5, ""v"": 11}, {""u"": 10, ""v"": 6}, {""u"": 10, ""v"": 12}, {""u"": 10, ""v"": 14}, {""u"": 10, ""v"": 20}, {""u"": 11, ""v"": 4}, {""u"": 11, ""v"": 21}, {""u"": 12, ""v"": 2}, {""u"": 12, ""v"": 3}, {""u"": 12, ""v"": 7}, {""u"": 12, ""v"": 14}, {""u"": 12, ""v"": 20}, {""u"": 13, ""v"": 21}, {""u"": 2, ""v"": 1}, {""u"": 2, ""v"": 3}, {""u"": 2, ""v"": 9}, {""u"": 3, ""v"": 7}, {""u"": 3, ""v"": 21}, {""u"": 20, ""v"": 7}, {""u"": 21, ""v"": 7}, {""u"": 6, ""v"": 14}, {""u"": 7, ""v"": 4}, {""u"": 14, ""v"": 9}, {""u"": 1, ""v"": 9}]}","[2, 4, 7, 8, 9, 10, 11, 12, 14, 16, 18, 19, 20, 21]"
MVC_L_010,MVC,L,10,"Someone in charge of student mentoring needs to decide which students should be mentors so that every collaboration pairing has a mentor on at least one side. The practical test is to count how many students were chosen and pick the arrangement that uses the fewest people but still checks every pair. Every collaboration must be covered, and each mentor is a single person — duplicates are unnecessary. The full breakdown of students and their connections appears below.

# total_students=25
# total_collaboration_pairs=50
student_a_id,student_b_id
22,1
22,2
22,3
22,11
23,3
23,7
23,13
24,8
24,12
24,21
24,25
19,5
19,6
19,8
25,8
25,9
25,10
25,14
25,20
10,6
10,8
10,9
17,9
17,13
17,14
17,20
12,8
12,18
12,21
11,7
11,13
11,18
4,1
4,5
4,8
4,16
20,21
16,1
5,8
18,1
18,2
18,21
13,7
13,21
1,2
1,8
1,15
14,9
3,7
3,15

Also, when you send the final list of mentors, please put it in this simple JSON shape so it's easy to parse:

{
  ""solution"": [""mentor_id"", ""mentor_id"", ...]
}

Think of it like a little form: ""solution"" is the list of chosen mentors (one entry per selected student). The placeholder mentor_id just means ""put a student identifier here"" — it's a sketch of the expected shape, not the actual answer.

Please make sure every identifier you use matches exactly how it appears in the instance input — no renaming and no new labels. Valid identifiers look like plain numbers such as “1” or “23”, single capital letters like “A” or “B”, or a capital letter followed by digits like “A1” or “X7”.",csv,one_based,"{""problem_type"": ""MVC"", ""num_nodes"": 25, ""num_edges"": 50, ""edges"": [{""u"": 22, ""v"": 1}, {""u"": 22, ""v"": 2}, {""u"": 22, ""v"": 3}, {""u"": 22, ""v"": 11}, {""u"": 23, ""v"": 3}, {""u"": 23, ""v"": 7}, {""u"": 23, ""v"": 13}, {""u"": 24, ""v"": 8}, {""u"": 24, ""v"": 12}, {""u"": 24, ""v"": 21}, {""u"": 24, ""v"": 25}, {""u"": 19, ""v"": 5}, {""u"": 19, ""v"": 6}, {""u"": 19, ""v"": 8}, {""u"": 25, ""v"": 8}, {""u"": 25, ""v"": 9}, {""u"": 25, ""v"": 10}, {""u"": 25, ""v"": 14}, {""u"": 25, ""v"": 20}, {""u"": 10, ""v"": 6}, {""u"": 10, ""v"": 8}, {""u"": 10, ""v"": 9}, {""u"": 17, ""v"": 9}, {""u"": 17, ""v"": 13}, {""u"": 17, ""v"": 14}, {""u"": 17, ""v"": 20}, {""u"": 12, ""v"": 8}, {""u"": 12, ""v"": 18}, {""u"": 12, ""v"": 21}, {""u"": 11, ""v"": 7}, {""u"": 11, ""v"": 13}, {""u"": 11, ""v"": 18}, {""u"": 4, ""v"": 1}, {""u"": 4, ""v"": 5}, {""u"": 4, ""v"": 8}, {""u"": 4, ""v"": 16}, {""u"": 20, ""v"": 21}, {""u"": 16, ""v"": 1}, {""u"": 5, ""v"": 8}, {""u"": 18, ""v"": 1}, {""u"": 18, ""v"": 2}, {""u"": 18, ""v"": 21}, {""u"": 13, ""v"": 7}, {""u"": 13, ""v"": 21}, {""u"": 1, ""v"": 2}, {""u"": 1, ""v"": 8}, {""u"": 1, ""v"": 15}, {""u"": 14, ""v"": 9}, {""u"": 3, ""v"": 7}, {""u"": 3, ""v"": 15}], ""source_file"": ""wv2010.mtx"", ""density"": 0.16666666666666666, ""viz_instance"": ""generated_data/MVC/viz/MVC_L/instance_0009.png"", ""viz_solution"": ""generated_data/MVC/viz/MVC_L/solution_0009.png"", ""edge_connectivity"": 2}","[1, 3, 4, 7, 8, 9, 10, 12, 13, 17, 18, 19, 21, 22, 25]",15.0,"{""num_nodes"": 25, ""num_edges"": 50, ""edges"": [{""u"": 22, ""v"": 1}, {""u"": 22, ""v"": 2}, {""u"": 22, ""v"": 3}, {""u"": 22, ""v"": 11}, {""u"": 23, ""v"": 3}, {""u"": 23, ""v"": 7}, {""u"": 23, ""v"": 13}, {""u"": 24, ""v"": 8}, {""u"": 24, ""v"": 12}, {""u"": 24, ""v"": 21}, {""u"": 24, ""v"": 25}, {""u"": 19, ""v"": 5}, {""u"": 19, ""v"": 6}, {""u"": 19, ""v"": 8}, {""u"": 25, ""v"": 8}, {""u"": 25, ""v"": 9}, {""u"": 25, ""v"": 10}, {""u"": 25, ""v"": 14}, {""u"": 25, ""v"": 20}, {""u"": 10, ""v"": 6}, {""u"": 10, ""v"": 8}, {""u"": 10, ""v"": 9}, {""u"": 17, ""v"": 9}, {""u"": 17, ""v"": 13}, {""u"": 17, ""v"": 14}, {""u"": 17, ""v"": 20}, {""u"": 12, ""v"": 8}, {""u"": 12, ""v"": 18}, {""u"": 12, ""v"": 21}, {""u"": 11, ""v"": 7}, {""u"": 11, ""v"": 13}, {""u"": 11, ""v"": 18}, {""u"": 4, ""v"": 1}, {""u"": 4, ""v"": 5}, {""u"": 4, ""v"": 8}, {""u"": 4, ""v"": 16}, {""u"": 20, ""v"": 21}, {""u"": 16, ""v"": 1}, {""u"": 5, ""v"": 8}, {""u"": 18, ""v"": 1}, {""u"": 18, ""v"": 2}, {""u"": 18, ""v"": 21}, {""u"": 13, ""v"": 7}, {""u"": 13, ""v"": 21}, {""u"": 1, ""v"": 2}, {""u"": 1, ""v"": 8}, {""u"": 1, ""v"": 15}, {""u"": 14, ""v"": 9}, {""u"": 3, ""v"": 7}, {""u"": 3, ""v"": 15}]}","[1, 3, 4, 7, 8, 9, 10, 12, 13, 17, 18, 19, 21, 22, 25]"
MVC_L_011,MVC,L,11,"Recently the crew decided to trim down how many repair techs patrol the plant, so the supervisor is choosing rooms to station them in, making sure every pipe linking two rooms has at least one of those rooms covered. The metric is simple: the fewer technicians used while still ensuring every pipe has a staffed endpoint, the better — count the technicians and aim for the smallest possible number that keeps all pipes covered. A tech in a room automatically handles all pipes that touch that room, and no pipe can be left uncovered or ignored; stuffing multiple techs into the same room is unnecessary. The particular room-and-pipe details follow below.

# total_rooms=20
# total_pipes=38
room_a,room_b
M,E
M,J
N,G
N,J
N,K
N,O
N,T
H,E
H,F
H,Q
H,S
H,T
O,J
O,K
I,A
I,C
I,F
I,T
J,G
J,P
K,L
S,E
T,A
T,D
T,E
T,L
T,Q
T,R
A,F
Q,F
B,E
B,F
E,P
E,R
D,C
D,L
P,R
R,G

If you want to hand the answer back to me in a predictable way, just use this little JSON shape so I can read it easily:

{
  ""solution"": [""room_id"", ""room_id"", ...]
}

Think of ""solution"" as the list of room IDs where you'll station the technicians — one entry per selected room. The example above is just a sketch of the shape I expect, not the actual set of rooms.

Please make sure to use the exact identifiers from the instance input — no renaming and no new labels. 

- for example: ""Valid identifiers look like plain numbers such as “1” or “23”, single capital letters like “A” or “B”, or a capital letter followed by digits like “A1” or “X7”.""",csv,names,"{""problem_type"": ""MVC"", ""num_nodes"": 20, ""num_edges"": 38, ""edges"": [{""u"": 13, ""v"": 5}, {""u"": 13, ""v"": 10}, {""u"": 14, ""v"": 7}, {""u"": 14, ""v"": 10}, {""u"": 14, ""v"": 11}, {""u"": 14, ""v"": 15}, {""u"": 14, ""v"": 20}, {""u"": 8, ""v"": 5}, {""u"": 8, ""v"": 6}, {""u"": 8, ""v"": 17}, {""u"": 8, ""v"": 19}, {""u"": 8, ""v"": 20}, {""u"": 15, ""v"": 10}, {""u"": 15, ""v"": 11}, {""u"": 9, ""v"": 1}, {""u"": 9, ""v"": 3}, {""u"": 9, ""v"": 6}, {""u"": 9, ""v"": 20}, {""u"": 10, ""v"": 7}, {""u"": 10, ""v"": 16}, {""u"": 11, ""v"": 12}, {""u"": 19, ""v"": 5}, {""u"": 20, ""v"": 1}, {""u"": 20, ""v"": 4}, {""u"": 20, ""v"": 5}, {""u"": 20, ""v"": 12}, {""u"": 20, ""v"": 17}, {""u"": 20, ""v"": 18}, {""u"": 1, ""v"": 6}, {""u"": 17, ""v"": 6}, {""u"": 2, ""v"": 5}, {""u"": 2, ""v"": 6}, {""u"": 5, ""v"": 16}, {""u"": 5, ""v"": 18}, {""u"": 4, ""v"": 3}, {""u"": 4, ""v"": 12}, {""u"": 16, ""v"": 18}, {""u"": 18, ""v"": 7}], ""source_file"": ""wy2010.mtx"", ""density"": 0.2, ""viz_instance"": ""generated_data/MVC/viz/MVC_L/instance_0010.png"", ""viz_solution"": ""generated_data/MVC/viz/MVC_L/solution_0010.png"", ""edge_connectivity"": 2}","[4, 5, 6, 8, 9, 10, 11, 14, 18, 20]",10.0,"{""num_nodes"": 20, ""num_edges"": 38, ""edges"": [{""u"": ""M"", ""v"": ""E""}, {""u"": ""M"", ""v"": ""J""}, {""u"": ""N"", ""v"": ""G""}, {""u"": ""N"", ""v"": ""J""}, {""u"": ""N"", ""v"": ""K""}, {""u"": ""N"", ""v"": ""O""}, {""u"": ""N"", ""v"": ""T""}, {""u"": ""H"", ""v"": ""E""}, {""u"": ""H"", ""v"": ""F""}, {""u"": ""H"", ""v"": ""Q""}, {""u"": ""H"", ""v"": ""S""}, {""u"": ""H"", ""v"": ""T""}, {""u"": ""O"", ""v"": ""J""}, {""u"": ""O"", ""v"": ""K""}, {""u"": ""I"", ""v"": ""A""}, {""u"": ""I"", ""v"": ""C""}, {""u"": ""I"", ""v"": ""F""}, {""u"": ""I"", ""v"": ""T""}, {""u"": ""J"", ""v"": ""G""}, {""u"": ""J"", ""v"": ""P""}, {""u"": ""K"", ""v"": ""L""}, {""u"": ""S"", ""v"": ""E""}, {""u"": ""T"", ""v"": ""A""}, {""u"": ""T"", ""v"": ""D""}, {""u"": ""T"", ""v"": ""E""}, {""u"": ""T"", ""v"": ""L""}, {""u"": ""T"", ""v"": ""Q""}, {""u"": ""T"", ""v"": ""R""}, {""u"": ""A"", ""v"": ""F""}, {""u"": ""Q"", ""v"": ""F""}, {""u"": ""B"", ""v"": ""E""}, {""u"": ""B"", ""v"": ""F""}, {""u"": ""E"", ""v"": ""P""}, {""u"": ""E"", ""v"": ""R""}, {""u"": ""D"", ""v"": ""C""}, {""u"": ""D"", ""v"": ""L""}, {""u"": ""P"", ""v"": ""R""}, {""u"": ""R"", ""v"": ""G""}]}","[""D"", ""E"", ""F"", ""H"", ""I"", ""J"", ""K"", ""N"", ""R"", ""T""]"
MVC_L_012,MVC,L,12,"Someone at the journal has to pick an oversight crew: choose a handful of advisors so that for every pair of coauthors there’s at least one author who’s covered. Better choices are the ones that use fewer people, and that’s checked by counting the invited advisors. Every coauthorship link must be covered by at least one invited author, duplicate invites don’t add extra credit, and nothing can be skipped. The full details appear below.

# total_authors=22
# total_coauthorship_links=43
author_one,author_two
15,0
15,3
15,4
15,16
15,19
15,21
18,1
18,2
18,7
18,12
18,17
19,4
19,6
19,9
19,12
20,10
4,1
4,6
4,8
4,12
4,14
4,21
16,11
8,1
8,11
8,14
17,1
17,7
5,3
5,9
2,9
2,12
10,7
10,9
9,0
9,3
9,7
3,0
21,11
21,13
11,13
11,14
13,14

When you send back the chosen crew, just drop them into this little JSON shape so it's easy to parse:

{
  ""solution"": [""advisor_id"", ""advisor_id"", ...]
}

Pretty straightforward: ""solution"" is the list of invited advisors (one identifier per person). Think of it like filling a short form — each entry is the exact ID of an author you’re picking to cover coauthorship links. This JSON is just a sketch of the expected shape, not the actual answer.

Please make sure to use the exact identifiers from the instance input — don’t rename them or invent new labels.
- for example: ""Valid identifiers look like plain numbers such as “1” or “23”, single capital letters like “A” or “B”, or a capital letter followed by digits like “A1” or “X7”.""",csv,zero_based,"{""problem_type"": ""MVC"", ""num_nodes"": 22, ""num_edges"": 43, ""edges"": [{""u"": 16, ""v"": 1}, {""u"": 16, ""v"": 4}, {""u"": 16, ""v"": 5}, {""u"": 16, ""v"": 17}, {""u"": 16, ""v"": 20}, {""u"": 16, ""v"": 22}, {""u"": 19, ""v"": 2}, {""u"": 19, ""v"": 3}, {""u"": 19, ""v"": 8}, {""u"": 19, ""v"": 13}, {""u"": 19, ""v"": 18}, {""u"": 20, ""v"": 5}, {""u"": 20, ""v"": 7}, {""u"": 20, ""v"": 10}, {""u"": 20, ""v"": 13}, {""u"": 21, ""v"": 11}, {""u"": 5, ""v"": 2}, {""u"": 5, ""v"": 7}, {""u"": 5, ""v"": 9}, {""u"": 5, ""v"": 13}, {""u"": 5, ""v"": 15}, {""u"": 5, ""v"": 22}, {""u"": 17, ""v"": 12}, {""u"": 9, ""v"": 2}, {""u"": 9, ""v"": 12}, {""u"": 9, ""v"": 15}, {""u"": 18, ""v"": 2}, {""u"": 18, ""v"": 8}, {""u"": 6, ""v"": 4}, {""u"": 6, ""v"": 10}, {""u"": 3, ""v"": 10}, {""u"": 3, ""v"": 13}, {""u"": 11, ""v"": 8}, {""u"": 11, ""v"": 10}, {""u"": 10, ""v"": 1}, {""u"": 10, ""v"": 4}, {""u"": 10, ""v"": 8}, {""u"": 4, ""v"": 1}, {""u"": 22, ""v"": 12}, {""u"": 22, ""v"": 14}, {""u"": 12, ""v"": 14}, {""u"": 12, ""v"": 15}, {""u"": 14, ""v"": 15}], ""source_file"": ""wa2010.mtx"", ""density"": 0.18614718614718614, ""viz_instance"": ""generated_data/MVC/viz/MVC_L/instance_0011.png"", ""viz_solution"": ""generated_data/MVC/viz/MVC_L/solution_0011.png"", ""edge_connectivity"": 1}","[3, 4, 5, 9, 10, 11, 12, 14, 16, 18, 19, 20]",12.0,"{""num_nodes"": 22, ""num_edges"": 43, ""edges"": [{""u"": 15, ""v"": 0}, {""u"": 15, ""v"": 3}, {""u"": 15, ""v"": 4}, {""u"": 15, ""v"": 16}, {""u"": 15, ""v"": 19}, {""u"": 15, ""v"": 21}, {""u"": 18, ""v"": 1}, {""u"": 18, ""v"": 2}, {""u"": 18, ""v"": 7}, {""u"": 18, ""v"": 12}, {""u"": 18, ""v"": 17}, {""u"": 19, ""v"": 4}, {""u"": 19, ""v"": 6}, {""u"": 19, ""v"": 9}, {""u"": 19, ""v"": 12}, {""u"": 20, ""v"": 10}, {""u"": 4, ""v"": 1}, {""u"": 4, ""v"": 6}, {""u"": 4, ""v"": 8}, {""u"": 4, ""v"": 12}, {""u"": 4, ""v"": 14}, {""u"": 4, ""v"": 21}, {""u"": 16, ""v"": 11}, {""u"": 8, ""v"": 1}, {""u"": 8, ""v"": 11}, {""u"": 8, ""v"": 14}, {""u"": 17, ""v"": 1}, {""u"": 17, ""v"": 7}, {""u"": 5, ""v"": 3}, {""u"": 5, ""v"": 9}, {""u"": 2, ""v"": 9}, {""u"": 2, ""v"": 12}, {""u"": 10, ""v"": 7}, {""u"": 10, ""v"": 9}, {""u"": 9, ""v"": 0}, {""u"": 9, ""v"": 3}, {""u"": 9, ""v"": 7}, {""u"": 3, ""v"": 0}, {""u"": 21, ""v"": 11}, {""u"": 21, ""v"": 13}, {""u"": 11, ""v"": 13}, {""u"": 11, ""v"": 14}, {""u"": 13, ""v"": 14}]}","[2, 3, 4, 8, 9, 10, 11, 13, 15, 17, 18, 19]"
MVC_L_013,MVC,L,13,"Recently the shop got tighter on budget, so the goal became choosing a minimal set of display stands to stock so that every pair of items that share a shelf has at least one item stocked. A good choice is the one with the lowest number of stocked stands — simply count them to see how good a choice is — but it must still leave no shared-shelf pair without a stocked product. The details of which items sit together are listed below.

{
  ""total_products"": 22,
  ""shared_shelf_pairs"": 39,
  ""edges"": [
    {
      ""product_u"": 15,
      ""product_v"": 4
    },
    {
      ""product_u"": 15,
      ""product_v"": 5
    },
    {
      ""product_u"": 15,
      ""product_v"": 7
    },
    {
      ""product_u"": 15,
      ""product_v"": 8
    },
    {
      ""product_u"": 15,
      ""product_v"": 18
    },
    {
      ""product_u"": 16,
      ""product_v"": 3
    },
    {
      ""product_u"": 16,
      ""product_v"": 8
    },
    {
      ""product_u"": 16,
      ""product_v"": 17
    },
    {
      ""product_u"": 16,
      ""product_v"": 19
    },
    {
      ""product_u"": 17,
      ""product_v"": 2
    },
    {
      ""product_u"": 17,
      ""product_v"": 9
    },
    {
      ""product_u"": 3,
      ""product_v"": 1
    },
    {
      ""product_u"": 3,
      ""product_v"": 2
    },
    {
      ""product_u"": 3,
      ""product_v"": 7
    },
    {
      ""product_u"": 1,
      ""product_v"": 2
    },
    {
      ""product_u"": 1,
      ""product_v"": 4
    },
    {
      ""product_u"": 20,
      ""product_v"": 5
    },
    {
      ""product_u"": 20,
      ""product_v"": 18
    },
    {
      ""product_u"": 19,
      ""product_v"": 9
    },
    {
      ""product_u"": 19,
      ""product_v"": 12
    },
    {
      ""product_u"": 19,
      ""product_v"": 13
    },
    {
      ""product_u"": 4,
      ""product_v"": 7
    },
    {
      ""product_u"": 4,
      ""product_v"": 18
    },
    {
      ""product_u"": 13,
      ""product_v"": 22
    },
    {
      ""product_u"": 14,
      ""product_v"": 5
    },
    {
      ""product_u"": 14,
      ""product_v"": 11
    },
    {
      ""product_u"": 22,
      ""product_v"": 6
    },
    {
      ""product_u"": 22,
      ""product_v"": 12
    },
    {
      ""product_u"": 22,
      ""product_v"": 21
    },
    {
      ""product_u"": 18,
      ""product_v"": 5
    },
    {
      ""product_u"": 5,
      ""product_v"": 10
    },
    {
      ""product_u"": 21,
      ""product_v"": 6
    },
    {
      ""product_u"": 12,
      ""product_v"": 6
    },
    {
      ""product_u"": 12,
      ""product_v"": 8
    },
    {
      ""product_u"": 12,
      ""product_v"": 10
    },
    {
      ""product_u"": 8,
      ""product_v"": 10
    },
    {
      ""product_u"": 6,
      ""product_v"": 10
    },
    {
      ""product_u"": 6,
      ""product_v"": 11
    },
    {
      ""product_u"": 10,
      ""product_v"": 11
    }
  ]
}

You can just give the chosen stands in a tiny JSON snippet like this so it's quick to read and machine-friendly:

{
  ""solution"": [""stand_id"", ""stand_id"", ...]
}

Here ""solution"" is the list of display stands you'll stock — each entry is one stand identifier from the instance. This little example is just the shape I expect, not the actual answer to the instance.

Please use the identifiers exactly as they appear in the input — no renaming or new labels. 
- for example: ""Valid identifiers look like plain numbers such as “1” or “23”, single capital letters like “A” or “B”, or a capital letter followed by digits like “A1” or “X7”.""",json,one_based,"{""problem_type"": ""MVC"", ""num_nodes"": 22, ""num_edges"": 39, ""edges"": [{""u"": 15, ""v"": 4}, {""u"": 15, ""v"": 5}, {""u"": 15, ""v"": 7}, {""u"": 15, ""v"": 8}, {""u"": 15, ""v"": 18}, {""u"": 16, ""v"": 3}, {""u"": 16, ""v"": 8}, {""u"": 16, ""v"": 17}, {""u"": 16, ""v"": 19}, {""u"": 17, ""v"": 2}, {""u"": 17, ""v"": 9}, {""u"": 3, ""v"": 1}, {""u"": 3, ""v"": 2}, {""u"": 3, ""v"": 7}, {""u"": 1, ""v"": 2}, {""u"": 1, ""v"": 4}, {""u"": 20, ""v"": 5}, {""u"": 20, ""v"": 18}, {""u"": 19, ""v"": 9}, {""u"": 19, ""v"": 12}, {""u"": 19, ""v"": 13}, {""u"": 4, ""v"": 7}, {""u"": 4, ""v"": 18}, {""u"": 13, ""v"": 22}, {""u"": 14, ""v"": 5}, {""u"": 14, ""v"": 11}, {""u"": 22, ""v"": 6}, {""u"": 22, ""v"": 12}, {""u"": 22, ""v"": 21}, {""u"": 18, ""v"": 5}, {""u"": 5, ""v"": 10}, {""u"": 21, ""v"": 6}, {""u"": 12, ""v"": 6}, {""u"": 12, ""v"": 8}, {""u"": 12, ""v"": 10}, {""u"": 8, ""v"": 10}, {""u"": 6, ""v"": 10}, {""u"": 6, ""v"": 11}, {""u"": 10, ""v"": 11}], ""source_file"": ""wa2010.mtx"", ""density"": 0.16883116883116883, ""viz_instance"": ""generated_data/MVC/viz/MVC_L/instance_0012.png"", ""viz_solution"": ""generated_data/MVC/viz/MVC_L/solution_0012.png"", ""edge_connectivity"": 2}","[1, 3, 4, 5, 6, 7, 8, 10, 11, 17, 18, 19, 22]",13.0,"{""num_nodes"": 22, ""num_edges"": 39, ""edges"": [{""u"": 15, ""v"": 4}, {""u"": 15, ""v"": 5}, {""u"": 15, ""v"": 7}, {""u"": 15, ""v"": 8}, {""u"": 15, ""v"": 18}, {""u"": 16, ""v"": 3}, {""u"": 16, ""v"": 8}, {""u"": 16, ""v"": 17}, {""u"": 16, ""v"": 19}, {""u"": 17, ""v"": 2}, {""u"": 17, ""v"": 9}, {""u"": 3, ""v"": 1}, {""u"": 3, ""v"": 2}, {""u"": 3, ""v"": 7}, {""u"": 1, ""v"": 2}, {""u"": 1, ""v"": 4}, {""u"": 20, ""v"": 5}, {""u"": 20, ""v"": 18}, {""u"": 19, ""v"": 9}, {""u"": 19, ""v"": 12}, {""u"": 19, ""v"": 13}, {""u"": 4, ""v"": 7}, {""u"": 4, ""v"": 18}, {""u"": 13, ""v"": 22}, {""u"": 14, ""v"": 5}, {""u"": 14, ""v"": 11}, {""u"": 22, ""v"": 6}, {""u"": 22, ""v"": 12}, {""u"": 22, ""v"": 21}, {""u"": 18, ""v"": 5}, {""u"": 5, ""v"": 10}, {""u"": 21, ""v"": 6}, {""u"": 12, ""v"": 6}, {""u"": 12, ""v"": 8}, {""u"": 12, ""v"": 10}, {""u"": 8, ""v"": 10}, {""u"": 6, ""v"": 10}, {""u"": 6, ""v"": 11}, {""u"": 10, ""v"": 11}]}","[1, 3, 4, 5, 6, 7, 8, 10, 11, 17, 18, 19, 22]"
MVC_L_014,MVC,L,14,"We’ve got a strip of market stalls for the weekend, and the job is to decide where to place volunteers so that for every two stalls that touch, at least one has a helper standing there. The decision is which specific stalls to staff; a good plan is one that covers every touching pair while using as few volunteers as possible. To see which plan wins, simply tally the volunteers in that plan — fewer volunteers means a better plan — and make sure every neighboring pair is covered and no stall-status is counted twice. The concrete stall map and counts follow below.

There are 20 stalls in total and 38 touching pairs.

| stall_a | stall_b |
|---|---|
| 10 | 7 |
| 10 | 9 |
| 10 | 12 |
| 16 | 4 |
| 16 | 8 |
| 16 | 19 |
| 17 | 13 |
| 17 | 14 |
| 17 | 18 |
| 19 | 8 |
| 19 | 11 |
| 19 | 12 |
| 19 | 15 |
| 11 | 12 |
| 11 | 13 |
| 11 | 14 |
| 11 | 15 |
| 11 | 18 |
| 6 | 1 |
| 6 | 7 |
| 6 | 9 |
| 8 | 4 |
| 20 | 3 |
| 20 | 12 |
| 12 | 1 |
| 12 | 2 |
| 12 | 4 |
| 12 | 5 |
| 12 | 13 |
| 12 | 15 |
| 13 | 9 |
| 13 | 14 |
| 14 | 18 |
| 7 | 1 |
| 7 | 5 |
| 1 | 3 |
| 1 | 4 |
| 1 | 5 |

If you'd like to give the staffing plan in a predictable format, you can just drop it in a tiny JSON snippet like this:

{
  ""solution"": [""stall_id"", ""stall_id"", ...]
}

This just means ""solution"" is a list of the stalls where volunteers will stand — one identifier per staffed stall. It's an example of the shape I expect, not the actual answer itself.

Please be sure to use the exact stall identifiers as they appear in the instance input — do not rename them or invent new labels.
- for example: ""Valid identifiers look like plain numbers such as ""1"" or ""23"", single capital letters like ""A"" or ""B"", or a capital letter followed by digits like ""A1"" or ""X7"".",markdown_table,one_based,"{""problem_type"": ""MVC"", ""num_nodes"": 20, ""num_edges"": 38, ""edges"": [{""u"": 10, ""v"": 7}, {""u"": 10, ""v"": 9}, {""u"": 10, ""v"": 12}, {""u"": 16, ""v"": 4}, {""u"": 16, ""v"": 8}, {""u"": 16, ""v"": 19}, {""u"": 17, ""v"": 13}, {""u"": 17, ""v"": 14}, {""u"": 17, ""v"": 18}, {""u"": 19, ""v"": 8}, {""u"": 19, ""v"": 11}, {""u"": 19, ""v"": 12}, {""u"": 19, ""v"": 15}, {""u"": 11, ""v"": 12}, {""u"": 11, ""v"": 13}, {""u"": 11, ""v"": 14}, {""u"": 11, ""v"": 15}, {""u"": 11, ""v"": 18}, {""u"": 6, ""v"": 1}, {""u"": 6, ""v"": 7}, {""u"": 6, ""v"": 9}, {""u"": 8, ""v"": 4}, {""u"": 20, ""v"": 3}, {""u"": 20, ""v"": 12}, {""u"": 12, ""v"": 1}, {""u"": 12, ""v"": 2}, {""u"": 12, ""v"": 4}, {""u"": 12, ""v"": 5}, {""u"": 12, ""v"": 13}, {""u"": 12, ""v"": 15}, {""u"": 13, ""v"": 9}, {""u"": 13, ""v"": 14}, {""u"": 14, ""v"": 18}, {""u"": 7, ""v"": 1}, {""u"": 7, ""v"": 5}, {""u"": 1, ""v"": 3}, {""u"": 1, ""v"": 4}, {""u"": 1, ""v"": 5}], ""source_file"": ""wy2010.mtx"", ""density"": 0.2, ""viz_instance"": ""generated_data/MVC/viz/MVC_L/instance_0013.png"", ""viz_solution"": ""generated_data/MVC/viz/MVC_L/solution_0013.png"", ""edge_connectivity"": 1}","[1, 3, 7, 8, 9, 11, 12, 14, 16, 17, 19]",11.0,"{""num_nodes"": 20, ""num_edges"": 38, ""edges"": [{""u"": 10, ""v"": 7}, {""u"": 10, ""v"": 9}, {""u"": 10, ""v"": 12}, {""u"": 16, ""v"": 4}, {""u"": 16, ""v"": 8}, {""u"": 16, ""v"": 19}, {""u"": 17, ""v"": 13}, {""u"": 17, ""v"": 14}, {""u"": 17, ""v"": 18}, {""u"": 19, ""v"": 8}, {""u"": 19, ""v"": 11}, {""u"": 19, ""v"": 12}, {""u"": 19, ""v"": 15}, {""u"": 11, ""v"": 12}, {""u"": 11, ""v"": 13}, {""u"": 11, ""v"": 14}, {""u"": 11, ""v"": 15}, {""u"": 11, ""v"": 18}, {""u"": 6, ""v"": 1}, {""u"": 6, ""v"": 7}, {""u"": 6, ""v"": 9}, {""u"": 8, ""v"": 4}, {""u"": 20, ""v"": 3}, {""u"": 20, ""v"": 12}, {""u"": 12, ""v"": 1}, {""u"": 12, ""v"": 2}, {""u"": 12, ""v"": 4}, {""u"": 12, ""v"": 5}, {""u"": 12, ""v"": 13}, {""u"": 12, ""v"": 15}, {""u"": 13, ""v"": 9}, {""u"": 13, ""v"": 14}, {""u"": 14, ""v"": 18}, {""u"": 7, ""v"": 1}, {""u"": 7, ""v"": 5}, {""u"": 1, ""v"": 3}, {""u"": 1, ""v"": 4}, {""u"": 1, ""v"": 5}]}","[1, 3, 7, 8, 9, 11, 12, 14, 16, 17, 19]"
MVC_L_015,MVC,L,15,"Someone in the house suggested making a lean chore team—pick the minimum number of relatives to cover rooms so that any appliance located between a pair of rooms has at least one of those rooms covered by an assigned person. The way to tell which suggestion is better is simple: count how many family members are used, and make sure every appliance sitting between two rooms is adjacent to at least one assigned room. No shared appliance can be left without coverage, and doubling up on the same room is unnecessary. The detailed scenario follows below.

# total_rooms=21
# total_shared_appliances=41
room_a,room_b
15,1
15,5
15,7
15,16
15,19
16,7
16,11
17,9
7,1
7,2
7,21
6,4
6,10
6,19
6,20
6,21
3,8
3,14
3,21
1,9
19,4
19,5
19,9
19,10
19,11
19,12
19,13
19,18
19,21
8,21
5,9
2,21
14,10
14,20
14,21
4,21
21,11
21,12
21,20
13,9
10,20

If you want to hand me the result, just drop it in a tiny JSON snippet like this so it's easy to parse:

{
  ""solution"": [""room_id"", ""room_id"", ...]
}

Think of that as a little form: ""solution"" is the list of rooms (one entry per family member you pick to cover appliances). Each string in the array should be a single room identifier from the problem — nothing fancy, just the exact label used in the input. This JSON is just a sketch of the shape I expect, not the actual answer itself.

Please be sure to use the identifiers exactly as they appear in the instance input — do not rename them or invent new labels. For example: ""Valid identifiers look like plain numbers such as “1” or “23”, single capital letters like “A” or “B”, or a capital letter followed by digits like “A1” or “X7”.""",csv,one_based,"{""problem_type"": ""MVC"", ""num_nodes"": 21, ""num_edges"": 41, ""edges"": [{""u"": 15, ""v"": 1}, {""u"": 15, ""v"": 5}, {""u"": 15, ""v"": 7}, {""u"": 15, ""v"": 16}, {""u"": 15, ""v"": 19}, {""u"": 16, ""v"": 7}, {""u"": 16, ""v"": 11}, {""u"": 17, ""v"": 9}, {""u"": 7, ""v"": 1}, {""u"": 7, ""v"": 2}, {""u"": 7, ""v"": 21}, {""u"": 6, ""v"": 4}, {""u"": 6, ""v"": 10}, {""u"": 6, ""v"": 19}, {""u"": 6, ""v"": 20}, {""u"": 6, ""v"": 21}, {""u"": 3, ""v"": 8}, {""u"": 3, ""v"": 14}, {""u"": 3, ""v"": 21}, {""u"": 1, ""v"": 9}, {""u"": 19, ""v"": 4}, {""u"": 19, ""v"": 5}, {""u"": 19, ""v"": 9}, {""u"": 19, ""v"": 10}, {""u"": 19, ""v"": 11}, {""u"": 19, ""v"": 12}, {""u"": 19, ""v"": 13}, {""u"": 19, ""v"": 18}, {""u"": 19, ""v"": 21}, {""u"": 8, ""v"": 21}, {""u"": 5, ""v"": 9}, {""u"": 2, ""v"": 21}, {""u"": 14, ""v"": 10}, {""u"": 14, ""v"": 20}, {""u"": 14, ""v"": 21}, {""u"": 4, ""v"": 21}, {""u"": 21, ""v"": 11}, {""u"": 21, ""v"": 12}, {""u"": 21, ""v"": 20}, {""u"": 13, ""v"": 9}, {""u"": 10, ""v"": 20}], ""source_file"": ""wy2010.mtx"", ""density"": 0.19523809523809524, ""viz_instance"": ""generated_data/MVC/viz/MVC_L/instance_0014.png"", ""viz_solution"": ""generated_data/MVC/viz/MVC_L/solution_0014.png"", ""edge_connectivity"": 1}","[3, 6, 7, 9, 11, 14, 15, 19, 20, 21]",10.0,"{""num_nodes"": 21, ""num_edges"": 41, ""edges"": [{""u"": 15, ""v"": 1}, {""u"": 15, ""v"": 5}, {""u"": 15, ""v"": 7}, {""u"": 15, ""v"": 16}, {""u"": 15, ""v"": 19}, {""u"": 16, ""v"": 7}, {""u"": 16, ""v"": 11}, {""u"": 17, ""v"": 9}, {""u"": 7, ""v"": 1}, {""u"": 7, ""v"": 2}, {""u"": 7, ""v"": 21}, {""u"": 6, ""v"": 4}, {""u"": 6, ""v"": 10}, {""u"": 6, ""v"": 19}, {""u"": 6, ""v"": 20}, {""u"": 6, ""v"": 21}, {""u"": 3, ""v"": 8}, {""u"": 3, ""v"": 14}, {""u"": 3, ""v"": 21}, {""u"": 1, ""v"": 9}, {""u"": 19, ""v"": 4}, {""u"": 19, ""v"": 5}, {""u"": 19, ""v"": 9}, {""u"": 19, ""v"": 10}, {""u"": 19, ""v"": 11}, {""u"": 19, ""v"": 12}, {""u"": 19, ""v"": 13}, {""u"": 19, ""v"": 18}, {""u"": 19, ""v"": 21}, {""u"": 8, ""v"": 21}, {""u"": 5, ""v"": 9}, {""u"": 2, ""v"": 21}, {""u"": 14, ""v"": 10}, {""u"": 14, ""v"": 20}, {""u"": 14, ""v"": 21}, {""u"": 4, ""v"": 21}, {""u"": 21, ""v"": 11}, {""u"": 21, ""v"": 12}, {""u"": 21, ""v"": 20}, {""u"": 13, ""v"": 9}, {""u"": 10, ""v"": 20}]}","[3, 6, 7, 9, 11, 14, 15, 19, 20, 21]"
MVC_L_016,MVC,L,16,"Many people on the crew are talking about which substations to upgrade so every stretch of transmission line touches a modernized site. The matter at hand is choosing a small group of substations — fewer upgrades is better — but the catch is every line must have at least one upgraded endpoint. To judge choices, simply total the upgraded substations; the valid choice with the lowest total is the one to go with, and every line must be covered with upgrades counted once per station. The exact network details are listed below.

# total_substations=24
# total_transmission_lines=51
substation_endpoint_u,substation_endpoint_v
19,5
19,11
15,6
15,9
15,11
16,0
16,1
16,4
16,10
21,2
21,7
21,22
20,6
20,8
20,11
20,23
17,2
17,8
17,18
18,2
18,3
18,8
6,0
6,9
6,11
7,8
7,22
8,2
8,3
8,11
8,12
8,13
8,22
8,23
0,10
0,11
10,4
10,11
11,1
11,3
11,4
11,5
11,9
11,12
11,14
23,13
22,13
14,1
14,2
1,4
2,3

Also, when you're ready to hand me a choice, just drop it in this simple JSON layout so I can read it programmatically:

{
  ""solution"": [""substation_id"", ""substation_id"", ...]
}

Think of ""solution"" as the list of substations you want upgraded — just list each substation's identifier once. This is just a sketch of the shape I expect, not the actual answer; replace the placeholders with the real IDs from the instance.

Please be sure to use the identifiers exactly as they appear in the instance input — no renaming and no new labels. For example: ""Valid identifiers look like plain numbers such as “1” or “23”, single capital letters like “A” or “B”, or a capital letter followed by digits like “A1” or “X7”.""",csv,zero_based,"{""problem_type"": ""MVC"", ""num_nodes"": 24, ""num_edges"": 51, ""edges"": [{""u"": 20, ""v"": 6}, {""u"": 20, ""v"": 12}, {""u"": 16, ""v"": 7}, {""u"": 16, ""v"": 10}, {""u"": 16, ""v"": 12}, {""u"": 17, ""v"": 1}, {""u"": 17, ""v"": 2}, {""u"": 17, ""v"": 5}, {""u"": 17, ""v"": 11}, {""u"": 22, ""v"": 3}, {""u"": 22, ""v"": 8}, {""u"": 22, ""v"": 23}, {""u"": 21, ""v"": 7}, {""u"": 21, ""v"": 9}, {""u"": 21, ""v"": 12}, {""u"": 21, ""v"": 24}, {""u"": 18, ""v"": 3}, {""u"": 18, ""v"": 9}, {""u"": 18, ""v"": 19}, {""u"": 19, ""v"": 3}, {""u"": 19, ""v"": 4}, {""u"": 19, ""v"": 9}, {""u"": 7, ""v"": 1}, {""u"": 7, ""v"": 10}, {""u"": 7, ""v"": 12}, {""u"": 8, ""v"": 9}, {""u"": 8, ""v"": 23}, {""u"": 9, ""v"": 3}, {""u"": 9, ""v"": 4}, {""u"": 9, ""v"": 12}, {""u"": 9, ""v"": 13}, {""u"": 9, ""v"": 14}, {""u"": 9, ""v"": 23}, {""u"": 9, ""v"": 24}, {""u"": 1, ""v"": 11}, {""u"": 1, ""v"": 12}, {""u"": 11, ""v"": 5}, {""u"": 11, ""v"": 12}, {""u"": 12, ""v"": 2}, {""u"": 12, ""v"": 4}, {""u"": 12, ""v"": 5}, {""u"": 12, ""v"": 6}, {""u"": 12, ""v"": 10}, {""u"": 12, ""v"": 13}, {""u"": 12, ""v"": 15}, {""u"": 24, ""v"": 14}, {""u"": 23, ""v"": 14}, {""u"": 15, ""v"": 2}, {""u"": 15, ""v"": 3}, {""u"": 2, ""v"": 5}, {""u"": 3, ""v"": 4}], ""source_file"": ""wi2010.mtx"", ""density"": 0.18478260869565216, ""viz_instance"": ""generated_data/MVC/viz/MVC_L/instance_0015.png"", ""viz_solution"": ""generated_data/MVC/viz/MVC_L/solution_0015.png"", ""edge_connectivity"": 2}","[2, 3, 7, 9, 10, 11, 12, 17, 19, 20, 22, 23, 24]",13.0,"{""num_nodes"": 24, ""num_edges"": 51, ""edges"": [{""u"": 19, ""v"": 5}, {""u"": 19, ""v"": 11}, {""u"": 15, ""v"": 6}, {""u"": 15, ""v"": 9}, {""u"": 15, ""v"": 11}, {""u"": 16, ""v"": 0}, {""u"": 16, ""v"": 1}, {""u"": 16, ""v"": 4}, {""u"": 16, ""v"": 10}, {""u"": 21, ""v"": 2}, {""u"": 21, ""v"": 7}, {""u"": 21, ""v"": 22}, {""u"": 20, ""v"": 6}, {""u"": 20, ""v"": 8}, {""u"": 20, ""v"": 11}, {""u"": 20, ""v"": 23}, {""u"": 17, ""v"": 2}, {""u"": 17, ""v"": 8}, {""u"": 17, ""v"": 18}, {""u"": 18, ""v"": 2}, {""u"": 18, ""v"": 3}, {""u"": 18, ""v"": 8}, {""u"": 6, ""v"": 0}, {""u"": 6, ""v"": 9}, {""u"": 6, ""v"": 11}, {""u"": 7, ""v"": 8}, {""u"": 7, ""v"": 22}, {""u"": 8, ""v"": 2}, {""u"": 8, ""v"": 3}, {""u"": 8, ""v"": 11}, {""u"": 8, ""v"": 12}, {""u"": 8, ""v"": 13}, {""u"": 8, ""v"": 22}, {""u"": 8, ""v"": 23}, {""u"": 0, ""v"": 10}, {""u"": 0, ""v"": 11}, {""u"": 10, ""v"": 4}, {""u"": 10, ""v"": 11}, {""u"": 11, ""v"": 1}, {""u"": 11, ""v"": 3}, {""u"": 11, ""v"": 4}, {""u"": 11, ""v"": 5}, {""u"": 11, ""v"": 9}, {""u"": 11, ""v"": 12}, {""u"": 11, ""v"": 14}, {""u"": 23, ""v"": 13}, {""u"": 22, ""v"": 13}, {""u"": 14, ""v"": 1}, {""u"": 14, ""v"": 2}, {""u"": 1, ""v"": 4}, {""u"": 2, ""v"": 3}]}","[1, 2, 6, 8, 9, 10, 11, 16, 18, 19, 21, 22, 23]"
MVC_L_017,MVC,L,17,"I’m in charge of a small patch of beds and my job is to choose which ones to water by hand so that every pair of neighboring beds has at least one bed that gets a watering can. The point is to pick as few beds as possible — the fewer beds on the hand-water list, the better — and the way to check that is simple: count how many unique beds were hand-watered. Nothing can be ignored: every adjacent pair has to have at least one bed from that list, and each bed only counts once when tallying. The exact garden layout and details are shown below.

{
  ""num_beds"": 20,
  ""num_adjacent_pairs"": 42,
  ""edges"": [
    {
      ""bed_a"": 19,
      ""bed_b"": 11
    },
    {
      ""bed_a"": 19,
      ""bed_b"": 12
    },
    {
      ""bed_a"": 19,
      ""bed_b"": 13
    },
    {
      ""bed_a"": 19,
      ""bed_b"": 14
    },
    {
      ""bed_a"": 19,
      ""bed_b"": 15
    },
    {
      ""bed_a"": 3,
      ""bed_b"": 6
    },
    {
      ""bed_a"": 3,
      ""bed_b"": 10
    },
    {
      ""bed_a"": 3,
      ""bed_b"": 18
    },
    {
      ""bed_a"": 13,
      ""bed_b"": 0
    },
    {
      ""bed_a"": 13,
      ""bed_b"": 12
    },
    {
      ""bed_a"": 13,
      ""bed_b"": 15
    },
    {
      ""bed_a"": 4,
      ""bed_b"": 6
    },
    {
      ""bed_a"": 4,
      ""bed_b"": 7
    },
    {
      ""bed_a"": 4,
      ""bed_b"": 8
    },
    {
      ""bed_a"": 16,
      ""bed_b"": 10
    },
    {
      ""bed_a"": 16,
      ""bed_b"": 12
    },
    {
      ""bed_a"": 16,
      ""bed_b"": 14
    },
    {
      ""bed_a"": 16,
      ""bed_b"": 17
    },
    {
      ""bed_a"": 1,
      ""bed_b"": 0
    },
    {
      ""bed_a"": 1,
      ""bed_b"": 7
    },
    {
      ""bed_a"": 1,
      ""bed_b"": 8
    },
    {
      ""bed_a"": 15,
      ""bed_b"": 2
    },
    {
      ""bed_a"": 15,
      ""bed_b"": 11
    },
    {
      ""bed_a"": 15,
      ""bed_b"": 17
    },
    {
      ""bed_a"": 12,
      ""bed_b"": 14
    },
    {
      ""bed_a"": 9,
      ""bed_b"": 2
    },
    {
      ""bed_a"": 9,
      ""bed_b"": 5
    },
    {
      ""bed_a"": 9,
      ""bed_b"": 17
    },
    {
      ""bed_a"": 10,
      ""bed_b"": 17
    },
    {
      ""bed_a"": 10,
      ""bed_b"": 18
    },
    {
      ""bed_a"": 14,
      ""bed_b"": 11
    },
    {
      ""bed_a"": 18,
      ""bed_b"": 6
    },
    {
      ""bed_a"": 18,
      ""bed_b"": 17
    },
    {
      ""bed_a"": 7,
      ""bed_b"": 8
    },
    {
      ""bed_a"": 5,
      ""bed_b"": 2
    },
    {
      ""bed_a"": 5,
      ""bed_b"": 8
    },
    {
      ""bed_a"": 5,
      ""bed_b"": 17
    },
    {
      ""bed_a"": 6,
      ""bed_b"": 8
    },
    {
      ""bed_a"": 2,
      ""bed_b"": 0
    },
    {
      ""bed_a"": 8,
      ""bed_b"": 0
    },
    {
      ""bed_a"": 8,
      ""bed_b"": 17
    },
    {
      ""bed_a"": 17,
      ""bed_b"": 11
    }
  ]
}

If you want to give me the hand-water list, just drop it in a tiny JSON object like this:

{
  ""solution"": [""bed_id"", ""bed_id"", ...]
}

This just means ""solution"" is the list of beds you'll water by hand so every neighboring pair has at least one watered bed. The strings inside the array are the bed identifiers (one per entry); the ... means you can add more as needed. It's just a sketch of the shape I expect — not the actual answer.

Please use the exact identifiers from the instance input — no renaming and no new labels. 
- for example: ""Valid identifiers look like plain numbers such as “1” or “23”, single capital letters like “A” or “B”, or a capital letter followed by digits like “A1” or “X7”.""",json,zero_based,"{""problem_type"": ""MVC"", ""num_nodes"": 20, ""num_edges"": 42, ""edges"": [{""u"": 20, ""v"": 12}, {""u"": 20, ""v"": 13}, {""u"": 20, ""v"": 14}, {""u"": 20, ""v"": 15}, {""u"": 20, ""v"": 16}, {""u"": 4, ""v"": 7}, {""u"": 4, ""v"": 11}, {""u"": 4, ""v"": 19}, {""u"": 14, ""v"": 1}, {""u"": 14, ""v"": 13}, {""u"": 14, ""v"": 16}, {""u"": 5, ""v"": 7}, {""u"": 5, ""v"": 8}, {""u"": 5, ""v"": 9}, {""u"": 17, ""v"": 11}, {""u"": 17, ""v"": 13}, {""u"": 17, ""v"": 15}, {""u"": 17, ""v"": 18}, {""u"": 2, ""v"": 1}, {""u"": 2, ""v"": 8}, {""u"": 2, ""v"": 9}, {""u"": 16, ""v"": 3}, {""u"": 16, ""v"": 12}, {""u"": 16, ""v"": 18}, {""u"": 13, ""v"": 15}, {""u"": 10, ""v"": 3}, {""u"": 10, ""v"": 6}, {""u"": 10, ""v"": 18}, {""u"": 11, ""v"": 18}, {""u"": 11, ""v"": 19}, {""u"": 15, ""v"": 12}, {""u"": 19, ""v"": 7}, {""u"": 19, ""v"": 18}, {""u"": 8, ""v"": 9}, {""u"": 6, ""v"": 3}, {""u"": 6, ""v"": 9}, {""u"": 6, ""v"": 18}, {""u"": 7, ""v"": 9}, {""u"": 3, ""v"": 1}, {""u"": 9, ""v"": 1}, {""u"": 9, ""v"": 18}, {""u"": 18, ""v"": 12}], ""source_file"": ""wv2010.mtx"", ""density"": 0.22105263157894736, ""viz_instance"": ""generated_data/MVC/viz/MVC_L/instance_0016.png"", ""viz_solution"": ""generated_data/MVC/viz/MVC_L/solution_0016.png"", ""edge_connectivity"": 3}","[2, 3, 4, 5, 6, 9, 12, 13, 14, 17, 18, 19, 20]",13.0,"{""num_nodes"": 20, ""num_edges"": 42, ""edges"": [{""u"": 19, ""v"": 11}, {""u"": 19, ""v"": 12}, {""u"": 19, ""v"": 13}, {""u"": 19, ""v"": 14}, {""u"": 19, ""v"": 15}, {""u"": 3, ""v"": 6}, {""u"": 3, ""v"": 10}, {""u"": 3, ""v"": 18}, {""u"": 13, ""v"": 0}, {""u"": 13, ""v"": 12}, {""u"": 13, ""v"": 15}, {""u"": 4, ""v"": 6}, {""u"": 4, ""v"": 7}, {""u"": 4, ""v"": 8}, {""u"": 16, ""v"": 10}, {""u"": 16, ""v"": 12}, {""u"": 16, ""v"": 14}, {""u"": 16, ""v"": 17}, {""u"": 1, ""v"": 0}, {""u"": 1, ""v"": 7}, {""u"": 1, ""v"": 8}, {""u"": 15, ""v"": 2}, {""u"": 15, ""v"": 11}, {""u"": 15, ""v"": 17}, {""u"": 12, ""v"": 14}, {""u"": 9, ""v"": 2}, {""u"": 9, ""v"": 5}, {""u"": 9, ""v"": 17}, {""u"": 10, ""v"": 17}, {""u"": 10, ""v"": 18}, {""u"": 14, ""v"": 11}, {""u"": 18, ""v"": 6}, {""u"": 18, ""v"": 17}, {""u"": 7, ""v"": 8}, {""u"": 5, ""v"": 2}, {""u"": 5, ""v"": 8}, {""u"": 5, ""v"": 17}, {""u"": 6, ""v"": 8}, {""u"": 2, ""v"": 0}, {""u"": 8, ""v"": 0}, {""u"": 8, ""v"": 17}, {""u"": 17, ""v"": 11}]}","[1, 2, 3, 4, 5, 8, 11, 12, 13, 16, 17, 18, 19]"
MVC_L_018,MVC,L,18,"Recently the museum’s night team had to work out where to place guards so that every corridor between two exhibits had at least one monitored end. The job is to choose a set of exhibits to guard, and a good plan is simply the one with the smallest number of guards — count them and the lower total wins. It’s required that no passageway be left without a guarded endpoint, and duplicate staffing at the same exhibit should be avoided. The detailed plan and data appear below.

There are 24 exhibits and 46 passageways in the layout.
Corridor between exhibits 17 and 6 — at least one end must be guarded.
Corridor between exhibits 17 and 12 — at least one end must be guarded.
Corridor between exhibits 17 and 18 — at least one end must be guarded.
Corridor between exhibits 17 and 19 — at least one end must be guarded.
Corridor between exhibits 2 and 9 — at least one end must be guarded.
Corridor between exhibits 2 and 19 — at least one end must be guarded.
Corridor between exhibits 20 and 3 — at least one end must be guarded.
Corridor between exhibits 20 and 7 — at least one end must be guarded.
Corridor between exhibits 20 and 15 — at least one end must be guarded.
Corridor between exhibits 21 and 8 — at least one end must be guarded.
Corridor between exhibits 21 and 13 — at least one end must be guarded.
Corridor between exhibits 21 and 22 — at least one end must be guarded.
Corridor between exhibits 22 and 8 — at least one end must be guarded.
Corridor between exhibits 22 and 14 — at least one end must be guarded.
Corridor between exhibits 22 and 23 — at least one end must be guarded.
Corridor between exhibits 23 and 1 — at least one end must be guarded.
Corridor between exhibits 23 and 8 — at least one end must be guarded.
Corridor between exhibits 13 and 4 — at least one end must be guarded.
Corridor between exhibits 13 and 5 — at least one end must be guarded.
Corridor between exhibits 13 and 6 — at least one end must be guarded.
Corridor between exhibits 13 and 12 — at least one end must be guarded.
Corridor between exhibits 14 and 8 — at least one end must be guarded.
Corridor between exhibits 15 and 3 — at least one end must be guarded.
Corridor between exhibits 15 and 7 — at least one end must be guarded.
Corridor between exhibits 15 and 8 — at least one end must be guarded.
Corridor between exhibits 8 and 1 — at least one end must be guarded.
Corridor between exhibits 8 and 3 — at least one end must be guarded.
Corridor between exhibits 8 and 4 — at least one end must be guarded.
Corridor between exhibits 8 and 7 — at least one end must be guarded.
Corridor between exhibits 8 and 11 — at least one end must be guarded.
Corridor between exhibits 8 and 16 — at least one end must be guarded.
Corridor between exhibits 8 and 18 — at least one end must be guarded.
Corridor between exhibits 9 and 3 — at least one end must be guarded.
Corridor between exhibits 9 and 18 — at least one end must be guarded.
Corridor between exhibits 9 and 19 — at least one end must be guarded.
Corridor between exhibits 4 and 6 — at least one end must be guarded.
Corridor between exhibits 0 and 5 — at least one end must be guarded.
Corridor between exhibits 0 and 12 — at least one end must be guarded.
Corridor between exhibits 6 and 16 — at least one end must be guarded.
Corridor between exhibits 10 and 12 — at least one end must be guarded.
Corridor between exhibits 10 and 19 — at least one end must be guarded.
Corridor between exhibits 3 and 19 — at least one end must be guarded.
Corridor between exhibits 1 and 11 — at least one end must be guarded.
Corridor between exhibits 16 and 18 — at least one end must be guarded.
Corridor between exhibits 11 and 7 — at least one end must be guarded.
Corridor between exhibits 12 and 19 — at least one end must be guarded.
The team aims to minimize the number of guarded exhibits while ensuring all 46 passageways are covered.

Also, when you send back the plan, please stick to a simple JSON layout like this so it's easy to read and check:

{
  ""solution"": [""exhibit_id"", ""exhibit_id"", ...]
}

Here I'm just using ""exhibit_id"" in place of the original placeholder to fit the museum story — ""solution"" should be a list of the exhibits where you'll station guards. Think of it like filling out a short form: each entry is the label of an exhibit that will be staffed. This block is only a sketch of the expected shape, not the actual answer.

All identifiers in your actual reply must be used exactly as they appear in the instance input — no renaming and no new labels.
- for example: ""Valid identifiers look like plain numbers such as “1” or “23”, single capital letters like “A” or “B”, or a capital letter followed by digits like “A1” or “X7”.""",nl,zero_based,"{""problem_type"": ""MVC"", ""num_nodes"": 24, ""num_edges"": 46, ""edges"": [{""u"": 18, ""v"": 7}, {""u"": 18, ""v"": 13}, {""u"": 18, ""v"": 19}, {""u"": 18, ""v"": 20}, {""u"": 3, ""v"": 10}, {""u"": 3, ""v"": 20}, {""u"": 21, ""v"": 4}, {""u"": 21, ""v"": 8}, {""u"": 21, ""v"": 16}, {""u"": 22, ""v"": 9}, {""u"": 22, ""v"": 14}, {""u"": 22, ""v"": 23}, {""u"": 23, ""v"": 9}, {""u"": 23, ""v"": 15}, {""u"": 23, ""v"": 24}, {""u"": 24, ""v"": 2}, {""u"": 24, ""v"": 9}, {""u"": 14, ""v"": 5}, {""u"": 14, ""v"": 6}, {""u"": 14, ""v"": 7}, {""u"": 14, ""v"": 13}, {""u"": 15, ""v"": 9}, {""u"": 16, ""v"": 4}, {""u"": 16, ""v"": 8}, {""u"": 16, ""v"": 9}, {""u"": 9, ""v"": 2}, {""u"": 9, ""v"": 4}, {""u"": 9, ""v"": 5}, {""u"": 9, ""v"": 8}, {""u"": 9, ""v"": 12}, {""u"": 9, ""v"": 17}, {""u"": 9, ""v"": 19}, {""u"": 10, ""v"": 4}, {""u"": 10, ""v"": 19}, {""u"": 10, ""v"": 20}, {""u"": 5, ""v"": 7}, {""u"": 1, ""v"": 6}, {""u"": 1, ""v"": 13}, {""u"": 7, ""v"": 17}, {""u"": 11, ""v"": 13}, {""u"": 11, ""v"": 20}, {""u"": 4, ""v"": 20}, {""u"": 2, ""v"": 12}, {""u"": 17, ""v"": 19}, {""u"": 12, ""v"": 8}, {""u"": 13, ""v"": 20}], ""source_file"": ""vt2010.mtx"", ""density"": 0.16666666666666666, ""viz_instance"": ""generated_data/MVC/viz/MVC_L/instance_0017.png"", ""viz_solution"": ""generated_data/MVC/viz/MVC_L/solution_0017.png"", ""edge_connectivity"": 2}","[2, 6, 7, 8, 9, 10, 13, 14, 16, 19, 20, 21, 23]",13.0,"{""num_nodes"": 24, ""num_edges"": 46, ""edges"": [{""u"": 17, ""v"": 6}, {""u"": 17, ""v"": 12}, {""u"": 17, ""v"": 18}, {""u"": 17, ""v"": 19}, {""u"": 2, ""v"": 9}, {""u"": 2, ""v"": 19}, {""u"": 20, ""v"": 3}, {""u"": 20, ""v"": 7}, {""u"": 20, ""v"": 15}, {""u"": 21, ""v"": 8}, {""u"": 21, ""v"": 13}, {""u"": 21, ""v"": 22}, {""u"": 22, ""v"": 8}, {""u"": 22, ""v"": 14}, {""u"": 22, ""v"": 23}, {""u"": 23, ""v"": 1}, {""u"": 23, ""v"": 8}, {""u"": 13, ""v"": 4}, {""u"": 13, ""v"": 5}, {""u"": 13, ""v"": 6}, {""u"": 13, ""v"": 12}, {""u"": 14, ""v"": 8}, {""u"": 15, ""v"": 3}, {""u"": 15, ""v"": 7}, {""u"": 15, ""v"": 8}, {""u"": 8, ""v"": 1}, {""u"": 8, ""v"": 3}, {""u"": 8, ""v"": 4}, {""u"": 8, ""v"": 7}, {""u"": 8, ""v"": 11}, {""u"": 8, ""v"": 16}, {""u"": 8, ""v"": 18}, {""u"": 9, ""v"": 3}, {""u"": 9, ""v"": 18}, {""u"": 9, ""v"": 19}, {""u"": 4, ""v"": 6}, {""u"": 0, ""v"": 5}, {""u"": 0, ""v"": 12}, {""u"": 6, ""v"": 16}, {""u"": 10, ""v"": 12}, {""u"": 10, ""v"": 19}, {""u"": 3, ""v"": 19}, {""u"": 1, ""v"": 11}, {""u"": 16, ""v"": 18}, {""u"": 11, ""v"": 7}, {""u"": 12, ""v"": 19}]}","[1, 5, 6, 7, 8, 9, 12, 13, 15, 18, 19, 20, 22]"
MVC_L_019,MVC,L,19,"Back when scheduling inspections, the trick was to choose which flats to visit so that for every wall two neighbors share, at least one neighbor’s alarm gets inspected. A better schedule uses fewer apartment visits; the score is just the number of units inspected. It’s mandatory that each shared wall be covered by at least one checked apartment, and repeating inspections on the same unit is pointless. The specific apartment connections and details are presented below.

# total_apartments=23
# total_shared_walls=47
apartment_a,apartment_b
G,A
G,H
G,U
C,A
C,B
C,E
I,A
I,O
I,R
I,V
P,D
P,H
P,S
H,J
M,A
M,R
M,V
N,D
N,K
N,S
N,T
O,L
O,Q
O,V
Q,A
Q,T
Q,U
R,A
R,V
S,D
S,K
T,J
T,L
U,A
U,J
V,A
V,E
V,W
W,L
J,D
K,L
E,A
E,B
E,F
F,A
F,B
A,B

If you want to hand me the picks in a neat, machine-friendly way, just follow this little JSON shape:

{
  ""solution"": [""apartment_id"", ""apartment_id"", ...]
}

Think of ""solution"" as the list of apartments you'll visit to cover every shared wall — each item is one apartment identifier from the input. The fewer entries, the better the schedule. This is just a sketch of the shape I expect, not the actual answer.

Please use the identifiers exactly as they're given in the instance input — don't rename them or invent new labels.
- for example: ""Valid identifiers look like plain numbers such as “1” or “23”, single capital letters like “A” or “B”, or a capital letter followed by digits like “A1” or “X7”.""",csv,names,"{""problem_type"": ""MVC"", ""num_nodes"": 23, ""num_edges"": 47, ""edges"": [{""u"": 7, ""v"": 1}, {""u"": 7, ""v"": 8}, {""u"": 7, ""v"": 21}, {""u"": 3, ""v"": 1}, {""u"": 3, ""v"": 2}, {""u"": 3, ""v"": 5}, {""u"": 9, ""v"": 1}, {""u"": 9, ""v"": 15}, {""u"": 9, ""v"": 18}, {""u"": 9, ""v"": 22}, {""u"": 16, ""v"": 4}, {""u"": 16, ""v"": 8}, {""u"": 16, ""v"": 19}, {""u"": 8, ""v"": 10}, {""u"": 13, ""v"": 1}, {""u"": 13, ""v"": 18}, {""u"": 13, ""v"": 22}, {""u"": 14, ""v"": 4}, {""u"": 14, ""v"": 11}, {""u"": 14, ""v"": 19}, {""u"": 14, ""v"": 20}, {""u"": 15, ""v"": 12}, {""u"": 15, ""v"": 17}, {""u"": 15, ""v"": 22}, {""u"": 17, ""v"": 1}, {""u"": 17, ""v"": 20}, {""u"": 17, ""v"": 21}, {""u"": 18, ""v"": 1}, {""u"": 18, ""v"": 22}, {""u"": 19, ""v"": 4}, {""u"": 19, ""v"": 11}, {""u"": 20, ""v"": 10}, {""u"": 20, ""v"": 12}, {""u"": 21, ""v"": 1}, {""u"": 21, ""v"": 10}, {""u"": 22, ""v"": 1}, {""u"": 22, ""v"": 5}, {""u"": 22, ""v"": 23}, {""u"": 23, ""v"": 12}, {""u"": 10, ""v"": 4}, {""u"": 11, ""v"": 12}, {""u"": 5, ""v"": 1}, {""u"": 5, ""v"": 2}, {""u"": 5, ""v"": 6}, {""u"": 6, ""v"": 1}, {""u"": 6, ""v"": 2}, {""u"": 1, ""v"": 2}], ""source_file"": ""wi2010.mtx"", ""density"": 0.1857707509881423, ""viz_instance"": ""generated_data/MVC/viz/MVC_L/instance_0018.png"", ""viz_solution"": ""generated_data/MVC/viz/MVC_L/solution_0018.png"", ""edge_connectivity"": 2}","[1, 2, 4, 5, 8, 12, 14, 15, 18, 19, 20, 21, 22]",13.0,"{""num_nodes"": 23, ""num_edges"": 47, ""edges"": [{""u"": ""G"", ""v"": ""A""}, {""u"": ""G"", ""v"": ""H""}, {""u"": ""G"", ""v"": ""U""}, {""u"": ""C"", ""v"": ""A""}, {""u"": ""C"", ""v"": ""B""}, {""u"": ""C"", ""v"": ""E""}, {""u"": ""I"", ""v"": ""A""}, {""u"": ""I"", ""v"": ""O""}, {""u"": ""I"", ""v"": ""R""}, {""u"": ""I"", ""v"": ""V""}, {""u"": ""P"", ""v"": ""D""}, {""u"": ""P"", ""v"": ""H""}, {""u"": ""P"", ""v"": ""S""}, {""u"": ""H"", ""v"": ""J""}, {""u"": ""M"", ""v"": ""A""}, {""u"": ""M"", ""v"": ""R""}, {""u"": ""M"", ""v"": ""V""}, {""u"": ""N"", ""v"": ""D""}, {""u"": ""N"", ""v"": ""K""}, {""u"": ""N"", ""v"": ""S""}, {""u"": ""N"", ""v"": ""T""}, {""u"": ""O"", ""v"": ""L""}, {""u"": ""O"", ""v"": ""Q""}, {""u"": ""O"", ""v"": ""V""}, {""u"": ""Q"", ""v"": ""A""}, {""u"": ""Q"", ""v"": ""T""}, {""u"": ""Q"", ""v"": ""U""}, {""u"": ""R"", ""v"": ""A""}, {""u"": ""R"", ""v"": ""V""}, {""u"": ""S"", ""v"": ""D""}, {""u"": ""S"", ""v"": ""K""}, {""u"": ""T"", ""v"": ""J""}, {""u"": ""T"", ""v"": ""L""}, {""u"": ""U"", ""v"": ""A""}, {""u"": ""U"", ""v"": ""J""}, {""u"": ""V"", ""v"": ""A""}, {""u"": ""V"", ""v"": ""E""}, {""u"": ""V"", ""v"": ""W""}, {""u"": ""W"", ""v"": ""L""}, {""u"": ""J"", ""v"": ""D""}, {""u"": ""K"", ""v"": ""L""}, {""u"": ""E"", ""v"": ""A""}, {""u"": ""E"", ""v"": ""B""}, {""u"": ""E"", ""v"": ""F""}, {""u"": ""F"", ""v"": ""A""}, {""u"": ""F"", ""v"": ""B""}, {""u"": ""A"", ""v"": ""B""}]}","[""A"", ""B"", ""D"", ""E"", ""H"", ""L"", ""N"", ""O"", ""R"", ""S"", ""T"", ""U"", ""V""]"
MVC_L_020,MVC,L,20,"In the office a coordinator has to choose which tasks to personally oversee so that no dependency between two tasks is left without at least one supervised endpoint. The decision is which tasks end up on that oversight roster; the better roster is the one with fewer personally monitored tasks that still touches every dependency. Evaluate a roster by tallying the distinct tasks being monitored — that tally is the score to minimize — and verify that every dependency has at least one watched task and that tasks aren’t double-counted. The detailed task list and dependencies are shown below.

{
  ""total_tasks"": 22,
  ""total_dependencies"": 44,
  ""edges"": [
    {
      ""dependency_task_a"": ""U"",
      ""dependency_task_b"": ""J""
    },
    {
      ""dependency_task_a"": ""U"",
      ""dependency_task_b"": ""T""
    },
    {
      ""dependency_task_a"": ""Q"",
      ""dependency_task_b"": ""C""
    },
    {
      ""dependency_task_a"": ""Q"",
      ""dependency_task_b"": ""G""
    },
    {
      ""dependency_task_a"": ""Q"",
      ""dependency_task_b"": ""R""
    },
    {
      ""dependency_task_a"": ""Q"",
      ""dependency_task_b"": ""S""
    },
    {
      ""dependency_task_a"": ""G"",
      ""dependency_task_b"": ""C""
    },
    {
      ""dependency_task_a"": ""G"",
      ""dependency_task_b"": ""F""
    },
    {
      ""dependency_task_a"": ""G"",
      ""dependency_task_b"": ""K""
    },
    {
      ""dependency_task_a"": ""G"",
      ""dependency_task_b"": ""R""
    },
    {
      ""dependency_task_a"": ""B"",
      ""dependency_task_b"": ""A""
    },
    {
      ""dependency_task_a"": ""B"",
      ""dependency_task_b"": ""H""
    },
    {
      ""dependency_task_a"": ""B"",
      ""dependency_task_b"": ""L""
    },
    {
      ""dependency_task_a"": ""B"",
      ""dependency_task_b"": ""R""
    },
    {
      ""dependency_task_a"": ""P"",
      ""dependency_task_b"": ""C""
    },
    {
      ""dependency_task_a"": ""P"",
      ""dependency_task_b"": ""E""
    },
    {
      ""dependency_task_a"": ""P"",
      ""dependency_task_b"": ""I""
    },
    {
      ""dependency_task_a"": ""P"",
      ""dependency_task_b"": ""J""
    },
    {
      ""dependency_task_a"": ""R"",
      ""dependency_task_b"": ""L""
    },
    {
      ""dependency_task_a"": ""R"",
      ""dependency_task_b"": ""S""
    },
    {
      ""dependency_task_a"": ""T"",
      ""dependency_task_b"": ""C""
    },
    {
      ""dependency_task_a"": ""T"",
      ""dependency_task_b"": ""D""
    },
    {
      ""dependency_task_a"": ""T"",
      ""dependency_task_b"": ""J""
    },
    {
      ""dependency_task_a"": ""T"",
      ""dependency_task_b"": ""O""
    },
    {
      ""dependency_task_a"": ""V"",
      ""dependency_task_b"": ""C""
    },
    {
      ""dependency_task_a"": ""V"",
      ""dependency_task_b"": ""I""
    },
    {
      ""dependency_task_a"": ""V"",
      ""dependency_task_b"": ""M""
    },
    {
      ""dependency_task_a"": ""V"",
      ""dependency_task_b"": ""N""
    },
    {
      ""dependency_task_a"": ""C"",
      ""dependency_task_b"": ""A""
    },
    {
      ""dependency_task_a"": ""C"",
      ""dependency_task_b"": ""H""
    },
    {
      ""dependency_task_a"": ""C"",
      ""dependency_task_b"": ""J""
    },
    {
      ""dependency_task_a"": ""C"",
      ""dependency_task_b"": ""K""
    },
    {
      ""dependency_task_a"": ""C"",
      ""dependency_task_b"": ""N""
    },
    {
      ""dependency_task_a"": ""L"",
      ""dependency_task_b"": ""A""
    },
    {
      ""dependency_task_a"": ""L"",
      ""dependency_task_b"": ""S""
    },
    {
      ""dependency_task_a"": ""S"",
      ""dependency_task_b"": ""A""
    },
    {
      ""dependency_task_a"": ""E"",
      ""dependency_task_b"": ""D""
    },
    {
      ""dependency_task_a"": ""E"",
      ""dependency_task_b"": ""J""
    },
    {
      ""dependency_task_a"": ""A"",
      ""dependency_task_b"": ""H""
    },
    {
      ""dependency_task_a"": ""O"",
      ""dependency_task_b"": ""D""
    },
    {
      ""dependency_task_a"": ""O"",
      ""dependency_task_b"": ""H""
    },
    {
      ""dependency_task_a"": ""F"",
      ""dependency_task_b"": ""K""
    },
    {
      ""dependency_task_a"": ""K"",
      ""dependency_task_b"": ""N""
    },
    {
      ""dependency_task_a"": ""N"",
      ""dependency_task_b"": ""M""
    }
  ]
}

Also, when you tell me which tasks end up on the oversight roster, please use this simple JSON layout so it's easy to read and check:

{
  ""solution"": [""task_id"", ""task_id"", ...]
}

Think of this as a little form: ""solution"" is the list of task identifiers you're choosing to personally monitor. The ""task_id"" entries are placeholders showing the shape — don't send that literal text as your answer, it's just an example.

This JSON is only a sketch of the expected shape, not the actual answer. Use the exact identifiers from the instance input — no renaming and no new labels. Valid identifiers look like plain numbers such as “1” or “23”, single capital letters like “A” or “B”, or a capital letter followed by digits like “A1” or “X7”.",json,names,"{""problem_type"": ""MVC"", ""num_nodes"": 22, ""num_edges"": 44, ""edges"": [{""u"": 21, ""v"": 10}, {""u"": 21, ""v"": 20}, {""u"": 17, ""v"": 3}, {""u"": 17, ""v"": 7}, {""u"": 17, ""v"": 18}, {""u"": 17, ""v"": 19}, {""u"": 7, ""v"": 3}, {""u"": 7, ""v"": 6}, {""u"": 7, ""v"": 11}, {""u"": 7, ""v"": 18}, {""u"": 2, ""v"": 1}, {""u"": 2, ""v"": 8}, {""u"": 2, ""v"": 12}, {""u"": 2, ""v"": 18}, {""u"": 16, ""v"": 3}, {""u"": 16, ""v"": 5}, {""u"": 16, ""v"": 9}, {""u"": 16, ""v"": 10}, {""u"": 18, ""v"": 12}, {""u"": 18, ""v"": 19}, {""u"": 20, ""v"": 3}, {""u"": 20, ""v"": 4}, {""u"": 20, ""v"": 10}, {""u"": 20, ""v"": 15}, {""u"": 22, ""v"": 3}, {""u"": 22, ""v"": 9}, {""u"": 22, ""v"": 13}, {""u"": 22, ""v"": 14}, {""u"": 3, ""v"": 1}, {""u"": 3, ""v"": 8}, {""u"": 3, ""v"": 10}, {""u"": 3, ""v"": 11}, {""u"": 3, ""v"": 14}, {""u"": 12, ""v"": 1}, {""u"": 12, ""v"": 19}, {""u"": 19, ""v"": 1}, {""u"": 5, ""v"": 4}, {""u"": 5, ""v"": 10}, {""u"": 1, ""v"": 8}, {""u"": 15, ""v"": 4}, {""u"": 15, ""v"": 8}, {""u"": 6, ""v"": 11}, {""u"": 11, ""v"": 14}, {""u"": 14, ""v"": 13}], ""source_file"": ""wa2010.mtx"", ""density"": 0.19047619047619047, ""viz_instance"": ""generated_data/MVC/viz/MVC_L/instance_0019.png"", ""viz_solution"": ""generated_data/MVC/viz/MVC_L/solution_0019.png"", ""edge_connectivity"": 2}","[1, 4, 7, 8, 10, 11, 12, 14, 16, 17, 18, 20, 22]",13.0,"{""num_nodes"": 22, ""num_edges"": 44, ""edges"": [{""u"": ""U"", ""v"": ""J""}, {""u"": ""U"", ""v"": ""T""}, {""u"": ""Q"", ""v"": ""C""}, {""u"": ""Q"", ""v"": ""G""}, {""u"": ""Q"", ""v"": ""R""}, {""u"": ""Q"", ""v"": ""S""}, {""u"": ""G"", ""v"": ""C""}, {""u"": ""G"", ""v"": ""F""}, {""u"": ""G"", ""v"": ""K""}, {""u"": ""G"", ""v"": ""R""}, {""u"": ""B"", ""v"": ""A""}, {""u"": ""B"", ""v"": ""H""}, {""u"": ""B"", ""v"": ""L""}, {""u"": ""B"", ""v"": ""R""}, {""u"": ""P"", ""v"": ""C""}, {""u"": ""P"", ""v"": ""E""}, {""u"": ""P"", ""v"": ""I""}, {""u"": ""P"", ""v"": ""J""}, {""u"": ""R"", ""v"": ""L""}, {""u"": ""R"", ""v"": ""S""}, {""u"": ""T"", ""v"": ""C""}, {""u"": ""T"", ""v"": ""D""}, {""u"": ""T"", ""v"": ""J""}, {""u"": ""T"", ""v"": ""O""}, {""u"": ""V"", ""v"": ""C""}, {""u"": ""V"", ""v"": ""I""}, {""u"": ""V"", ""v"": ""M""}, {""u"": ""V"", ""v"": ""N""}, {""u"": ""C"", ""v"": ""A""}, {""u"": ""C"", ""v"": ""H""}, {""u"": ""C"", ""v"": ""J""}, {""u"": ""C"", ""v"": ""K""}, {""u"": ""C"", ""v"": ""N""}, {""u"": ""L"", ""v"": ""A""}, {""u"": ""L"", ""v"": ""S""}, {""u"": ""S"", ""v"": ""A""}, {""u"": ""E"", ""v"": ""D""}, {""u"": ""E"", ""v"": ""J""}, {""u"": ""A"", ""v"": ""H""}, {""u"": ""O"", ""v"": ""D""}, {""u"": ""O"", ""v"": ""H""}, {""u"": ""F"", ""v"": ""K""}, {""u"": ""K"", ""v"": ""N""}, {""u"": ""N"", ""v"": ""M""}]}","[""A"", ""D"", ""G"", ""H"", ""J"", ""K"", ""L"", ""N"", ""P"", ""Q"", ""R"", ""T"", ""V""]"
MVC_L_021,MVC,L,21,"Many people on the ops team prefer to keep logging tight, so the admin was asked to pick a small set of servers to monitor more closely; the rule is that for every pair that exchanges data directly, at least one of those two machines must have enhanced logging. A selection is judged by how small it is — total the unique servers with logging and aim to minimize that number. Every direct connection needs to be covered, and a server only counts once even if it covers several links. The concrete details of which servers connect to which are listed below.

# total_servers=21
# total_direct_data_links=47
server_a,server_b
D,H
D,J
D,K
N,C
N,F
N,O
N,U
O,B
O,F
O,P
O,R
O,U
I,A
I,G
I,M
I,Q
J,A
J,K
J,L
J,S
L,E
L,H
L,S
P,H
P,R
P,U
A,G
A,S
C,H
C,T
C,U
B,E
B,F
B,R
B,S
Q,F
Q,M
E,H
E,R
E,S
F,M
F,S
G,K
M,S
H,K
H,R
H,T

If you want to hand the answer to me, just drop it in this little JSON shape so I can read it easily:

{
  ""solution"": [""server_id"", ""server_id"", ...]
}

That's just a sketch: ""solution"" should be an array listing the servers you picked for enhanced logging. Put each server identifier inside the array (one entry per server). Think of it like filling out a short form — the array is where you list the selected machines.

This JSON is only the expected shape, not the real answer — fill it with the actual identifiers from the instance when you send the final selection. Please use the exact identifiers given in the input, with no renaming and no new labels.

- for example: ""Valid identifiers look like plain numbers such as “1” or “23”, single capital letters like “A” or “B”, or a capital letter followed by digits like “A1” or “X7”.""",csv,names,"{""problem_type"": ""MVC"", ""num_nodes"": 21, ""num_edges"": 47, ""edges"": [{""u"": 4, ""v"": 8}, {""u"": 4, ""v"": 10}, {""u"": 4, ""v"": 11}, {""u"": 14, ""v"": 3}, {""u"": 14, ""v"": 6}, {""u"": 14, ""v"": 15}, {""u"": 14, ""v"": 21}, {""u"": 15, ""v"": 2}, {""u"": 15, ""v"": 6}, {""u"": 15, ""v"": 16}, {""u"": 15, ""v"": 18}, {""u"": 15, ""v"": 21}, {""u"": 9, ""v"": 1}, {""u"": 9, ""v"": 7}, {""u"": 9, ""v"": 13}, {""u"": 9, ""v"": 17}, {""u"": 10, ""v"": 1}, {""u"": 10, ""v"": 11}, {""u"": 10, ""v"": 12}, {""u"": 10, ""v"": 19}, {""u"": 12, ""v"": 5}, {""u"": 12, ""v"": 8}, {""u"": 12, ""v"": 19}, {""u"": 16, ""v"": 8}, {""u"": 16, ""v"": 18}, {""u"": 16, ""v"": 21}, {""u"": 1, ""v"": 7}, {""u"": 1, ""v"": 19}, {""u"": 3, ""v"": 8}, {""u"": 3, ""v"": 20}, {""u"": 3, ""v"": 21}, {""u"": 2, ""v"": 5}, {""u"": 2, ""v"": 6}, {""u"": 2, ""v"": 18}, {""u"": 2, ""v"": 19}, {""u"": 17, ""v"": 6}, {""u"": 17, ""v"": 13}, {""u"": 5, ""v"": 8}, {""u"": 5, ""v"": 18}, {""u"": 5, ""v"": 19}, {""u"": 6, ""v"": 13}, {""u"": 6, ""v"": 19}, {""u"": 7, ""v"": 11}, {""u"": 13, ""v"": 19}, {""u"": 8, ""v"": 11}, {""u"": 8, ""v"": 18}, {""u"": 8, ""v"": 20}], ""source_file"": ""vt2010.mtx"", ""density"": 0.22380952380952382, ""viz_instance"": ""generated_data/MVC/viz/MVC_L/instance_0020.png"", ""viz_solution"": ""generated_data/MVC/viz/MVC_L/solution_0020.png"", ""edge_connectivity"": 2}","[1, 3, 5, 6, 8, 9, 10, 11, 13, 15, 18, 19, 21]",13.0,"{""num_nodes"": 21, ""num_edges"": 47, ""edges"": [{""u"": ""D"", ""v"": ""H""}, {""u"": ""D"", ""v"": ""J""}, {""u"": ""D"", ""v"": ""K""}, {""u"": ""N"", ""v"": ""C""}, {""u"": ""N"", ""v"": ""F""}, {""u"": ""N"", ""v"": ""O""}, {""u"": ""N"", ""v"": ""U""}, {""u"": ""O"", ""v"": ""B""}, {""u"": ""O"", ""v"": ""F""}, {""u"": ""O"", ""v"": ""P""}, {""u"": ""O"", ""v"": ""R""}, {""u"": ""O"", ""v"": ""U""}, {""u"": ""I"", ""v"": ""A""}, {""u"": ""I"", ""v"": ""G""}, {""u"": ""I"", ""v"": ""M""}, {""u"": ""I"", ""v"": ""Q""}, {""u"": ""J"", ""v"": ""A""}, {""u"": ""J"", ""v"": ""K""}, {""u"": ""J"", ""v"": ""L""}, {""u"": ""J"", ""v"": ""S""}, {""u"": ""L"", ""v"": ""E""}, {""u"": ""L"", ""v"": ""H""}, {""u"": ""L"", ""v"": ""S""}, {""u"": ""P"", ""v"": ""H""}, {""u"": ""P"", ""v"": ""R""}, {""u"": ""P"", ""v"": ""U""}, {""u"": ""A"", ""v"": ""G""}, {""u"": ""A"", ""v"": ""S""}, {""u"": ""C"", ""v"": ""H""}, {""u"": ""C"", ""v"": ""T""}, {""u"": ""C"", ""v"": ""U""}, {""u"": ""B"", ""v"": ""E""}, {""u"": ""B"", ""v"": ""F""}, {""u"": ""B"", ""v"": ""R""}, {""u"": ""B"", ""v"": ""S""}, {""u"": ""Q"", ""v"": ""F""}, {""u"": ""Q"", ""v"": ""M""}, {""u"": ""E"", ""v"": ""H""}, {""u"": ""E"", ""v"": ""R""}, {""u"": ""E"", ""v"": ""S""}, {""u"": ""F"", ""v"": ""M""}, {""u"": ""F"", ""v"": ""S""}, {""u"": ""G"", ""v"": ""K""}, {""u"": ""M"", ""v"": ""S""}, {""u"": ""H"", ""v"": ""K""}, {""u"": ""H"", ""v"": ""R""}, {""u"": ""H"", ""v"": ""T""}]}","[""A"", ""C"", ""E"", ""F"", ""H"", ""I"", ""J"", ""K"", ""M"", ""O"", ""R"", ""S"", ""U""]"
MVC_L_022,MVC,L,22,"Many people would tackle this by marking certain rooms with pet gates so that no doorway between two rooms is left unchecked. The requirement is: every doorway must have at least one of its two rooms gated. The preferred choice is the one that uses the least number of gated rooms — the objective is just the total number of rooms with gates, and lower totals are better. Ensure every doorway has coverage and don’t double-count any room. The exact plan for the rooms appears below.

There are 19 rooms in total and 34 doorways.

| room_endpoint_one | room_endpoint_two |
|---|---|
| 13 | 1 |
| 13 | 9 |
| 13 | 15 |
| 10 | 2 |
| 1 | 0 |
| 1 | 3 |
| 1 | 9 |
| 1 | 16 |
| 2 | 3 |
| 2 | 7 |
| 2 | 8 |
| 2 | 14 |
| 2 | 17 |
| 2 | 18 |
| 14 | 3 |
| 14 | 18 |
| 3 | 5 |
| 3 | 6 |
| 3 | 8 |
| 3 | 9 |
| 3 | 16 |
| 3 | 17 |
| 16 | 0 |
| 16 | 5 |
| 16 | 12 |
| 15 | 9 |
| 4 | 6 |
| 4 | 7 |
| 17 | 6 |
| 17 | 7 |
| 6 | 7 |
| 6 | 9 |
| 11 | 5 |
| 11 | 12 |

If you want to hand me the plan in a tidy, machine-friendly way, just use a small JSON snippet like this:

{
  ""solution"": [""room_id"", ""room_id"", ...]
}

""solution"" is the list of rooms you plan to put gates on — one identifier per gated room. Think of it like a short form: put each room label from the instance in the array, and that's your plan. This JSON is just a sketch of the shape I expect, not the actual answer.

All identifiers must be used exactly as they appear in the instance input — no renaming and no new labels.
- for example: ""Valid identifiers look like plain numbers such as “1” or “23”, single capital letters like “A” or “B”, or a capital letter followed by digits like “A1” or “X7”.""",markdown_table,zero_based,"{""problem_type"": ""MVC"", ""num_nodes"": 19, ""num_edges"": 34, ""edges"": [{""u"": 14, ""v"": 2}, {""u"": 14, ""v"": 10}, {""u"": 14, ""v"": 16}, {""u"": 11, ""v"": 3}, {""u"": 2, ""v"": 1}, {""u"": 2, ""v"": 4}, {""u"": 2, ""v"": 10}, {""u"": 2, ""v"": 17}, {""u"": 3, ""v"": 4}, {""u"": 3, ""v"": 8}, {""u"": 3, ""v"": 9}, {""u"": 3, ""v"": 15}, {""u"": 3, ""v"": 18}, {""u"": 3, ""v"": 19}, {""u"": 15, ""v"": 4}, {""u"": 15, ""v"": 19}, {""u"": 4, ""v"": 6}, {""u"": 4, ""v"": 7}, {""u"": 4, ""v"": 9}, {""u"": 4, ""v"": 10}, {""u"": 4, ""v"": 17}, {""u"": 4, ""v"": 18}, {""u"": 17, ""v"": 1}, {""u"": 17, ""v"": 6}, {""u"": 17, ""v"": 13}, {""u"": 16, ""v"": 10}, {""u"": 5, ""v"": 7}, {""u"": 5, ""v"": 8}, {""u"": 18, ""v"": 7}, {""u"": 18, ""v"": 8}, {""u"": 7, ""v"": 8}, {""u"": 7, ""v"": 10}, {""u"": 12, ""v"": 6}, {""u"": 12, ""v"": 13}], ""source_file"": ""wa2010.mtx"", ""density"": 0.19883040935672514, ""viz_instance"": ""generated_data/MVC/viz/MVC_L/instance_0021.png"", ""viz_solution"": ""generated_data/MVC/viz/MVC_L/solution_0021.png"", ""edge_connectivity"": 1}","[2, 3, 4, 7, 8, 10, 12, 14, 15, 17]",10.0,"{""num_nodes"": 19, ""num_edges"": 34, ""edges"": [{""u"": 13, ""v"": 1}, {""u"": 13, ""v"": 9}, {""u"": 13, ""v"": 15}, {""u"": 10, ""v"": 2}, {""u"": 1, ""v"": 0}, {""u"": 1, ""v"": 3}, {""u"": 1, ""v"": 9}, {""u"": 1, ""v"": 16}, {""u"": 2, ""v"": 3}, {""u"": 2, ""v"": 7}, {""u"": 2, ""v"": 8}, {""u"": 2, ""v"": 14}, {""u"": 2, ""v"": 17}, {""u"": 2, ""v"": 18}, {""u"": 14, ""v"": 3}, {""u"": 14, ""v"": 18}, {""u"": 3, ""v"": 5}, {""u"": 3, ""v"": 6}, {""u"": 3, ""v"": 8}, {""u"": 3, ""v"": 9}, {""u"": 3, ""v"": 16}, {""u"": 3, ""v"": 17}, {""u"": 16, ""v"": 0}, {""u"": 16, ""v"": 5}, {""u"": 16, ""v"": 12}, {""u"": 15, ""v"": 9}, {""u"": 4, ""v"": 6}, {""u"": 4, ""v"": 7}, {""u"": 17, ""v"": 6}, {""u"": 17, ""v"": 7}, {""u"": 6, ""v"": 7}, {""u"": 6, ""v"": 9}, {""u"": 11, ""v"": 5}, {""u"": 11, ""v"": 12}]}","[1, 2, 3, 6, 7, 9, 11, 13, 14, 16]"
MVC_L_023,MVC,L,23,"Back at the museum, the goal is to secure the exhibits while keeping installations minimal: pick a small group of cases to fit with vibration sensors so that any two neighboring cases have a sensor on at least one of them. The practical choice is which cases to equip so every side-by-side connection is monitored, and the plan’s score is simply the total number of sensors deployed — lower is better. No adjacent pair can be left uncovered, and adding sensors where they don’t help just raises the total count. The exact layout and which cases are next to one another will be shown below.

{
  ""total_display_cases"": 25,
  ""total_side_by_side_pairs"": 52,
  ""edges"": [
    {
      ""case_one_id"": 24,
      ""case_two_id"": 10
    },
    {
      ""case_one_id"": 24,
      ""case_two_id"": 14
    },
    {
      ""case_one_id"": 24,
      ""case_two_id"": 19
    },
    {
      ""case_one_id"": 10,
      ""case_two_id"": 5
    },
    {
      ""case_one_id"": 10,
      ""case_two_id"": 19
    },
    {
      ""case_one_id"": 11,
      ""case_two_id"": 17
    },
    {
      ""case_one_id"": 11,
      ""case_two_id"": 18
    },
    {
      ""case_one_id"": 19,
      ""case_two_id"": 2
    },
    {
      ""case_one_id"": 19,
      ""case_two_id"": 5
    },
    {
      ""case_one_id"": 19,
      ""case_two_id"": 6
    },
    {
      ""case_one_id"": 19,
      ""case_two_id"": 7
    },
    {
      ""case_one_id"": 19,
      ""case_two_id"": 8
    },
    {
      ""case_one_id"": 19,
      ""case_two_id"": 9
    },
    {
      ""case_one_id"": 19,
      ""case_two_id"": 13
    },
    {
      ""case_one_id"": 19,
      ""case_two_id"": 14
    },
    {
      ""case_one_id"": 19,
      ""case_two_id"": 18
    },
    {
      ""case_one_id"": 19,
      ""case_two_id"": 20
    },
    {
      ""case_one_id"": 19,
      ""case_two_id"": 25
    },
    {
      ""case_one_id"": 12,
      ""case_two_id"": 2
    },
    {
      ""case_one_id"": 12,
      ""case_two_id"": 16
    },
    {
      ""case_one_id"": 12,
      ""case_two_id"": 17
    },
    {
      ""case_one_id"": 12,
      ""case_two_id"": 23
    },
    {
      ""case_one_id"": 1,
      ""case_two_id"": 3
    },
    {
      ""case_one_id"": 1,
      ""case_two_id"": 20
    },
    {
      ""case_one_id"": 1,
      ""case_two_id"": 21
    },
    {
      ""case_one_id"": 1,
      ""case_two_id"": 25
    },
    {
      ""case_one_id"": 2,
      ""case_two_id"": 9
    },
    {
      ""case_one_id"": 2,
      ""case_two_id"": 15
    },
    {
      ""case_one_id"": 2,
      ""case_two_id"": 16
    },
    {
      ""case_one_id"": 2,
      ""case_two_id"": 18
    },
    {
      ""case_one_id"": 2,
      ""case_two_id"": 20
    },
    {
      ""case_one_id"": 25,
      ""case_two_id"": 3
    },
    {
      ""case_one_id"": 25,
      ""case_two_id"": 20
    },
    {
      ""case_one_id"": 25,
      ""case_two_id"": 21
    },
    {
      ""case_one_id"": 25,
      ""case_two_id"": 22
    },
    {
      ""case_one_id"": 7,
      ""case_two_id"": 5
    },
    {
      ""case_one_id"": 7,
      ""case_two_id"": 17
    },
    {
      ""case_one_id"": 7,
      ""case_two_id"": 18
    },
    {
      ""case_one_id"": 7,
      ""case_two_id"": 23
    },
    {
      ""case_one_id"": 20,
      ""case_two_id"": 3
    },
    {
      ""case_one_id"": 20,
      ""case_two_id"": 15
    },
    {
      ""case_one_id"": 20,
      ""case_two_id"": 21
    },
    {
      ""case_one_id"": 13,
      ""case_two_id"": 8
    },
    {
      ""case_one_id"": 13,
      ""case_two_id"": 14
    },
    {
      ""case_one_id"": 18,
      ""case_two_id"": 4
    },
    {
      ""case_one_id"": 18,
      ""case_two_id"": 16
    },
    {
      ""case_one_id"": 21,
      ""case_two_id"": 15
    },
    {
      ""case_one_id"": 21,
      ""case_two_id"": 23
    },
    {
      ""case_one_id"": 22,
      ""case_two_id"": 8
    },
    {
      ""case_one_id"": 16,
      ""case_two_id"": 4
    },
    {
      ""case_one_id"": 16,
      ""case_two_id"": 17
    },
    {
      ""case_one_id"": 17,
      ""case_two_id"": 23
    }
  ]
}

Oh, and when you send the chosen set of cases, please use a tiny JSON snippet like this so it's easy to read and parse:

{
  ""solution"": [""case_id"", ""case_id"", ...]
}

""solution"" should be the list of display cases where you want to put sensors — those string placeholders above are just that, placeholders. This JSON is only a sketch of the shape I expect, not the actual answer.

Please use the exact identifiers from the instance input — do not rename them or invent new labels.  
- for example: ""Valid identifiers look like plain numbers such as “1” or “23”, single capital letters like “A” or “B”, or a capital letter followed by digits like “A1” or “X7”.""",json,one_based,"{""problem_type"": ""MVC"", ""num_nodes"": 25, ""num_edges"": 52, ""edges"": [{""u"": 24, ""v"": 10}, {""u"": 24, ""v"": 14}, {""u"": 24, ""v"": 19}, {""u"": 10, ""v"": 5}, {""u"": 10, ""v"": 19}, {""u"": 11, ""v"": 17}, {""u"": 11, ""v"": 18}, {""u"": 19, ""v"": 2}, {""u"": 19, ""v"": 5}, {""u"": 19, ""v"": 6}, {""u"": 19, ""v"": 7}, {""u"": 19, ""v"": 8}, {""u"": 19, ""v"": 9}, {""u"": 19, ""v"": 13}, {""u"": 19, ""v"": 14}, {""u"": 19, ""v"": 18}, {""u"": 19, ""v"": 20}, {""u"": 19, ""v"": 25}, {""u"": 12, ""v"": 2}, {""u"": 12, ""v"": 16}, {""u"": 12, ""v"": 17}, {""u"": 12, ""v"": 23}, {""u"": 1, ""v"": 3}, {""u"": 1, ""v"": 20}, {""u"": 1, ""v"": 21}, {""u"": 1, ""v"": 25}, {""u"": 2, ""v"": 9}, {""u"": 2, ""v"": 15}, {""u"": 2, ""v"": 16}, {""u"": 2, ""v"": 18}, {""u"": 2, ""v"": 20}, {""u"": 25, ""v"": 3}, {""u"": 25, ""v"": 20}, {""u"": 25, ""v"": 21}, {""u"": 25, ""v"": 22}, {""u"": 7, ""v"": 5}, {""u"": 7, ""v"": 17}, {""u"": 7, ""v"": 18}, {""u"": 7, ""v"": 23}, {""u"": 20, ""v"": 3}, {""u"": 20, ""v"": 15}, {""u"": 20, ""v"": 21}, {""u"": 13, ""v"": 8}, {""u"": 13, ""v"": 14}, {""u"": 18, ""v"": 4}, {""u"": 18, ""v"": 16}, {""u"": 21, ""v"": 15}, {""u"": 21, ""v"": 23}, {""u"": 22, ""v"": 8}, {""u"": 16, ""v"": 4}, {""u"": 16, ""v"": 17}, {""u"": 17, ""v"": 23}], ""source_file"": ""wa2010.mtx"", ""density"": 0.17333333333333334, ""viz_instance"": ""generated_data/MVC/viz/MVC_L/instance_0022.png"", ""viz_solution"": ""generated_data/MVC/viz/MVC_L/solution_0022.png"", ""edge_connectivity"": 1}","[1, 2, 5, 8, 14, 16, 17, 18, 19, 20, 21, 23, 24, 25]",14.0,"{""num_nodes"": 25, ""num_edges"": 52, ""edges"": [{""u"": 24, ""v"": 10}, {""u"": 24, ""v"": 14}, {""u"": 24, ""v"": 19}, {""u"": 10, ""v"": 5}, {""u"": 10, ""v"": 19}, {""u"": 11, ""v"": 17}, {""u"": 11, ""v"": 18}, {""u"": 19, ""v"": 2}, {""u"": 19, ""v"": 5}, {""u"": 19, ""v"": 6}, {""u"": 19, ""v"": 7}, {""u"": 19, ""v"": 8}, {""u"": 19, ""v"": 9}, {""u"": 19, ""v"": 13}, {""u"": 19, ""v"": 14}, {""u"": 19, ""v"": 18}, {""u"": 19, ""v"": 20}, {""u"": 19, ""v"": 25}, {""u"": 12, ""v"": 2}, {""u"": 12, ""v"": 16}, {""u"": 12, ""v"": 17}, {""u"": 12, ""v"": 23}, {""u"": 1, ""v"": 3}, {""u"": 1, ""v"": 20}, {""u"": 1, ""v"": 21}, {""u"": 1, ""v"": 25}, {""u"": 2, ""v"": 9}, {""u"": 2, ""v"": 15}, {""u"": 2, ""v"": 16}, {""u"": 2, ""v"": 18}, {""u"": 2, ""v"": 20}, {""u"": 25, ""v"": 3}, {""u"": 25, ""v"": 20}, {""u"": 25, ""v"": 21}, {""u"": 25, ""v"": 22}, {""u"": 7, ""v"": 5}, {""u"": 7, ""v"": 17}, {""u"": 7, ""v"": 18}, {""u"": 7, ""v"": 23}, {""u"": 20, ""v"": 3}, {""u"": 20, ""v"": 15}, {""u"": 20, ""v"": 21}, {""u"": 13, ""v"": 8}, {""u"": 13, ""v"": 14}, {""u"": 18, ""v"": 4}, {""u"": 18, ""v"": 16}, {""u"": 21, ""v"": 15}, {""u"": 21, ""v"": 23}, {""u"": 22, ""v"": 8}, {""u"": 16, ""v"": 4}, {""u"": 16, ""v"": 17}, {""u"": 17, ""v"": 23}]}","[1, 2, 5, 8, 14, 16, 17, 18, 19, 20, 21, 23, 24, 25]"
MVC_L_024,MVC,L,24,"There’s a lab group where kids pair up over certain pieces of equipment, and the teacher’s job is to put the fewest students on duty possible so every sharing pair has a responsible student on shift. The measure of success is straightforward: how many students end up on duty — the lower the number, the better — but every pair that shares gear must have at least one person on duty, and each student is either chosen or not. The specific student-pairings and gear map are listed below.

There are 19 students in total and 33 sharing pairs.

| student_a | student_b |
|---|---|
| M | C |
| M | H |
| N | G |
| N | I |
| N | J |
| O | H |
| O | J |
| O | K |
| K | G |
| K | H |
| F | E |
| F | G |
| F | H |
| F | L |
| F | P |
| L | A |
| L | E |
| L | P |
| L | Q |
| L | R |
| G | B |
| G | H |
| G | I |
| G | P |
| H | C |
| H | D |
| B | S |
| C | D |
| R | E |
| P | S |
| Q | E |
| S | A |
| D | E |

If you want to hand the answer back in a tidy, machine-friendly way, just follow this little JSON sketch — nothing fancy needed:

{
  ""solution"": [""student_id"", ""student_id"", ...]
}

Here ""solution"" is the list of students you put on duty (one entry per chosen student). The ""student_id"" strings are just placeholders showing the format — replace them with the actual IDs from the instance when you give the real answer. This block is just a template of the shape I expect, not the final selection.

Please use the exact identifiers that appear in the instance input — do not rename them or invent new labels. Valid identifiers look like:
- plain numbers such as “1” or “23”
- single capital letters like “A” or “B”
- a capital letter followed by digits like “A1” or “X7”",markdown_table,names,"{""problem_type"": ""MVC"", ""num_nodes"": 19, ""num_edges"": 33, ""edges"": [{""u"": 13, ""v"": 3}, {""u"": 13, ""v"": 8}, {""u"": 14, ""v"": 7}, {""u"": 14, ""v"": 9}, {""u"": 14, ""v"": 10}, {""u"": 15, ""v"": 8}, {""u"": 15, ""v"": 10}, {""u"": 15, ""v"": 11}, {""u"": 11, ""v"": 7}, {""u"": 11, ""v"": 8}, {""u"": 6, ""v"": 5}, {""u"": 6, ""v"": 7}, {""u"": 6, ""v"": 8}, {""u"": 6, ""v"": 12}, {""u"": 6, ""v"": 16}, {""u"": 12, ""v"": 1}, {""u"": 12, ""v"": 5}, {""u"": 12, ""v"": 16}, {""u"": 12, ""v"": 17}, {""u"": 12, ""v"": 18}, {""u"": 7, ""v"": 2}, {""u"": 7, ""v"": 8}, {""u"": 7, ""v"": 9}, {""u"": 7, ""v"": 16}, {""u"": 8, ""v"": 3}, {""u"": 8, ""v"": 4}, {""u"": 2, ""v"": 19}, {""u"": 3, ""v"": 4}, {""u"": 18, ""v"": 5}, {""u"": 16, ""v"": 19}, {""u"": 17, ""v"": 5}, {""u"": 19, ""v"": 1}, {""u"": 4, ""v"": 5}], ""source_file"": ""wi2010.mtx"", ""density"": 0.19298245614035087, ""viz_instance"": ""generated_data/MVC/viz/MVC_L/instance_0023.png"", ""viz_solution"": ""generated_data/MVC/viz/MVC_L/solution_0023.png"", ""edge_connectivity"": 2}","[3, 5, 7, 8, 12, 14, 15, 16, 19]",9.0,"{""num_nodes"": 19, ""num_edges"": 33, ""edges"": [{""u"": ""M"", ""v"": ""C""}, {""u"": ""M"", ""v"": ""H""}, {""u"": ""N"", ""v"": ""G""}, {""u"": ""N"", ""v"": ""I""}, {""u"": ""N"", ""v"": ""J""}, {""u"": ""O"", ""v"": ""H""}, {""u"": ""O"", ""v"": ""J""}, {""u"": ""O"", ""v"": ""K""}, {""u"": ""K"", ""v"": ""G""}, {""u"": ""K"", ""v"": ""H""}, {""u"": ""F"", ""v"": ""E""}, {""u"": ""F"", ""v"": ""G""}, {""u"": ""F"", ""v"": ""H""}, {""u"": ""F"", ""v"": ""L""}, {""u"": ""F"", ""v"": ""P""}, {""u"": ""L"", ""v"": ""A""}, {""u"": ""L"", ""v"": ""E""}, {""u"": ""L"", ""v"": ""P""}, {""u"": ""L"", ""v"": ""Q""}, {""u"": ""L"", ""v"": ""R""}, {""u"": ""G"", ""v"": ""B""}, {""u"": ""G"", ""v"": ""H""}, {""u"": ""G"", ""v"": ""I""}, {""u"": ""G"", ""v"": ""P""}, {""u"": ""H"", ""v"": ""C""}, {""u"": ""H"", ""v"": ""D""}, {""u"": ""B"", ""v"": ""S""}, {""u"": ""C"", ""v"": ""D""}, {""u"": ""R"", ""v"": ""E""}, {""u"": ""P"", ""v"": ""S""}, {""u"": ""Q"", ""v"": ""E""}, {""u"": ""S"", ""v"": ""A""}, {""u"": ""D"", ""v"": ""E""}]}","[""C"", ""E"", ""G"", ""H"", ""L"", ""N"", ""O"", ""P"", ""S""]"
MVC_L_025,MVC,L,25,"Many people assume more drop points make coverage easier, but here the task is to label as few official drop points as possible while still making sure every direct link between two locations has at least one labeled end. To compare choices, simply count how many spots were labeled — smaller counts win — and confirm that every direct connection has at least one labeled endpoint. Leave no connection uncovered and don’t count any spot twice. The concrete locations and routes are listed below.

There are 21 locations in total and 36 direct routes.

| route_endpoint_u | route_endpoint_v |
|---|---|
| 4 | 17 |
| 4 | 19 |
| 9 | 0 |
| 9 | 8 |
| 9 | 10 |
| 16 | 5 |
| 16 | 6 |
| 16 | 11 |
| 17 | 0 |
| 17 | 1 |
| 17 | 2 |
| 17 | 6 |
| 17 | 15 |
| 19 | 0 |
| 19 | 3 |
| 19 | 8 |
| 20 | 6 |
| 20 | 7 |
| 7 | 8 |
| 7 | 10 |
| 6 | 1 |
| 6 | 5 |
| 6 | 10 |
| 6 | 11 |
| 6 | 12 |
| 6 | 14 |
| 6 | 15 |
| 6 | 18 |
| 2 | 1 |
| 2 | 13 |
| 0 | 8 |
| 0 | 15 |
| 11 | 5 |
| 12 | 13 |
| 12 | 14 |
| 13 | 1 |

When you’re ready to reply, please stick to a tiny, predictable shape so I can parse it without guessing. Something like this will do:

{
  ""solution"": [""drop_id"", ""drop_id"", ...]
}

Here ""solution"" is just the list of drop points you chose to label. Each item is the identifier for a location from the instance (one entry per chosen spot). Think of it like filling out a short form — the array lists the places you picked. This JSON is just a sketch of the shape I expect, not the actual answer.

Please make sure to use the exact identifiers shown in the instance input — don’t rename them or invent new labels. Valid identifiers look like plain numbers such as “1” or “23”, single capital letters like “A” or “B”, or a capital letter followed by digits like “A1” or “X7”.",markdown_table,zero_based,"{""problem_type"": ""MVC"", ""num_nodes"": 21, ""num_edges"": 36, ""edges"": [{""u"": 5, ""v"": 18}, {""u"": 5, ""v"": 20}, {""u"": 10, ""v"": 1}, {""u"": 10, ""v"": 9}, {""u"": 10, ""v"": 11}, {""u"": 17, ""v"": 6}, {""u"": 17, ""v"": 7}, {""u"": 17, ""v"": 12}, {""u"": 18, ""v"": 1}, {""u"": 18, ""v"": 2}, {""u"": 18, ""v"": 3}, {""u"": 18, ""v"": 7}, {""u"": 18, ""v"": 16}, {""u"": 20, ""v"": 1}, {""u"": 20, ""v"": 4}, {""u"": 20, ""v"": 9}, {""u"": 21, ""v"": 7}, {""u"": 21, ""v"": 8}, {""u"": 8, ""v"": 9}, {""u"": 8, ""v"": 11}, {""u"": 7, ""v"": 2}, {""u"": 7, ""v"": 6}, {""u"": 7, ""v"": 11}, {""u"": 7, ""v"": 12}, {""u"": 7, ""v"": 13}, {""u"": 7, ""v"": 15}, {""u"": 7, ""v"": 16}, {""u"": 7, ""v"": 19}, {""u"": 3, ""v"": 2}, {""u"": 3, ""v"": 14}, {""u"": 1, ""v"": 9}, {""u"": 1, ""v"": 16}, {""u"": 12, ""v"": 6}, {""u"": 13, ""v"": 14}, {""u"": 13, ""v"": 15}, {""u"": 14, ""v"": 2}], ""source_file"": ""wa2010.mtx"", ""density"": 0.17142857142857143, ""viz_instance"": ""generated_data/MVC/viz/MVC_L/instance_0024.png"", ""viz_solution"": ""generated_data/MVC/viz/MVC_L/solution_0024.png"", ""edge_connectivity"": 1}","[1, 2, 3, 6, 7, 8, 10, 13, 17, 18, 20]",11.0,"{""num_nodes"": 21, ""num_edges"": 36, ""edges"": [{""u"": 4, ""v"": 17}, {""u"": 4, ""v"": 19}, {""u"": 9, ""v"": 0}, {""u"": 9, ""v"": 8}, {""u"": 9, ""v"": 10}, {""u"": 16, ""v"": 5}, {""u"": 16, ""v"": 6}, {""u"": 16, ""v"": 11}, {""u"": 17, ""v"": 0}, {""u"": 17, ""v"": 1}, {""u"": 17, ""v"": 2}, {""u"": 17, ""v"": 6}, {""u"": 17, ""v"": 15}, {""u"": 19, ""v"": 0}, {""u"": 19, ""v"": 3}, {""u"": 19, ""v"": 8}, {""u"": 20, ""v"": 6}, {""u"": 20, ""v"": 7}, {""u"": 7, ""v"": 8}, {""u"": 7, ""v"": 10}, {""u"": 6, ""v"": 1}, {""u"": 6, ""v"": 5}, {""u"": 6, ""v"": 10}, {""u"": 6, ""v"": 11}, {""u"": 6, ""v"": 12}, {""u"": 6, ""v"": 14}, {""u"": 6, ""v"": 15}, {""u"": 6, ""v"": 18}, {""u"": 2, ""v"": 1}, {""u"": 2, ""v"": 13}, {""u"": 0, ""v"": 8}, {""u"": 0, ""v"": 15}, {""u"": 11, ""v"": 5}, {""u"": 12, ""v"": 13}, {""u"": 12, ""v"": 14}, {""u"": 13, ""v"": 1}]}","[0, 1, 2, 5, 6, 7, 9, 12, 16, 17, 19]"
MVC_L_026,MVC,L,26,"There's a row of mailboxes in the lobby and the owner wants to be careful with the budget on locks. The plan is to lock only some boxes so that whenever two mailboxes are neighbors, one of the two has a lock on it. The way to tell if a plan is better is by counting locked boxes — fewer locks is better — and nothing can be left unprotected or redundantly locked. The exact mailbox map is shown below.

There are 21 mailboxes in total and 47 adjacent mailbox pairs.

| mailbox_id_a | mailbox_id_b |
|---|---|
| 2 | 9 |
| 2 | 11 |
| 2 | 20 |
| 14 | 3 |
| 14 | 11 |
| 14 | 13 |
| 12 | 9 |
| 12 | 11 |
| 12 | 19 |
| 3 | 5 |
| 3 | 11 |
| 3 | 20 |
| 11 | 1 |
| 11 | 4 |
| 11 | 5 |
| 11 | 9 |
| 11 | 13 |
| 11 | 18 |
| 11 | 19 |
| 18 | 0 |
| 18 | 1 |
| 18 | 19 |
| 17 | 1 |
| 17 | 6 |
| 17 | 8 |
| 17 | 10 |
| 13 | 7 |
| 8 | 0 |
| 8 | 6 |
| 8 | 9 |
| 8 | 10 |
| 8 | 15 |
| 8 | 16 |
| 8 | 19 |
| 4 | 5 |
| 4 | 20 |
| 5 | 20 |
| 9 | 15 |
| 9 | 16 |
| 9 | 19 |
| 10 | 1 |
| 15 | 16 |
| 6 | 0 |
| 6 | 1 |
| 0 | 1 |
| 0 | 19 |
| 1 | 7 |

You can just send the plan back in this little JSON shape so it's easy to check:

{
  ""solution"": [""mailbox_id"", ""mailbox_id"", ...]
}

Pretty simple: ""solution"" is an array listing the mailboxes you want to lock. Each string in the array is the identifier of a mailbox to put a lock on. This block is just a sketch of the expected shape — don't treat the placeholder values as the real answer.

Please make sure you use the exact identifiers from the instance input — no renaming and no new labels. 
- for example: ""Valid identifiers look like plain numbers such as “1” or “23”, single capital letters like “A” or “B”, or a capital letter followed by digits like “A1” or “X7”.",markdown_table,zero_based,"{""problem_type"": ""MVC"", ""num_nodes"": 21, ""num_edges"": 47, ""edges"": [{""u"": 3, ""v"": 10}, {""u"": 3, ""v"": 12}, {""u"": 3, ""v"": 21}, {""u"": 15, ""v"": 4}, {""u"": 15, ""v"": 12}, {""u"": 15, ""v"": 14}, {""u"": 13, ""v"": 10}, {""u"": 13, ""v"": 12}, {""u"": 13, ""v"": 20}, {""u"": 4, ""v"": 6}, {""u"": 4, ""v"": 12}, {""u"": 4, ""v"": 21}, {""u"": 12, ""v"": 2}, {""u"": 12, ""v"": 5}, {""u"": 12, ""v"": 6}, {""u"": 12, ""v"": 10}, {""u"": 12, ""v"": 14}, {""u"": 12, ""v"": 19}, {""u"": 12, ""v"": 20}, {""u"": 19, ""v"": 1}, {""u"": 19, ""v"": 2}, {""u"": 19, ""v"": 20}, {""u"": 18, ""v"": 2}, {""u"": 18, ""v"": 7}, {""u"": 18, ""v"": 9}, {""u"": 18, ""v"": 11}, {""u"": 14, ""v"": 8}, {""u"": 9, ""v"": 1}, {""u"": 9, ""v"": 7}, {""u"": 9, ""v"": 10}, {""u"": 9, ""v"": 11}, {""u"": 9, ""v"": 16}, {""u"": 9, ""v"": 17}, {""u"": 9, ""v"": 20}, {""u"": 5, ""v"": 6}, {""u"": 5, ""v"": 21}, {""u"": 6, ""v"": 21}, {""u"": 10, ""v"": 16}, {""u"": 10, ""v"": 17}, {""u"": 10, ""v"": 20}, {""u"": 11, ""v"": 2}, {""u"": 16, ""v"": 17}, {""u"": 7, ""v"": 1}, {""u"": 7, ""v"": 2}, {""u"": 1, ""v"": 2}, {""u"": 1, ""v"": 20}, {""u"": 2, ""v"": 8}], ""source_file"": ""wv2010.mtx"", ""density"": 0.22380952380952382, ""viz_instance"": ""generated_data/MVC/viz/MVC_L/instance_0025.png"", ""viz_solution"": ""generated_data/MVC/viz/MVC_L/solution_0025.png"", ""edge_connectivity"": 2}","[1, 2, 6, 9, 10, 12, 14, 15, 16, 18, 20, 21]",12.0,"{""num_nodes"": 21, ""num_edges"": 47, ""edges"": [{""u"": 2, ""v"": 9}, {""u"": 2, ""v"": 11}, {""u"": 2, ""v"": 20}, {""u"": 14, ""v"": 3}, {""u"": 14, ""v"": 11}, {""u"": 14, ""v"": 13}, {""u"": 12, ""v"": 9}, {""u"": 12, ""v"": 11}, {""u"": 12, ""v"": 19}, {""u"": 3, ""v"": 5}, {""u"": 3, ""v"": 11}, {""u"": 3, ""v"": 20}, {""u"": 11, ""v"": 1}, {""u"": 11, ""v"": 4}, {""u"": 11, ""v"": 5}, {""u"": 11, ""v"": 9}, {""u"": 11, ""v"": 13}, {""u"": 11, ""v"": 18}, {""u"": 11, ""v"": 19}, {""u"": 18, ""v"": 0}, {""u"": 18, ""v"": 1}, {""u"": 18, ""v"": 19}, {""u"": 17, ""v"": 1}, {""u"": 17, ""v"": 6}, {""u"": 17, ""v"": 8}, {""u"": 17, ""v"": 10}, {""u"": 13, ""v"": 7}, {""u"": 8, ""v"": 0}, {""u"": 8, ""v"": 6}, {""u"": 8, ""v"": 9}, {""u"": 8, ""v"": 10}, {""u"": 8, ""v"": 15}, {""u"": 8, ""v"": 16}, {""u"": 8, ""v"": 19}, {""u"": 4, ""v"": 5}, {""u"": 4, ""v"": 20}, {""u"": 5, ""v"": 20}, {""u"": 9, ""v"": 15}, {""u"": 9, ""v"": 16}, {""u"": 9, ""v"": 19}, {""u"": 10, ""v"": 1}, {""u"": 15, ""v"": 16}, {""u"": 6, ""v"": 0}, {""u"": 6, ""v"": 1}, {""u"": 0, ""v"": 1}, {""u"": 0, ""v"": 19}, {""u"": 1, ""v"": 7}]}","[0, 1, 5, 8, 9, 11, 13, 14, 15, 17, 19, 20]"
MVC_L_027,MVC,L,27,"Back at the office the editor sketched a simple rule on the whiteboard: for every two papers that cite each other, assign a reviewer to at least one of them, and do it with the fewest reviewers you can manage. The way to judge a plan is straightforward — count the reviewers used, the smaller that number the better — while ensuring no pair of mutual citations is left uncovered. Assignments are single entries in the total, so nothing gets double-counted or ignored. The concrete details will be shown below.

# total_submissions=25
# total_mutual_citation_pairs=49
submission_id_a,submission_id_b
X,F
X,I
F,I
F,L
F,N
F,O
F,S
F,W
F,Y
M,D
M,U
M,W
Y,R
L,A
L,N
L,S
O,D
O,E
O,I
O,W
N,B
N,I
N,J
P,H
P,R
P,T
P,U
Q,C
Q,H
Q,V
R,S
R,W
G,I
G,K
H,C
H,V
A,C
A,J
A,K
A,T
I,E
W,D
W,U
V,U
J,B
J,K
S,T
T,C
B,K

Oh, and when you send the assignment back, just stick to this little JSON shape so it's easy to parse:

{
  ""solution"": [""paper_id"", ""paper_id"", ...]
}

Think of ""solution"" as the list of papers that get a reviewer assigned — one entry per paper, no duplicates, nothing fancy. This block is just a sketch of the shape I need, not the actual answer.

Please use the exact identifiers from the instance input — don't rename them or invent new labels. 
- for example: Valid identifiers look like plain numbers such as ""1"" or ""23"", single capital letters like ""A"" or ""B"", or a capital letter followed by digits like ""A1"" or ""X7"".",csv,names,"{""problem_type"": ""MVC"", ""num_nodes"": 25, ""num_edges"": 49, ""edges"": [{""u"": 24, ""v"": 6}, {""u"": 24, ""v"": 9}, {""u"": 6, ""v"": 9}, {""u"": 6, ""v"": 12}, {""u"": 6, ""v"": 14}, {""u"": 6, ""v"": 15}, {""u"": 6, ""v"": 19}, {""u"": 6, ""v"": 23}, {""u"": 6, ""v"": 25}, {""u"": 13, ""v"": 4}, {""u"": 13, ""v"": 21}, {""u"": 13, ""v"": 23}, {""u"": 25, ""v"": 18}, {""u"": 12, ""v"": 1}, {""u"": 12, ""v"": 14}, {""u"": 12, ""v"": 19}, {""u"": 15, ""v"": 4}, {""u"": 15, ""v"": 5}, {""u"": 15, ""v"": 9}, {""u"": 15, ""v"": 23}, {""u"": 14, ""v"": 2}, {""u"": 14, ""v"": 9}, {""u"": 14, ""v"": 10}, {""u"": 16, ""v"": 8}, {""u"": 16, ""v"": 18}, {""u"": 16, ""v"": 20}, {""u"": 16, ""v"": 21}, {""u"": 17, ""v"": 3}, {""u"": 17, ""v"": 8}, {""u"": 17, ""v"": 22}, {""u"": 18, ""v"": 19}, {""u"": 18, ""v"": 23}, {""u"": 7, ""v"": 9}, {""u"": 7, ""v"": 11}, {""u"": 8, ""v"": 3}, {""u"": 8, ""v"": 22}, {""u"": 1, ""v"": 3}, {""u"": 1, ""v"": 10}, {""u"": 1, ""v"": 11}, {""u"": 1, ""v"": 20}, {""u"": 9, ""v"": 5}, {""u"": 23, ""v"": 4}, {""u"": 23, ""v"": 21}, {""u"": 22, ""v"": 21}, {""u"": 10, ""v"": 2}, {""u"": 10, ""v"": 11}, {""u"": 19, ""v"": 20}, {""u"": 20, ""v"": 3}, {""u"": 2, ""v"": 11}], ""source_file"": ""wa2010.mtx"", ""density"": 0.16333333333333333, ""viz_instance"": ""generated_data/MVC/viz/MVC_L/instance_0026.png"", ""viz_solution"": ""generated_data/MVC/viz/MVC_L/solution_0026.png"", ""edge_connectivity"": 2}","[3, 6, 8, 9, 10, 11, 12, 13, 14, 15, 16, 18, 20, 22, 23]",15.0,"{""num_nodes"": 25, ""num_edges"": 49, ""edges"": [{""u"": ""X"", ""v"": ""F""}, {""u"": ""X"", ""v"": ""I""}, {""u"": ""F"", ""v"": ""I""}, {""u"": ""F"", ""v"": ""L""}, {""u"": ""F"", ""v"": ""N""}, {""u"": ""F"", ""v"": ""O""}, {""u"": ""F"", ""v"": ""S""}, {""u"": ""F"", ""v"": ""W""}, {""u"": ""F"", ""v"": ""Y""}, {""u"": ""M"", ""v"": ""D""}, {""u"": ""M"", ""v"": ""U""}, {""u"": ""M"", ""v"": ""W""}, {""u"": ""Y"", ""v"": ""R""}, {""u"": ""L"", ""v"": ""A""}, {""u"": ""L"", ""v"": ""N""}, {""u"": ""L"", ""v"": ""S""}, {""u"": ""O"", ""v"": ""D""}, {""u"": ""O"", ""v"": ""E""}, {""u"": ""O"", ""v"": ""I""}, {""u"": ""O"", ""v"": ""W""}, {""u"": ""N"", ""v"": ""B""}, {""u"": ""N"", ""v"": ""I""}, {""u"": ""N"", ""v"": ""J""}, {""u"": ""P"", ""v"": ""H""}, {""u"": ""P"", ""v"": ""R""}, {""u"": ""P"", ""v"": ""T""}, {""u"": ""P"", ""v"": ""U""}, {""u"": ""Q"", ""v"": ""C""}, {""u"": ""Q"", ""v"": ""H""}, {""u"": ""Q"", ""v"": ""V""}, {""u"": ""R"", ""v"": ""S""}, {""u"": ""R"", ""v"": ""W""}, {""u"": ""G"", ""v"": ""I""}, {""u"": ""G"", ""v"": ""K""}, {""u"": ""H"", ""v"": ""C""}, {""u"": ""H"", ""v"": ""V""}, {""u"": ""A"", ""v"": ""C""}, {""u"": ""A"", ""v"": ""J""}, {""u"": ""A"", ""v"": ""K""}, {""u"": ""A"", ""v"": ""T""}, {""u"": ""I"", ""v"": ""E""}, {""u"": ""W"", ""v"": ""D""}, {""u"": ""W"", ""v"": ""U""}, {""u"": ""V"", ""v"": ""U""}, {""u"": ""J"", ""v"": ""B""}, {""u"": ""J"", ""v"": ""K""}, {""u"": ""S"", ""v"": ""T""}, {""u"": ""T"", ""v"": ""C""}, {""u"": ""B"", ""v"": ""K""}]}","[""C"", ""F"", ""H"", ""I"", ""J"", ""K"", ""L"", ""M"", ""N"", ""O"", ""P"", ""R"", ""T"", ""V"", ""W""]"
MVC_L_028,MVC,L,28,"Back at the ranger station the plan is to mark only the most useful trails with signs so that no intersection is left confusing. The decision is picking which trails to sign so that at each place where two trails join, at least one of those trails has a sign; the better plan is the one with the smallest number of signs, and that’s decided by adding up how many signs are placed. It’s mandatory that every intersection be covered by a sign on one of its two paths, and duplicate signs on the same trail are redundant. The full trail diagram and intersection data are shown below.

There are 22 num trails in total and 49 num intersections.

| trail_id_u | trail_id_v |
|---|---|
| 14 | 1 |
| 14 | 5 |
| 14 | 17 |
| 14 | 21 |
| 9 | 0 |
| 9 | 10 |
| 13 | 1 |
| 13 | 2 |
| 13 | 12 |
| 13 | 15 |
| 13 | 16 |
| 13 | 17 |
| 18 | 2 |
| 18 | 8 |
| 18 | 17 |
| 6 | 1 |
| 6 | 3 |
| 6 | 10 |
| 6 | 20 |
| 6 | 21 |
| 2 | 8 |
| 2 | 16 |
| 2 | 17 |
| 16 | 8 |
| 7 | 8 |
| 7 | 17 |
| 10 | 1 |
| 10 | 3 |
| 10 | 17 |
| 10 | 20 |
| 1 | 12 |
| 1 | 15 |
| 1 | 17 |
| 1 | 19 |
| 1 | 21 |
| 0 | 17 |
| 12 | 19 |
| 15 | 17 |
| 11 | 4 |
| 11 | 17 |
| 11 | 20 |
| 17 | 4 |
| 17 | 5 |
| 17 | 8 |
| 17 | 20 |
| 21 | 5 |
| 21 | 20 |
| 20 | 3 |
| 20 | 5 |

Also, when you send the answer back, please keep it in a tiny JSON snippet so it's easy to read and process. Something like this:

{
  ""solution"": [""trail_id"", ""trail_id"", ...]
}

Here the ""solution"" array should list the trails that get signs (one id per trail). The ""trail_id"" entries above are just placeholders showing the shape — replace them with the actual trail identifiers from the instance when you give the real plan.

Please use the identifiers exactly as they appear in the instance input — do not rename them or invent new labels.
- for example: ""Valid identifiers look like plain numbers such as “1” or “23”, single capital letters like “A” or “B”, or a capital letter followed by digits like “A1” or “X7”.""",markdown_table,zero_based,"{""problem_type"": ""MVC"", ""num_nodes"": 22, ""num_edges"": 49, ""edges"": [{""u"": 15, ""v"": 2}, {""u"": 15, ""v"": 6}, {""u"": 15, ""v"": 18}, {""u"": 15, ""v"": 22}, {""u"": 10, ""v"": 1}, {""u"": 10, ""v"": 11}, {""u"": 14, ""v"": 2}, {""u"": 14, ""v"": 3}, {""u"": 14, ""v"": 13}, {""u"": 14, ""v"": 16}, {""u"": 14, ""v"": 17}, {""u"": 14, ""v"": 18}, {""u"": 19, ""v"": 3}, {""u"": 19, ""v"": 9}, {""u"": 19, ""v"": 18}, {""u"": 7, ""v"": 2}, {""u"": 7, ""v"": 4}, {""u"": 7, ""v"": 11}, {""u"": 7, ""v"": 21}, {""u"": 7, ""v"": 22}, {""u"": 3, ""v"": 9}, {""u"": 3, ""v"": 17}, {""u"": 3, ""v"": 18}, {""u"": 17, ""v"": 9}, {""u"": 8, ""v"": 9}, {""u"": 8, ""v"": 18}, {""u"": 11, ""v"": 2}, {""u"": 11, ""v"": 4}, {""u"": 11, ""v"": 18}, {""u"": 11, ""v"": 21}, {""u"": 2, ""v"": 13}, {""u"": 2, ""v"": 16}, {""u"": 2, ""v"": 18}, {""u"": 2, ""v"": 20}, {""u"": 2, ""v"": 22}, {""u"": 1, ""v"": 18}, {""u"": 13, ""v"": 20}, {""u"": 16, ""v"": 18}, {""u"": 12, ""v"": 5}, {""u"": 12, ""v"": 18}, {""u"": 12, ""v"": 21}, {""u"": 18, ""v"": 5}, {""u"": 18, ""v"": 6}, {""u"": 18, ""v"": 9}, {""u"": 18, ""v"": 21}, {""u"": 22, ""v"": 6}, {""u"": 22, ""v"": 21}, {""u"": 21, ""v"": 4}, {""u"": 21, ""v"": 6}], ""source_file"": ""wa2010.mtx"", ""density"": 0.21212121212121213, ""viz_instance"": ""generated_data/MVC/viz/MVC_L/instance_0027.png"", ""viz_solution"": ""generated_data/MVC/viz/MVC_L/solution_0027.png"", ""edge_connectivity"": 2}","[2, 3, 6, 7, 9, 10, 11, 12, 13, 14, 18, 21, 22]",13.0,"{""num_nodes"": 22, ""num_edges"": 49, ""edges"": [{""u"": 14, ""v"": 1}, {""u"": 14, ""v"": 5}, {""u"": 14, ""v"": 17}, {""u"": 14, ""v"": 21}, {""u"": 9, ""v"": 0}, {""u"": 9, ""v"": 10}, {""u"": 13, ""v"": 1}, {""u"": 13, ""v"": 2}, {""u"": 13, ""v"": 12}, {""u"": 13, ""v"": 15}, {""u"": 13, ""v"": 16}, {""u"": 13, ""v"": 17}, {""u"": 18, ""v"": 2}, {""u"": 18, ""v"": 8}, {""u"": 18, ""v"": 17}, {""u"": 6, ""v"": 1}, {""u"": 6, ""v"": 3}, {""u"": 6, ""v"": 10}, {""u"": 6, ""v"": 20}, {""u"": 6, ""v"": 21}, {""u"": 2, ""v"": 8}, {""u"": 2, ""v"": 16}, {""u"": 2, ""v"": 17}, {""u"": 16, ""v"": 8}, {""u"": 7, ""v"": 8}, {""u"": 7, ""v"": 17}, {""u"": 10, ""v"": 1}, {""u"": 10, ""v"": 3}, {""u"": 10, ""v"": 17}, {""u"": 10, ""v"": 20}, {""u"": 1, ""v"": 12}, {""u"": 1, ""v"": 15}, {""u"": 1, ""v"": 17}, {""u"": 1, ""v"": 19}, {""u"": 1, ""v"": 21}, {""u"": 0, ""v"": 17}, {""u"": 12, ""v"": 19}, {""u"": 15, ""v"": 17}, {""u"": 11, ""v"": 4}, {""u"": 11, ""v"": 17}, {""u"": 11, ""v"": 20}, {""u"": 17, ""v"": 4}, {""u"": 17, ""v"": 5}, {""u"": 17, ""v"": 8}, {""u"": 17, ""v"": 20}, {""u"": 21, ""v"": 5}, {""u"": 21, ""v"": 20}, {""u"": 20, ""v"": 3}, {""u"": 20, ""v"": 5}]}","[1, 2, 5, 6, 8, 9, 10, 11, 12, 13, 17, 20, 21]"
MVC_L_029,MVC,L,29,"At home there are several cupboards that meet in shared spaces, and someone has to decide where to put latches. The pick is which doors to fit so that for every pair that opens into the same space, at least one door in that pair has a latch — every pair must be protected. The goal is to keep the purchase list tiny: success is just the number of latches bought, and lower numbers are better. Don’t leave any pair unlatched and don’t duplicate latches where one will do. The concrete cabinets and options will be shown below.

{
  ""total_cabinets"": 25,
  ""shared_cabinet_pairs"": 44,
  ""edges"": [
    {
      ""cabinet_endpoint_a"": 20,
      ""cabinet_endpoint_b"": 2
    },
    {
      ""cabinet_endpoint_a"": 20,
      ""cabinet_endpoint_b"": 6
    },
    {
      ""cabinet_endpoint_a"": 20,
      ""cabinet_endpoint_b"": 19
    },
    {
      ""cabinet_endpoint_a"": 20,
      ""cabinet_endpoint_b"": 23
    },
    {
      ""cabinet_endpoint_a"": 15,
      ""cabinet_endpoint_b"": 1
    },
    {
      ""cabinet_endpoint_a"": 15,
      ""cabinet_endpoint_b"": 4
    },
    {
      ""cabinet_endpoint_a"": 15,
      ""cabinet_endpoint_b"": 10
    },
    {
      ""cabinet_endpoint_a"": 15,
      ""cabinet_endpoint_b"": 18
    },
    {
      ""cabinet_endpoint_a"": 15,
      ""cabinet_endpoint_b"": 21
    },
    {
      ""cabinet_endpoint_a"": 15,
      ""cabinet_endpoint_b"": 22
    },
    {
      ""cabinet_endpoint_a"": 15,
      ""cabinet_endpoint_b"": 23
    },
    {
      ""cabinet_endpoint_a"": 15,
      ""cabinet_endpoint_b"": 24
    },
    {
      ""cabinet_endpoint_a"": 15,
      ""cabinet_endpoint_b"": 25
    },
    {
      ""cabinet_endpoint_a"": 16,
      ""cabinet_endpoint_b"": 8
    },
    {
      ""cabinet_endpoint_a"": 16,
      ""cabinet_endpoint_b"": 17
    },
    {
      ""cabinet_endpoint_a"": 8,
      ""cabinet_endpoint_b"": 3
    },
    {
      ""cabinet_endpoint_a"": 8,
      ""cabinet_endpoint_b"": 17
    },
    {
      ""cabinet_endpoint_a"": 9,
      ""cabinet_endpoint_b"": 14
    },
    {
      ""cabinet_endpoint_a"": 9,
      ""cabinet_endpoint_b"": 23
    },
    {
      ""cabinet_endpoint_a"": 10,
      ""cabinet_endpoint_b"": 17
    },
    {
      ""cabinet_endpoint_a"": 10,
      ""cabinet_endpoint_b"": 18
    },
    {
      ""cabinet_endpoint_a"": 10,
      ""cabinet_endpoint_b"": 23
    },
    {
      ""cabinet_endpoint_a"": 5,
      ""cabinet_endpoint_b"": 6
    },
    {
      ""cabinet_endpoint_a"": 5,
      ""cabinet_endpoint_b"": 11
    },
    {
      ""cabinet_endpoint_a"": 5,
      ""cabinet_endpoint_b"": 12
    },
    {
      ""cabinet_endpoint_a"": 5,
      ""cabinet_endpoint_b"": 19
    },
    {
      ""cabinet_endpoint_a"": 22,
      ""cabinet_endpoint_b"": 19
    },
    {
      ""cabinet_endpoint_a"": 22,
      ""cabinet_endpoint_b"": 24
    },
    {
      ""cabinet_endpoint_a"": 23,
      ""cabinet_endpoint_b"": 14
    },
    {
      ""cabinet_endpoint_a"": 23,
      ""cabinet_endpoint_b"": 17
    },
    {
      ""cabinet_endpoint_a"": 23,
      ""cabinet_endpoint_b"": 19
    },
    {
      ""cabinet_endpoint_a"": 23,
      ""cabinet_endpoint_b"": 25
    },
    {
      ""cabinet_endpoint_a"": 11,
      ""cabinet_endpoint_b"": 6
    },
    {
      ""cabinet_endpoint_a"": 11,
      ""cabinet_endpoint_b"": 7
    },
    {
      ""cabinet_endpoint_a"": 11,
      ""cabinet_endpoint_b"": 12
    },
    {
      ""cabinet_endpoint_a"": 11,
      ""cabinet_endpoint_b"": 19
    },
    {
      ""cabinet_endpoint_a"": 17,
      ""cabinet_endpoint_b"": 2
    },
    {
      ""cabinet_endpoint_a"": 17,
      ""cabinet_endpoint_b"": 3
    },
    {
      ""cabinet_endpoint_a"": 17,
      ""cabinet_endpoint_b"": 18
    },
    {
      ""cabinet_endpoint_a"": 18,
      ""cabinet_endpoint_b"": 13
    },
    {
      ""cabinet_endpoint_a"": 19,
      ""cabinet_endpoint_b"": 12
    },
    {
      ""cabinet_endpoint_a"": 6,
      ""cabinet_endpoint_b"": 7
    },
    {
      ""cabinet_endpoint_a"": 7,
      ""cabinet_endpoint_b"": 2
    },
    {
      ""cabinet_endpoint_a"": 2,
      ""cabinet_endpoint_b"": 3
    }
  ]
}

Also, when you send back which doors get latches, a tiny JSON snippet like this keeps things clear and simple:

{
  ""solution"": [""door_id"", ""door_id"", ...]
}

""solution"" is just the list of door identifiers where you'll put latches — one entry per door. Think of it like filling out a short form: list the exact door labels from the instance, and that's your shopping list. This JSON is only a sketch of the shape I want, not the actual answer.

Please make sure you use the identifiers exactly as they appear in the instance input — no renaming and no new labels. Valid identifiers look like plain numbers such as ""1"" or ""23"", single capital letters like ""A"" or ""B"", or a capital letter followed by digits like ""A1"" or ""X7"".",json,one_based,"{""problem_type"": ""MVC"", ""num_nodes"": 25, ""num_edges"": 44, ""edges"": [{""u"": 20, ""v"": 2}, {""u"": 20, ""v"": 6}, {""u"": 20, ""v"": 19}, {""u"": 20, ""v"": 23}, {""u"": 15, ""v"": 1}, {""u"": 15, ""v"": 4}, {""u"": 15, ""v"": 10}, {""u"": 15, ""v"": 18}, {""u"": 15, ""v"": 21}, {""u"": 15, ""v"": 22}, {""u"": 15, ""v"": 23}, {""u"": 15, ""v"": 24}, {""u"": 15, ""v"": 25}, {""u"": 16, ""v"": 8}, {""u"": 16, ""v"": 17}, {""u"": 8, ""v"": 3}, {""u"": 8, ""v"": 17}, {""u"": 9, ""v"": 14}, {""u"": 9, ""v"": 23}, {""u"": 10, ""v"": 17}, {""u"": 10, ""v"": 18}, {""u"": 10, ""v"": 23}, {""u"": 5, ""v"": 6}, {""u"": 5, ""v"": 11}, {""u"": 5, ""v"": 12}, {""u"": 5, ""v"": 19}, {""u"": 22, ""v"": 19}, {""u"": 22, ""v"": 24}, {""u"": 23, ""v"": 14}, {""u"": 23, ""v"": 17}, {""u"": 23, ""v"": 19}, {""u"": 23, ""v"": 25}, {""u"": 11, ""v"": 6}, {""u"": 11, ""v"": 7}, {""u"": 11, ""v"": 12}, {""u"": 11, ""v"": 19}, {""u"": 17, ""v"": 2}, {""u"": 17, ""v"": 3}, {""u"": 17, ""v"": 18}, {""u"": 18, ""v"": 13}, {""u"": 19, ""v"": 12}, {""u"": 6, ""v"": 7}, {""u"": 7, ""v"": 2}, {""u"": 2, ""v"": 3}], ""source_file"": ""vt2010.mtx"", ""density"": 0.14666666666666667, ""viz_instance"": ""generated_data/MVC/viz/MVC_L/instance_0028.png"", ""viz_solution"": ""generated_data/MVC/viz/MVC_L/solution_0028.png"", ""edge_connectivity"": 1}","[2, 5, 6, 8, 11, 14, 15, 17, 18, 19, 22, 23]",12.0,"{""num_nodes"": 25, ""num_edges"": 44, ""edges"": [{""u"": 20, ""v"": 2}, {""u"": 20, ""v"": 6}, {""u"": 20, ""v"": 19}, {""u"": 20, ""v"": 23}, {""u"": 15, ""v"": 1}, {""u"": 15, ""v"": 4}, {""u"": 15, ""v"": 10}, {""u"": 15, ""v"": 18}, {""u"": 15, ""v"": 21}, {""u"": 15, ""v"": 22}, {""u"": 15, ""v"": 23}, {""u"": 15, ""v"": 24}, {""u"": 15, ""v"": 25}, {""u"": 16, ""v"": 8}, {""u"": 16, ""v"": 17}, {""u"": 8, ""v"": 3}, {""u"": 8, ""v"": 17}, {""u"": 9, ""v"": 14}, {""u"": 9, ""v"": 23}, {""u"": 10, ""v"": 17}, {""u"": 10, ""v"": 18}, {""u"": 10, ""v"": 23}, {""u"": 5, ""v"": 6}, {""u"": 5, ""v"": 11}, {""u"": 5, ""v"": 12}, {""u"": 5, ""v"": 19}, {""u"": 22, ""v"": 19}, {""u"": 22, ""v"": 24}, {""u"": 23, ""v"": 14}, {""u"": 23, ""v"": 17}, {""u"": 23, ""v"": 19}, {""u"": 23, ""v"": 25}, {""u"": 11, ""v"": 6}, {""u"": 11, ""v"": 7}, {""u"": 11, ""v"": 12}, {""u"": 11, ""v"": 19}, {""u"": 17, ""v"": 2}, {""u"": 17, ""v"": 3}, {""u"": 17, ""v"": 18}, {""u"": 18, ""v"": 13}, {""u"": 19, ""v"": 12}, {""u"": 6, ""v"": 7}, {""u"": 7, ""v"": 2}, {""u"": 2, ""v"": 3}]}","[2, 5, 6, 8, 11, 14, 15, 17, 18, 19, 22, 23]"
MVC_L_030,MVC,L,30,"Many people think of it as placing guards in a building: here the “guards” are firewalls on machines, and the rule is every direct connection between two machines must have a guard at one end. The job is to place as few guards as possible — judged by counting how many machines end up with firewalls turned on — while ensuring no connection is left without a guarded endpoint. Duplicating a guard on the same machine doesn’t help. The exact connections and nodes are listed below.

There are 24 machines and 50 direct connections:
A direct connection between machines 7 and 4.
A direct connection between machines 7 and 6.
A direct connection between machines 17 and 2.
A direct connection between machines 17 and 9.
A direct connection between machines 17 and 15.
A direct connection between machines 17 and 16.
A direct connection between machines 17 and 21.
A direct connection between machines 18 and 4.
A direct connection between machines 18 and 20.
A direct connection between machines 19 and 4.
A direct connection between machines 19 and 10.
A direct connection between machines 19 and 20.
A direct connection between machines 19 and 21.
A direct connection between machines 20 and 15.
A direct connection between machines 20 and 21.
A direct connection between machines 20 and 22.
A direct connection between machines 21 and 2.
A direct connection between machines 21 and 10.
A direct connection between machines 21 and 15.
A direct connection between machines 8 and 15.
A direct connection between machines 8 and 16.
A direct connection between machines 8 and 22.
A direct connection between machines 22 and 15.
A direct connection between machines 10 and 2.
A direct connection between machines 10 and 23.
A direct connection between machines 23 and 2.
A direct connection between machines 23 and 4.
A direct connection between machines 23 and 6.
A direct connection between machines 23 and 14.
A direct connection between machines 9 and 12.
A direct connection between machines 9 and 13.
A direct connection between machines 9 and 16.
A direct connection between machines 4 and 6.
A direct connection between machines 12 and 5.
A direct connection between machines 12 and 13.
A direct connection between machines 12 and 16.
A direct connection between machines 13 and 2.
A direct connection between machines 13 and 5.
A direct connection between machines 13 and 14.
A direct connection between machines 14 and 0.
A direct connection between machines 14 and 1.
A direct connection between machines 14 and 2.
A direct connection between machines 14 and 3.
A direct connection between machines 14 and 5.
A direct connection between machines 14 and 6.
A direct connection between machines 14 and 11.
A direct connection between machines 0 and 3.
A direct connection between machines 1 and 5.
A direct connection between machines 15 and 16.
A direct connection between machines 3 and 6.
Place as few firewalls as possible so every one of the 50 connections among the 24 machines has a guarded endpoint.

Oh, and when you send back which machines get the firewalls, please use this simple JSON shape so it's easy to parse:

{
  ""solution"": [""machine_id"", ""machine_id"", ...]
}

This just means: put a JSON object with a single key ""solution"" whose value is a list of the machine identifiers where you turn the firewall on. Keep it casual — it's just a little form to tell me which machines are guarded. The block above is only a sketch of the expected shape, not the actual answer.

Please use the exact identifiers from the instance input — do not rename them or invent new ones. Valid identifiers look like plain numbers such as “1” or “23”, single capital letters like “A” or “B”, or a capital letter followed by digits like “A1” or “X7”.",nl,zero_based,"{""problem_type"": ""MVC"", ""num_nodes"": 24, ""num_edges"": 50, ""edges"": [{""u"": 8, ""v"": 5}, {""u"": 8, ""v"": 7}, {""u"": 18, ""v"": 3}, {""u"": 18, ""v"": 10}, {""u"": 18, ""v"": 16}, {""u"": 18, ""v"": 17}, {""u"": 18, ""v"": 22}, {""u"": 19, ""v"": 5}, {""u"": 19, ""v"": 21}, {""u"": 20, ""v"": 5}, {""u"": 20, ""v"": 11}, {""u"": 20, ""v"": 21}, {""u"": 20, ""v"": 22}, {""u"": 21, ""v"": 16}, {""u"": 21, ""v"": 22}, {""u"": 21, ""v"": 23}, {""u"": 22, ""v"": 3}, {""u"": 22, ""v"": 11}, {""u"": 22, ""v"": 16}, {""u"": 9, ""v"": 16}, {""u"": 9, ""v"": 17}, {""u"": 9, ""v"": 23}, {""u"": 23, ""v"": 16}, {""u"": 11, ""v"": 3}, {""u"": 11, ""v"": 24}, {""u"": 24, ""v"": 3}, {""u"": 24, ""v"": 5}, {""u"": 24, ""v"": 7}, {""u"": 24, ""v"": 15}, {""u"": 10, ""v"": 13}, {""u"": 10, ""v"": 14}, {""u"": 10, ""v"": 17}, {""u"": 5, ""v"": 7}, {""u"": 13, ""v"": 6}, {""u"": 13, ""v"": 14}, {""u"": 13, ""v"": 17}, {""u"": 14, ""v"": 3}, {""u"": 14, ""v"": 6}, {""u"": 14, ""v"": 15}, {""u"": 15, ""v"": 1}, {""u"": 15, ""v"": 2}, {""u"": 15, ""v"": 3}, {""u"": 15, ""v"": 4}, {""u"": 15, ""v"": 6}, {""u"": 15, ""v"": 7}, {""u"": 15, ""v"": 12}, {""u"": 1, ""v"": 4}, {""u"": 2, ""v"": 6}, {""u"": 16, ""v"": 17}, {""u"": 4, ""v"": 7}], ""source_file"": ""wi2010.mtx"", ""density"": 0.18115942028985507, ""viz_instance"": ""generated_data/MVC/viz/MVC_L/instance_0029.png"", ""viz_solution"": ""generated_data/MVC/viz/MVC_L/solution_0029.png"", ""edge_connectivity"": 1}","[3, 4, 5, 6, 7, 9, 10, 11, 13, 15, 16, 17, 21, 22]",14.0,"{""num_nodes"": 24, ""num_edges"": 50, ""edges"": [{""u"": 7, ""v"": 4}, {""u"": 7, ""v"": 6}, {""u"": 17, ""v"": 2}, {""u"": 17, ""v"": 9}, {""u"": 17, ""v"": 15}, {""u"": 17, ""v"": 16}, {""u"": 17, ""v"": 21}, {""u"": 18, ""v"": 4}, {""u"": 18, ""v"": 20}, {""u"": 19, ""v"": 4}, {""u"": 19, ""v"": 10}, {""u"": 19, ""v"": 20}, {""u"": 19, ""v"": 21}, {""u"": 20, ""v"": 15}, {""u"": 20, ""v"": 21}, {""u"": 20, ""v"": 22}, {""u"": 21, ""v"": 2}, {""u"": 21, ""v"": 10}, {""u"": 21, ""v"": 15}, {""u"": 8, ""v"": 15}, {""u"": 8, ""v"": 16}, {""u"": 8, ""v"": 22}, {""u"": 22, ""v"": 15}, {""u"": 10, ""v"": 2}, {""u"": 10, ""v"": 23}, {""u"": 23, ""v"": 2}, {""u"": 23, ""v"": 4}, {""u"": 23, ""v"": 6}, {""u"": 23, ""v"": 14}, {""u"": 9, ""v"": 12}, {""u"": 9, ""v"": 13}, {""u"": 9, ""v"": 16}, {""u"": 4, ""v"": 6}, {""u"": 12, ""v"": 5}, {""u"": 12, ""v"": 13}, {""u"": 12, ""v"": 16}, {""u"": 13, ""v"": 2}, {""u"": 13, ""v"": 5}, {""u"": 13, ""v"": 14}, {""u"": 14, ""v"": 0}, {""u"": 14, ""v"": 1}, {""u"": 14, ""v"": 2}, {""u"": 14, ""v"": 3}, {""u"": 14, ""v"": 5}, {""u"": 14, ""v"": 6}, {""u"": 14, ""v"": 11}, {""u"": 0, ""v"": 3}, {""u"": 1, ""v"": 5}, {""u"": 15, ""v"": 16}, {""u"": 3, ""v"": 6}]}","[2, 3, 4, 5, 6, 8, 9, 10, 12, 14, 15, 16, 20, 21]"
MVC_L_031,MVC,L,31,"Imagine running the logistics for a pop-up market and deciding which booths get trash cans. The basic rule: for every walkway between two booths, at least one of the booths beside that walkway must have a trash can; the better layouts are the ones with the least number of cans, counted by how many booths are assigned cans, yet no walkway can be left without a neighboring can and there’s no reason to put duplicate cans that don’t help. The actual booth-and-path details follow below.

There are 23 num booths in total and 39 num walkways.

| booth_endpoint_u | booth_endpoint_v |
|---|---|
| 20 | 1 |
| 20 | 6 |
| 20 | 7 |
| 20 | 18 |
| 1 | 2 |
| 1 | 4 |
| 1 | 5 |
| 1 | 11 |
| 1 | 16 |
| 2 | 4 |
| 2 | 12 |
| 2 | 16 |
| 0 | 3 |
| 0 | 18 |
| 17 | 7 |
| 17 | 14 |
| 17 | 19 |
| 11 | 18 |
| 5 | 16 |
| 12 | 4 |
| 12 | 15 |
| 4 | 7 |
| 4 | 19 |
| 6 | 7 |
| 6 | 9 |
| 6 | 18 |
| 6 | 22 |
| 7 | 9 |
| 7 | 14 |
| 7 | 19 |
| 8 | 13 |
| 8 | 18 |
| 9 | 10 |
| 9 | 21 |
| 10 | 14 |
| 3 | 18 |
| 21 | 22 |
| 22 | 18 |
| 18 | 13 |

If you want to hand me the selection in a tidy, machine-friendly way, just drop it in this little JSON shape:

{
  ""solution"": [""booth_id"", ""booth_id"", ...]
}

Think of ""solution"" as the list of booths that get trash cans — one entry per booth. Keep it simple: each item is the exact booth identifier from the instance (still a placeholder here), and the list shows which booths you chose. This JSON is only a sketch of the shape I expect, not the actual answer.

Please use the identifiers exactly as they appear in the instance input — no renaming and no new labels. 

For example: Valid identifiers look like plain numbers such as “1” or “23”, single capital letters like “A” or “B”, or a capital letter followed by digits like “A1” or “X7”.",markdown_table,zero_based,"{""problem_type"": ""MVC"", ""num_nodes"": 23, ""num_edges"": 39, ""edges"": [{""u"": 21, ""v"": 2}, {""u"": 21, ""v"": 7}, {""u"": 21, ""v"": 8}, {""u"": 21, ""v"": 19}, {""u"": 2, ""v"": 3}, {""u"": 2, ""v"": 5}, {""u"": 2, ""v"": 6}, {""u"": 2, ""v"": 12}, {""u"": 2, ""v"": 17}, {""u"": 3, ""v"": 5}, {""u"": 3, ""v"": 13}, {""u"": 3, ""v"": 17}, {""u"": 1, ""v"": 4}, {""u"": 1, ""v"": 19}, {""u"": 18, ""v"": 8}, {""u"": 18, ""v"": 15}, {""u"": 18, ""v"": 20}, {""u"": 12, ""v"": 19}, {""u"": 6, ""v"": 17}, {""u"": 13, ""v"": 5}, {""u"": 13, ""v"": 16}, {""u"": 5, ""v"": 8}, {""u"": 5, ""v"": 20}, {""u"": 7, ""v"": 8}, {""u"": 7, ""v"": 10}, {""u"": 7, ""v"": 19}, {""u"": 7, ""v"": 23}, {""u"": 8, ""v"": 10}, {""u"": 8, ""v"": 15}, {""u"": 8, ""v"": 20}, {""u"": 9, ""v"": 14}, {""u"": 9, ""v"": 19}, {""u"": 10, ""v"": 11}, {""u"": 10, ""v"": 22}, {""u"": 11, ""v"": 15}, {""u"": 4, ""v"": 19}, {""u"": 22, ""v"": 23}, {""u"": 23, ""v"": 19}, {""u"": 19, ""v"": 14}], ""source_file"": ""wi2010.mtx"", ""density"": 0.1541501976284585, ""viz_instance"": ""generated_data/MVC/viz/MVC_L/instance_0030.png"", ""viz_solution"": ""generated_data/MVC/viz/MVC_L/solution_0030.png"", ""edge_connectivity"": 1}","[2, 4, 5, 7, 8, 11, 13, 14, 17, 18, 19, 22]",12.0,"{""num_nodes"": 23, ""num_edges"": 39, ""edges"": [{""u"": 20, ""v"": 1}, {""u"": 20, ""v"": 6}, {""u"": 20, ""v"": 7}, {""u"": 20, ""v"": 18}, {""u"": 1, ""v"": 2}, {""u"": 1, ""v"": 4}, {""u"": 1, ""v"": 5}, {""u"": 1, ""v"": 11}, {""u"": 1, ""v"": 16}, {""u"": 2, ""v"": 4}, {""u"": 2, ""v"": 12}, {""u"": 2, ""v"": 16}, {""u"": 0, ""v"": 3}, {""u"": 0, ""v"": 18}, {""u"": 17, ""v"": 7}, {""u"": 17, ""v"": 14}, {""u"": 17, ""v"": 19}, {""u"": 11, ""v"": 18}, {""u"": 5, ""v"": 16}, {""u"": 12, ""v"": 4}, {""u"": 12, ""v"": 15}, {""u"": 4, ""v"": 7}, {""u"": 4, ""v"": 19}, {""u"": 6, ""v"": 7}, {""u"": 6, ""v"": 9}, {""u"": 6, ""v"": 18}, {""u"": 6, ""v"": 22}, {""u"": 7, ""v"": 9}, {""u"": 7, ""v"": 14}, {""u"": 7, ""v"": 19}, {""u"": 8, ""v"": 13}, {""u"": 8, ""v"": 18}, {""u"": 9, ""v"": 10}, {""u"": 9, ""v"": 21}, {""u"": 10, ""v"": 14}, {""u"": 3, ""v"": 18}, {""u"": 21, ""v"": 22}, {""u"": 22, ""v"": 18}, {""u"": 18, ""v"": 13}]}","[1, 3, 4, 6, 7, 10, 12, 13, 16, 17, 18, 21]"
MVC_L_032,MVC,L,32,"On a busy morning the ground supervisor’s role becomes a routing question: decide which gates get ground crew so that every neighboring pair has someone on duty. The decision is which specific gates to cover, and the aim is to keep the count of staffed gates as low as possible — any plan can be checked by counting staffed gates and preferring the smallest count. It’s mandatory that for every pair of adjacent gates at least one is staffed; leaving both empty is not allowed, and staffing both is allowed but raises the total. The particular gate list and relations are shown below.

# total_gates=22
# total_adjacent_pairs=44
gate_endpoint_a,gate_endpoint_b
B,G
B,J
B,V
L,A
L,E
L,I
L,J
L,K
L,O
L,R
L,T
L,U
D,C
D,T
V,G
V,T
M,C
M,I
M,J
E,C
E,R
J,H
J,I
J,K
J,N
J,T
C,F
C,I
C,P
C,T
C,U
K,T
P,F
P,T
Q,G
Q,H
Q,T
I,S
F,T
A,O
R,S
T,G
T,H
T,U

Also, just so everything's easy to read and machine-friendly, please shape your reply like a small JSON snippet that lists the staffed gates.

{
  ""solution"": [""gate_id"", ""gate_id"", ...]
}

The ""solution"" array is where you put the IDs of the gates you choose to staff — one ID per staffed gate. Think of this block like a simple form: the key says what the list is for, and the entries in the list are the gate labels from the instance. This is only a sketch of the expected shape, not the actual answer — replace those placeholders with the real gate IDs.

Please be careful to use the identifiers exactly as they appear in the instance input — do not rename them or invent new labels. 
- for example: ""Valid identifiers look like plain numbers such as “1” or “23”, single capital letters like “A” or “B”, or a capital letter followed by digits like “A1” or “X7”.""",csv,names,"{""problem_type"": ""MVC"", ""num_nodes"": 22, ""num_edges"": 44, ""edges"": [{""u"": 2, ""v"": 7}, {""u"": 2, ""v"": 10}, {""u"": 2, ""v"": 22}, {""u"": 12, ""v"": 1}, {""u"": 12, ""v"": 5}, {""u"": 12, ""v"": 9}, {""u"": 12, ""v"": 10}, {""u"": 12, ""v"": 11}, {""u"": 12, ""v"": 15}, {""u"": 12, ""v"": 18}, {""u"": 12, ""v"": 20}, {""u"": 12, ""v"": 21}, {""u"": 4, ""v"": 3}, {""u"": 4, ""v"": 20}, {""u"": 22, ""v"": 7}, {""u"": 22, ""v"": 20}, {""u"": 13, ""v"": 3}, {""u"": 13, ""v"": 9}, {""u"": 13, ""v"": 10}, {""u"": 5, ""v"": 3}, {""u"": 5, ""v"": 18}, {""u"": 10, ""v"": 8}, {""u"": 10, ""v"": 9}, {""u"": 10, ""v"": 11}, {""u"": 10, ""v"": 14}, {""u"": 10, ""v"": 20}, {""u"": 3, ""v"": 6}, {""u"": 3, ""v"": 9}, {""u"": 3, ""v"": 16}, {""u"": 3, ""v"": 20}, {""u"": 3, ""v"": 21}, {""u"": 11, ""v"": 20}, {""u"": 16, ""v"": 6}, {""u"": 16, ""v"": 20}, {""u"": 17, ""v"": 7}, {""u"": 17, ""v"": 8}, {""u"": 17, ""v"": 20}, {""u"": 9, ""v"": 19}, {""u"": 6, ""v"": 20}, {""u"": 1, ""v"": 15}, {""u"": 18, ""v"": 19}, {""u"": 20, ""v"": 7}, {""u"": 20, ""v"": 8}, {""u"": 20, ""v"": 21}], ""source_file"": ""wv2010.mtx"", ""density"": 0.19047619047619047, ""viz_instance"": ""generated_data/MVC/viz/MVC_L/instance_0031.png"", ""viz_solution"": ""generated_data/MVC/viz/MVC_L/solution_0031.png"", ""edge_connectivity"": 1}","[1, 3, 6, 7, 9, 10, 12, 17, 18, 20, 22]",11.0,"{""num_nodes"": 22, ""num_edges"": 44, ""edges"": [{""u"": ""B"", ""v"": ""G""}, {""u"": ""B"", ""v"": ""J""}, {""u"": ""B"", ""v"": ""V""}, {""u"": ""L"", ""v"": ""A""}, {""u"": ""L"", ""v"": ""E""}, {""u"": ""L"", ""v"": ""I""}, {""u"": ""L"", ""v"": ""J""}, {""u"": ""L"", ""v"": ""K""}, {""u"": ""L"", ""v"": ""O""}, {""u"": ""L"", ""v"": ""R""}, {""u"": ""L"", ""v"": ""T""}, {""u"": ""L"", ""v"": ""U""}, {""u"": ""D"", ""v"": ""C""}, {""u"": ""D"", ""v"": ""T""}, {""u"": ""V"", ""v"": ""G""}, {""u"": ""V"", ""v"": ""T""}, {""u"": ""M"", ""v"": ""C""}, {""u"": ""M"", ""v"": ""I""}, {""u"": ""M"", ""v"": ""J""}, {""u"": ""E"", ""v"": ""C""}, {""u"": ""E"", ""v"": ""R""}, {""u"": ""J"", ""v"": ""H""}, {""u"": ""J"", ""v"": ""I""}, {""u"": ""J"", ""v"": ""K""}, {""u"": ""J"", ""v"": ""N""}, {""u"": ""J"", ""v"": ""T""}, {""u"": ""C"", ""v"": ""F""}, {""u"": ""C"", ""v"": ""I""}, {""u"": ""C"", ""v"": ""P""}, {""u"": ""C"", ""v"": ""T""}, {""u"": ""C"", ""v"": ""U""}, {""u"": ""K"", ""v"": ""T""}, {""u"": ""P"", ""v"": ""F""}, {""u"": ""P"", ""v"": ""T""}, {""u"": ""Q"", ""v"": ""G""}, {""u"": ""Q"", ""v"": ""H""}, {""u"": ""Q"", ""v"": ""T""}, {""u"": ""I"", ""v"": ""S""}, {""u"": ""F"", ""v"": ""T""}, {""u"": ""A"", ""v"": ""O""}, {""u"": ""R"", ""v"": ""S""}, {""u"": ""T"", ""v"": ""G""}, {""u"": ""T"", ""v"": ""H""}, {""u"": ""T"", ""v"": ""U""}]}","[""A"", ""C"", ""F"", ""G"", ""I"", ""J"", ""L"", ""Q"", ""R"", ""T"", ""V""]"
MVC_L_033,MVC,L,33,"On campus there are clusters of short connecting paths, and the plan is to place a minimal number of emergency phones so that for each neighboring pair of paths, at least one path in that pair has a phone. The task is to pick the set of walkways to equip, and the way to compare options is by counting phones — smaller counts are preferable. It’s mandatory that no adjacent pair be left uncovered, and adding extra phones to a single walkway that already covers its neighboring pairs simply wastes units. The map and full details are provided below.

There are 23 walkways and 43 adjacent pairs on the map.
Walkways 17 and 7 form an adjacent pair that must be covered by at least one phone.
Walkways 17 and 21 form an adjacent pair that must be covered by at least one phone.
Walkways 23 and 2 form an adjacent pair that must be covered by at least one phone.
Walkways 23 and 4 form an adjacent pair that must be covered by at least one phone.
Walkways 23 and 6 form an adjacent pair that must be covered by at least one phone.
Walkways 23 and 10 form an adjacent pair that must be covered by at least one phone.
Walkways 18 and 21 form an adjacent pair that must be covered by at least one phone.
Walkways 7 and 3 form an adjacent pair that must be covered by at least one phone.
Walkways 7 and 9 form an adjacent pair that must be covered by at least one phone.
Walkways 7 and 10 form an adjacent pair that must be covered by at least one phone.
Walkways 7 and 21 form an adjacent pair that must be covered by at least one phone.
Walkways 14 and 15 form an adjacent pair that must be covered by at least one phone.
Walkways 14 and 16 form an adjacent pair that must be covered by at least one phone.
Walkways 8 and 16 form an adjacent pair that must be covered by at least one phone.
Walkways 8 and 21 form an adjacent pair that must be covered by at least one phone.
Walkways 9 and 10 form an adjacent pair that must be covered by at least one phone.
Walkways 10 and 3 form an adjacent pair that must be covered by at least one phone.
Walkways 10 and 6 form an adjacent pair that must be covered by at least one phone.
Walkways 10 and 11 form an adjacent pair that must be covered by at least one phone.
Walkways 10 and 21 form an adjacent pair that must be covered by at least one phone.
Walkways 15 and 13 form an adjacent pair that must be covered by at least one phone.
Walkways 15 and 16 form an adjacent pair that must be covered by at least one phone.
Walkways 11 and 2 form an adjacent pair that must be covered by at least one phone.
Walkways 12 and 6 form an adjacent pair that must be covered by at least one phone.
Walkways 12 and 16 form an adjacent pair that must be covered by at least one phone.
Walkways 1 and 5 form an adjacent pair that must be covered by at least one phone.
Walkways 1 and 16 form an adjacent pair that must be covered by at least one phone.
Walkways 1 and 19 form an adjacent pair that must be covered by at least one phone.
Walkways 1 and 22 form an adjacent pair that must be covered by at least one phone.
Walkways 13 and 16 form an adjacent pair that must be covered by at least one phone.
Walkways 13 and 19 form an adjacent pair that must be covered by at least one phone.
Walkways 4 and 2 form an adjacent pair that must be covered by at least one phone.
Walkways 4 and 5 form an adjacent pair that must be covered by at least one phone.
Walkways 4 and 6 form an adjacent pair that must be covered by at least one phone.
Walkways 4 and 16 form an adjacent pair that must be covered by at least one phone.
Walkways 4 and 20 form an adjacent pair that must be covered by at least one phone.
Walkways 5 and 20 form an adjacent pair that must be covered by at least one phone.
Walkways 5 and 22 form an adjacent pair that must be covered by at least one phone.
Walkways 19 and 16 form an adjacent pair that must be covered by at least one phone.
Walkways 6 and 16 form an adjacent pair that must be covered by at least one phone.
Walkways 6 and 21 form an adjacent pair that must be covered by at least one phone.
Walkways 21 and 16 form an adjacent pair that must be covered by at least one phone.
Walkways 20 and 22 form an adjacent pair that must be covered by at least one phone.
Choose the minimal set of walkways that covers all 43 adjacent pairs without redundant phones.

When you send back the chosen walkways, a small JSON object like the one below works nicely — keeps things neat and machine-friendly without getting fussy.

{
  ""solution"": [""walkway_id"", ""walkway_id"", ...]
}

Here ""solution"" is just the list of walkway identifiers where we'll install phones. Think of it as a simple form field: list the walkways you picked, and that's it. The JSON above is only a sketch of the expected shape, not the actual answer.

Please use the identifiers exactly as they appear in the instance input — no renaming and no new labels.
- for example: ""Valid identifiers look like plain numbers such as “1” or “23”, single capital letters like “A” or “B”, or a capital letter followed by digits like “A1” or “X7”.""",nl,one_based,"{""problem_type"": ""MVC"", ""num_nodes"": 23, ""num_edges"": 43, ""edges"": [{""u"": 17, ""v"": 7}, {""u"": 17, ""v"": 21}, {""u"": 23, ""v"": 2}, {""u"": 23, ""v"": 4}, {""u"": 23, ""v"": 6}, {""u"": 23, ""v"": 10}, {""u"": 18, ""v"": 21}, {""u"": 7, ""v"": 3}, {""u"": 7, ""v"": 9}, {""u"": 7, ""v"": 10}, {""u"": 7, ""v"": 21}, {""u"": 14, ""v"": 15}, {""u"": 14, ""v"": 16}, {""u"": 8, ""v"": 16}, {""u"": 8, ""v"": 21}, {""u"": 9, ""v"": 10}, {""u"": 10, ""v"": 3}, {""u"": 10, ""v"": 6}, {""u"": 10, ""v"": 11}, {""u"": 10, ""v"": 21}, {""u"": 15, ""v"": 13}, {""u"": 15, ""v"": 16}, {""u"": 11, ""v"": 2}, {""u"": 12, ""v"": 6}, {""u"": 12, ""v"": 16}, {""u"": 1, ""v"": 5}, {""u"": 1, ""v"": 16}, {""u"": 1, ""v"": 19}, {""u"": 1, ""v"": 22}, {""u"": 13, ""v"": 16}, {""u"": 13, ""v"": 19}, {""u"": 4, ""v"": 2}, {""u"": 4, ""v"": 5}, {""u"": 4, ""v"": 6}, {""u"": 4, ""v"": 16}, {""u"": 4, ""v"": 20}, {""u"": 5, ""v"": 20}, {""u"": 5, ""v"": 22}, {""u"": 19, ""v"": 16}, {""u"": 6, ""v"": 16}, {""u"": 6, ""v"": 21}, {""u"": 21, ""v"": 16}, {""u"": 20, ""v"": 22}], ""source_file"": ""wi2010.mtx"", ""density"": 0.16996047430830039, ""viz_instance"": ""generated_data/MVC/viz/MVC_L/instance_0032.png"", ""viz_solution"": ""generated_data/MVC/viz/MVC_L/solution_0032.png"", ""edge_connectivity"": 1}","[2, 4, 5, 6, 7, 10, 15, 16, 19, 21, 22]",11.0,"{""num_nodes"": 23, ""num_edges"": 43, ""edges"": [{""u"": 17, ""v"": 7}, {""u"": 17, ""v"": 21}, {""u"": 23, ""v"": 2}, {""u"": 23, ""v"": 4}, {""u"": 23, ""v"": 6}, {""u"": 23, ""v"": 10}, {""u"": 18, ""v"": 21}, {""u"": 7, ""v"": 3}, {""u"": 7, ""v"": 9}, {""u"": 7, ""v"": 10}, {""u"": 7, ""v"": 21}, {""u"": 14, ""v"": 15}, {""u"": 14, ""v"": 16}, {""u"": 8, ""v"": 16}, {""u"": 8, ""v"": 21}, {""u"": 9, ""v"": 10}, {""u"": 10, ""v"": 3}, {""u"": 10, ""v"": 6}, {""u"": 10, ""v"": 11}, {""u"": 10, ""v"": 21}, {""u"": 15, ""v"": 13}, {""u"": 15, ""v"": 16}, {""u"": 11, ""v"": 2}, {""u"": 12, ""v"": 6}, {""u"": 12, ""v"": 16}, {""u"": 1, ""v"": 5}, {""u"": 1, ""v"": 16}, {""u"": 1, ""v"": 19}, {""u"": 1, ""v"": 22}, {""u"": 13, ""v"": 16}, {""u"": 13, ""v"": 19}, {""u"": 4, ""v"": 2}, {""u"": 4, ""v"": 5}, {""u"": 4, ""v"": 6}, {""u"": 4, ""v"": 16}, {""u"": 4, ""v"": 20}, {""u"": 5, ""v"": 20}, {""u"": 5, ""v"": 22}, {""u"": 19, ""v"": 16}, {""u"": 6, ""v"": 16}, {""u"": 6, ""v"": 21}, {""u"": 21, ""v"": 16}, {""u"": 20, ""v"": 22}]}","[2, 4, 5, 6, 7, 10, 15, 16, 19, 21, 22]"
MVC_L_034,MVC,L,34,"We’ve got a bunch of floor displays that bump up against each other, and the task is to pick the smallest crew of attendants so that for every pair of touching displays at least one of them has someone standing there. The decision is which displays to staff, and the better plan is simply the one with fewer attendants assigned. The way to check is straightforward: count the attendants chosen. Every touching pair must be covered by at least one staffed display, and a display doesn’t need more than one person. The concrete details of the setup are shown below.

# total_displays=20
# total_touching_pairs=39
display_id_u,display_id_v
15,19
2,0
2,6
2,7
2,12
2,13
2,14
2,18
3,7
3,8
3,17
3,18
4,5
4,9
4,18
4,19
16,7
16,10
16,14
16,17
5,1
5,8
5,18
13,0
13,6
13,10
12,0
14,0
14,7
14,10
17,7
17,11
1,9
11,8
18,6
18,7
18,19
19,6
10,6

You can just send the final plan in a tiny JSON snippet like this — makes it easy to check automatically.

{
  ""solution"": [""vertex_id"", ""vertex_id"", ...]
}

Here ""solution"" is just the list of displays where you station attendants (one entry per staffed display). Think of the entries in the array as the exact labels of the displays you pick. This is just the shape I expect — a sketch, not the actual staffing plan.

Please use the identifiers exactly as they appear in the instance input — don’t rename them or invent new labels. For example: ""1"" or ""23"", ""A"" or ""B"", ""A1"" or ""X7"".",csv,zero_based,"{""problem_type"": ""MVC"", ""num_nodes"": 20, ""num_edges"": 39, ""edges"": [{""u"": 16, ""v"": 20}, {""u"": 3, ""v"": 1}, {""u"": 3, ""v"": 7}, {""u"": 3, ""v"": 8}, {""u"": 3, ""v"": 13}, {""u"": 3, ""v"": 14}, {""u"": 3, ""v"": 15}, {""u"": 3, ""v"": 19}, {""u"": 4, ""v"": 8}, {""u"": 4, ""v"": 9}, {""u"": 4, ""v"": 18}, {""u"": 4, ""v"": 19}, {""u"": 5, ""v"": 6}, {""u"": 5, ""v"": 10}, {""u"": 5, ""v"": 19}, {""u"": 5, ""v"": 20}, {""u"": 17, ""v"": 8}, {""u"": 17, ""v"": 11}, {""u"": 17, ""v"": 15}, {""u"": 17, ""v"": 18}, {""u"": 6, ""v"": 2}, {""u"": 6, ""v"": 9}, {""u"": 6, ""v"": 19}, {""u"": 14, ""v"": 1}, {""u"": 14, ""v"": 7}, {""u"": 14, ""v"": 11}, {""u"": 13, ""v"": 1}, {""u"": 15, ""v"": 1}, {""u"": 15, ""v"": 8}, {""u"": 15, ""v"": 11}, {""u"": 18, ""v"": 8}, {""u"": 18, ""v"": 12}, {""u"": 2, ""v"": 10}, {""u"": 12, ""v"": 9}, {""u"": 19, ""v"": 7}, {""u"": 19, ""v"": 8}, {""u"": 19, ""v"": 20}, {""u"": 20, ""v"": 7}, {""u"": 11, ""v"": 7}], ""source_file"": ""wa2010.mtx"", ""density"": 0.20526315789473684, ""viz_instance"": ""generated_data/MVC/viz/MVC_L/instance_0033.png"", ""viz_solution"": ""generated_data/MVC/viz/MVC_L/solution_0033.png"", ""edge_connectivity"": 1}","[1, 3, 6, 7, 8, 9, 10, 11, 17, 18, 19, 20]",12.0,"{""num_nodes"": 20, ""num_edges"": 39, ""edges"": [{""u"": 15, ""v"": 19}, {""u"": 2, ""v"": 0}, {""u"": 2, ""v"": 6}, {""u"": 2, ""v"": 7}, {""u"": 2, ""v"": 12}, {""u"": 2, ""v"": 13}, {""u"": 2, ""v"": 14}, {""u"": 2, ""v"": 18}, {""u"": 3, ""v"": 7}, {""u"": 3, ""v"": 8}, {""u"": 3, ""v"": 17}, {""u"": 3, ""v"": 18}, {""u"": 4, ""v"": 5}, {""u"": 4, ""v"": 9}, {""u"": 4, ""v"": 18}, {""u"": 4, ""v"": 19}, {""u"": 16, ""v"": 7}, {""u"": 16, ""v"": 10}, {""u"": 16, ""v"": 14}, {""u"": 16, ""v"": 17}, {""u"": 5, ""v"": 1}, {""u"": 5, ""v"": 8}, {""u"": 5, ""v"": 18}, {""u"": 13, ""v"": 0}, {""u"": 13, ""v"": 6}, {""u"": 13, ""v"": 10}, {""u"": 12, ""v"": 0}, {""u"": 14, ""v"": 0}, {""u"": 14, ""v"": 7}, {""u"": 14, ""v"": 10}, {""u"": 17, ""v"": 7}, {""u"": 17, ""v"": 11}, {""u"": 1, ""v"": 9}, {""u"": 11, ""v"": 8}, {""u"": 18, ""v"": 6}, {""u"": 18, ""v"": 7}, {""u"": 18, ""v"": 19}, {""u"": 19, ""v"": 6}, {""u"": 10, ""v"": 6}]}","[0, 2, 5, 6, 7, 8, 9, 10, 16, 17, 18, 19]"
MVC_L_035,MVC,L,35,"There’s a house with lots of wall pieces joined together, and the job is to spray just enough of those pieces to stop pests at every joint. A better decision uses fewer treated sections overall — you just tally up how many sections are treated to compare plans — while ensuring that for each pair of pieces that meet, at least one of them has been treated. You can’t ignore any seam, and the concrete room layout and seams are shown below.

# total_wall_sections=25
# total_seams=56
section_one,section_two
18,2
18,3
18,9
18,23
18,24
14,2
14,5
14,16
3,9
20,2
20,4
20,8
20,9
20,10
20,13
20,15
20,17
20,23
21,1
21,16
21,19
21,24
1,7
1,12
4,2
4,5
4,11
4,15
9,17
9,23
10,13
10,17
19,7
19,16
22,0
22,13
16,2
16,5
16,6
16,24
11,5
11,6
11,15
2,5
2,23
2,24
12,0
15,0
15,6
15,7
15,8
13,0
13,8
8,0
6,7
7,0

And hey — when you give me the final pick, please use this simple JSON layout so I can read it easily:

{
  ""solution"": [""wall_id"", ""wall_id"", ...]
}

""solution"" is just a list of the wall pieces you plan to treat so every seam is covered. The placeholder items above show the shape I need — each entry should be the exact label used in the problem input for a wall piece. This JSON is only a sketch of the expected format, not the actual answer.

All identifiers must be used exactly as they appear in the instance input — no renaming and no new labels.

Valid identifiers look like plain numbers such as “1” or “23”, single capital letters like “A” or “B”, or a capital letter followed by digits like “A1” or “X7”.",csv,zero_based,"{""problem_type"": ""MVC"", ""num_nodes"": 25, ""num_edges"": 56, ""edges"": [{""u"": 19, ""v"": 3}, {""u"": 19, ""v"": 4}, {""u"": 19, ""v"": 10}, {""u"": 19, ""v"": 24}, {""u"": 19, ""v"": 25}, {""u"": 15, ""v"": 3}, {""u"": 15, ""v"": 6}, {""u"": 15, ""v"": 17}, {""u"": 4, ""v"": 10}, {""u"": 21, ""v"": 3}, {""u"": 21, ""v"": 5}, {""u"": 21, ""v"": 9}, {""u"": 21, ""v"": 10}, {""u"": 21, ""v"": 11}, {""u"": 21, ""v"": 14}, {""u"": 21, ""v"": 16}, {""u"": 21, ""v"": 18}, {""u"": 21, ""v"": 24}, {""u"": 22, ""v"": 2}, {""u"": 22, ""v"": 17}, {""u"": 22, ""v"": 20}, {""u"": 22, ""v"": 25}, {""u"": 2, ""v"": 8}, {""u"": 2, ""v"": 13}, {""u"": 5, ""v"": 3}, {""u"": 5, ""v"": 6}, {""u"": 5, ""v"": 12}, {""u"": 5, ""v"": 16}, {""u"": 10, ""v"": 18}, {""u"": 10, ""v"": 24}, {""u"": 11, ""v"": 14}, {""u"": 11, ""v"": 18}, {""u"": 20, ""v"": 8}, {""u"": 20, ""v"": 17}, {""u"": 23, ""v"": 1}, {""u"": 23, ""v"": 14}, {""u"": 17, ""v"": 3}, {""u"": 17, ""v"": 6}, {""u"": 17, ""v"": 7}, {""u"": 17, ""v"": 25}, {""u"": 12, ""v"": 6}, {""u"": 12, ""v"": 7}, {""u"": 12, ""v"": 16}, {""u"": 3, ""v"": 6}, {""u"": 3, ""v"": 24}, {""u"": 3, ""v"": 25}, {""u"": 13, ""v"": 1}, {""u"": 16, ""v"": 1}, {""u"": 16, ""v"": 7}, {""u"": 16, ""v"": 8}, {""u"": 16, ""v"": 9}, {""u"": 14, ""v"": 1}, {""u"": 14, ""v"": 9}, {""u"": 9, ""v"": 1}, {""u"": 7, ""v"": 8}, {""u"": 8, ""v"": 1}], ""source_file"": ""wa2010.mtx"", ""density"": 0.18666666666666668, ""viz_instance"": ""generated_data/MVC/viz/MVC_L/instance_0034.png"", ""viz_solution"": ""generated_data/MVC/viz/MVC_L/solution_0034.png"", ""edge_connectivity"": 2}","[1, 2, 3, 6, 8, 10, 11, 12, 14, 16, 17, 19, 21, 22]",14.0,"{""num_nodes"": 25, ""num_edges"": 56, ""edges"": [{""u"": 18, ""v"": 2}, {""u"": 18, ""v"": 3}, {""u"": 18, ""v"": 9}, {""u"": 18, ""v"": 23}, {""u"": 18, ""v"": 24}, {""u"": 14, ""v"": 2}, {""u"": 14, ""v"": 5}, {""u"": 14, ""v"": 16}, {""u"": 3, ""v"": 9}, {""u"": 20, ""v"": 2}, {""u"": 20, ""v"": 4}, {""u"": 20, ""v"": 8}, {""u"": 20, ""v"": 9}, {""u"": 20, ""v"": 10}, {""u"": 20, ""v"": 13}, {""u"": 20, ""v"": 15}, {""u"": 20, ""v"": 17}, {""u"": 20, ""v"": 23}, {""u"": 21, ""v"": 1}, {""u"": 21, ""v"": 16}, {""u"": 21, ""v"": 19}, {""u"": 21, ""v"": 24}, {""u"": 1, ""v"": 7}, {""u"": 1, ""v"": 12}, {""u"": 4, ""v"": 2}, {""u"": 4, ""v"": 5}, {""u"": 4, ""v"": 11}, {""u"": 4, ""v"": 15}, {""u"": 9, ""v"": 17}, {""u"": 9, ""v"": 23}, {""u"": 10, ""v"": 13}, {""u"": 10, ""v"": 17}, {""u"": 19, ""v"": 7}, {""u"": 19, ""v"": 16}, {""u"": 22, ""v"": 0}, {""u"": 22, ""v"": 13}, {""u"": 16, ""v"": 2}, {""u"": 16, ""v"": 5}, {""u"": 16, ""v"": 6}, {""u"": 16, ""v"": 24}, {""u"": 11, ""v"": 5}, {""u"": 11, ""v"": 6}, {""u"": 11, ""v"": 15}, {""u"": 2, ""v"": 5}, {""u"": 2, ""v"": 23}, {""u"": 2, ""v"": 24}, {""u"": 12, ""v"": 0}, {""u"": 15, ""v"": 0}, {""u"": 15, ""v"": 6}, {""u"": 15, ""v"": 7}, {""u"": 15, ""v"": 8}, {""u"": 13, ""v"": 0}, {""u"": 13, ""v"": 8}, {""u"": 8, ""v"": 0}, {""u"": 6, ""v"": 7}, {""u"": 7, ""v"": 0}]}","[0, 1, 2, 5, 7, 9, 10, 11, 13, 15, 16, 18, 20, 21]"
MVC_L_036,MVC,L,36,"We run the morning staffing for a subway line and need to choose a small set of platform areas to station staff so that for every adjacent pair of areas, at least one has someone there. The choice is about which areas to staff; one plan is better than another if it uses fewer staffed areas but still leaves no adjacent pair unprotected. You can check any plan by counting how many areas are staffed — aim for the lowest possible number — and don’t forget every connection must be addressed and doubling up on a single area is pointless. The concrete layout of zones and their links is listed below.

{
  ""total_platform_zones"": 20,
  ""total_adjacent_zone_pairs"": 32,
  ""edges"": [
    {
      ""zone_u"": ""S"",
      ""zone_v"": ""M""
    },
    {
      ""zone_u"": ""S"",
      ""zone_v"": ""P""
    },
    {
      ""zone_u"": ""S"",
      ""zone_v"": ""Q""
    },
    {
      ""zone_u"": ""S"",
      ""zone_v"": ""T""
    },
    {
      ""zone_u"": ""O"",
      ""zone_v"": ""C""
    },
    {
      ""zone_u"": ""O"",
      ""zone_v"": ""F""
    },
    {
      ""zone_u"": ""O"",
      ""zone_v"": ""K""
    },
    {
      ""zone_u"": ""O"",
      ""zone_v"": ""L""
    },
    {
      ""zone_u"": ""K"",
      ""zone_v"": ""M""
    },
    {
      ""zone_u"": ""K"",
      ""zone_v"": ""N""
    },
    {
      ""zone_u"": ""K"",
      ""zone_v"": ""Q""
    },
    {
      ""zone_u"": ""H"",
      ""zone_v"": ""A""
    },
    {
      ""zone_u"": ""H"",
      ""zone_v"": ""N""
    },
    {
      ""zone_u"": ""H"",
      ""zone_v"": ""R""
    },
    {
      ""zone_u"": ""R"",
      ""zone_v"": ""P""
    },
    {
      ""zone_u"": ""L"",
      ""zone_v"": ""J""
    },
    {
      ""zone_u"": ""L"",
      ""zone_v"": ""M""
    },
    {
      ""zone_u"": ""E"",
      ""zone_v"": ""N""
    },
    {
      ""zone_u"": ""A"",
      ""zone_v"": ""N""
    },
    {
      ""zone_u"": ""F"",
      ""zone_v"": ""B""
    },
    {
      ""zone_u"": ""F"",
      ""zone_v"": ""G""
    },
    {
      ""zone_u"": ""F"",
      ""zone_v"": ""N""
    },
    {
      ""zone_u"": ""P"",
      ""zone_v"": ""N""
    },
    {
      ""zone_u"": ""P"",
      ""zone_v"": ""Q""
    },
    {
      ""zone_u"": ""M"",
      ""zone_v"": ""D""
    },
    {
      ""zone_u"": ""M"",
      ""zone_v"": ""I""
    },
    {
      ""zone_u"": ""I"",
      ""zone_v"": ""D""
    },
    {
      ""zone_u"": ""I"",
      ""zone_v"": ""T""
    },
    {
      ""zone_u"": ""J"",
      ""zone_v"": ""C""
    },
    {
      ""zone_u"": ""J"",
      ""zone_v"": ""D""
    },
    {
      ""zone_u"": ""G"",
      ""zone_v"": ""B""
    },
    {
      ""zone_u"": ""B"",
      ""zone_v"": ""C""
    }
  ]
}

Also, when you reply, please put the chosen areas into a tiny JSON object like this so it's easy to read and check:

{
  ""solution"": [""area_id"", ""area_id"", ...]
}

Here ""solution"" is just the list of platform areas you'd staff — each entry is the exact identifier for an area from the layout above. Think of it like filling out a short form: list the area IDs you plan to staff. This JSON is just a sketch of the expected shape, not the actual answer.

Make sure to use the identifiers exactly as they appear in the instance input — no renaming, no made-up labels. 
- for example: ""Valid identifiers look like plain numbers such as “1” or “23”, single capital letters like “A” or “B”, or a capital letter followed by digits like “A1” or “X7”.",json,names,"{""problem_type"": ""MVC"", ""num_nodes"": 20, ""num_edges"": 32, ""edges"": [{""u"": 19, ""v"": 13}, {""u"": 19, ""v"": 16}, {""u"": 19, ""v"": 17}, {""u"": 19, ""v"": 20}, {""u"": 15, ""v"": 3}, {""u"": 15, ""v"": 6}, {""u"": 15, ""v"": 11}, {""u"": 15, ""v"": 12}, {""u"": 11, ""v"": 13}, {""u"": 11, ""v"": 14}, {""u"": 11, ""v"": 17}, {""u"": 8, ""v"": 1}, {""u"": 8, ""v"": 14}, {""u"": 8, ""v"": 18}, {""u"": 18, ""v"": 16}, {""u"": 12, ""v"": 10}, {""u"": 12, ""v"": 13}, {""u"": 5, ""v"": 14}, {""u"": 1, ""v"": 14}, {""u"": 6, ""v"": 2}, {""u"": 6, ""v"": 7}, {""u"": 6, ""v"": 14}, {""u"": 16, ""v"": 14}, {""u"": 16, ""v"": 17}, {""u"": 13, ""v"": 4}, {""u"": 13, ""v"": 9}, {""u"": 9, ""v"": 4}, {""u"": 9, ""v"": 20}, {""u"": 10, ""v"": 3}, {""u"": 10, ""v"": 4}, {""u"": 7, ""v"": 2}, {""u"": 2, ""v"": 3}], ""source_file"": ""wi2010.mtx"", ""density"": 0.16842105263157894, ""viz_instance"": ""generated_data/MVC/viz/MVC_L/instance_0035.png"", ""viz_solution"": ""generated_data/MVC/viz/MVC_L/solution_0035.png"", ""edge_connectivity"": 1}","[2, 4, 6, 8, 10, 13, 14, 15, 16, 17, 20]",11.0,"{""num_nodes"": 20, ""num_edges"": 32, ""edges"": [{""u"": ""S"", ""v"": ""M""}, {""u"": ""S"", ""v"": ""P""}, {""u"": ""S"", ""v"": ""Q""}, {""u"": ""S"", ""v"": ""T""}, {""u"": ""O"", ""v"": ""C""}, {""u"": ""O"", ""v"": ""F""}, {""u"": ""O"", ""v"": ""K""}, {""u"": ""O"", ""v"": ""L""}, {""u"": ""K"", ""v"": ""M""}, {""u"": ""K"", ""v"": ""N""}, {""u"": ""K"", ""v"": ""Q""}, {""u"": ""H"", ""v"": ""A""}, {""u"": ""H"", ""v"": ""N""}, {""u"": ""H"", ""v"": ""R""}, {""u"": ""R"", ""v"": ""P""}, {""u"": ""L"", ""v"": ""J""}, {""u"": ""L"", ""v"": ""M""}, {""u"": ""E"", ""v"": ""N""}, {""u"": ""A"", ""v"": ""N""}, {""u"": ""F"", ""v"": ""B""}, {""u"": ""F"", ""v"": ""G""}, {""u"": ""F"", ""v"": ""N""}, {""u"": ""P"", ""v"": ""N""}, {""u"": ""P"", ""v"": ""Q""}, {""u"": ""M"", ""v"": ""D""}, {""u"": ""M"", ""v"": ""I""}, {""u"": ""I"", ""v"": ""D""}, {""u"": ""I"", ""v"": ""T""}, {""u"": ""J"", ""v"": ""C""}, {""u"": ""J"", ""v"": ""D""}, {""u"": ""G"", ""v"": ""B""}, {""u"": ""B"", ""v"": ""C""}]}","[""B"", ""D"", ""F"", ""H"", ""J"", ""M"", ""N"", ""O"", ""P"", ""Q"", ""T""]"
MVC_L_037,MVC,L,37,"Many people think securing a scaffold means anchoring every post, but the real job is to choose just enough anchored posts so that every brace still touches one. The preferred setup is the one that uses the fewest anchors; compare options by tallying how many posts end up anchored. Don’t forget: every brace must have at least one anchored endpoint, and each post is either anchored once or not at all. The concrete layout of posts and braces will be shown below.

# total_posts=20
# total_braces=38
post_u,post_v
1,2
1,3
1,8
1,12
19,2
19,13
19,14
19,15
5,7
5,8
10,6
10,11
10,12
11,2
11,6
17,15
17,16
17,18
12,2
8,3
8,9
15,3
15,13
15,14
15,16
15,18
18,0
2,3
2,6
3,0
3,9
3,14
16,13
4,0
4,7
4,9
0,9
9,7

Also, when you give the final answer, please follow this simple JSON shape so I can pick it up automatically and check which posts you decided to anchor:

{
  ""solution"": [""post_id"", ""post_id"", ...]
}

Think of it as a little form: the ""solution"" field holds a list of the posts you'll anchor so every brace touches at least one anchored post. The entries should be the exact post identifiers from the instance (this block is just an example of the shape, not the real answer).

Please make sure you use the identifiers exactly as they appear in the input — no renaming and no new labels. 
- for example: ""Valid identifiers look like plain numbers such as “1” or “23”, single capital letters like “A” or “B”, or a capital letter followed by digits like “A1” or “X7”.",csv,zero_based,"{""problem_type"": ""MVC"", ""num_nodes"": 20, ""num_edges"": 38, ""edges"": [{""u"": 2, ""v"": 3}, {""u"": 2, ""v"": 4}, {""u"": 2, ""v"": 9}, {""u"": 2, ""v"": 13}, {""u"": 20, ""v"": 3}, {""u"": 20, ""v"": 14}, {""u"": 20, ""v"": 15}, {""u"": 20, ""v"": 16}, {""u"": 6, ""v"": 8}, {""u"": 6, ""v"": 9}, {""u"": 11, ""v"": 7}, {""u"": 11, ""v"": 12}, {""u"": 11, ""v"": 13}, {""u"": 12, ""v"": 3}, {""u"": 12, ""v"": 7}, {""u"": 18, ""v"": 16}, {""u"": 18, ""v"": 17}, {""u"": 18, ""v"": 19}, {""u"": 13, ""v"": 3}, {""u"": 9, ""v"": 4}, {""u"": 9, ""v"": 10}, {""u"": 16, ""v"": 4}, {""u"": 16, ""v"": 14}, {""u"": 16, ""v"": 15}, {""u"": 16, ""v"": 17}, {""u"": 16, ""v"": 19}, {""u"": 19, ""v"": 1}, {""u"": 3, ""v"": 4}, {""u"": 3, ""v"": 7}, {""u"": 4, ""v"": 1}, {""u"": 4, ""v"": 10}, {""u"": 4, ""v"": 15}, {""u"": 17, ""v"": 14}, {""u"": 5, ""v"": 1}, {""u"": 5, ""v"": 8}, {""u"": 5, ""v"": 10}, {""u"": 1, ""v"": 10}, {""u"": 10, ""v"": 8}], ""source_file"": ""wv2010.mtx"", ""density"": 0.2, ""viz_instance"": ""generated_data/MVC/viz/MVC_L/instance_0036.png"", ""viz_solution"": ""generated_data/MVC/viz/MVC_L/solution_0036.png"", ""edge_connectivity"": 2}","[2, 3, 4, 5, 6, 7, 10, 11, 16, 17, 19, 20]",12.0,"{""num_nodes"": 20, ""num_edges"": 38, ""edges"": [{""u"": 1, ""v"": 2}, {""u"": 1, ""v"": 3}, {""u"": 1, ""v"": 8}, {""u"": 1, ""v"": 12}, {""u"": 19, ""v"": 2}, {""u"": 19, ""v"": 13}, {""u"": 19, ""v"": 14}, {""u"": 19, ""v"": 15}, {""u"": 5, ""v"": 7}, {""u"": 5, ""v"": 8}, {""u"": 10, ""v"": 6}, {""u"": 10, ""v"": 11}, {""u"": 10, ""v"": 12}, {""u"": 11, ""v"": 2}, {""u"": 11, ""v"": 6}, {""u"": 17, ""v"": 15}, {""u"": 17, ""v"": 16}, {""u"": 17, ""v"": 18}, {""u"": 12, ""v"": 2}, {""u"": 8, ""v"": 3}, {""u"": 8, ""v"": 9}, {""u"": 15, ""v"": 3}, {""u"": 15, ""v"": 13}, {""u"": 15, ""v"": 14}, {""u"": 15, ""v"": 16}, {""u"": 15, ""v"": 18}, {""u"": 18, ""v"": 0}, {""u"": 2, ""v"": 3}, {""u"": 2, ""v"": 6}, {""u"": 3, ""v"": 0}, {""u"": 3, ""v"": 9}, {""u"": 3, ""v"": 14}, {""u"": 16, ""v"": 13}, {""u"": 4, ""v"": 0}, {""u"": 4, ""v"": 7}, {""u"": 4, ""v"": 9}, {""u"": 0, ""v"": 9}, {""u"": 9, ""v"": 7}]}","[1, 2, 3, 4, 5, 6, 9, 10, 15, 16, 18, 19]"
MVC_L_038,MVC,L,38,"There's a property with a bunch of short corridors between junctions, and the building manager is trying to decide where to install lights so no corridor is left without a light at one of its ends. The trick is to cover all the corridor pieces while installing as few fixtures as possible — the better plan is the one with the lower light count, simply tallied. Every single corridor must have at least one of its two ends lit, and each light is placed at an intersection (no double-counting). The exact layout appears below.

There are 22 junctions in total and 45 corridor segments.

| corridor_end_u | corridor_end_v |
|---|---|
| M | F |
| M | I |
| M | P |
| M | U |
| G | B |
| G | J |
| H | B |
| H | R |
| I | F |
| I | Q |
| I | R |
| N | F |
| N | P |
| N | U |
| J | B |
| J | C |
| J | L |
| J | O |
| B | C |
| C | F |
| C | R |
| C | S |
| E | A |
| E | D |
| E | K |
| E | T |
| E | V |
| P | F |
| K | L |
| Q | F |
| Q | R |
| A | O |
| A | V |
| D | F |
| D | T |
| O | F |
| O | L |
| O | S |
| O | V |
| R | F |
| S | F |
| V | F |
| V | T |
| F | T |
| F | U |

If you want to send me the final plan, just drop it in this little JSON shape so it's easy to read and parse:

{
  ""solution"": [""junction_id"", ""junction_id"", ...]
}

Here ""solution"" is just the list of intersections where you'd put lights — each entry is the identifier for a junction (one identifier per light). Think of it like filling out a short form: the array lists which junctions get fixtures. This JSON is just a sketch of the shape I expect, not the actual answer itself.

Please use the identifiers exactly as they appear in the instance input — don't rename them or invent new labels. 
- for example: ""Valid identifiers look like plain numbers such as ""1"" or ""23"", single capital letters like ""A"" or ""B"", or a capital letter followed by digits like ""A1"" or ""X7"".""",markdown_table,names,"{""problem_type"": ""MVC"", ""num_nodes"": 22, ""num_edges"": 45, ""edges"": [{""u"": 13, ""v"": 6}, {""u"": 13, ""v"": 9}, {""u"": 13, ""v"": 16}, {""u"": 13, ""v"": 21}, {""u"": 7, ""v"": 2}, {""u"": 7, ""v"": 10}, {""u"": 8, ""v"": 2}, {""u"": 8, ""v"": 18}, {""u"": 9, ""v"": 6}, {""u"": 9, ""v"": 17}, {""u"": 9, ""v"": 18}, {""u"": 14, ""v"": 6}, {""u"": 14, ""v"": 16}, {""u"": 14, ""v"": 21}, {""u"": 10, ""v"": 2}, {""u"": 10, ""v"": 3}, {""u"": 10, ""v"": 12}, {""u"": 10, ""v"": 15}, {""u"": 2, ""v"": 3}, {""u"": 3, ""v"": 6}, {""u"": 3, ""v"": 18}, {""u"": 3, ""v"": 19}, {""u"": 5, ""v"": 1}, {""u"": 5, ""v"": 4}, {""u"": 5, ""v"": 11}, {""u"": 5, ""v"": 20}, {""u"": 5, ""v"": 22}, {""u"": 16, ""v"": 6}, {""u"": 11, ""v"": 12}, {""u"": 17, ""v"": 6}, {""u"": 17, ""v"": 18}, {""u"": 1, ""v"": 15}, {""u"": 1, ""v"": 22}, {""u"": 4, ""v"": 6}, {""u"": 4, ""v"": 20}, {""u"": 15, ""v"": 6}, {""u"": 15, ""v"": 12}, {""u"": 15, ""v"": 19}, {""u"": 15, ""v"": 22}, {""u"": 18, ""v"": 6}, {""u"": 19, ""v"": 6}, {""u"": 22, ""v"": 6}, {""u"": 22, ""v"": 20}, {""u"": 6, ""v"": 20}, {""u"": 6, ""v"": 21}], ""source_file"": ""wa2010.mtx"", ""density"": 0.19480519480519481, ""viz_instance"": ""generated_data/MVC/viz/MVC_L/instance_0037.png"", ""viz_solution"": ""generated_data/MVC/viz/MVC_L/solution_0037.png"", ""edge_connectivity"": 2}","[2, 5, 6, 9, 10, 12, 15, 16, 18, 19, 20, 21, 22]",13.0,"{""num_nodes"": 22, ""num_edges"": 45, ""edges"": [{""u"": ""M"", ""v"": ""F""}, {""u"": ""M"", ""v"": ""I""}, {""u"": ""M"", ""v"": ""P""}, {""u"": ""M"", ""v"": ""U""}, {""u"": ""G"", ""v"": ""B""}, {""u"": ""G"", ""v"": ""J""}, {""u"": ""H"", ""v"": ""B""}, {""u"": ""H"", ""v"": ""R""}, {""u"": ""I"", ""v"": ""F""}, {""u"": ""I"", ""v"": ""Q""}, {""u"": ""I"", ""v"": ""R""}, {""u"": ""N"", ""v"": ""F""}, {""u"": ""N"", ""v"": ""P""}, {""u"": ""N"", ""v"": ""U""}, {""u"": ""J"", ""v"": ""B""}, {""u"": ""J"", ""v"": ""C""}, {""u"": ""J"", ""v"": ""L""}, {""u"": ""J"", ""v"": ""O""}, {""u"": ""B"", ""v"": ""C""}, {""u"": ""C"", ""v"": ""F""}, {""u"": ""C"", ""v"": ""R""}, {""u"": ""C"", ""v"": ""S""}, {""u"": ""E"", ""v"": ""A""}, {""u"": ""E"", ""v"": ""D""}, {""u"": ""E"", ""v"": ""K""}, {""u"": ""E"", ""v"": ""T""}, {""u"": ""E"", ""v"": ""V""}, {""u"": ""P"", ""v"": ""F""}, {""u"": ""K"", ""v"": ""L""}, {""u"": ""Q"", ""v"": ""F""}, {""u"": ""Q"", ""v"": ""R""}, {""u"": ""A"", ""v"": ""O""}, {""u"": ""A"", ""v"": ""V""}, {""u"": ""D"", ""v"": ""F""}, {""u"": ""D"", ""v"": ""T""}, {""u"": ""O"", ""v"": ""F""}, {""u"": ""O"", ""v"": ""L""}, {""u"": ""O"", ""v"": ""S""}, {""u"": ""O"", ""v"": ""V""}, {""u"": ""R"", ""v"": ""F""}, {""u"": ""S"", ""v"": ""F""}, {""u"": ""V"", ""v"": ""F""}, {""u"": ""V"", ""v"": ""T""}, {""u"": ""F"", ""v"": ""T""}, {""u"": ""F"", ""v"": ""U""}]}","[""B"", ""E"", ""F"", ""I"", ""J"", ""L"", ""O"", ""P"", ""R"", ""S"", ""T"", ""U"", ""V""]"
MVC_L_039,MVC,L,39,"Many people on the night shift have been sketching camera layouts, trying to pick mounts so every link between cases has at least one camera watching it; the layouts that use fewer cameras are preferred (just tally the cameras), and every link must be covered with no redundant, wasteful double-coverage. The precise connection list and mount positions are shown below.

There are 19 mounts and 36 links to cover:
Link between mount L and mount D: place a camera on either mount to cover it without redundant double-coverage.
Link between mount L and mount M: place a camera on either mount to cover it without redundant double-coverage.
Link between mount L and mount O: place a camera on either mount to cover it without redundant double-coverage.
Link between mount L and mount P: place a camera on either mount to cover it without redundant double-coverage.
Link between mount M and mount A: place a camera on either mount to cover it without redundant double-coverage.
Link between mount M and mount P: place a camera on either mount to cover it without redundant double-coverage.
Link between mount H and mount A: place a camera on either mount to cover it without redundant double-coverage.
Link between mount H and mount C: place a camera on either mount to cover it without redundant double-coverage.
Link between mount H and mount I: place a camera on either mount to cover it without redundant double-coverage.
Link between mount H and mount N: place a camera on either mount to cover it without redundant double-coverage.
Link between mount H and mount P: place a camera on either mount to cover it without redundant double-coverage.
Link between mount H and mount S: place a camera on either mount to cover it without redundant double-coverage.
Link between mount N and mount A: place a camera on either mount to cover it without redundant double-coverage.
Link between mount N and mount S: place a camera on either mount to cover it without redundant double-coverage.
Link between mount I and mount E: place a camera on either mount to cover it without redundant double-coverage.
Link between mount I and mount J: place a camera on either mount to cover it without redundant double-coverage.
Link between mount I and mount K: place a camera on either mount to cover it without redundant double-coverage.
Link between mount I and mount P: place a camera on either mount to cover it without redundant double-coverage.
Link between mount S and mount A: place a camera on either mount to cover it without redundant double-coverage.
Link between mount J and mount D: place a camera on either mount to cover it without redundant double-coverage.
Link between mount J and mount E: place a camera on either mount to cover it without redundant double-coverage.
Link between mount J and mount K: place a camera on either mount to cover it without redundant double-coverage.
Link between mount J and mount P: place a camera on either mount to cover it without redundant double-coverage.
Link between mount J and mount Q: place a camera on either mount to cover it without redundant double-coverage.
Link between mount K and mount E: place a camera on either mount to cover it without redundant double-coverage.
Link between mount G and mount P: place a camera on either mount to cover it without redundant double-coverage.
Link between mount B and mount A: place a camera on either mount to cover it without redundant double-coverage.
Link between mount B and mount O: place a camera on either mount to cover it without redundant double-coverage.
Link between mount B and mount R: place a camera on either mount to cover it without redundant double-coverage.
Link between mount R and mount A: place a camera on either mount to cover it without redundant double-coverage.
Link between mount O and mount A: place a camera on either mount to cover it without redundant double-coverage.
Link between mount O and mount F: place a camera on either mount to cover it without redundant double-coverage.
Link between mount D and mount F: place a camera on either mount to cover it without redundant double-coverage.
Link between mount D and mount Q: place a camera on either mount to cover it without redundant double-coverage.
Link between mount E and mount Q: place a camera on either mount to cover it without redundant double-coverage.
Link between mount P and mount A: place a camera on either mount to cover it without redundant double-coverage.
Prefer layouts with the fewest cameras covering all 36 links across the 19 mounts.

If you'd like to hand me the selected mounts, just toss them into this little JSON shape so I know what to expect:

{
  ""solution"": [""camera_id"", ""camera_id"", ...]
}

Pretty straightforward: ""solution"" is the list of camera IDs (one per chosen mount) that cover every connection. Think of it like filling out a short form — the array lists the mounts you'll use. This block is just a sketch of the shape I expect, not the actual answer.

Also, please use the exact identifiers from the instance input — don't rename them or invent new labels. 
- for example: ""Valid identifiers look like plain numbers such as “1” or “23”, single capital letters like “A” or “B”, or a capital letter followed by digits like “A1” or “X7”.",nl,names,"{""problem_type"": ""MVC"", ""num_nodes"": 19, ""num_edges"": 36, ""edges"": [{""u"": 12, ""v"": 4}, {""u"": 12, ""v"": 13}, {""u"": 12, ""v"": 15}, {""u"": 12, ""v"": 16}, {""u"": 13, ""v"": 1}, {""u"": 13, ""v"": 16}, {""u"": 8, ""v"": 1}, {""u"": 8, ""v"": 3}, {""u"": 8, ""v"": 9}, {""u"": 8, ""v"": 14}, {""u"": 8, ""v"": 16}, {""u"": 8, ""v"": 19}, {""u"": 14, ""v"": 1}, {""u"": 14, ""v"": 19}, {""u"": 9, ""v"": 5}, {""u"": 9, ""v"": 10}, {""u"": 9, ""v"": 11}, {""u"": 9, ""v"": 16}, {""u"": 19, ""v"": 1}, {""u"": 10, ""v"": 4}, {""u"": 10, ""v"": 5}, {""u"": 10, ""v"": 11}, {""u"": 10, ""v"": 16}, {""u"": 10, ""v"": 17}, {""u"": 11, ""v"": 5}, {""u"": 7, ""v"": 16}, {""u"": 2, ""v"": 1}, {""u"": 2, ""v"": 15}, {""u"": 2, ""v"": 18}, {""u"": 18, ""v"": 1}, {""u"": 15, ""v"": 1}, {""u"": 15, ""v"": 6}, {""u"": 4, ""v"": 6}, {""u"": 4, ""v"": 17}, {""u"": 5, ""v"": 17}, {""u"": 16, ""v"": 1}], ""source_file"": ""vt2010.mtx"", ""density"": 0.21052631578947367, ""viz_instance"": ""generated_data/MVC/viz/MVC_L/instance_0038.png"", ""viz_solution"": ""generated_data/MVC/viz/MVC_L/solution_0038.png"", ""edge_connectivity"": 1}","[1, 2, 4, 5, 6, 8, 10, 11, 12, 14, 16]",11.0,"{""num_nodes"": 19, ""num_edges"": 36, ""edges"": [{""u"": ""L"", ""v"": ""D""}, {""u"": ""L"", ""v"": ""M""}, {""u"": ""L"", ""v"": ""O""}, {""u"": ""L"", ""v"": ""P""}, {""u"": ""M"", ""v"": ""A""}, {""u"": ""M"", ""v"": ""P""}, {""u"": ""H"", ""v"": ""A""}, {""u"": ""H"", ""v"": ""C""}, {""u"": ""H"", ""v"": ""I""}, {""u"": ""H"", ""v"": ""N""}, {""u"": ""H"", ""v"": ""P""}, {""u"": ""H"", ""v"": ""S""}, {""u"": ""N"", ""v"": ""A""}, {""u"": ""N"", ""v"": ""S""}, {""u"": ""I"", ""v"": ""E""}, {""u"": ""I"", ""v"": ""J""}, {""u"": ""I"", ""v"": ""K""}, {""u"": ""I"", ""v"": ""P""}, {""u"": ""S"", ""v"": ""A""}, {""u"": ""J"", ""v"": ""D""}, {""u"": ""J"", ""v"": ""E""}, {""u"": ""J"", ""v"": ""K""}, {""u"": ""J"", ""v"": ""P""}, {""u"": ""J"", ""v"": ""Q""}, {""u"": ""K"", ""v"": ""E""}, {""u"": ""G"", ""v"": ""P""}, {""u"": ""B"", ""v"": ""A""}, {""u"": ""B"", ""v"": ""O""}, {""u"": ""B"", ""v"": ""R""}, {""u"": ""R"", ""v"": ""A""}, {""u"": ""O"", ""v"": ""A""}, {""u"": ""O"", ""v"": ""F""}, {""u"": ""D"", ""v"": ""F""}, {""u"": ""D"", ""v"": ""Q""}, {""u"": ""E"", ""v"": ""Q""}, {""u"": ""P"", ""v"": ""A""}]}","[""A"", ""B"", ""D"", ""E"", ""F"", ""H"", ""J"", ""K"", ""L"", ""N"", ""P""]"
MVC_L_040,MVC,L,40,"We need to staff supervision for all the student pairings in a way that keeps the supervising crew really small: pick a handful of students to be monitored so that for every interaction between two kids, at least one of them is on the monitored list. The whole point is to use the least people possible — measure that by counting how many supervisors are on the list. No interaction can be left unmonitored, and assigning someone more than once doesn’t reduce the headcount. The specific setup is shown below.

# total_students=20
# total_interactions=40
student_a,student_b
C,B
C,F
C,G
C,H
C,P
E,B
E,J
E,M
O,D
O,K
O,L
I,D
I,L
I,P
I,Q
M,A
M,B
Q,R
Q,S
A,B
A,H
J,N
J,S
K,D
K,L
F,G
F,H
F,L
F,T
G,L
L,D
L,P
L,T
N,R
N,S
P,B
P,S
R,S
S,B
H,B

Also, when you give the answer, please lay it out in a tiny JSON snippet like this — just a simple, machine-friendly checklist of who’s being monitored:

{
  ""solution"": [""student_id"", ""student_id"", ...]
}

Think of ""solution"" as the list of student IDs to keep an eye on so every pairing has at least one monitored student. This block is just the expected shape — a sketch, not the actual assignment; when you produce the real answer, put the exact IDs from the instance into that array.

One more thing: use the identifiers exactly as they appear in the instance input — no renaming and no new labels.
- for example: ""Valid identifiers look like plain numbers such as “1” or “23”, single capital letters like “A” or “B”, or a capital letter followed by digits like “A1” or “X7”.""",csv,names,"{""problem_type"": ""MVC"", ""num_nodes"": 20, ""num_edges"": 40, ""edges"": [{""u"": 3, ""v"": 2}, {""u"": 3, ""v"": 6}, {""u"": 3, ""v"": 7}, {""u"": 3, ""v"": 8}, {""u"": 3, ""v"": 16}, {""u"": 5, ""v"": 2}, {""u"": 5, ""v"": 10}, {""u"": 5, ""v"": 13}, {""u"": 15, ""v"": 4}, {""u"": 15, ""v"": 11}, {""u"": 15, ""v"": 12}, {""u"": 9, ""v"": 4}, {""u"": 9, ""v"": 12}, {""u"": 9, ""v"": 16}, {""u"": 9, ""v"": 17}, {""u"": 13, ""v"": 1}, {""u"": 13, ""v"": 2}, {""u"": 17, ""v"": 18}, {""u"": 17, ""v"": 19}, {""u"": 1, ""v"": 2}, {""u"": 1, ""v"": 8}, {""u"": 10, ""v"": 14}, {""u"": 10, ""v"": 19}, {""u"": 11, ""v"": 4}, {""u"": 11, ""v"": 12}, {""u"": 6, ""v"": 7}, {""u"": 6, ""v"": 8}, {""u"": 6, ""v"": 12}, {""u"": 6, ""v"": 20}, {""u"": 7, ""v"": 12}, {""u"": 12, ""v"": 4}, {""u"": 12, ""v"": 16}, {""u"": 12, ""v"": 20}, {""u"": 14, ""v"": 18}, {""u"": 14, ""v"": 19}, {""u"": 16, ""v"": 2}, {""u"": 16, ""v"": 19}, {""u"": 18, ""v"": 19}, {""u"": 19, ""v"": 2}, {""u"": 8, ""v"": 2}], ""source_file"": ""wv2010.mtx"", ""density"": 0.21052631578947367, ""viz_instance"": ""generated_data/MVC/viz/MVC_L/instance_0039.png"", ""viz_solution"": ""generated_data/MVC/viz/MVC_L/solution_0039.png"", ""edge_connectivity"": 2}","[1, 2, 3, 4, 5, 6, 9, 10, 12, 15, 18, 19]",12.0,"{""num_nodes"": 20, ""num_edges"": 40, ""edges"": [{""u"": ""C"", ""v"": ""B""}, {""u"": ""C"", ""v"": ""F""}, {""u"": ""C"", ""v"": ""G""}, {""u"": ""C"", ""v"": ""H""}, {""u"": ""C"", ""v"": ""P""}, {""u"": ""E"", ""v"": ""B""}, {""u"": ""E"", ""v"": ""J""}, {""u"": ""E"", ""v"": ""M""}, {""u"": ""O"", ""v"": ""D""}, {""u"": ""O"", ""v"": ""K""}, {""u"": ""O"", ""v"": ""L""}, {""u"": ""I"", ""v"": ""D""}, {""u"": ""I"", ""v"": ""L""}, {""u"": ""I"", ""v"": ""P""}, {""u"": ""I"", ""v"": ""Q""}, {""u"": ""M"", ""v"": ""A""}, {""u"": ""M"", ""v"": ""B""}, {""u"": ""Q"", ""v"": ""R""}, {""u"": ""Q"", ""v"": ""S""}, {""u"": ""A"", ""v"": ""B""}, {""u"": ""A"", ""v"": ""H""}, {""u"": ""J"", ""v"": ""N""}, {""u"": ""J"", ""v"": ""S""}, {""u"": ""K"", ""v"": ""D""}, {""u"": ""K"", ""v"": ""L""}, {""u"": ""F"", ""v"": ""G""}, {""u"": ""F"", ""v"": ""H""}, {""u"": ""F"", ""v"": ""L""}, {""u"": ""F"", ""v"": ""T""}, {""u"": ""G"", ""v"": ""L""}, {""u"": ""L"", ""v"": ""D""}, {""u"": ""L"", ""v"": ""P""}, {""u"": ""L"", ""v"": ""T""}, {""u"": ""N"", ""v"": ""R""}, {""u"": ""N"", ""v"": ""S""}, {""u"": ""P"", ""v"": ""B""}, {""u"": ""P"", ""v"": ""S""}, {""u"": ""R"", ""v"": ""S""}, {""u"": ""S"", ""v"": ""B""}, {""u"": ""H"", ""v"": ""B""}]}","[""A"", ""B"", ""C"", ""D"", ""E"", ""F"", ""I"", ""J"", ""L"", ""O"", ""R"", ""S""]"
MVC_L_041,MVC,L,41,"There’s a campus network with servers linked by cables, and the task is to choose a handful of servers to update so that every cable touches at least one updated server. Success is measured by how many servers were updated — fewer updates means a smarter plan — so just tally the servers you change to compare options. Be sure every cable has at least one updated endpoint, and don’t double-count the same server. The concrete details of the setup are listed below.

There are 19 servers in total and 32 cables.

| cable_endpoint_u | cable_endpoint_v |
|---|---|
| O | D |
| O | Q |
| P | F |
| P | L |
| M | C |
| M | D |
| M | Q |
| M | R |
| G | K |
| G | N |
| G | S |
| H | A |
| H | C |
| H | F |
| H | I |
| D | J |
| E | F |
| E | R |
| F | A |
| F | C |
| F | L |
| F | R |
| A | B |
| A | I |
| B | N |
| I | N |
| I | S |
| J | R |
| K | Q |
| Q | S |
| R | C |
| S | C |

When you send the plan back, just use a tiny JSON snippet like this so it's quick to parse:

{
  ""solution"": [""server_id"", ""server_id"", ...]
}

Here ""solution"" is the list of servers you'll update — just put each server's identifier in the array (no duplicates). It's just a sketch of the shape I expect, not the actual answer.

Please make sure to use the exact identifiers from the instance input — don't rename them or invent new labels.  
for example: ""Valid identifiers look like plain numbers such as “1” or “23”, single capital letters like “A” or “B”, or a capital letter followed by digits like “A1” or “X7”.""",markdown_table,names,"{""problem_type"": ""MVC"", ""num_nodes"": 19, ""num_edges"": 32, ""edges"": [{""u"": 15, ""v"": 4}, {""u"": 15, ""v"": 17}, {""u"": 16, ""v"": 6}, {""u"": 16, ""v"": 12}, {""u"": 13, ""v"": 3}, {""u"": 13, ""v"": 4}, {""u"": 13, ""v"": 17}, {""u"": 13, ""v"": 18}, {""u"": 7, ""v"": 11}, {""u"": 7, ""v"": 14}, {""u"": 7, ""v"": 19}, {""u"": 8, ""v"": 1}, {""u"": 8, ""v"": 3}, {""u"": 8, ""v"": 6}, {""u"": 8, ""v"": 9}, {""u"": 4, ""v"": 10}, {""u"": 5, ""v"": 6}, {""u"": 5, ""v"": 18}, {""u"": 6, ""v"": 1}, {""u"": 6, ""v"": 3}, {""u"": 6, ""v"": 12}, {""u"": 6, ""v"": 18}, {""u"": 1, ""v"": 2}, {""u"": 1, ""v"": 9}, {""u"": 2, ""v"": 14}, {""u"": 9, ""v"": 14}, {""u"": 9, ""v"": 19}, {""u"": 10, ""v"": 18}, {""u"": 11, ""v"": 17}, {""u"": 17, ""v"": 19}, {""u"": 18, ""v"": 3}, {""u"": 19, ""v"": 3}], ""source_file"": ""wy2010.mtx"", ""density"": 0.1871345029239766, ""viz_instance"": ""generated_data/MVC/viz/MVC_L/instance_0040.png"", ""viz_solution"": ""generated_data/MVC/viz/MVC_L/solution_0040.png"", ""edge_connectivity"": 2}","[1, 2, 3, 4, 6, 7, 9, 12, 17, 18]",10.0,"{""num_nodes"": 19, ""num_edges"": 32, ""edges"": [{""u"": ""O"", ""v"": ""D""}, {""u"": ""O"", ""v"": ""Q""}, {""u"": ""P"", ""v"": ""F""}, {""u"": ""P"", ""v"": ""L""}, {""u"": ""M"", ""v"": ""C""}, {""u"": ""M"", ""v"": ""D""}, {""u"": ""M"", ""v"": ""Q""}, {""u"": ""M"", ""v"": ""R""}, {""u"": ""G"", ""v"": ""K""}, {""u"": ""G"", ""v"": ""N""}, {""u"": ""G"", ""v"": ""S""}, {""u"": ""H"", ""v"": ""A""}, {""u"": ""H"", ""v"": ""C""}, {""u"": ""H"", ""v"": ""F""}, {""u"": ""H"", ""v"": ""I""}, {""u"": ""D"", ""v"": ""J""}, {""u"": ""E"", ""v"": ""F""}, {""u"": ""E"", ""v"": ""R""}, {""u"": ""F"", ""v"": ""A""}, {""u"": ""F"", ""v"": ""C""}, {""u"": ""F"", ""v"": ""L""}, {""u"": ""F"", ""v"": ""R""}, {""u"": ""A"", ""v"": ""B""}, {""u"": ""A"", ""v"": ""I""}, {""u"": ""B"", ""v"": ""N""}, {""u"": ""I"", ""v"": ""N""}, {""u"": ""I"", ""v"": ""S""}, {""u"": ""J"", ""v"": ""R""}, {""u"": ""K"", ""v"": ""Q""}, {""u"": ""Q"", ""v"": ""S""}, {""u"": ""R"", ""v"": ""C""}, {""u"": ""S"", ""v"": ""C""}]}","[""A"", ""B"", ""C"", ""D"", ""F"", ""G"", ""I"", ""L"", ""Q"", ""R""]"
MVC_L_042,MVC,L,42,"On a quiet evening the planner jotted down a rule: only put lamp posts on some corners so that every street segment has at least one illuminated end. The task is picking those corners, aiming to finish with as few lamp posts as possible but with no dark streets left behind — to compare options, simply count the posts in each plan and confirm every segment touches a lit corner. Each post lights every adjacent segment, every segment must be covered, and each post is counted once. The exact map and intersection details follow below.

There are 21 intersections and 37 street segments on the map.
Street segment between corner 16 and corner 13.
Street segment between corner 20 and corner 5.
Street segment between corner 7 and corner 1.
Street segment between corner 7 and corner 14.
Street segment between corner 7 and corner 15.
Street segment between corner 8 and corner 2.
Street segment between corner 8 and corner 5.
Street segment between corner 8 and corner 10.
Street segment between corner 8 and corner 13.
Street segment between corner 8 and corner 18.
Street segment between corner 9 and corner 5.
Street segment between corner 9 and corner 14.
Street segment between corner 10 and corner 5.
Street segment between corner 10 and corner 6.
Street segment between corner 10 and corner 11.
Street segment between corner 10 and corner 18.
Street segment between corner 11 and corner 5.
Street segment between corner 11 and corner 15.
Street segment between corner 11 and corner 18.
Street segment between corner 12 and corner 1.
Street segment between corner 12 and corner 4.
Street segment between corner 12 and corner 15.
Street segment between corner 13 and corner 19.
Street segment between corner 1 and corner 14.
Street segment between corner 1 and corner 15.
Street segment between corner 2 and corner 4.
Street segment between corner 2 and corner 18.
Street segment between corner 2 and corner 19.
Street segment between corner 15 and corner 4.
Street segment between corner 15 and corner 5.
Street segment between corner 15 and corner 17.
Street segment between corner 15 and corner 18.
Street segment between corner 3 and corner 5.
Street segment between corner 21 and corner 5.
Street segment between corner 17 and corner 5.
Street segment between corner 4 and corner 18.
Street segment between corner 6 and corner 5.
The planner will count the lamp posts for each plan and verify every one of the 37 segments touches a lit corner.

If you want to tell me which corners get lamp posts, just drop it in this simple little JSON shape so I can read it automatically:

{
  ""solution"": [""corner_id"", ""corner_id"", ...]
}

Think of ""solution"" as the list of corners where you place posts — just put each corner's identifier in that array. This block is only a sketch of the shape I expect, not the actual plan for the map.

Please make sure to use the exact identifiers from the instance input — don't rename them or invent new ones. 

for example: ""Valid identifiers look like plain numbers such as “1” or “23”, single capital letters like “A” or “B”, or a capital letter followed by digits like “A1” or “X7”.""",nl,one_based,"{""problem_type"": ""MVC"", ""num_nodes"": 21, ""num_edges"": 37, ""edges"": [{""u"": 16, ""v"": 13}, {""u"": 20, ""v"": 5}, {""u"": 7, ""v"": 1}, {""u"": 7, ""v"": 14}, {""u"": 7, ""v"": 15}, {""u"": 8, ""v"": 2}, {""u"": 8, ""v"": 5}, {""u"": 8, ""v"": 10}, {""u"": 8, ""v"": 13}, {""u"": 8, ""v"": 18}, {""u"": 9, ""v"": 5}, {""u"": 9, ""v"": 14}, {""u"": 10, ""v"": 5}, {""u"": 10, ""v"": 6}, {""u"": 10, ""v"": 11}, {""u"": 10, ""v"": 18}, {""u"": 11, ""v"": 5}, {""u"": 11, ""v"": 15}, {""u"": 11, ""v"": 18}, {""u"": 12, ""v"": 1}, {""u"": 12, ""v"": 4}, {""u"": 12, ""v"": 15}, {""u"": 13, ""v"": 19}, {""u"": 1, ""v"": 14}, {""u"": 1, ""v"": 15}, {""u"": 2, ""v"": 4}, {""u"": 2, ""v"": 18}, {""u"": 2, ""v"": 19}, {""u"": 15, ""v"": 4}, {""u"": 15, ""v"": 5}, {""u"": 15, ""v"": 17}, {""u"": 15, ""v"": 18}, {""u"": 3, ""v"": 5}, {""u"": 21, ""v"": 5}, {""u"": 17, ""v"": 5}, {""u"": 4, ""v"": 18}, {""u"": 6, ""v"": 5}], ""source_file"": ""wa2010.mtx"", ""density"": 0.1761904761904762, ""viz_instance"": ""generated_data/MVC/viz/MVC_L/instance_0041.png"", ""viz_solution"": ""generated_data/MVC/viz/MVC_L/solution_0041.png"", ""edge_connectivity"": 1}","[1, 2, 4, 5, 10, 13, 14, 15, 18]",9.0,"{""num_nodes"": 21, ""num_edges"": 37, ""edges"": [{""u"": 16, ""v"": 13}, {""u"": 20, ""v"": 5}, {""u"": 7, ""v"": 1}, {""u"": 7, ""v"": 14}, {""u"": 7, ""v"": 15}, {""u"": 8, ""v"": 2}, {""u"": 8, ""v"": 5}, {""u"": 8, ""v"": 10}, {""u"": 8, ""v"": 13}, {""u"": 8, ""v"": 18}, {""u"": 9, ""v"": 5}, {""u"": 9, ""v"": 14}, {""u"": 10, ""v"": 5}, {""u"": 10, ""v"": 6}, {""u"": 10, ""v"": 11}, {""u"": 10, ""v"": 18}, {""u"": 11, ""v"": 5}, {""u"": 11, ""v"": 15}, {""u"": 11, ""v"": 18}, {""u"": 12, ""v"": 1}, {""u"": 12, ""v"": 4}, {""u"": 12, ""v"": 15}, {""u"": 13, ""v"": 19}, {""u"": 1, ""v"": 14}, {""u"": 1, ""v"": 15}, {""u"": 2, ""v"": 4}, {""u"": 2, ""v"": 18}, {""u"": 2, ""v"": 19}, {""u"": 15, ""v"": 4}, {""u"": 15, ""v"": 5}, {""u"": 15, ""v"": 17}, {""u"": 15, ""v"": 18}, {""u"": 3, ""v"": 5}, {""u"": 21, ""v"": 5}, {""u"": 17, ""v"": 5}, {""u"": 4, ""v"": 18}, {""u"": 6, ""v"": 5}]}","[1, 2, 4, 5, 10, 13, 14, 15, 18]"
MVC_L_043,MVC,L,43,"There’s a little puzzle: install smart sensors in some rooms so that every doorway is covered by a sensor in one of the rooms it links. The task is deciding which rooms to equip, aiming to minimize how many sensors are bought — success is measured simply by the total number purchased. Every doorway must be covered by at least one adjacent-room sensor (nothing left out), and putting sensors in both rooms serving the same door is allowed but usually wastes devices. The full room-and-door list appears below.

It lists 23 rooms and 45 doorways.
Doorway between room 3 and room 7 — install a sensor in at least one of these rooms to cover it.
Doorway between room 3 and room 15 — install a sensor in at least one of these rooms to cover it.
Doorway between room 7 and room 15 — install a sensor in at least one of these rooms to cover it.
Doorway between room 7 and room 23 — install a sensor in at least one of these rooms to cover it.
Doorway between room 12 and room 6 — install a sensor in at least one of these rooms to cover it.
Doorway between room 12 and room 20 — install a sensor in at least one of these rooms to cover it.
Doorway between room 12 and room 22 — install a sensor in at least one of these rooms to cover it.
Doorway between room 1 and room 2 — install a sensor in at least one of these rooms to cover it.
Doorway between room 1 and room 20 — install a sensor in at least one of these rooms to cover it.
Doorway between room 2 and room 20 — install a sensor in at least one of these rooms to cover it.
Doorway between room 2 and room 21 — install a sensor in at least one of these rooms to cover it.
Doorway between room 16 and room 5 — install a sensor in at least one of these rooms to cover it.
Doorway between room 16 and room 14 — install a sensor in at least one of these rooms to cover it.
Doorway between room 16 and room 20 — install a sensor in at least one of these rooms to cover it.
Doorway between room 16 and room 21 — install a sensor in at least one of these rooms to cover it.
Doorway between room 20 and room 4 — install a sensor in at least one of these rooms to cover it.
Doorway between room 20 and room 9 — install a sensor in at least one of these rooms to cover it.
Doorway between room 20 and room 14 — install a sensor in at least one of these rooms to cover it.
Doorway between room 20 and room 17 — install a sensor in at least one of these rooms to cover it.
Doorway between room 20 and room 18 — install a sensor in at least one of these rooms to cover it.
Doorway between room 20 and room 19 — install a sensor in at least one of these rooms to cover it.
Doorway between room 20 and room 22 — install a sensor in at least one of these rooms to cover it.
Doorway between room 14 and room 5 — install a sensor in at least one of these rooms to cover it.
Doorway between room 14 and room 19 — install a sensor in at least one of these rooms to cover it.
Doorway between room 8 and room 4 — install a sensor in at least one of these rooms to cover it.
Doorway between room 8 and room 13 — install a sensor in at least one of these rooms to cover it.
Doorway between room 8 and room 15 — install a sensor in at least one of these rooms to cover it.
Doorway between room 8 and room 23 — install a sensor in at least one of these rooms to cover it.
Doorway between room 15 and room 5 — install a sensor in at least one of these rooms to cover it.
Doorway between room 15 and room 10 — install a sensor in at least one of these rooms to cover it.
Doorway between room 15 and room 11 — install a sensor in at least one of these rooms to cover it.
Doorway between room 15 and room 13 — install a sensor in at least one of these rooms to cover it.
Doorway between room 15 and room 23 — install a sensor in at least one of these rooms to cover it.
Doorway between room 21 and room 5 — install a sensor in at least one of these rooms to cover it.
Doorway between room 22 and room 17 — install a sensor in at least one of these rooms to cover it.
Doorway between room 23 and room 6 — install a sensor in at least one of these rooms to cover it.
Doorway between room 13 and room 10 — install a sensor in at least one of these rooms to cover it.
Doorway between room 13 and room 18 — install a sensor in at least one of these rooms to cover it.
Doorway between room 18 and room 4 — install a sensor in at least one of these rooms to cover it.
Doorway between room 18 and room 9 — install a sensor in at least one of these rooms to cover it.
Doorway between room 19 and room 5 — install a sensor in at least one of these rooms to cover it.
Doorway between room 19 and room 9 — install a sensor in at least one of these rooms to cover it.
Doorway between room 6 and room 4 — install a sensor in at least one of these rooms to cover it.
Doorway between room 9 and room 10 — install a sensor in at least one of these rooms to cover it.
Doorway between room 5 and room 10 — install a sensor in at least one of these rooms to cover it.
Cover every doorway while minimizing the total sensors purchased.

Also, when you send back the choice of rooms, please use this simple JSON layout so it's easy to read and process. For this story it might look like:

{
  ""solution"": [""room_id"", ""room_id"", ...]
}

This just means: ""solution"" is the list of rooms where we install sensors, and each entry should be a room identifier taken straight from the instance. The JSON above is only a sketch of the expected shape — not the actual answer.

Please be sure to use the exact identifiers from the instance input — do not rename them or invent new labels.
- for example: Valid identifiers look like plain numbers such as “1” or “23”, single capital letters like “A” or “B”, or a capital letter followed by digits like “A1” or “X7”.",nl,one_based,"{""problem_type"": ""MVC"", ""num_nodes"": 23, ""num_edges"": 45, ""edges"": [{""u"": 3, ""v"": 7}, {""u"": 3, ""v"": 15}, {""u"": 7, ""v"": 15}, {""u"": 7, ""v"": 23}, {""u"": 12, ""v"": 6}, {""u"": 12, ""v"": 20}, {""u"": 12, ""v"": 22}, {""u"": 1, ""v"": 2}, {""u"": 1, ""v"": 20}, {""u"": 2, ""v"": 20}, {""u"": 2, ""v"": 21}, {""u"": 16, ""v"": 5}, {""u"": 16, ""v"": 14}, {""u"": 16, ""v"": 20}, {""u"": 16, ""v"": 21}, {""u"": 20, ""v"": 4}, {""u"": 20, ""v"": 9}, {""u"": 20, ""v"": 14}, {""u"": 20, ""v"": 17}, {""u"": 20, ""v"": 18}, {""u"": 20, ""v"": 19}, {""u"": 20, ""v"": 22}, {""u"": 14, ""v"": 5}, {""u"": 14, ""v"": 19}, {""u"": 8, ""v"": 4}, {""u"": 8, ""v"": 13}, {""u"": 8, ""v"": 15}, {""u"": 8, ""v"": 23}, {""u"": 15, ""v"": 5}, {""u"": 15, ""v"": 10}, {""u"": 15, ""v"": 11}, {""u"": 15, ""v"": 13}, {""u"": 15, ""v"": 23}, {""u"": 21, ""v"": 5}, {""u"": 22, ""v"": 17}, {""u"": 23, ""v"": 6}, {""u"": 13, ""v"": 10}, {""u"": 13, ""v"": 18}, {""u"": 18, ""v"": 4}, {""u"": 18, ""v"": 9}, {""u"": 19, ""v"": 5}, {""u"": 19, ""v"": 9}, {""u"": 6, ""v"": 4}, {""u"": 9, ""v"": 10}, {""u"": 5, ""v"": 10}], ""source_file"": ""wy2010.mtx"", ""density"": 0.17786561264822134, ""viz_instance"": ""generated_data/MVC/viz/MVC_L/instance_0042.png"", ""viz_solution"": ""generated_data/MVC/viz/MVC_L/solution_0042.png"", ""edge_connectivity"": 1}","[2, 5, 6, 7, 8, 10, 15, 16, 18, 19, 20, 22]",12.0,"{""num_nodes"": 23, ""num_edges"": 45, ""edges"": [{""u"": 3, ""v"": 7}, {""u"": 3, ""v"": 15}, {""u"": 7, ""v"": 15}, {""u"": 7, ""v"": 23}, {""u"": 12, ""v"": 6}, {""u"": 12, ""v"": 20}, {""u"": 12, ""v"": 22}, {""u"": 1, ""v"": 2}, {""u"": 1, ""v"": 20}, {""u"": 2, ""v"": 20}, {""u"": 2, ""v"": 21}, {""u"": 16, ""v"": 5}, {""u"": 16, ""v"": 14}, {""u"": 16, ""v"": 20}, {""u"": 16, ""v"": 21}, {""u"": 20, ""v"": 4}, {""u"": 20, ""v"": 9}, {""u"": 20, ""v"": 14}, {""u"": 20, ""v"": 17}, {""u"": 20, ""v"": 18}, {""u"": 20, ""v"": 19}, {""u"": 20, ""v"": 22}, {""u"": 14, ""v"": 5}, {""u"": 14, ""v"": 19}, {""u"": 8, ""v"": 4}, {""u"": 8, ""v"": 13}, {""u"": 8, ""v"": 15}, {""u"": 8, ""v"": 23}, {""u"": 15, ""v"": 5}, {""u"": 15, ""v"": 10}, {""u"": 15, ""v"": 11}, {""u"": 15, ""v"": 13}, {""u"": 15, ""v"": 23}, {""u"": 21, ""v"": 5}, {""u"": 22, ""v"": 17}, {""u"": 23, ""v"": 6}, {""u"": 13, ""v"": 10}, {""u"": 13, ""v"": 18}, {""u"": 18, ""v"": 4}, {""u"": 18, ""v"": 9}, {""u"": 19, ""v"": 5}, {""u"": 19, ""v"": 9}, {""u"": 6, ""v"": 4}, {""u"": 9, ""v"": 10}, {""u"": 5, ""v"": 10}]}","[2, 5, 6, 7, 8, 10, 15, 16, 18, 19, 20, 22]"
MVC_L_044,MVC,L,44,"Someone on the floor sketched a map and now the challenge is to place the smallest possible crew so that any two stations that touch have at least one person at one of those stations. The winning strategy is the one with the lowest total number of people — that total is just the count of assigned staff — and any plan that leaves an adjacent pair with nobody nearby is unacceptable. Each staffer covers exactly one station, so nothing gets duplicated. The specific layout and figures are shown below.

There are 23 num workstations in total and 47 num adjacent station pairs.

| station_endpoint_a | station_endpoint_b |
|---|---|
| 15 | 4 |
| 15 | 6 |
| 23 | 4 |
| 23 | 13 |
| 23 | 16 |
| 1 | 8 |
| 1 | 21 |
| 21 | 11 |
| 3 | 4 |
| 3 | 6 |
| 3 | 8 |
| 3 | 9 |
| 3 | 10 |
| 4 | 6 |
| 4 | 10 |
| 4 | 16 |
| 4 | 18 |
| 4 | 22 |
| 2 | 7 |
| 2 | 8 |
| 2 | 13 |
| 2 | 19 |
| 5 | 12 |
| 5 | 13 |
| 5 | 19 |
| 5 | 20 |
| 9 | 6 |
| 9 | 8 |
| 17 | 8 |
| 17 | 11 |
| 17 | 12 |
| 16 | 7 |
| 16 | 13 |
| 18 | 13 |
| 18 | 14 |
| 18 | 20 |
| 12 | 8 |
| 19 | 8 |
| 10 | 8 |
| 10 | 22 |
| 22 | 7 |
| 22 | 8 |
| 20 | 13 |
| 20 | 14 |
| 7 | 8 |
| 7 | 13 |
| 8 | 11 |

Also, when you send back the plan, keep it in a tiny JSON shape so it's easy to check automatically. Something like this will do:

{
  ""solution"": [""station_id"", ""station_id"", ...]
}

Think of ""solution"" as the list of stations where you put people — one identifier per staffer. This is just a sketch of the expected shape, not the actual placement.

Please use the exact identifiers from the instance input — don't rename them or invent new labels. 
- for example: ""Valid identifiers look like plain numbers such as “1” or “23”, single capital letters like “A” or “B”, or a capital letter followed by digits like “A1” or “X7”.""",markdown_table,one_based,"{""problem_type"": ""MVC"", ""num_nodes"": 23, ""num_edges"": 47, ""edges"": [{""u"": 15, ""v"": 4}, {""u"": 15, ""v"": 6}, {""u"": 23, ""v"": 4}, {""u"": 23, ""v"": 13}, {""u"": 23, ""v"": 16}, {""u"": 1, ""v"": 8}, {""u"": 1, ""v"": 21}, {""u"": 21, ""v"": 11}, {""u"": 3, ""v"": 4}, {""u"": 3, ""v"": 6}, {""u"": 3, ""v"": 8}, {""u"": 3, ""v"": 9}, {""u"": 3, ""v"": 10}, {""u"": 4, ""v"": 6}, {""u"": 4, ""v"": 10}, {""u"": 4, ""v"": 16}, {""u"": 4, ""v"": 18}, {""u"": 4, ""v"": 22}, {""u"": 2, ""v"": 7}, {""u"": 2, ""v"": 8}, {""u"": 2, ""v"": 13}, {""u"": 2, ""v"": 19}, {""u"": 5, ""v"": 12}, {""u"": 5, ""v"": 13}, {""u"": 5, ""v"": 19}, {""u"": 5, ""v"": 20}, {""u"": 9, ""v"": 6}, {""u"": 9, ""v"": 8}, {""u"": 17, ""v"": 8}, {""u"": 17, ""v"": 11}, {""u"": 17, ""v"": 12}, {""u"": 16, ""v"": 7}, {""u"": 16, ""v"": 13}, {""u"": 18, ""v"": 13}, {""u"": 18, ""v"": 14}, {""u"": 18, ""v"": 20}, {""u"": 12, ""v"": 8}, {""u"": 19, ""v"": 8}, {""u"": 10, ""v"": 8}, {""u"": 10, ""v"": 22}, {""u"": 22, ""v"": 7}, {""u"": 22, ""v"": 8}, {""u"": 20, ""v"": 13}, {""u"": 20, ""v"": 14}, {""u"": 7, ""v"": 8}, {""u"": 7, ""v"": 13}, {""u"": 8, ""v"": 11}], ""source_file"": ""vt2010.mtx"", ""density"": 0.1857707509881423, ""viz_instance"": ""generated_data/MVC/viz/MVC_L/instance_0043.png"", ""viz_solution"": ""generated_data/MVC/viz/MVC_L/solution_0043.png"", ""edge_connectivity"": 2}","[2, 3, 4, 5, 6, 8, 13, 16, 17, 18, 20, 21, 22]",13.0,"{""num_nodes"": 23, ""num_edges"": 47, ""edges"": [{""u"": 15, ""v"": 4}, {""u"": 15, ""v"": 6}, {""u"": 23, ""v"": 4}, {""u"": 23, ""v"": 13}, {""u"": 23, ""v"": 16}, {""u"": 1, ""v"": 8}, {""u"": 1, ""v"": 21}, {""u"": 21, ""v"": 11}, {""u"": 3, ""v"": 4}, {""u"": 3, ""v"": 6}, {""u"": 3, ""v"": 8}, {""u"": 3, ""v"": 9}, {""u"": 3, ""v"": 10}, {""u"": 4, ""v"": 6}, {""u"": 4, ""v"": 10}, {""u"": 4, ""v"": 16}, {""u"": 4, ""v"": 18}, {""u"": 4, ""v"": 22}, {""u"": 2, ""v"": 7}, {""u"": 2, ""v"": 8}, {""u"": 2, ""v"": 13}, {""u"": 2, ""v"": 19}, {""u"": 5, ""v"": 12}, {""u"": 5, ""v"": 13}, {""u"": 5, ""v"": 19}, {""u"": 5, ""v"": 20}, {""u"": 9, ""v"": 6}, {""u"": 9, ""v"": 8}, {""u"": 17, ""v"": 8}, {""u"": 17, ""v"": 11}, {""u"": 17, ""v"": 12}, {""u"": 16, ""v"": 7}, {""u"": 16, ""v"": 13}, {""u"": 18, ""v"": 13}, {""u"": 18, ""v"": 14}, {""u"": 18, ""v"": 20}, {""u"": 12, ""v"": 8}, {""u"": 19, ""v"": 8}, {""u"": 10, ""v"": 8}, {""u"": 10, ""v"": 22}, {""u"": 22, ""v"": 7}, {""u"": 22, ""v"": 8}, {""u"": 20, ""v"": 13}, {""u"": 20, ""v"": 14}, {""u"": 7, ""v"": 8}, {""u"": 7, ""v"": 13}, {""u"": 8, ""v"": 11}]}","[2, 3, 4, 5, 6, 8, 13, 16, 17, 18, 20, 21, 22]"
MVC_L_045,MVC,L,45,"I was organizing a small concert and had to figure out where to put ushers so every junction between seat rows has someone standing at a nearby aisle. The idea is to pick as few ushers as possible while still making sure no junction is left without an usher at one of its bordering aisles — the better plan is simply the one that uses fewer people. To compare plans, count how many ushers are assigned; a valid plan is one where every junction has at least one adjacent usher and nobody is expected to be in two places at once. The exact seating layout and aisle locations are shown below.

{
  ""num_aisles"": 22,
  ""num_seat_row_junctions"": 46,
  ""edges"": [
    {
      ""aisle_a"": 21,
      ""aisle_b"": 7
    },
    {
      ""aisle_a"": 21,
      ""aisle_b"": 9
    },
    {
      ""aisle_a"": 1,
      ""aisle_b"": 3
    },
    {
      ""aisle_a"": 1,
      ""aisle_b"": 4
    },
    {
      ""aisle_a"": 1,
      ""aisle_b"": 7
    },
    {
      ""aisle_a"": 1,
      ""aisle_b"": 9
    },
    {
      ""aisle_a"": 1,
      ""aisle_b"": 13
    },
    {
      ""aisle_a"": 8,
      ""aisle_b"": 7
    },
    {
      ""aisle_a"": 8,
      ""aisle_b"": 19
    },
    {
      ""aisle_a"": 2,
      ""aisle_b"": 0
    },
    {
      ""aisle_a"": 2,
      ""aisle_b"": 3
    },
    {
      ""aisle_a"": 2,
      ""aisle_b"": 4
    },
    {
      ""aisle_a"": 2,
      ""aisle_b"": 5
    },
    {
      ""aisle_a"": 6,
      ""aisle_b"": 9
    },
    {
      ""aisle_a"": 6,
      ""aisle_b"": 10
    },
    {
      ""aisle_a"": 6,
      ""aisle_b"": 16
    },
    {
      ""aisle_a"": 6,
      ""aisle_b"": 18
    },
    {
      ""aisle_a"": 9,
      ""aisle_b"": 0
    },
    {
      ""aisle_a"": 9,
      ""aisle_b"": 4
    },
    {
      ""aisle_a"": 9,
      ""aisle_b"": 7
    },
    {
      ""aisle_a"": 9,
      ""aisle_b"": 10
    },
    {
      ""aisle_a"": 9,
      ""aisle_b"": 11
    },
    {
      ""aisle_a"": 9,
      ""aisle_b"": 13
    },
    {
      ""aisle_a"": 9,
      ""aisle_b"": 14
    },
    {
      ""aisle_a"": 9,
      ""aisle_b"": 15
    },
    {
      ""aisle_a"": 9,
      ""aisle_b"": 16
    },
    {
      ""aisle_a"": 9,
      ""aisle_b"": 18
    },
    {
      ""aisle_a"": 9,
      ""aisle_b"": 19
    },
    {
      ""aisle_a"": 9,
      ""aisle_b"": 20
    },
    {
      ""aisle_a"": 7,
      ""aisle_b"": 11
    },
    {
      ""aisle_a"": 7,
      ""aisle_b"": 19
    },
    {
      ""aisle_a"": 17,
      ""aisle_b"": 0
    },
    {
      ""aisle_a"": 17,
      ""aisle_b"": 16
    },
    {
      ""aisle_a"": 18,
      ""aisle_b"": 10
    },
    {
      ""aisle_a"": 10,
      ""aisle_b"": 16
    },
    {
      ""aisle_a"": 10,
      ""aisle_b"": 19
    },
    {
      ""aisle_a"": 12,
      ""aisle_b"": 4
    },
    {
      ""aisle_a"": 12,
      ""aisle_b"": 15
    },
    {
      ""aisle_a"": 15,
      ""aisle_b"": 4
    },
    {
      ""aisle_a"": 15,
      ""aisle_b"": 14
    },
    {
      ""aisle_a"": 15,
      ""aisle_b"": 20
    },
    {
      ""aisle_a"": 5,
      ""aisle_b"": 0
    },
    {
      ""aisle_a"": 5,
      ""aisle_b"": 4
    },
    {
      ""aisle_a"": 4,
      ""aisle_b"": 3
    },
    {
      ""aisle_a"": 4,
      ""aisle_b"": 14
    },
    {
      ""aisle_a"": 4,
      ""aisle_b"": 20
    }
  ]
}

If you want to pass the plan along in a compact form (or have me return it that way), something like this little JSON sketch is handy and easy to read:

{
  ""solution"": [""seat_id"", ""seat_id"", ...]
}

This just shows the shape I expect: ""solution"" is the list of seat identifiers where ushers would stand (one string per seat). Think of it like filling in a short form — which seats get an usher — not the final seating map itself.

This JSON is only a sketch of the expected shape, not the actual answer. Please make sure that all identifiers in your real solution are used exactly as they appear in the instance input — no renaming and no new labels.
- for example: ""Valid identifiers look like plain numbers such as “1” or “23”, single capital letters like “A” or “B”, or a capital letter followed by digits like “A1” or “X7”.""",json,zero_based,"{""problem_type"": ""MVC"", ""num_nodes"": 22, ""num_edges"": 46, ""edges"": [{""u"": 22, ""v"": 8}, {""u"": 22, ""v"": 10}, {""u"": 2, ""v"": 4}, {""u"": 2, ""v"": 5}, {""u"": 2, ""v"": 8}, {""u"": 2, ""v"": 10}, {""u"": 2, ""v"": 14}, {""u"": 9, ""v"": 8}, {""u"": 9, ""v"": 20}, {""u"": 3, ""v"": 1}, {""u"": 3, ""v"": 4}, {""u"": 3, ""v"": 5}, {""u"": 3, ""v"": 6}, {""u"": 7, ""v"": 10}, {""u"": 7, ""v"": 11}, {""u"": 7, ""v"": 17}, {""u"": 7, ""v"": 19}, {""u"": 10, ""v"": 1}, {""u"": 10, ""v"": 5}, {""u"": 10, ""v"": 8}, {""u"": 10, ""v"": 11}, {""u"": 10, ""v"": 12}, {""u"": 10, ""v"": 14}, {""u"": 10, ""v"": 15}, {""u"": 10, ""v"": 16}, {""u"": 10, ""v"": 17}, {""u"": 10, ""v"": 19}, {""u"": 10, ""v"": 20}, {""u"": 10, ""v"": 21}, {""u"": 8, ""v"": 12}, {""u"": 8, ""v"": 20}, {""u"": 18, ""v"": 1}, {""u"": 18, ""v"": 17}, {""u"": 19, ""v"": 11}, {""u"": 11, ""v"": 17}, {""u"": 11, ""v"": 20}, {""u"": 13, ""v"": 5}, {""u"": 13, ""v"": 16}, {""u"": 16, ""v"": 5}, {""u"": 16, ""v"": 15}, {""u"": 16, ""v"": 21}, {""u"": 6, ""v"": 1}, {""u"": 6, ""v"": 5}, {""u"": 5, ""v"": 4}, {""u"": 5, ""v"": 15}, {""u"": 5, ""v"": 21}], ""source_file"": ""wa2010.mtx"", ""density"": 0.19913419913419914, ""viz_instance"": ""generated_data/MVC/viz/MVC_L/instance_0044.png"", ""viz_solution"": ""generated_data/MVC/viz/MVC_L/solution_0044.png"", ""edge_connectivity"": 2}","[1, 2, 3, 5, 7, 8, 10, 11, 16, 18, 20]",11.0,"{""num_nodes"": 22, ""num_edges"": 46, ""edges"": [{""u"": 21, ""v"": 7}, {""u"": 21, ""v"": 9}, {""u"": 1, ""v"": 3}, {""u"": 1, ""v"": 4}, {""u"": 1, ""v"": 7}, {""u"": 1, ""v"": 9}, {""u"": 1, ""v"": 13}, {""u"": 8, ""v"": 7}, {""u"": 8, ""v"": 19}, {""u"": 2, ""v"": 0}, {""u"": 2, ""v"": 3}, {""u"": 2, ""v"": 4}, {""u"": 2, ""v"": 5}, {""u"": 6, ""v"": 9}, {""u"": 6, ""v"": 10}, {""u"": 6, ""v"": 16}, {""u"": 6, ""v"": 18}, {""u"": 9, ""v"": 0}, {""u"": 9, ""v"": 4}, {""u"": 9, ""v"": 7}, {""u"": 9, ""v"": 10}, {""u"": 9, ""v"": 11}, {""u"": 9, ""v"": 13}, {""u"": 9, ""v"": 14}, {""u"": 9, ""v"": 15}, {""u"": 9, ""v"": 16}, {""u"": 9, ""v"": 18}, {""u"": 9, ""v"": 19}, {""u"": 9, ""v"": 20}, {""u"": 7, ""v"": 11}, {""u"": 7, ""v"": 19}, {""u"": 17, ""v"": 0}, {""u"": 17, ""v"": 16}, {""u"": 18, ""v"": 10}, {""u"": 10, ""v"": 16}, {""u"": 10, ""v"": 19}, {""u"": 12, ""v"": 4}, {""u"": 12, ""v"": 15}, {""u"": 15, ""v"": 4}, {""u"": 15, ""v"": 14}, {""u"": 15, ""v"": 20}, {""u"": 5, ""v"": 0}, {""u"": 5, ""v"": 4}, {""u"": 4, ""v"": 3}, {""u"": 4, ""v"": 14}, {""u"": 4, ""v"": 20}]}","[0, 1, 2, 4, 6, 7, 9, 10, 15, 17, 19]"
MVC_L_046,MVC,L,46,"There’s a small restaurant puzzle: choose a handful of tables to station floor hosts so that whenever two tables are adjacent, one of those tables has someone assigned. The goal is to cover all those adjacency links while using as few hosts as possible — judge any solution by counting its hosts, and the lower count wins. Nothing can be left uncovered (every adjacent pair must be looked after) and each table either has a host or it doesn’t. The specific table map is shown below.

The floor plan has 23 tables and 44 adjacent pairs:
Tables 2 and 3 are adjacent; assign a host to at least one of them.
Tables 2 and 6 are adjacent; assign a host to at least one of them.
Tables 2 and 17 are adjacent; assign a host to at least one of them.
Tables 2 and 19 are adjacent; assign a host to at least one of them.
Tables 2 and 21 are adjacent; assign a host to at least one of them.
Tables 22 and 0 are adjacent; assign a host to at least one of them.
Tables 22 and 6 are adjacent; assign a host to at least one of them.
Tables 22 and 21 are adjacent; assign a host to at least one of them.
Tables 9 and 0 are adjacent; assign a host to at least one of them.
Tables 9 and 4 are adjacent; assign a host to at least one of them.
Tables 9 and 7 are adjacent; assign a host to at least one of them.
Tables 9 and 12 are adjacent; assign a host to at least one of them.
Tables 9 and 21 are adjacent; assign a host to at least one of them.
Tables 1 and 12 are adjacent; assign a host to at least one of them.
Tables 1 and 13 are adjacent; assign a host to at least one of them.
Tables 1 and 14 are adjacent; assign a host to at least one of them.
Tables 1 and 20 are adjacent; assign a host to at least one of them.
Tables 13 and 8 are adjacent; assign a host to at least one of them.
Tables 13 and 11 are adjacent; assign a host to at least one of them.
Tables 20 and 5 are adjacent; assign a host to at least one of them.
Tables 20 and 10 are adjacent; assign a host to at least one of them.
Tables 20 and 19 are adjacent; assign a host to at least one of them.
Tables 15 and 7 are adjacent; assign a host to at least one of them.
Tables 15 and 8 are adjacent; assign a host to at least one of them.
Tables 15 and 11 are adjacent; assign a host to at least one of them.
Tables 15 and 12 are adjacent; assign a host to at least one of them.
Tables 15 and 16 are adjacent; assign a host to at least one of them.
Tables 16 and 4 are adjacent; assign a host to at least one of them.
Tables 16 and 7 are adjacent; assign a host to at least one of them.
Tables 17 and 12 are adjacent; assign a host to at least one of them.
Tables 17 and 18 are adjacent; assign a host to at least one of them.
Tables 17 and 19 are adjacent; assign a host to at least one of them.
Tables 18 and 12 are adjacent; assign a host to at least one of them.
Tables 18 and 21 are adjacent; assign a host to at least one of them.
Tables 21 and 0 are adjacent; assign a host to at least one of them.
Tables 21 and 12 are adjacent; assign a host to at least one of them.
Tables 12 and 7 are adjacent; assign a host to at least one of them.
Tables 12 and 11 are adjacent; assign a host to at least one of them.
Tables 8 and 4 are adjacent; assign a host to at least one of them.
Tables 5 and 10 are adjacent; assign a host to at least one of them.
Tables 5 and 14 are adjacent; assign a host to at least one of them.
Tables 6 and 10 are adjacent; assign a host to at least one of them.
Tables 3 and 10 are adjacent; assign a host to at least one of them.
Tables 3 and 19 are adjacent; assign a host to at least one of them.
Cover every adjacency while using as few hosts as possible.

If you want to hand in a candidate assignment, just use this simple JSON layout:

{
  ""solution"": [""table_id"", ""table_id"", ...]
}

This is just a sketch of the shape I expect — ""solution"" should be a list of the table identifiers where you’d station hosts. Replace each ""table_id"" with the exact table ID from the instance input (don’t invent or rename labels). 

- for example: Valid identifiers look like plain numbers such as “1” or “23”, single capital letters like “A” or “B”, or a capital letter followed by digits like “A1” or “X7”.",nl,zero_based,"{""problem_type"": ""MVC"", ""num_nodes"": 23, ""num_edges"": 44, ""edges"": [{""u"": 3, ""v"": 4}, {""u"": 3, ""v"": 7}, {""u"": 3, ""v"": 18}, {""u"": 3, ""v"": 20}, {""u"": 3, ""v"": 22}, {""u"": 23, ""v"": 1}, {""u"": 23, ""v"": 7}, {""u"": 23, ""v"": 22}, {""u"": 10, ""v"": 1}, {""u"": 10, ""v"": 5}, {""u"": 10, ""v"": 8}, {""u"": 10, ""v"": 13}, {""u"": 10, ""v"": 22}, {""u"": 2, ""v"": 13}, {""u"": 2, ""v"": 14}, {""u"": 2, ""v"": 15}, {""u"": 2, ""v"": 21}, {""u"": 14, ""v"": 9}, {""u"": 14, ""v"": 12}, {""u"": 21, ""v"": 6}, {""u"": 21, ""v"": 11}, {""u"": 21, ""v"": 20}, {""u"": 16, ""v"": 8}, {""u"": 16, ""v"": 9}, {""u"": 16, ""v"": 12}, {""u"": 16, ""v"": 13}, {""u"": 16, ""v"": 17}, {""u"": 17, ""v"": 5}, {""u"": 17, ""v"": 8}, {""u"": 18, ""v"": 13}, {""u"": 18, ""v"": 19}, {""u"": 18, ""v"": 20}, {""u"": 19, ""v"": 13}, {""u"": 19, ""v"": 22}, {""u"": 22, ""v"": 1}, {""u"": 22, ""v"": 13}, {""u"": 13, ""v"": 8}, {""u"": 13, ""v"": 12}, {""u"": 9, ""v"": 5}, {""u"": 6, ""v"": 11}, {""u"": 6, ""v"": 15}, {""u"": 7, ""v"": 11}, {""u"": 4, ""v"": 11}, {""u"": 4, ""v"": 20}], ""source_file"": ""wy2010.mtx"", ""density"": 0.17391304347826086, ""viz_instance"": ""generated_data/MVC/viz/MVC_L/instance_0045.png"", ""viz_solution"": ""generated_data/MVC/viz/MVC_L/solution_0045.png"", ""edge_connectivity"": 2}","[2, 3, 6, 9, 10, 11, 13, 14, 16, 17, 18, 20, 22, 23]",14.0,"{""num_nodes"": 23, ""num_edges"": 44, ""edges"": [{""u"": 2, ""v"": 3}, {""u"": 2, ""v"": 6}, {""u"": 2, ""v"": 17}, {""u"": 2, ""v"": 19}, {""u"": 2, ""v"": 21}, {""u"": 22, ""v"": 0}, {""u"": 22, ""v"": 6}, {""u"": 22, ""v"": 21}, {""u"": 9, ""v"": 0}, {""u"": 9, ""v"": 4}, {""u"": 9, ""v"": 7}, {""u"": 9, ""v"": 12}, {""u"": 9, ""v"": 21}, {""u"": 1, ""v"": 12}, {""u"": 1, ""v"": 13}, {""u"": 1, ""v"": 14}, {""u"": 1, ""v"": 20}, {""u"": 13, ""v"": 8}, {""u"": 13, ""v"": 11}, {""u"": 20, ""v"": 5}, {""u"": 20, ""v"": 10}, {""u"": 20, ""v"": 19}, {""u"": 15, ""v"": 7}, {""u"": 15, ""v"": 8}, {""u"": 15, ""v"": 11}, {""u"": 15, ""v"": 12}, {""u"": 15, ""v"": 16}, {""u"": 16, ""v"": 4}, {""u"": 16, ""v"": 7}, {""u"": 17, ""v"": 12}, {""u"": 17, ""v"": 18}, {""u"": 17, ""v"": 19}, {""u"": 18, ""v"": 12}, {""u"": 18, ""v"": 21}, {""u"": 21, ""v"": 0}, {""u"": 21, ""v"": 12}, {""u"": 12, ""v"": 7}, {""u"": 12, ""v"": 11}, {""u"": 8, ""v"": 4}, {""u"": 5, ""v"": 10}, {""u"": 5, ""v"": 14}, {""u"": 6, ""v"": 10}, {""u"": 3, ""v"": 10}, {""u"": 3, ""v"": 19}]}","[1, 2, 5, 8, 9, 10, 12, 13, 15, 16, 17, 19, 21, 22]"
MVC_L_047,MVC,L,47,"Many people who organize shows run into the same question: which set pieces should get a stagehand so that every time pieces touch, one of them has coverage, and how can that be done with the smallest possible crew? The task is to pick positions so every touching relationship has someone at one of its pieces; to judge different choices, just count how many stagehands each uses — fewer is better. Every connection between pieces must be covered, and each person can only stand at a single piece. The detailed diagram is shown below.

# total_set_pieces=19
# total_adjacencies=39
piece_endpoint_a,piece_endpoint_b
10,1
10,4
10,5
10,6
10,7
10,8
10,9
10,11
10,12
10,14
10,15
10,16
10,17
10,19
13,1
13,16
19,1
19,2
19,3
19,4
19,8
19,12
19,17
19,18
5,1
5,6
5,11
9,6
9,7
14,2
14,12
11,1
3,1
3,2
2,12
6,7
4,16
8,12
16,1

Oh, and if you want to send the answer back, keep it in a tiny JSON sketch like this so it's easy to read:

{
  ""solution"": [""piece_id"", ""piece_id"", ...]
}

Here ""solution"" is just the list of set pieces where you'd place a stagehand — each entry is the ID of a piece. It's just a template for the shape of the reply, not the final crew list.

Please use the exact identifiers from the instance input — no renaming and no new labels. 
- for example: ""Valid identifiers look like plain numbers such as “1” or “23”, single capital letters like “A” or “B”, or a capital letter followed by digits like “A1” or “X7”.""",csv,one_based,"{""problem_type"": ""MVC"", ""num_nodes"": 19, ""num_edges"": 39, ""edges"": [{""u"": 10, ""v"": 1}, {""u"": 10, ""v"": 4}, {""u"": 10, ""v"": 5}, {""u"": 10, ""v"": 6}, {""u"": 10, ""v"": 7}, {""u"": 10, ""v"": 8}, {""u"": 10, ""v"": 9}, {""u"": 10, ""v"": 11}, {""u"": 10, ""v"": 12}, {""u"": 10, ""v"": 14}, {""u"": 10, ""v"": 15}, {""u"": 10, ""v"": 16}, {""u"": 10, ""v"": 17}, {""u"": 10, ""v"": 19}, {""u"": 13, ""v"": 1}, {""u"": 13, ""v"": 16}, {""u"": 19, ""v"": 1}, {""u"": 19, ""v"": 2}, {""u"": 19, ""v"": 3}, {""u"": 19, ""v"": 4}, {""u"": 19, ""v"": 8}, {""u"": 19, ""v"": 12}, {""u"": 19, ""v"": 17}, {""u"": 19, ""v"": 18}, {""u"": 5, ""v"": 1}, {""u"": 5, ""v"": 6}, {""u"": 5, ""v"": 11}, {""u"": 9, ""v"": 6}, {""u"": 9, ""v"": 7}, {""u"": 14, ""v"": 2}, {""u"": 14, ""v"": 12}, {""u"": 11, ""v"": 1}, {""u"": 3, ""v"": 1}, {""u"": 3, ""v"": 2}, {""u"": 2, ""v"": 12}, {""u"": 6, ""v"": 7}, {""u"": 4, ""v"": 16}, {""u"": 8, ""v"": 12}, {""u"": 16, ""v"": 1}], ""source_file"": ""wa2010.mtx"", ""density"": 0.22807017543859648, ""viz_instance"": ""generated_data/MVC/viz/MVC_L/instance_0046.png"", ""viz_solution"": ""generated_data/MVC/viz/MVC_L/solution_0046.png"", ""edge_connectivity"": 1}","[1, 2, 5, 6, 7, 10, 12, 16, 19]",9.0,"{""num_nodes"": 19, ""num_edges"": 39, ""edges"": [{""u"": 10, ""v"": 1}, {""u"": 10, ""v"": 4}, {""u"": 10, ""v"": 5}, {""u"": 10, ""v"": 6}, {""u"": 10, ""v"": 7}, {""u"": 10, ""v"": 8}, {""u"": 10, ""v"": 9}, {""u"": 10, ""v"": 11}, {""u"": 10, ""v"": 12}, {""u"": 10, ""v"": 14}, {""u"": 10, ""v"": 15}, {""u"": 10, ""v"": 16}, {""u"": 10, ""v"": 17}, {""u"": 10, ""v"": 19}, {""u"": 13, ""v"": 1}, {""u"": 13, ""v"": 16}, {""u"": 19, ""v"": 1}, {""u"": 19, ""v"": 2}, {""u"": 19, ""v"": 3}, {""u"": 19, ""v"": 4}, {""u"": 19, ""v"": 8}, {""u"": 19, ""v"": 12}, {""u"": 19, ""v"": 17}, {""u"": 19, ""v"": 18}, {""u"": 5, ""v"": 1}, {""u"": 5, ""v"": 6}, {""u"": 5, ""v"": 11}, {""u"": 9, ""v"": 6}, {""u"": 9, ""v"": 7}, {""u"": 14, ""v"": 2}, {""u"": 14, ""v"": 12}, {""u"": 11, ""v"": 1}, {""u"": 3, ""v"": 1}, {""u"": 3, ""v"": 2}, {""u"": 2, ""v"": 12}, {""u"": 6, ""v"": 7}, {""u"": 4, ""v"": 16}, {""u"": 8, ""v"": 12}, {""u"": 16, ""v"": 1}]}","[1, 2, 5, 6, 7, 10, 12, 16, 19]"
MVC_L_048,MVC,L,48,"On a busy day the clinic needed a tight schedule: choose which nurses to assign so that for every linked pair of patients, at least one of the two has a nurse. The goal is to keep the staff list as short as possible — measure each plan by counting assigned nurses and choose the plan with the smallest total that still covers all pairs. Every pairing has to be covered; nothing can be skipped, and you can’t game the system by counting the same nurse twice. The specific patient pairings and options are provided below.

# num_patients=20
# num_patient_pairs=40
patient_u_id,patient_v_id
16,1
16,5
16,11
16,14
16,18
2,5
2,7
2,17
17,5
17,15
3,7
3,8
4,1
4,18
4,19
5,14
5,18
19,0
19,10
12,1
12,10
12,13
13,0
13,1
13,6
13,8
13,10
0,8
1,6
1,10
1,11
1,18
11,9
11,14
6,8
6,9
7,9
7,14
9,8
9,14

If you want to send the chosen roster back in a neat, machine-friendly way, just use a tiny JSON object like this — nothing fancy:

{
  ""solution"": [""nurse_id"", ""nurse_id"", ...]
}

Pretty simple: ""solution"" is the list of nurses you pick to cover every paired patient. The ""nurse_id"" entries are just placeholders showing where the real nurse identifiers go; think of it like filling out a short form with the exact labels from the instance. This is just the expected shape of the reply, not the actual answer.

Please make sure to use the identifiers exactly as they appear in the instance input — no renaming, no new labels. 
- for example: ""Valid identifiers look like plain numbers such as “1” or “23”, single capital letters like “A” or “B”, or a capital letter followed by digits like “A1” or “X7”.""",csv,zero_based,"{""problem_type"": ""MVC"", ""num_nodes"": 20, ""num_edges"": 40, ""edges"": [{""u"": 17, ""v"": 2}, {""u"": 17, ""v"": 6}, {""u"": 17, ""v"": 12}, {""u"": 17, ""v"": 15}, {""u"": 17, ""v"": 19}, {""u"": 3, ""v"": 6}, {""u"": 3, ""v"": 8}, {""u"": 3, ""v"": 18}, {""u"": 18, ""v"": 6}, {""u"": 18, ""v"": 16}, {""u"": 4, ""v"": 8}, {""u"": 4, ""v"": 9}, {""u"": 5, ""v"": 2}, {""u"": 5, ""v"": 19}, {""u"": 5, ""v"": 20}, {""u"": 6, ""v"": 15}, {""u"": 6, ""v"": 19}, {""u"": 20, ""v"": 1}, {""u"": 20, ""v"": 11}, {""u"": 13, ""v"": 2}, {""u"": 13, ""v"": 11}, {""u"": 13, ""v"": 14}, {""u"": 14, ""v"": 1}, {""u"": 14, ""v"": 2}, {""u"": 14, ""v"": 7}, {""u"": 14, ""v"": 9}, {""u"": 14, ""v"": 11}, {""u"": 1, ""v"": 9}, {""u"": 2, ""v"": 7}, {""u"": 2, ""v"": 11}, {""u"": 2, ""v"": 12}, {""u"": 2, ""v"": 19}, {""u"": 12, ""v"": 10}, {""u"": 12, ""v"": 15}, {""u"": 7, ""v"": 9}, {""u"": 7, ""v"": 10}, {""u"": 8, ""v"": 10}, {""u"": 8, ""v"": 15}, {""u"": 10, ""v"": 9}, {""u"": 10, ""v"": 15}], ""source_file"": ""wv2010.mtx"", ""density"": 0.21052631578947367, ""viz_instance"": ""generated_data/MVC/viz/MVC_L/instance_0047.png"", ""viz_solution"": ""generated_data/MVC/viz/MVC_L/solution_0047.png"", ""edge_connectivity"": 1}","[2, 6, 8, 9, 10, 11, 14, 15, 17, 18, 19, 20]",12.0,"{""num_nodes"": 20, ""num_edges"": 40, ""edges"": [{""u"": 16, ""v"": 1}, {""u"": 16, ""v"": 5}, {""u"": 16, ""v"": 11}, {""u"": 16, ""v"": 14}, {""u"": 16, ""v"": 18}, {""u"": 2, ""v"": 5}, {""u"": 2, ""v"": 7}, {""u"": 2, ""v"": 17}, {""u"": 17, ""v"": 5}, {""u"": 17, ""v"": 15}, {""u"": 3, ""v"": 7}, {""u"": 3, ""v"": 8}, {""u"": 4, ""v"": 1}, {""u"": 4, ""v"": 18}, {""u"": 4, ""v"": 19}, {""u"": 5, ""v"": 14}, {""u"": 5, ""v"": 18}, {""u"": 19, ""v"": 0}, {""u"": 19, ""v"": 10}, {""u"": 12, ""v"": 1}, {""u"": 12, ""v"": 10}, {""u"": 12, ""v"": 13}, {""u"": 13, ""v"": 0}, {""u"": 13, ""v"": 1}, {""u"": 13, ""v"": 6}, {""u"": 13, ""v"": 8}, {""u"": 13, ""v"": 10}, {""u"": 0, ""v"": 8}, {""u"": 1, ""v"": 6}, {""u"": 1, ""v"": 10}, {""u"": 1, ""v"": 11}, {""u"": 1, ""v"": 18}, {""u"": 11, ""v"": 9}, {""u"": 11, ""v"": 14}, {""u"": 6, ""v"": 8}, {""u"": 6, ""v"": 9}, {""u"": 7, ""v"": 9}, {""u"": 7, ""v"": 14}, {""u"": 9, ""v"": 8}, {""u"": 9, ""v"": 14}]}","[1, 5, 7, 8, 9, 10, 13, 14, 16, 17, 18, 19]"
MVC_L_049,MVC,L,49,"In my building the goal is to secure every shared hallway by fitting locks on certain apartment doors so that each hallway between two units has at least one of those two doors locked — but do it with as few locks as possible. The practical decision is selecting which doors to lock; a better arrangement is simply one that covers all hallway links while using fewer locks. Count the locks to see which arrangement is better, and don’t leave any shared corridor without a locked adjoining door. The specific floor plan and which doors share hallways are shown below.

There are 25 apartment doors and 55 shared hallways in this floor plan.
Each shared hallway between apartment H and apartment B must have at least one of those two doors locked.
Each shared hallway between apartment H and apartment F must have at least one of those two doors locked.
Each shared hallway between apartment H and apartment R must have at least one of those two doors locked.
Each shared hallway between apartment H and apartment X must have at least one of those two doors locked.
Each shared hallway between apartment A and apartment C must have at least one of those two doors locked.
Each shared hallway between apartment A and apartment I must have at least one of those two doors locked.
Each shared hallway between apartment A and apartment K must have at least one of those two doors locked.
Each shared hallway between apartment A and apartment U must have at least one of those two doors locked.
Each shared hallway between apartment E and apartment I must have at least one of those two doors locked.
Each shared hallway between apartment E and apartment Q must have at least one of those two doors locked.
Each shared hallway between apartment U and apartment C must have at least one of those two doors locked.
Each shared hallway between apartment U and apartment M must have at least one of those two doors locked.
Each shared hallway between apartment U and apartment P must have at least one of those two doors locked.
Each shared hallway between apartment V and apartment O must have at least one of those two doors locked.
Each shared hallway between apartment V and apartment Q must have at least one of those two doors locked.
Each shared hallway between apartment V and apartment R must have at least one of those two doors locked.
Each shared hallway between apartment V and apartment Y must have at least one of those two doors locked.
Each shared hallway between apartment W and apartment D must have at least one of those two doors locked.
Each shared hallway between apartment W and apartment M must have at least one of those two doors locked.
Each shared hallway between apartment W and apartment N must have at least one of those two doors locked.
Each shared hallway between apartment L and apartment K must have at least one of those two doors locked.
Each shared hallway between apartment F and apartment B must have at least one of those two doors locked.
Each shared hallway between apartment F and apartment X must have at least one of those two doors locked.
Each shared hallway between apartment G and apartment K must have at least one of those two doors locked.
Each shared hallway between apartment G and apartment Q must have at least one of those two doors locked.
Each shared hallway between apartment P and apartment C must have at least one of those two doors locked.
Each shared hallway between apartment P and apartment M must have at least one of those two doors locked.
Each shared hallway between apartment P and apartment N must have at least one of those two doors locked.
Each shared hallway between apartment P and apartment S must have at least one of those two doors locked.
Each shared hallway between apartment I and apartment K must have at least one of those two doors locked.
Each shared hallway between apartment I and apartment Q must have at least one of those two doors locked.
Each shared hallway between apartment I and apartment T must have at least one of those two doors locked.
Each shared hallway between apartment J and apartment O must have at least one of those two doors locked.
Each shared hallway between apartment J and apartment R must have at least one of those two doors locked.
Each shared hallway between apartment X and apartment B must have at least one of those two doors locked.
Each shared hallway between apartment X and apartment R must have at least one of those two doors locked.
Each shared hallway between apartment M and apartment N must have at least one of those two doors locked.
Each shared hallway between apartment N and apartment D must have at least one of those two doors locked.
Each shared hallway between apartment N and apartment R must have at least one of those two doors locked.
Each shared hallway between apartment N and apartment S must have at least one of those two doors locked.
Each shared hallway between apartment Q and apartment B must have at least one of those two doors locked.
Each shared hallway between apartment Q and apartment C must have at least one of those two doors locked.
Each shared hallway between apartment Q and apartment O must have at least one of those two doors locked.
Each shared hallway between apartment Q and apartment R must have at least one of those two doors locked.
Each shared hallway between apartment Q and apartment S must have at least one of those two doors locked.
Each shared hallway between apartment Q and apartment T must have at least one of those two doors locked.
Each shared hallway between apartment Q and apartment Y must have at least one of those two doors locked.
Each shared hallway between apartment Y and apartment R must have at least one of those two doors locked.
Each shared hallway between apartment K and apartment T must have at least one of those two doors locked.
Each shared hallway between apartment B and apartment D must have at least one of those two doors locked.
Each shared hallway between apartment B and apartment R must have at least one of those two doors locked.
Each shared hallway between apartment O and apartment R must have at least one of those two doors locked.
Each shared hallway between apartment O and apartment S must have at least one of those two doors locked.
Each shared hallway between apartment R and apartment D must have at least one of those two doors locked.
Each shared hallway between apartment R and apartment S must have at least one of those two doors locked.
I will count locked doors to minimize the total across these 25 doors while ensuring all 55 hallways are covered.

Also, when you send the final pick, please stick to this little JSON shape so it's easy to read and check:

{
  ""solution"": [""door_id"", ""door_id"", ...]
}

This just means ""solution"" is a list (an array) of the doors you want to lock — write each door using the exact identifier from the instance. Think of it like filling out a short form: put the chosen door labels in that list. The JSON above is just a sketch of the expected shape, not the actual answer.

Make sure every identifier you use matches the instance input exactly — no renaming and no new labels.
- for example: ""Valid identifiers look like plain numbers such as “1” or “23”, single capital letters like “A” or “B”, or a capital letter followed by digits like “A1” or “X7”.",nl,names,"{""problem_type"": ""MVC"", ""num_nodes"": 25, ""num_edges"": 55, ""edges"": [{""u"": 8, ""v"": 2}, {""u"": 8, ""v"": 6}, {""u"": 8, ""v"": 18}, {""u"": 8, ""v"": 24}, {""u"": 1, ""v"": 3}, {""u"": 1, ""v"": 9}, {""u"": 1, ""v"": 11}, {""u"": 1, ""v"": 21}, {""u"": 5, ""v"": 9}, {""u"": 5, ""v"": 17}, {""u"": 21, ""v"": 3}, {""u"": 21, ""v"": 13}, {""u"": 21, ""v"": 16}, {""u"": 22, ""v"": 15}, {""u"": 22, ""v"": 17}, {""u"": 22, ""v"": 18}, {""u"": 22, ""v"": 25}, {""u"": 23, ""v"": 4}, {""u"": 23, ""v"": 13}, {""u"": 23, ""v"": 14}, {""u"": 12, ""v"": 11}, {""u"": 6, ""v"": 2}, {""u"": 6, ""v"": 24}, {""u"": 7, ""v"": 11}, {""u"": 7, ""v"": 17}, {""u"": 16, ""v"": 3}, {""u"": 16, ""v"": 13}, {""u"": 16, ""v"": 14}, {""u"": 16, ""v"": 19}, {""u"": 9, ""v"": 11}, {""u"": 9, ""v"": 17}, {""u"": 9, ""v"": 20}, {""u"": 10, ""v"": 15}, {""u"": 10, ""v"": 18}, {""u"": 24, ""v"": 2}, {""u"": 24, ""v"": 18}, {""u"": 13, ""v"": 14}, {""u"": 14, ""v"": 4}, {""u"": 14, ""v"": 18}, {""u"": 14, ""v"": 19}, {""u"": 17, ""v"": 2}, {""u"": 17, ""v"": 3}, {""u"": 17, ""v"": 15}, {""u"": 17, ""v"": 18}, {""u"": 17, ""v"": 19}, {""u"": 17, ""v"": 20}, {""u"": 17, ""v"": 25}, {""u"": 25, ""v"": 18}, {""u"": 11, ""v"": 20}, {""u"": 2, ""v"": 4}, {""u"": 2, ""v"": 18}, {""u"": 15, ""v"": 18}, {""u"": 15, ""v"": 19}, {""u"": 18, ""v"": 4}, {""u"": 18, ""v"": 19}], ""source_file"": ""wv2010.mtx"", ""density"": 0.18333333333333332, ""viz_instance"": ""generated_data/MVC/viz/MVC_L/instance_0048.png"", ""viz_solution"": ""generated_data/MVC/viz/MVC_L/solution_0048.png"", ""edge_connectivity"": 1}","[2, 3, 8, 9, 11, 14, 15, 16, 17, 18, 21, 22, 23, 24]",14.0,"{""num_nodes"": 25, ""num_edges"": 55, ""edges"": [{""u"": ""H"", ""v"": ""B""}, {""u"": ""H"", ""v"": ""F""}, {""u"": ""H"", ""v"": ""R""}, {""u"": ""H"", ""v"": ""X""}, {""u"": ""A"", ""v"": ""C""}, {""u"": ""A"", ""v"": ""I""}, {""u"": ""A"", ""v"": ""K""}, {""u"": ""A"", ""v"": ""U""}, {""u"": ""E"", ""v"": ""I""}, {""u"": ""E"", ""v"": ""Q""}, {""u"": ""U"", ""v"": ""C""}, {""u"": ""U"", ""v"": ""M""}, {""u"": ""U"", ""v"": ""P""}, {""u"": ""V"", ""v"": ""O""}, {""u"": ""V"", ""v"": ""Q""}, {""u"": ""V"", ""v"": ""R""}, {""u"": ""V"", ""v"": ""Y""}, {""u"": ""W"", ""v"": ""D""}, {""u"": ""W"", ""v"": ""M""}, {""u"": ""W"", ""v"": ""N""}, {""u"": ""L"", ""v"": ""K""}, {""u"": ""F"", ""v"": ""B""}, {""u"": ""F"", ""v"": ""X""}, {""u"": ""G"", ""v"": ""K""}, {""u"": ""G"", ""v"": ""Q""}, {""u"": ""P"", ""v"": ""C""}, {""u"": ""P"", ""v"": ""M""}, {""u"": ""P"", ""v"": ""N""}, {""u"": ""P"", ""v"": ""S""}, {""u"": ""I"", ""v"": ""K""}, {""u"": ""I"", ""v"": ""Q""}, {""u"": ""I"", ""v"": ""T""}, {""u"": ""J"", ""v"": ""O""}, {""u"": ""J"", ""v"": ""R""}, {""u"": ""X"", ""v"": ""B""}, {""u"": ""X"", ""v"": ""R""}, {""u"": ""M"", ""v"": ""N""}, {""u"": ""N"", ""v"": ""D""}, {""u"": ""N"", ""v"": ""R""}, {""u"": ""N"", ""v"": ""S""}, {""u"": ""Q"", ""v"": ""B""}, {""u"": ""Q"", ""v"": ""C""}, {""u"": ""Q"", ""v"": ""O""}, {""u"": ""Q"", ""v"": ""R""}, {""u"": ""Q"", ""v"": ""S""}, {""u"": ""Q"", ""v"": ""T""}, {""u"": ""Q"", ""v"": ""Y""}, {""u"": ""Y"", ""v"": ""R""}, {""u"": ""K"", ""v"": ""T""}, {""u"": ""B"", ""v"": ""D""}, {""u"": ""B"", ""v"": ""R""}, {""u"": ""O"", ""v"": ""R""}, {""u"": ""O"", ""v"": ""S""}, {""u"": ""R"", ""v"": ""D""}, {""u"": ""R"", ""v"": ""S""}]}","[""B"", ""C"", ""H"", ""I"", ""K"", ""N"", ""O"", ""P"", ""Q"", ""R"", ""U"", ""V"", ""W"", ""X""]"
MVC_L_050,MVC,L,50,"Many people assume inspections mean patrolling every road, but here the trick is to decide which hubs get fixed checkpoints so each road is watched from one endpoint. The better setup is the one that uses fewer checkpoints but still leaves no road uninspected — success is simply the number of checkpoints used, so count them and try to make that number as small as possible while keeping coverage. Every route must be covered by at least one linked hub and redundant checkpointing that doesn’t increase coverage is unnecessary. The detailed map of hubs and routes is listed below.

There are 21 hubs in total and 41 route segments.

| hub_u | hub_v |
|---|---|
| 15 | 0 |
| 15 | 6 |
| 15 | 11 |
| 15 | 19 |
| 16 | 1 |
| 16 | 12 |
| 16 | 13 |
| 16 | 18 |
| 10 | 5 |
| 10 | 9 |
| 17 | 1 |
| 17 | 4 |
| 17 | 13 |
| 18 | 8 |
| 18 | 12 |
| 19 | 4 |
| 19 | 6 |
| 19 | 9 |
| 19 | 11 |
| 20 | 4 |
| 20 | 9 |
| 20 | 13 |
| 0 | 1 |
| 1 | 2 |
| 1 | 3 |
| 1 | 4 |
| 1 | 7 |
| 1 | 8 |
| 1 | 11 |
| 1 | 12 |
| 1 | 13 |
| 2 | 8 |
| 3 | 8 |
| 3 | 12 |
| 4 | 13 |
| 5 | 9 |
| 5 | 13 |
| 5 | 14 |
| 8 | 12 |
| 14 | 13 |
| 6 | 9 |

Oh, and when you reply, please keep the answer in this simple JSON shape:

{
  ""solution"": [""hub_id"", ""hub_id"", ...]
}

Think of that ""solution"" list as the places where you'll put the checkpoints — just a plain list of hub IDs from the map. This JSON is just a sketch of the shape I need, not the actual final answer.

Please use the identifiers exactly as they appear in the instance input — no renaming and no new labels.
- for example: ""Valid identifiers look like plain numbers such as “1” or “23”, single capital letters like “A” or “B”, or a capital letter followed by digits like “A1” or “X7”.""",markdown_table,zero_based,"{""problem_type"": ""MVC"", ""num_nodes"": 21, ""num_edges"": 41, ""edges"": [{""u"": 16, ""v"": 1}, {""u"": 16, ""v"": 7}, {""u"": 16, ""v"": 12}, {""u"": 16, ""v"": 20}, {""u"": 17, ""v"": 2}, {""u"": 17, ""v"": 13}, {""u"": 17, ""v"": 14}, {""u"": 17, ""v"": 19}, {""u"": 11, ""v"": 6}, {""u"": 11, ""v"": 10}, {""u"": 18, ""v"": 2}, {""u"": 18, ""v"": 5}, {""u"": 18, ""v"": 14}, {""u"": 19, ""v"": 9}, {""u"": 19, ""v"": 13}, {""u"": 20, ""v"": 5}, {""u"": 20, ""v"": 7}, {""u"": 20, ""v"": 10}, {""u"": 20, ""v"": 12}, {""u"": 21, ""v"": 5}, {""u"": 21, ""v"": 10}, {""u"": 21, ""v"": 14}, {""u"": 1, ""v"": 2}, {""u"": 2, ""v"": 3}, {""u"": 2, ""v"": 4}, {""u"": 2, ""v"": 5}, {""u"": 2, ""v"": 8}, {""u"": 2, ""v"": 9}, {""u"": 2, ""v"": 12}, {""u"": 2, ""v"": 13}, {""u"": 2, ""v"": 14}, {""u"": 3, ""v"": 9}, {""u"": 4, ""v"": 9}, {""u"": 4, ""v"": 13}, {""u"": 5, ""v"": 14}, {""u"": 6, ""v"": 10}, {""u"": 6, ""v"": 14}, {""u"": 6, ""v"": 15}, {""u"": 9, ""v"": 13}, {""u"": 15, ""v"": 14}, {""u"": 7, ""v"": 10}], ""source_file"": ""wi2010.mtx"", ""density"": 0.19523809523809524, ""viz_instance"": ""generated_data/MVC/viz/MVC_L/instance_0049.png"", ""viz_solution"": ""generated_data/MVC/viz/MVC_L/solution_0049.png"", ""edge_connectivity"": 1}","[2, 5, 6, 9, 10, 13, 14, 16, 19, 20]",10.0,"{""num_nodes"": 21, ""num_edges"": 41, ""edges"": [{""u"": 15, ""v"": 0}, {""u"": 15, ""v"": 6}, {""u"": 15, ""v"": 11}, {""u"": 15, ""v"": 19}, {""u"": 16, ""v"": 1}, {""u"": 16, ""v"": 12}, {""u"": 16, ""v"": 13}, {""u"": 16, ""v"": 18}, {""u"": 10, ""v"": 5}, {""u"": 10, ""v"": 9}, {""u"": 17, ""v"": 1}, {""u"": 17, ""v"": 4}, {""u"": 17, ""v"": 13}, {""u"": 18, ""v"": 8}, {""u"": 18, ""v"": 12}, {""u"": 19, ""v"": 4}, {""u"": 19, ""v"": 6}, {""u"": 19, ""v"": 9}, {""u"": 19, ""v"": 11}, {""u"": 20, ""v"": 4}, {""u"": 20, ""v"": 9}, {""u"": 20, ""v"": 13}, {""u"": 0, ""v"": 1}, {""u"": 1, ""v"": 2}, {""u"": 1, ""v"": 3}, {""u"": 1, ""v"": 4}, {""u"": 1, ""v"": 7}, {""u"": 1, ""v"": 8}, {""u"": 1, ""v"": 11}, {""u"": 1, ""v"": 12}, {""u"": 1, ""v"": 13}, {""u"": 2, ""v"": 8}, {""u"": 3, ""v"": 8}, {""u"": 3, ""v"": 12}, {""u"": 4, ""v"": 13}, {""u"": 5, ""v"": 9}, {""u"": 5, ""v"": 13}, {""u"": 5, ""v"": 14}, {""u"": 8, ""v"": 12}, {""u"": 14, ""v"": 13}, {""u"": 6, ""v"": 9}]}","[1, 4, 5, 8, 9, 12, 13, 15, 18, 19]"
