id,task_id,difficulty_tier,example_index,prompt,surface_format,indexing_scheme,instance_canonical_json,reference_solution_canonical_json,reference_objective_value,instance_surface_json,reference_solution_surface_json
SP_S_001,SP,S,1,"Many kitchens run into the same puzzle: try to offer as many dishes as possible for a service without reusing ingredients across plates. The decision is selecting which recipes to include; the obvious goal is to maximize how many recipes end up on the menu. That goal is measured by simply tallying the chosen recipes, but only menus where every selected dish has ingredients that don’t overlap with any other selected dish are allowed, and each dish must be whole. The candidate recipes and ingredient breakdowns are provided below.

There are 8 candidate recipes and 8 distinct ingredients available.
Recipe S1 uses ingredients A D G.
Recipe S2 uses ingredients B C.
Recipe S3 uses ingredients B D E G.
Recipe S4 uses ingredients C D G H.
Recipe S5 uses ingredients B C E.
Recipe S6 uses ingredients F G H.
Recipe S7 uses ingredients A C F G H.
Recipe S8 uses ingredients B D F G H.
Select as many of the 8 recipes as possible without reusing any of the 8 ingredients.

When you’re ready to send the chosen menu back, just use this simple JSON shape:

{
  ""solution"": [""set_id"", ...]
}

Think of ""solution"" as the list of recipe ids for the dishes you picked — one id per chosen plate. The example uses ""set_id"" as a placeholder; in your reply put the actual ids from the instance in that array. This JSON is just a sketch of the expected shape, not the actual answer.

Please use the identifiers exactly as they appear in the instance input — no renaming and no new labels. For example: ""Valid identifiers look like plain numbers such as “1” or “23”, single capital letters like “A” or “B”, or a capital letter followed by digits like “A1” or “X7”.""",nl,names,"{""source_file"": ""road_central.mtx"", ""k_hop"": 2, ""num_elements"": 8, ""num_sets"": 8, ""density"": 0.453125, ""sets"": [{""id"": 1, ""elements"": [1, 4, 7]}, {""id"": 2, ""elements"": [2, 3]}, {""id"": 3, ""elements"": [2, 4, 5, 7]}, {""id"": 4, ""elements"": [3, 4, 7, 8]}, {""id"": 5, ""elements"": [2, 3, 5]}, {""id"": 6, ""elements"": [6, 7, 8]}, {""id"": 7, ""elements"": [1, 3, 6, 7, 8]}, {""id"": 8, ""elements"": [2, 4, 6, 7, 8]}], ""graph"": {""num_nodes"": 8, ""edges"": [{""u"": 1, ""v"": 4}, {""u"": 5, ""v"": 2}, {""u"": 8, ""v"": 3}, {""u"": 8, ""v"": 6}, {""u"": 8, ""v"": 7}, {""u"": 4, ""v"": 7}, {""u"": 3, ""v"": 2}, {""u"": 3, ""v"": 7}]}, ""viz_instance"": ""generated_data/SP/viz/SP_S/instance_0000.png"", ""viz_solution"": ""generated_data/SP/viz/SP_S/solution_0000.png""}","[1, 2]",2.0,"{""num_elements"": 8, ""num_sets"": 8, ""sets"": [{""id"": ""S1"", ""elements"": [""A"", ""D"", ""G""]}, {""id"": ""S2"", ""elements"": [""B"", ""C""]}, {""id"": ""S3"", ""elements"": [""B"", ""D"", ""E"", ""G""]}, {""id"": ""S4"", ""elements"": [""C"", ""D"", ""G"", ""H""]}, {""id"": ""S5"", ""elements"": [""B"", ""C"", ""E""]}, {""id"": ""S6"", ""elements"": [""F"", ""G"", ""H""]}, {""id"": ""S7"", ""elements"": [""A"", ""C"", ""F"", ""G"", ""H""]}, {""id"": ""S8"", ""elements"": [""B"", ""D"", ""F"", ""G"", ""H""]}]}","[""S1"", ""S2""]"
SP_S_002,SP,S,2,"Someone on the planning committee put together several themed gatherings, each with a list of invited guests taken from the same community list. The committee needs to pick a set of gatherings to hold, with the rule that no person can be on more than one chosen guest list. The objective is straightforward: maximize the number of gatherings that actually happen — success is measured by the number of selected gatherings. The specific events and guest lists are shown below.

# total_guests=8
# total_gatherings=8
gathering_id,invited_guests
S1,A B D E F G
S2,A B E F
S3,C D
S4,A C D G H
S5,A B F H
S6,A B E F H
S7,C D G
S8,A B D H

If you want to send back which gatherings to hold, just use this little JSON shape so it's easy to read and check:

{
  ""solution"": [""gathering_id"", ...]
}

Think of it like a form: ""solution"" is the list of gatherings you pick, and each item in the list should be the exact ID for a guest list from the instance (just one ID per chosen gathering). This JSON is just a sketch of the shape I expect, not the final answer itself.

Please make sure to use the identifiers exactly as they appear in the instance input — no renaming and no new labels.
- for example: ""Valid identifiers look like plain numbers such as “1” or “23”, single capital letters like “A” or “B”, or a capital letter followed by digits like “A1” or “X7”.""",csv,names,"{""source_file"": ""road_central.mtx"", ""k_hop"": 2, ""num_elements"": 8, ""num_sets"": 8, ""density"": 0.515625, ""sets"": [{""id"": 1, ""elements"": [1, 2, 4, 5, 6, 7]}, {""id"": 2, ""elements"": [1, 2, 5, 6]}, {""id"": 3, ""elements"": [3, 4]}, {""id"": 4, ""elements"": [1, 3, 4, 7, 8]}, {""id"": 5, ""elements"": [1, 2, 6, 8]}, {""id"": 6, ""elements"": [1, 2, 5, 6, 8]}, {""id"": 7, ""elements"": [3, 4, 7]}, {""id"": 8, ""elements"": [1, 2, 4, 8]}], ""graph"": {""num_nodes"": 8, ""edges"": [{""u"": 8, ""v"": 1}, {""u"": 8, ""v"": 2}, {""u"": 8, ""v"": 5}, {""u"": 8, ""v"": 6}, {""u"": 3, ""v"": 7}, {""u"": 1, ""v"": 4}, {""u"": 4, ""v"": 7}]}, ""viz_instance"": ""generated_data/SP/viz/SP_S/instance_0001.png"", ""viz_solution"": ""generated_data/SP/viz/SP_S/solution_0001.png""}","[2, 3]",2.0,"{""num_elements"": 8, ""num_sets"": 8, ""sets"": [{""id"": ""S1"", ""elements"": [""A"", ""B"", ""D"", ""E"", ""F"", ""G""]}, {""id"": ""S2"", ""elements"": [""A"", ""B"", ""E"", ""F""]}, {""id"": ""S3"", ""elements"": [""C"", ""D""]}, {""id"": ""S4"", ""elements"": [""A"", ""C"", ""D"", ""G"", ""H""]}, {""id"": ""S5"", ""elements"": [""A"", ""B"", ""F"", ""H""]}, {""id"": ""S6"", ""elements"": [""A"", ""B"", ""E"", ""F"", ""H""]}, {""id"": ""S7"", ""elements"": [""C"", ""D"", ""G""]}, {""id"": ""S8"", ""elements"": [""A"", ""B"", ""D"", ""H""]}]}","[""S2"", ""S3""]"
SP_S_003,SP,S,3,"We got a brief from a stylist who needs a stack of ready-to-go looks for a short event. The task: choose which ensembles to use so there are as many distinct outfits on the rack as possible. Each ensemble is made from specific items, and an item can’t be assigned to more than one ensemble — no doubling up. A better pick is simply the pick that yields a higher count of complete outfits; just tally how many outfits end up selected. The exact list of garments and possible ensembles is laid out below.

{
  ""total_garments"": 10,
  ""total_looks"": 9,
  ""sets"": [
    {
      ""look_id"": ""S1"",
      ""look_garments"": [
        3,
        5
      ]
    },
    {
      ""look_id"": ""S2"",
      ""look_garments"": [
        1,
        2,
        3,
        5,
        8
      ]
    },
    {
      ""look_id"": ""S3"",
      ""look_garments"": [
        1,
        3,
        9
      ]
    },
    {
      ""look_id"": ""S4"",
      ""look_garments"": [
        0,
        3,
        4,
        6,
        7,
        8
      ]
    },
    {
      ""look_id"": ""S5"",
      ""look_garments"": [
        3,
        7,
        8
      ]
    },
    {
      ""look_id"": ""S6"",
      ""look_garments"": [
        1,
        3,
        6
      ]
    },
    {
      ""look_id"": ""S7"",
      ""look_garments"": [
        1,
        3,
        5,
        8
      ]
    },
    {
      ""look_id"": ""S8"",
      ""look_garments"": [
        3,
        4,
        7,
        8
      ]
    },
    {
      ""look_id"": ""S9"",
      ""look_garments"": [
        1,
        7,
        8
      ]
    }
  ]
}

Just drop your final picks in a tiny JSON like this so I can read it easily — nothing fancy, just the list of outfits you want to put on the rack:

{
  ""solution"": [""look_id"", ...]
}

Here ""solution"" is the array of the ensembles you choose. Each entry should be the identifier for a complete look (the exact ID from the instance), so the array is just the selected look IDs. This block is just the expected shape — not the actual answer.

Please use the IDs exactly as they appear in the instance input — do not rename them or invent new labels. Valid identifiers look like plain numbers such as “1” or “23”, single capital letters like “A” or “B”, or a capital letter followed by digits like “A1” or “X7”.",json,zero_based,"{""source_file"": ""road_central.mtx"", ""k_hop"": 2, ""num_elements"": 10, ""num_sets"": 9, ""density"": 0.36666666666666664, ""sets"": [{""id"": 1, ""elements"": [4, 6]}, {""id"": 2, ""elements"": [2, 3, 4, 6, 9]}, {""id"": 3, ""elements"": [2, 4, 10]}, {""id"": 4, ""elements"": [1, 4, 5, 7, 8, 9]}, {""id"": 5, ""elements"": [4, 8, 9]}, {""id"": 6, ""elements"": [2, 4, 7]}, {""id"": 7, ""elements"": [2, 4, 6, 9]}, {""id"": 8, ""elements"": [4, 5, 8, 9]}, {""id"": 9, ""elements"": [2, 8, 9]}], ""graph"": {""num_nodes"": 10, ""edges"": [{""u"": 7, ""v"": 4}, {""u"": 9, ""v"": 4}, {""u"": 9, ""v"": 5}, {""u"": 9, ""v"": 8}, {""u"": 1, ""v"": 6}, {""u"": 3, ""v"": 2}, {""u"": 10, ""v"": 2}, {""u"": 2, ""v"": 4}, {""u"": 4, ""v"": 6}]}, ""viz_instance"": ""generated_data/SP/viz/SP_S/instance_0002.png"", ""viz_solution"": ""generated_data/SP/viz/SP_S/solution_0002.png""}","[1, 9]",2.0,"{""num_elements"": 10, ""num_sets"": 9, ""sets"": [{""id"": ""S1"", ""elements"": [3, 5]}, {""id"": ""S2"", ""elements"": [1, 2, 3, 5, 8]}, {""id"": ""S3"", ""elements"": [1, 3, 9]}, {""id"": ""S4"", ""elements"": [0, 3, 4, 6, 7, 8]}, {""id"": ""S5"", ""elements"": [3, 7, 8]}, {""id"": ""S6"", ""elements"": [1, 3, 6]}, {""id"": ""S7"", ""elements"": [1, 3, 5, 8]}, {""id"": ""S8"", ""elements"": [3, 4, 7, 8]}, {""id"": ""S9"", ""elements"": [1, 7, 8]}]}","[""S1"", ""S9""]"
SP_S_004,SP,S,4,"A local radio host has a pile of ready-to-go live playlists and needs to pick which ones to air so the station ends up with the largest number of complete, non-overlapping sets. Each playlist must be used whole if chosen, and no track may appear in more than one chosen playlist. The outcome is straightforward to check: tally the number of sets that get picked, and that total is the measure of how good the selection is. The detailed set and song information is provided below.

There are 9 distinct songs across 8 ready playlists:
Playlist S1: C G H.
Playlist S2: B C E F.
Playlist S3: A C D G H I.
Playlist S4: C D F.
Playlist S5: B D E F G.
Playlist S6: A C F G H.
Playlist S7: A G H.
Playlist S8: C D I.
The host will pick whole playlists with no shared songs to maximize the number of sets aired.

Oh, and when you're ready to send back your pick, a little JSON snippet like this is perfect — nice and tidy so the host can read it automatically.

{
  ""solution"": [""playlist_id"", ...]
}

Here ""solution"" is just the place where you list the playlists you want to air — put each playlist's identifier in that array. Think of it like filling out a short form: the array contains the exact playlist IDs you picked, nothing more. This JSON is just a sketch of the shape I need, not the actual final answer.

Please use the identifiers exactly as they appear in the instance input — no renaming, no made-up labels. 

Valid identifiers look like plain numbers such as “1” or “23”, single capital letters like “A” or “B”, or a capital letter followed by digits like “A1” or “X7”.",nl,names,"{""source_file"": ""road_central.mtx"", ""k_hop"": 2, ""num_elements"": 9, ""num_sets"": 8, ""density"": 0.4444444444444444, ""sets"": [{""id"": 1, ""elements"": [3, 7, 8]}, {""id"": 2, ""elements"": [2, 3, 5, 6]}, {""id"": 3, ""elements"": [1, 3, 4, 7, 8, 9]}, {""id"": 4, ""elements"": [3, 4, 6]}, {""id"": 5, ""elements"": [2, 4, 5, 6, 7]}, {""id"": 6, ""elements"": [1, 3, 6, 7, 8]}, {""id"": 7, ""elements"": [1, 7, 8]}, {""id"": 8, ""elements"": [3, 4, 9]}], ""graph"": {""num_nodes"": 9, ""edges"": [{""u"": 2, ""v"": 5}, {""u"": 2, ""v"": 6}, {""u"": 4, ""v"": 3}, {""u"": 4, ""v"": 9}, {""u"": 3, ""v"": 6}, {""u"": 3, ""v"": 7}, {""u"": 7, ""v"": 1}, {""u"": 7, ""v"": 8}]}, ""viz_instance"": ""generated_data/SP/viz/SP_S/instance_0003.png"", ""viz_solution"": ""generated_data/SP/viz/SP_S/solution_0003.png""}","[4, 7]",2.0,"{""num_elements"": 9, ""num_sets"": 8, ""sets"": [{""id"": ""S1"", ""elements"": [""C"", ""G"", ""H""]}, {""id"": ""S2"", ""elements"": [""B"", ""C"", ""E"", ""F""]}, {""id"": ""S3"", ""elements"": [""A"", ""C"", ""D"", ""G"", ""H"", ""I""]}, {""id"": ""S4"", ""elements"": [""C"", ""D"", ""F""]}, {""id"": ""S5"", ""elements"": [""B"", ""D"", ""E"", ""F"", ""G""]}, {""id"": ""S6"", ""elements"": [""A"", ""C"", ""F"", ""G"", ""H""]}, {""id"": ""S7"", ""elements"": [""A"", ""G"", ""H""]}, {""id"": ""S8"", ""elements"": [""C"", ""D"", ""I""]}]}","[""S4"", ""S7""]"
SP_S_005,SP,S,5,"I heard a gardener worrying over a stack of planting ideas: each idea is a little bed plan listing which species go together, and the gardener wants to pick as many of those plans as possible. The trick is that a species can only appear in one chosen bed, so any selected plans must use totally different plants. A better choice is simply the one that ends up with more separate beds picked — compare plans by counting how many beds are included — and the exact bed options are shown below.

{
  ""total_species"": 9,
  ""num_bed_plans"": 8,
  ""sets"": [
    {
      ""bed_plan_id"": ""S1"",
      ""bed_species"": [
        2,
        6,
        7,
        9
      ]
    },
    {
      ""bed_plan_id"": ""S2"",
      ""bed_species"": [
        3,
        8
      ]
    },
    {
      ""bed_plan_id"": ""S3"",
      ""bed_species"": [
        1,
        7,
        9
      ]
    },
    {
      ""bed_plan_id"": ""S4"",
      ""bed_species"": [
        3,
        5
      ]
    },
    {
      ""bed_plan_id"": ""S5"",
      ""bed_species"": [
        2,
        3,
        6,
        7,
        8
      ]
    },
    {
      ""bed_plan_id"": ""S6"",
      ""bed_species"": [
        1,
        2,
        6,
        7,
        9
      ]
    },
    {
      ""bed_plan_id"": ""S7"",
      ""bed_species"": [
        3,
        6
      ]
    },
    {
      ""bed_plan_id"": ""S8"",
      ""bed_species"": [
        1,
        2,
        4,
        7
      ]
    }
  ]
}

If you want to send back which bed plans to pick, a neat little reply in JSON works best — something like this shows the shape I'm expecting:

{
  ""solution"": [""bed_id"", ...]
}

Here ""solution"" is just a list of the chosen bed plan IDs (one entry per picked plan). Think of each ""bed_id"" as the label you see in the instance — slot them into the array in any order you like. This is just a sketch of the shape I want, not the final answer itself.

Please use the exact identifiers from the instance input — do not rename them or invent new labels.
- Valid identifiers look like plain numbers such as “1” or “23”, single capital letters like “A” or “B”, or a capital letter followed by digits like “A1” or “X7”.",json,one_based,"{""source_file"": ""road_central.mtx"", ""k_hop"": 2, ""num_elements"": 9, ""num_sets"": 8, ""density"": 0.375, ""sets"": [{""id"": 1, ""elements"": [2, 6, 7, 9]}, {""id"": 2, ""elements"": [3, 8]}, {""id"": 3, ""elements"": [1, 7, 9]}, {""id"": 4, ""elements"": [3, 5]}, {""id"": 5, ""elements"": [2, 3, 6, 7, 8]}, {""id"": 6, ""elements"": [1, 2, 6, 7, 9]}, {""id"": 7, ""elements"": [3, 6]}, {""id"": 8, ""elements"": [1, 2, 4, 7]}], ""graph"": {""num_nodes"": 9, ""edges"": [{""u"": 7, ""v"": 2}, {""u"": 7, ""v"": 9}, {""u"": 2, ""v"": 6}, {""u"": 1, ""v"": 9}, {""u"": 9, ""v"": 4}, {""u"": 5, ""v"": 8}, {""u"": 8, ""v"": 3}, {""u"": 8, ""v"": 6}]}, ""viz_instance"": ""generated_data/SP/viz/SP_S/instance_0004.png"", ""viz_solution"": ""generated_data/SP/viz/SP_S/solution_0004.png""}","[1, 4]",2.0,"{""num_elements"": 9, ""num_sets"": 8, ""sets"": [{""id"": ""S1"", ""elements"": [2, 6, 7, 9]}, {""id"": ""S2"", ""elements"": [3, 8]}, {""id"": ""S3"", ""elements"": [1, 7, 9]}, {""id"": ""S4"", ""elements"": [3, 5]}, {""id"": ""S5"", ""elements"": [2, 3, 6, 7, 8]}, {""id"": ""S6"", ""elements"": [1, 2, 6, 7, 9]}, {""id"": ""S7"", ""elements"": [3, 6]}, {""id"": ""S8"", ""elements"": [1, 2, 4, 7]}]}","[""S1"", ""S4""]"
SP_S_006,SP,S,6,"We’re sorting through a stack of proposed discussion clubs the library collected, and the job is to fit in as many of those clubs as we can. Every club recommends one or more titles, and once a club is added to the lineup none of its books can be used by another club — no overlaps allowed. The score for any plan is just the number of clubs that get scheduled; the goal is to make that number as large as possible by picking compatible clubs. The concrete proposals and their reading lists are listed below.

- **total_unique_titles**: 9
- **total_club_proposals**: 7

| club_id | recommended_titles |
|---|---|
| S1 | 0 4 8 |
| S2 | 0 1 3 4 5 6 |
| S3 | 2 3 7 |
| S4 | 0 3 7 8 |
| S5 | 0 1 2 4 5 6 7 8 |
| S6 | 0 1 2 3 5 6 7 |
| S7 | 0 3 5 8 |

If you want to tell me which clubs to schedule, just send back a tiny JSON snippet in this shape — super simple and clean:

{
  ""solution"": [""club_id"", ...]
}

""solution"" should be the list of club IDs you want to include. The [""club_id"", ...] line is just a placeholder showing the format — replace club_id with the real IDs from the instance. This is only a sketch of the expected shape, not the actual answer.

Please make sure to use the identifiers exactly as they appear in the instance input — don't rename them or invent new labels. 
- for example: ""Valid identifiers look like plain numbers such as “1” or “23”, single capital letters like “A” or “B”, or a capital letter followed by digits like “A1” or “X7”. """,markdown_table,zero_based,"{""source_file"": ""road_central.mtx"", ""k_hop"": 2, ""num_elements"": 9, ""num_sets"": 7, ""density"": 0.5555555555555556, ""sets"": [{""id"": 1, ""elements"": [1, 5, 9]}, {""id"": 2, ""elements"": [1, 2, 4, 5, 6, 7]}, {""id"": 3, ""elements"": [3, 4, 8]}, {""id"": 4, ""elements"": [1, 4, 8, 9]}, {""id"": 5, ""elements"": [1, 2, 3, 5, 6, 7, 8, 9]}, {""id"": 6, ""elements"": [1, 2, 3, 4, 6, 7, 8]}, {""id"": 7, ""elements"": [1, 4, 6, 9]}], ""graph"": {""num_nodes"": 9, ""edges"": [{""u"": 1, ""v"": 2}, {""u"": 1, ""v"": 5}, {""u"": 1, ""v"": 6}, {""u"": 8, ""v"": 4}, {""u"": 3, ""v"": 4}, {""u"": 9, ""v"": 6}, {""u"": 6, ""v"": 4}, {""u"": 4, ""v"": 7}, {""u"": 7, ""v"": 2}]}, ""viz_instance"": ""generated_data/SP/viz/SP_S/instance_0005.png"", ""viz_solution"": ""generated_data/SP/viz/SP_S/solution_0005.png""}","[1, 3]",2.0,"{""num_elements"": 9, ""num_sets"": 7, ""sets"": [{""id"": ""S1"", ""elements"": [0, 4, 8]}, {""id"": ""S2"", ""elements"": [0, 1, 3, 4, 5, 6]}, {""id"": ""S3"", ""elements"": [2, 3, 7]}, {""id"": ""S4"", ""elements"": [0, 3, 7, 8]}, {""id"": ""S5"", ""elements"": [0, 1, 2, 4, 5, 6, 7, 8]}, {""id"": ""S6"", ""elements"": [0, 1, 2, 3, 5, 6, 7]}, {""id"": ""S7"", ""elements"": [0, 3, 5, 8]}]}","[""S1"", ""S3""]"
SP_S_007,SP,S,7,"At the office there’s a stack of proposed teams and the goal is to get the most projects going by picking teams that don’t share staff members. The decision boils down to selecting which of the proposed rosters to approve, and one selection is better than another if it produces more approved teams. Performance is determined by counting those approved teams; the candidate lists are below.

{
  ""total_staff_count"": 8,
  ""total_team_proposals"": 8,
  ""sets"": [
    {
      ""team_proposal_id"": ""S1"",
      ""team_member_ids"": [
        ""A"",
        ""F"",
        ""G"",
        ""H""
      ]
    },
    {
      ""team_proposal_id"": ""S2"",
      ""team_member_ids"": [
        ""D"",
        ""G"",
        ""H""
      ]
    },
    {
      ""team_proposal_id"": ""S3"",
      ""team_member_ids"": [
        ""B"",
        ""C""
      ]
    },
    {
      ""team_proposal_id"": ""S4"",
      ""team_member_ids"": [
        ""C"",
        ""H""
      ]
    },
    {
      ""team_proposal_id"": ""S5"",
      ""team_member_ids"": [
        ""A"",
        ""E""
      ]
    },
    {
      ""team_proposal_id"": ""S6"",
      ""team_member_ids"": [
        ""E"",
        ""F""
      ]
    },
    {
      ""team_proposal_id"": ""S7"",
      ""team_member_ids"": [
        ""B"",
        ""F""
      ]
    },
    {
      ""team_proposal_id"": ""S8"",
      ""team_member_ids"": [
        ""A"",
        ""D"",
        ""G"",
        ""H""
      ]
    }
  ]
}

You can just return the picks in a tiny JSON snippet like this — nice and simple.

{
  ""solution"": [""team_id"", ...]
}

This ""solution"" array should list the approved team identifiers (one per chosen roster). The ""team_id"" entry is just a placeholder showing the kind of label I expect you to use — when you reply, replace the placeholder with the actual team identifiers from the instance.

This is only a sketch of the expected shape, not the actual answer. Please use the identifiers exactly as they appear in the input — no renaming, no new labels. For example: Valid identifiers look like plain numbers such as “1” or “23”, single capital letters like “A” or “B”, or a capital letter followed by digits like “A1” or “X7”.",json,names,"{""source_file"": ""road_central.mtx"", ""k_hop"": 2, ""num_elements"": 8, ""num_sets"": 8, ""density"": 0.328125, ""sets"": [{""id"": 1, ""elements"": [1, 6, 7, 8]}, {""id"": 2, ""elements"": [4, 7, 8]}, {""id"": 3, ""elements"": [2, 3]}, {""id"": 4, ""elements"": [3, 8]}, {""id"": 5, ""elements"": [1, 5]}, {""id"": 6, ""elements"": [5, 6]}, {""id"": 7, ""elements"": [2, 6]}, {""id"": 8, ""elements"": [1, 4, 7, 8]}], ""graph"": {""num_nodes"": 8, ""edges"": [{""u"": 6, ""v"": 1}, {""u"": 6, ""v"": 5}, {""u"": 1, ""v"": 7}, {""u"": 7, ""v"": 8}, {""u"": 2, ""v"": 4}, {""u"": 2, ""v"": 8}, {""u"": 3, ""v"": 4}]}, ""viz_instance"": ""generated_data/SP/viz/SP_S/instance_0006.png"", ""viz_solution"": ""generated_data/SP/viz/SP_S/solution_0006.png""}","[2, 3, 5]",3.0,"{""num_elements"": 8, ""num_sets"": 8, ""sets"": [{""id"": ""S1"", ""elements"": [""A"", ""F"", ""G"", ""H""]}, {""id"": ""S2"", ""elements"": [""D"", ""G"", ""H""]}, {""id"": ""S3"", ""elements"": [""B"", ""C""]}, {""id"": ""S4"", ""elements"": [""C"", ""H""]}, {""id"": ""S5"", ""elements"": [""A"", ""E""]}, {""id"": ""S6"", ""elements"": [""E"", ""F""]}, {""id"": ""S7"", ""elements"": [""B"", ""F""]}, {""id"": ""S8"", ""elements"": [""A"", ""D"", ""G"", ""H""]}]}","[""S2"", ""S3"", ""S5""]"
SP_S_008,SP,S,8,"We’re sorting through a stack of route sheets and trying to take as many full routes as possible, with the catch that no delivery address can be on two of the chosen routes — routes can’t be split or partially used. The way to tell which plan is best is simple: count how many routes were picked (only valid if none of their stops overlap). The specific routes and stops are listed below.

# total_unique_stops=12
# total_routes_available=11
route_id,route_stops
S1,4 5 11
S2,0 1 5
S3,0 2 11
S4,3 7 9
S5,0 1 4 5 6 11
S6,1 3 4 6 7 10
S7,4 5 6 10
S8,0 4 8 11
S9,3 9
S10,5 6 10
S11,0 2 8 11

Oh, and to keep things tidy, please give your final pick in this simple JSON format — nothing fancy, just a quick list of the route IDs you want to take:

{
  ""solution"": [""route_id"", ...]
}

""solution"" is the list of chosen routes (one identifier per route). Treat the JSON above like a form: drop your chosen route identifiers into that array. It's just a sketch of the shape I expect, not the actual answer itself.

Please use the exact identifiers from the instance input — don't rename them or invent new labels. 
- for example: ""Valid identifiers look like plain numbers such as “1” or “23”, single capital letters like “A” or “B”, or a capital letter followed by digits like “A1” or “X7”.""",csv,zero_based,"{""source_file"": ""road_central.mtx"", ""k_hop"": 2, ""num_elements"": 12, ""num_sets"": 11, ""density"": 0.3106060606060606, ""sets"": [{""id"": 1, ""elements"": [5, 6, 12]}, {""id"": 2, ""elements"": [1, 2, 6]}, {""id"": 3, ""elements"": [1, 3, 12]}, {""id"": 4, ""elements"": [4, 8, 10]}, {""id"": 5, ""elements"": [1, 2, 5, 6, 7, 12]}, {""id"": 6, ""elements"": [2, 4, 5, 7, 8, 11]}, {""id"": 7, ""elements"": [5, 6, 7, 11]}, {""id"": 8, ""elements"": [1, 5, 9, 12]}, {""id"": 9, ""elements"": [4, 10]}, {""id"": 10, ""elements"": [6, 7, 11]}, {""id"": 11, ""elements"": [1, 3, 9, 12]}], ""graph"": {""num_nodes"": 12, ""edges"": [{""u"": 1, ""v"": 5}, {""u"": 1, ""v"": 9}, {""u"": 1, ""v"": 12}, {""u"": 7, ""v"": 6}, {""u"": 7, ""v"": 11}, {""u"": 8, ""v"": 4}, {""u"": 3, ""v"": 12}, {""u"": 4, ""v"": 6}, {""u"": 4, ""v"": 10}, {""u"": 2, ""v"": 5}, {""u"": 5, ""v"": 6}]}, ""viz_instance"": ""generated_data/SP/viz/SP_S/instance_0007.png"", ""viz_solution"": ""generated_data/SP/viz/SP_S/solution_0007.png""}","[3, 9, 10]",3.0,"{""num_elements"": 12, ""num_sets"": 11, ""sets"": [{""id"": ""S1"", ""elements"": [4, 5, 11]}, {""id"": ""S2"", ""elements"": [0, 1, 5]}, {""id"": ""S3"", ""elements"": [0, 2, 11]}, {""id"": ""S4"", ""elements"": [3, 7, 9]}, {""id"": ""S5"", ""elements"": [0, 1, 4, 5, 6, 11]}, {""id"": ""S6"", ""elements"": [1, 3, 4, 6, 7, 10]}, {""id"": ""S7"", ""elements"": [4, 5, 6, 10]}, {""id"": ""S8"", ""elements"": [0, 4, 8, 11]}, {""id"": ""S9"", ""elements"": [3, 9]}, {""id"": ""S10"", ""elements"": [5, 6, 10]}, {""id"": ""S11"", ""elements"": [0, 2, 8, 11]}]}","[""S3"", ""S9"", ""S10""]"
SP_S_009,SP,S,9,"Lately the studio’s trying to run a bunch of shoots at once, and the assignment is to choose as many shoots as will fit together without any model being on two call sheets. Each shoot has its required models and those people can’t be split or double-booked. The best lineup is the one with the biggest number of simultaneous shoots — evaluate by counting them. The concrete details are shown below.

{
  ""total_models"": 8,
  ""total_shoots"": 8,
  ""sets"": [
    {
      ""shoot_id"": ""S1"",
      ""required_models"": [
        ""A"",
        ""D"",
        ""H""
      ]
    },
    {
      ""shoot_id"": ""S2"",
      ""required_models"": [
        ""A"",
        ""B""
      ]
    },
    {
      ""shoot_id"": ""S3"",
      ""required_models"": [
        ""C"",
        ""G""
      ]
    },
    {
      ""shoot_id"": ""S4"",
      ""required_models"": [
        ""A"",
        ""E"",
        ""H""
      ]
    },
    {
      ""shoot_id"": ""S5"",
      ""required_models"": [
        ""A"",
        ""F"",
        ""H""
      ]
    },
    {
      ""shoot_id"": ""S6"",
      ""required_models"": [
        ""A"",
        ""B"",
        ""D"",
        ""E"",
        ""G"",
        ""H""
      ]
    },
    {
      ""shoot_id"": ""S7"",
      ""required_models"": [
        ""C"",
        ""F"",
        ""G""
      ]
    },
    {
      ""shoot_id"": ""S8"",
      ""required_models"": [
        ""A"",
        ""D"",
        ""F"",
        ""H""
      ]
    }
  ]
}

Oh, and when you give me the final answer, just drop it into a tiny JSON snippet so it's easy to parse. Something like this:

{
  ""solution"": [""shoot_id"", ...]
}

Here ""solution"" is the list of shoots you want to run simultaneously, and each entry is the ID of a shoot (use the exact ID string from the instance). This JSON is just a sketch of the expected shape — it shows what the answer should look like, not the actual picks.

Please use the identifiers exactly as they appear in the instance input — no renaming and no new labels.  
For example: Valid identifiers look like plain numbers such as “1” or “23”, single capital letters like “A” or “B”, or a capital letter followed by digits like “A1” or “X7”.",json,names,"{""source_file"": ""road_central.mtx"", ""k_hop"": 2, ""num_elements"": 8, ""num_sets"": 8, ""density"": 0.40625, ""sets"": [{""id"": 1, ""elements"": [1, 4, 8]}, {""id"": 2, ""elements"": [1, 2]}, {""id"": 3, ""elements"": [3, 7]}, {""id"": 4, ""elements"": [1, 5, 8]}, {""id"": 5, ""elements"": [1, 6, 8]}, {""id"": 6, ""elements"": [1, 2, 4, 5, 7, 8]}, {""id"": 7, ""elements"": [3, 6, 7]}, {""id"": 8, ""elements"": [1, 4, 6, 8]}], ""graph"": {""num_nodes"": 8, ""edges"": [{""u"": 3, ""v"": 7}, {""u"": 5, ""v"": 1}, {""u"": 8, ""v"": 1}, {""u"": 7, ""v"": 2}, {""u"": 6, ""v"": 1}, {""u"": 6, ""v"": 2}, {""u"": 1, ""v"": 4}]}, ""viz_instance"": ""generated_data/SP/viz/SP_S/instance_0008.png"", ""viz_solution"": ""generated_data/SP/viz/SP_S/solution_0008.png""}","[1, 3]",2.0,"{""num_elements"": 8, ""num_sets"": 8, ""sets"": [{""id"": ""S1"", ""elements"": [""A"", ""D"", ""H""]}, {""id"": ""S2"", ""elements"": [""A"", ""B""]}, {""id"": ""S3"", ""elements"": [""C"", ""G""]}, {""id"": ""S4"", ""elements"": [""A"", ""E"", ""H""]}, {""id"": ""S5"", ""elements"": [""A"", ""F"", ""H""]}, {""id"": ""S6"", ""elements"": [""A"", ""B"", ""D"", ""E"", ""G"", ""H""]}, {""id"": ""S7"", ""elements"": [""C"", ""F"", ""G""]}, {""id"": ""S8"", ""elements"": [""A"", ""D"", ""F"", ""H""]}]}","[""S1"", ""S3""]"
SP_S_010,SP,S,10,"Recently the festival organizer asked for help picking the maximum number of booth pairings for the event: the measure of success is simply how many pairings are approved, counted up. There’s one ground rule — don’t allow two approved booths that sell the same thing, so each chosen booth must have a distinct product type. The concrete instance with booth details appears below.

# total_product_types=12
# total_booth_pairings=11
pairing_id,product_types
S1,2 4
S2,1 8 10
S3,2 7
S4,0 2 3 4
S5,2 4 7
S6,5 11
S7,2 5 6 11
S8,6 7 9 11
S9,1 2 6 7 9 10
S10,1 7 8 10
S11,5 6

When you send back the approved booth choices, a simple JSON layout like this keeps things tidy and easy to read:

{
  ""solution"": [""booth_id"", ...]
}

The ""solution"" list should contain the identifiers of the booths you've approved. ""booth_id"" is just a placeholder showing the shape — replace each placeholder with the actual booth labels from the instance. This JSON is just a sketch of the expected shape, not the real answer itself.

Please make sure to use the exact identifiers as they appear in the problem input — do not rename them or invent new labels.

For example: ""Valid identifiers look like plain numbers such as “1” or “23”, single capital letters like “A” or “B”, or a capital letter followed by digits like “A1” or “X7”.""",csv,zero_based,"{""source_file"": ""road_central.mtx"", ""k_hop"": 2, ""num_elements"": 12, ""num_sets"": 11, ""density"": 0.2727272727272727, ""sets"": [{""id"": 1, ""elements"": [3, 5]}, {""id"": 2, ""elements"": [2, 9, 11]}, {""id"": 3, ""elements"": [3, 8]}, {""id"": 4, ""elements"": [1, 3, 4, 5]}, {""id"": 5, ""elements"": [3, 5, 8]}, {""id"": 6, ""elements"": [6, 12]}, {""id"": 7, ""elements"": [3, 6, 7, 12]}, {""id"": 8, ""elements"": [7, 8, 10, 12]}, {""id"": 9, ""elements"": [2, 3, 7, 8, 10, 11]}, {""id"": 10, ""elements"": [2, 8, 9, 11]}, {""id"": 11, ""elements"": [6, 7]}], ""graph"": {""num_nodes"": 12, ""edges"": [{""u"": 6, ""v"": 12}, {""u"": 12, ""v"": 7}, {""u"": 7, ""v"": 8}, {""u"": 8, ""v"": 3}, {""u"": 8, ""v"": 9}, {""u"": 9, ""v"": 10}, {""u"": 10, ""v"": 2}, {""u"": 10, ""v"": 11}, {""u"": 3, ""v"": 5}, {""u"": 5, ""v"": 1}, {""u"": 5, ""v"": 4}]}, ""viz_instance"": ""generated_data/SP/viz/SP_S/instance_0009.png"", ""viz_solution"": ""generated_data/SP/viz/SP_S/solution_0009.png""}","[1, 2, 6]",3.0,"{""num_elements"": 12, ""num_sets"": 11, ""sets"": [{""id"": ""S1"", ""elements"": [2, 4]}, {""id"": ""S2"", ""elements"": [1, 8, 10]}, {""id"": ""S3"", ""elements"": [2, 7]}, {""id"": ""S4"", ""elements"": [0, 2, 3, 4]}, {""id"": ""S5"", ""elements"": [2, 4, 7]}, {""id"": ""S6"", ""elements"": [5, 11]}, {""id"": ""S7"", ""elements"": [2, 5, 6, 11]}, {""id"": ""S8"", ""elements"": [6, 7, 9, 11]}, {""id"": ""S9"", ""elements"": [1, 2, 6, 7, 9, 10]}, {""id"": ""S10"", ""elements"": [1, 7, 8, 10]}, {""id"": ""S11"", ""elements"": [5, 6]}]}","[""S1"", ""S2"", ""S6""]"
SP_S_011,SP,S,11,"We were asked by the counseling office to organize study sessions from a list of suggested groups, trying to have as many separate groups as possible while making sure the groups don’t share any students. The decision is which group proposals to accept so the outcome has the largest possible count of groups; measure that by simply counting how many groups end up being scheduled. Every chosen group must have its own distinct set of students — no student may appear in more than one group. The specific students and the group options are listed below.

{
  ""total_students"": 11,
  ""total_group_proposals"": 10,
  ""sets"": [
    {
      ""group_id"": ""S1"",
      ""group_students"": [
        0,
        2,
        3,
        6,
        8,
        9
      ]
    },
    {
      ""group_id"": ""S2"",
      ""group_students"": [
        4,
        5,
        7,
        10
      ]
    },
    {
      ""group_id"": ""S3"",
      ""group_students"": [
        0,
        2,
        6,
        9
      ]
    },
    {
      ""group_id"": ""S4"",
      ""group_students"": [
        0,
        2,
        6
      ]
    },
    {
      ""group_id"": ""S5"",
      ""group_students"": [
        1,
        4,
        7,
        8,
        10
      ]
    },
    {
      ""group_id"": ""S6"",
      ""group_students"": [
        1,
        4,
        6,
        7,
        8
      ]
    },
    {
      ""group_id"": ""S7"",
      ""group_students"": [
        2,
        3,
        6,
        9
      ]
    },
    {
      ""group_id"": ""S8"",
      ""group_students"": [
        1,
        5,
        10
      ]
    },
    {
      ""group_id"": ""S9"",
      ""group_students"": [
        2,
        6,
        8
      ]
    },
    {
      ""group_id"": ""S10"",
      ""group_students"": [
        1,
        4,
        7,
        10
      ]
    }
  ]
}

If you want to tell me which groups to accept, just send the answer in a tiny JSON snippet like this so it's easy to read and check:

{
  ""solution"": [""group_id"", ...]
}

This just means ""solution"" should be a list of the group IDs you want to schedule. The example uses ""group_id"" as a placeholder — in your reply, put the actual IDs from the instance instead of that placeholder. Think of it like filling out a quick form: one array with the chosen group labels.

This JSON is only a sketch of the expected shape, not the actual answer.

Also, please use the identifiers exactly as they appear in the instance input — don't rename them or invent new labels. 
- for example: ""Valid identifiers look like plain numbers such as “1” or “23”, single capital letters like “A” or “B”, or a capital letter followed by digits like “A1” or “X7”.""",json,zero_based,"{""source_file"": ""road_central.mtx"", ""k_hop"": 2, ""num_elements"": 11, ""num_sets"": 10, ""density"": 0.37272727272727274, ""sets"": [{""id"": 1, ""elements"": [1, 3, 4, 7, 9, 10]}, {""id"": 2, ""elements"": [5, 6, 8, 11]}, {""id"": 3, ""elements"": [1, 3, 7, 10]}, {""id"": 4, ""elements"": [1, 3, 7]}, {""id"": 5, ""elements"": [2, 5, 8, 9, 11]}, {""id"": 6, ""elements"": [2, 5, 7, 8, 9]}, {""id"": 7, ""elements"": [3, 4, 7, 10]}, {""id"": 8, ""elements"": [2, 6, 11]}, {""id"": 9, ""elements"": [3, 7, 9]}, {""id"": 10, ""elements"": [2, 5, 8, 11]}], ""graph"": {""num_nodes"": 11, ""edges"": [{""u"": 1, ""v"": 3}, {""u"": 1, ""v"": 7}, {""u"": 1, ""v"": 10}, {""u"": 7, ""v"": 3}, {""u"": 7, ""v"": 9}, {""u"": 2, ""v"": 5}, {""u"": 9, ""v"": 6}, {""u"": 5, ""v"": 6}, {""u"": 5, ""v"": 8}, {""u"": 5, ""v"": 11}, {""u"": 11, ""v"": 8}, {""u"": 3, ""v"": 4}]}, ""viz_instance"": ""generated_data/SP/viz/SP_S/instance_0010.png"", ""viz_solution"": ""generated_data/SP/viz/SP_S/solution_0010.png""}","[2, 7]",2.0,"{""num_elements"": 11, ""num_sets"": 10, ""sets"": [{""id"": ""S1"", ""elements"": [0, 2, 3, 6, 8, 9]}, {""id"": ""S2"", ""elements"": [4, 5, 7, 10]}, {""id"": ""S3"", ""elements"": [0, 2, 6, 9]}, {""id"": ""S4"", ""elements"": [0, 2, 6]}, {""id"": ""S5"", ""elements"": [1, 4, 7, 8, 10]}, {""id"": ""S6"", ""elements"": [1, 4, 6, 7, 8]}, {""id"": ""S7"", ""elements"": [2, 3, 6, 9]}, {""id"": ""S8"", ""elements"": [1, 5, 10]}, {""id"": ""S9"", ""elements"": [2, 6, 8]}, {""id"": ""S10"", ""elements"": [1, 4, 7, 10]}]}","[""S2"", ""S7""]"
SP_S_012,SP,S,12,"Many people signed up across a handful of time slots, and the coordinator now has to lock in which shifts will actually happen. The plan is to include as many shifts as possible, but any person who shows up on more than one of the candidate shifts must only appear once among the shifts that are kept. A schedule’s quality is just the number of shifts it keeps open, counted directly, and the full list of volunteers and shift times is provided below.

# total_volunteers=8
# total_candidate_shifts=8
shift_id,volunteers
S1,1 3 4 5 7 8
S2,2 8
S3,1 2 6 8
S4,1 4
S5,4 5 8
S6,1 2 3 6 7 8
S7,1 6 7
S8,2 3 4 5

If you want to send back which shifts to keep, just give the answer in a tiny JSON snippet — nothing fancy. For this story I’ll sketch it like this:

{
  ""solution"": [""shift_id"", ...]
}

Here ""solution"" is the list of shift identifiers you want to keep open (one per selected shift). The example value ""shift_id"" is just a placeholder to show the shape — replace each placeholder with the actual shift id from the instance when you answer. The JSON is just a sketch of the expected shape, not the real selection.

Please make sure to use the identifiers exactly as they appear in the instance input — no renaming and no new labels.
- for example: ""Valid identifiers look like plain numbers such as “1” or “23”, single capital letters like “A” or “B”, or a capital letter followed by digits like “A1” or “X7”.""",csv,one_based,"{""source_file"": ""road_central.mtx"", ""k_hop"": 2, ""num_elements"": 8, ""num_sets"": 8, ""density"": 0.46875, ""sets"": [{""id"": 1, ""elements"": [1, 3, 4, 5, 7, 8]}, {""id"": 2, ""elements"": [2, 8]}, {""id"": 3, ""elements"": [1, 2, 6, 8]}, {""id"": 4, ""elements"": [1, 4]}, {""id"": 5, ""elements"": [4, 5, 8]}, {""id"": 6, ""elements"": [1, 2, 3, 6, 7, 8]}, {""id"": 7, ""elements"": [1, 6, 7]}, {""id"": 8, ""elements"": [2, 3, 4, 5]}], ""graph"": {""num_nodes"": 8, ""edges"": [{""u"": 5, ""v"": 8}, {""u"": 4, ""v"": 8}, {""u"": 2, ""v"": 1}, {""u"": 8, ""v"": 1}, {""u"": 6, ""v"": 1}, {""u"": 6, ""v"": 7}, {""u"": 3, ""v"": 1}]}, ""viz_instance"": ""generated_data/SP/viz/SP_S/instance_0011.png"", ""viz_solution"": ""generated_data/SP/viz/SP_S/solution_0011.png""}","[2, 7]",2.0,"{""num_elements"": 8, ""num_sets"": 8, ""sets"": [{""id"": ""S1"", ""elements"": [1, 3, 4, 5, 7, 8]}, {""id"": ""S2"", ""elements"": [2, 8]}, {""id"": ""S3"", ""elements"": [1, 2, 6, 8]}, {""id"": ""S4"", ""elements"": [1, 4]}, {""id"": ""S5"", ""elements"": [4, 5, 8]}, {""id"": ""S6"", ""elements"": [1, 2, 3, 6, 7, 8]}, {""id"": ""S7"", ""elements"": [1, 6, 7]}, {""id"": ""S8"", ""elements"": [2, 3, 4, 5]}]}","[""S2"", ""S7""]"
SP_S_013,SP,S,13,"There’s a curator trying to make the gallery look full by arranging as many mini exhibits as possible, but every mini exhibit is a fixed group of artifacts and no artifact is allowed to appear in more than one display. A good arrangement is judged by how many separate exhibits end up on the floor — simply tally the selected exhibits — and every selected exhibit must be complete and artifact-unique. The specific exhibit descriptions and their artifacts are shown below.

{
  ""total_artifacts"": 8,
  ""total_mini_exhibits"": 8,
  ""sets"": [
    {
      ""exhibit_id"": ""S1"",
      ""exhibit_artifacts"": [
        ""A"",
        ""F"",
        ""H""
      ]
    },
    {
      ""exhibit_id"": ""S2"",
      ""exhibit_artifacts"": [
        ""B"",
        ""C"",
        ""F"",
        ""G"",
        ""H""
      ]
    },
    {
      ""exhibit_id"": ""S3"",
      ""exhibit_artifacts"": [
        ""B"",
        ""D"",
        ""F"",
        ""G""
      ]
    },
    {
      ""exhibit_id"": ""S4"",
      ""exhibit_artifacts"": [
        ""A"",
        ""C"",
        ""D"",
        ""E"",
        ""F"",
        ""G""
      ]
    },
    {
      ""exhibit_id"": ""S5"",
      ""exhibit_artifacts"": [
        ""A"",
        ""B"",
        ""D"",
        ""E"",
        ""F"",
        ""H""
      ]
    },
    {
      ""exhibit_id"": ""S6"",
      ""exhibit_artifacts"": [
        ""A"",
        ""C"",
        ""F"",
        ""G"",
        ""H""
      ]
    },
    {
      ""exhibit_id"": ""S7"",
      ""exhibit_artifacts"": [
        ""B"",
        ""C"",
        ""D"",
        ""E"",
        ""F"",
        ""G"",
        ""H""
      ]
    },
    {
      ""exhibit_id"": ""S8"",
      ""exhibit_artifacts"": [
        ""A"",
        ""B"",
        ""F"",
        ""H""
      ]
    }
  ]
}

Oh — just put your final pick in a tiny JSON snippet like this so it's easy to check:

{
  ""solution"": [""set_id"", ...]
}

Think of ""solution"" as the list of exhibits you decided to put on the floor; each item in the array is the ID of one complete exhibit. This block is just the shape I want you to follow — it's a sketch, not the actual answer itself.

Please make sure to use the exhibit IDs exactly as they appear in the instance input — don't rename them or invent new labels. 
- for example: ""Valid identifiers look like plain numbers such as “1” or “23”, single capital letters like “A” or “B”, or a capital letter followed by digits like “A1” or “X7”.""",json,names,"{""source_file"": ""road_central.mtx"", ""k_hop"": 2, ""num_elements"": 8, ""num_sets"": 8, ""density"": 0.625, ""sets"": [{""id"": 1, ""elements"": [1, 6, 8]}, {""id"": 2, ""elements"": [2, 3, 6, 7, 8]}, {""id"": 3, ""elements"": [2, 4, 6, 7]}, {""id"": 4, ""elements"": [1, 3, 4, 5, 6, 7]}, {""id"": 5, ""elements"": [1, 2, 4, 5, 6, 8]}, {""id"": 6, ""elements"": [1, 3, 6, 7, 8]}, {""id"": 7, ""elements"": [2, 3, 4, 5, 6, 7, 8]}, {""id"": 8, ""elements"": [1, 2, 6, 8]}], ""graph"": {""num_nodes"": 8, ""edges"": [{""u"": 3, ""v"": 2}, {""u"": 3, ""v"": 7}, {""u"": 2, ""v"": 6}, {""u"": 4, ""v"": 5}, {""u"": 4, ""v"": 7}, {""u"": 5, ""v"": 1}, {""u"": 5, ""v"": 6}, {""u"": 6, ""v"": 7}, {""u"": 6, ""v"": 8}, {""u"": 8, ""v"": 1}]}, ""viz_instance"": ""generated_data/SP/viz/SP_S/instance_0012.png"", ""viz_solution"": ""generated_data/SP/viz/SP_S/solution_0012.png""}",[1],1.0,"{""num_elements"": 8, ""num_sets"": 8, ""sets"": [{""id"": ""S1"", ""elements"": [""A"", ""F"", ""H""]}, {""id"": ""S2"", ""elements"": [""B"", ""C"", ""F"", ""G"", ""H""]}, {""id"": ""S3"", ""elements"": [""B"", ""D"", ""F"", ""G""]}, {""id"": ""S4"", ""elements"": [""A"", ""C"", ""D"", ""E"", ""F"", ""G""]}, {""id"": ""S5"", ""elements"": [""A"", ""B"", ""D"", ""E"", ""F"", ""H""]}, {""id"": ""S6"", ""elements"": [""A"", ""C"", ""F"", ""G"", ""H""]}, {""id"": ""S7"", ""elements"": [""B"", ""C"", ""D"", ""E"", ""F"", ""G"", ""H""]}, {""id"": ""S8"", ""elements"": [""A"", ""B"", ""F"", ""H""]}]}","[""S1""]"
SP_S_014,SP,S,14,"Many people on the organizing committee are juggling overlapping workshop proposals, each with its own speaker list. The goal is to fit in the largest number of workshops they can — a better schedule is the one with a higher headcount of selected workshops, determined by a straight count. To keep things realistic, nobody listed as a speaker can be put into more than one of the workshops that get picked. The concrete details are shown below.

- **num_speakers**: 8
- **num_workshops**: 8

| workshop_id | speakers |
|---|---|
| S1 | B C G |
| S2 | A B |
| S3 | A B C G |
| S4 | D E G H |
| S5 | D F |
| S6 | A D E G H |
| S7 | A F G H |
| S8 | D F G H |

Also, when you send back which workshops made the cut, a tiny JSON snippet like this is perfect:

{
  ""solution"": [""workshop_id"", ...]
}

Here ""solution"" is just the list of the chosen workshop IDs (one string per workshop). The ""workshop_id"" text in the example is only a placeholder showing the format — in your actual reply replace those placeholders with the real IDs from the instance. This JSON is just the expected shape, not the actual answer.

Please be sure to use the identifiers exactly as they appear in the instance input — do not rename them or invent new labels.

- for example: ""Valid identifiers look like plain numbers such as “1” or “23”, single capital letters like “A” or “B”, or a capital letter followed by digits like “A1” or “X7”.""",markdown_table,names,"{""source_file"": ""road_central.mtx"", ""k_hop"": 2, ""num_elements"": 8, ""num_sets"": 8, ""density"": 0.4375, ""sets"": [{""id"": 1, ""elements"": [2, 3, 7]}, {""id"": 2, ""elements"": [1, 2]}, {""id"": 3, ""elements"": [1, 2, 3, 7]}, {""id"": 4, ""elements"": [4, 5, 7, 8]}, {""id"": 5, ""elements"": [4, 6]}, {""id"": 6, ""elements"": [1, 4, 5, 7, 8]}, {""id"": 7, ""elements"": [1, 6, 7, 8]}, {""id"": 8, ""elements"": [4, 6, 7, 8]}], ""graph"": {""num_nodes"": 8, ""edges"": [{""u"": 2, ""v"": 3}, {""u"": 3, ""v"": 1}, {""u"": 1, ""v"": 7}, {""u"": 6, ""v"": 4}, {""u"": 6, ""v"": 7}, {""u"": 6, ""v"": 8}, {""u"": 5, ""v"": 4}]}, ""viz_instance"": ""generated_data/SP/viz/SP_S/instance_0013.png"", ""viz_solution"": ""generated_data/SP/viz/SP_S/solution_0013.png""}","[2, 5]",2.0,"{""num_elements"": 8, ""num_sets"": 8, ""sets"": [{""id"": ""S1"", ""elements"": [""B"", ""C"", ""G""]}, {""id"": ""S2"", ""elements"": [""A"", ""B""]}, {""id"": ""S3"", ""elements"": [""A"", ""B"", ""C"", ""G""]}, {""id"": ""S4"", ""elements"": [""D"", ""E"", ""G"", ""H""]}, {""id"": ""S5"", ""elements"": [""D"", ""F""]}, {""id"": ""S6"", ""elements"": [""A"", ""D"", ""E"", ""G"", ""H""]}, {""id"": ""S7"", ""elements"": [""A"", ""F"", ""G"", ""H""]}, {""id"": ""S8"", ""elements"": [""D"", ""F"", ""G"", ""H""]}]}","[""S2"", ""S5""]"
SP_S_015,SP,S,15,"I was helping a car rental specialist figure out which tour bundles to offer so the shop can sell as many different packages as possible. The decision is which specific tour packages to pick from the list, and “better” means the shop ends up with a bigger count of bundles ready to sell — you can measure success simply by counting how many bundles are chosen. The catch is that no vehicle can show up in two different selected bundles, so each chosen package has to rely on a distinct set of cars. The exact list of packages and which vehicles they use is shown below.

{
  ""total_vehicles"": 9,
  ""total_packages"": 9,
  ""sets"": [
    {
      ""package_id"": ""S1"",
      ""vehicle_ids"": [
        0,
        1,
        3,
        4,
        6
      ]
    },
    {
      ""package_id"": ""S2"",
      ""vehicle_ids"": [
        1,
        4,
        6,
        8
      ]
    },
    {
      ""package_id"": ""S3"",
      ""vehicle_ids"": [
        2,
        3,
        7
      ]
    },
    {
      ""package_id"": ""S4"",
      ""vehicle_ids"": [
        0,
        2,
        3,
        4,
        7
      ]
    },
    {
      ""package_id"": ""S5"",
      ""vehicle_ids"": [
        0,
        1,
        3,
        4,
        5,
        6
      ]
    },
    {
      ""package_id"": ""S6"",
      ""vehicle_ids"": [
        4,
        5,
        6
      ]
    },
    {
      ""package_id"": ""S7"",
      ""vehicle_ids"": [
        0,
        4,
        5,
        8
      ]
    },
    {
      ""package_id"": ""S8"",
      ""vehicle_ids"": [
        0,
        3
      ]
    },
    {
      ""package_id"": ""S9"",
      ""vehicle_ids"": [
        1,
        4,
        6
      ]
    }
  ]
}

When I give the final selection I'll drop it into a tiny JSON snippet so it's easy to read and copy, something like this:

{
  ""solution"": [""bundle_id"", ...]
}

Here ""solution"" is just a list of the tour package IDs you should offer — each entry is the exact package identifier from the list above. Think of it like filling in a simple form: one array, many chosen package IDs.

This JSON is only a sketch of the expected shape, not the real answer.

Please make sure to use the identifiers exactly as they appear in the instance input — no renaming and no new labels.
- for example: ""Valid identifiers look like plain numbers such as “1” or “23”, single capital letters like “A” or “B”, or a capital letter followed by digits like “A1” or “X7”.""",json,zero_based,"{""source_file"": ""road_central.mtx"", ""k_hop"": 2, ""num_elements"": 9, ""num_sets"": 9, ""density"": 0.43209876543209874, ""sets"": [{""id"": 1, ""elements"": [1, 2, 4, 5, 7]}, {""id"": 2, ""elements"": [2, 5, 7, 9]}, {""id"": 3, ""elements"": [3, 4, 8]}, {""id"": 4, ""elements"": [1, 3, 4, 5, 8]}, {""id"": 5, ""elements"": [1, 2, 4, 5, 6, 7]}, {""id"": 6, ""elements"": [5, 6, 7]}, {""id"": 7, ""elements"": [1, 5, 6, 9]}, {""id"": 8, ""elements"": [1, 4]}, {""id"": 9, ""elements"": [2, 5, 7]}], ""graph"": {""num_nodes"": 9, ""edges"": [{""u"": 9, ""v"": 5}, {""u"": 2, ""v"": 5}, {""u"": 4, ""v"": 1}, {""u"": 4, ""v"": 8}, {""u"": 7, ""v"": 5}, {""u"": 7, ""v"": 6}, {""u"": 3, ""v"": 8}, {""u"": 1, ""v"": 5}]}, ""viz_instance"": ""generated_data/SP/viz/SP_S/instance_0014.png"", ""viz_solution"": ""generated_data/SP/viz/SP_S/solution_0014.png""}","[3, 9]",2.0,"{""num_elements"": 9, ""num_sets"": 9, ""sets"": [{""id"": ""S1"", ""elements"": [0, 1, 3, 4, 6]}, {""id"": ""S2"", ""elements"": [1, 4, 6, 8]}, {""id"": ""S3"", ""elements"": [2, 3, 7]}, {""id"": ""S4"", ""elements"": [0, 2, 3, 4, 7]}, {""id"": ""S5"", ""elements"": [0, 1, 3, 4, 5, 6]}, {""id"": ""S6"", ""elements"": [4, 5, 6]}, {""id"": ""S7"", ""elements"": [0, 4, 5, 8]}, {""id"": ""S8"", ""elements"": [0, 3]}, {""id"": ""S9"", ""elements"": [1, 4, 6]}]}","[""S3"", ""S9""]"
SP_S_016,SP,S,16,"I run a small tutoring service and my job is to pick which group lessons to hold each week. The choice is simple: try to fit in as many of those proposed sessions as possible, but never schedule two sessions that include the same student — each student can only show up to one of the chosen sessions. A better plan is just the one with more sessions happening, and success is measured by counting how many sessions got scheduled. The exact list of session options and which students would attend each is shown below.

I have 9 proposed sessions that together involve 9 distinct students; the list follows.
Session S1: students D E F H.
Session S2: students B G I.
Session S3: students C E I.
Session S4: students D H.
Session S5: students A C D F G H.
Session S6: students A E F.
Session S7: students B E G.
Session S8: students D E H I.
Session S9: students A C D G H I.
I'll try to schedule as many of these 9 sessions as I can without double-booking any of the 9 students.

Oh, and when you send back the chosen sessions, just stick to a tiny JSON shape so it's easy to read by whatever I'm using to collect schedules. Something like this will do:

{
  ""solution"": [""session_id"", ...]
}

Here ""solution"" is the list of the session identifiers you want to run this week — each entry is one session to schedule. Think of it like filling out a simple form: put the exact IDs of the sessions you pick into that array. This is just a sketch of the shape I need, not the final answer itself.

Please use the exact identifiers from the instance input — no renaming and no new labels. For example:
- Valid identifiers look like plain numbers such as “1” or “23”, single capital letters like “A” or “B”, or a capital letter followed by digits like “A1” or “X7”.",nl,names,"{""source_file"": ""road_central.mtx"", ""k_hop"": 2, ""num_elements"": 9, ""num_sets"": 9, ""density"": 0.41975308641975306, ""sets"": [{""id"": 1, ""elements"": [4, 5, 6, 8]}, {""id"": 2, ""elements"": [2, 7, 9]}, {""id"": 3, ""elements"": [3, 5, 9]}, {""id"": 4, ""elements"": [4, 8]}, {""id"": 5, ""elements"": [1, 3, 4, 6, 7, 8]}, {""id"": 6, ""elements"": [1, 5, 6]}, {""id"": 7, ""elements"": [2, 5, 7]}, {""id"": 8, ""elements"": [4, 5, 8, 9]}, {""id"": 9, ""elements"": [1, 3, 4, 7, 8, 9]}], ""graph"": {""num_nodes"": 9, ""edges"": [{""u"": 8, ""v"": 5}, {""u"": 3, ""v"": 9}, {""u"": 4, ""v"": 5}, {""u"": 2, ""v"": 7}, {""u"": 5, ""v"": 1}, {""u"": 5, ""v"": 9}, {""u"": 9, ""v"": 7}, {""u"": 1, ""v"": 6}]}, ""viz_instance"": ""generated_data/SP/viz/SP_S/instance_0015.png"", ""viz_solution"": ""generated_data/SP/viz/SP_S/solution_0015.png""}","[2, 4, 6]",3.0,"{""num_elements"": 9, ""num_sets"": 9, ""sets"": [{""id"": ""S1"", ""elements"": [""D"", ""E"", ""F"", ""H""]}, {""id"": ""S2"", ""elements"": [""B"", ""G"", ""I""]}, {""id"": ""S3"", ""elements"": [""C"", ""E"", ""I""]}, {""id"": ""S4"", ""elements"": [""D"", ""H""]}, {""id"": ""S5"", ""elements"": [""A"", ""C"", ""D"", ""F"", ""G"", ""H""]}, {""id"": ""S6"", ""elements"": [""A"", ""E"", ""F""]}, {""id"": ""S7"", ""elements"": [""B"", ""E"", ""G""]}, {""id"": ""S8"", ""elements"": [""D"", ""E"", ""H"", ""I""]}, {""id"": ""S9"", ""elements"": [""A"", ""C"", ""D"", ""G"", ""H"", ""I""]}]}","[""S2"", ""S4"", ""S6""]"
SP_S_017,SP,S,17,"On Monday the supervisor left a binder of experimental configurations and asked for the maximum number of them to be prepared for use. Every configuration specifies what instruments it needs, and instruments can’t be shared across selected configurations — each chosen configuration must have exclusive use of its items and be fully assembled. One selection beats another if it results in a greater number of complete configurations; to judge that, simply count how many configurations are ready. The binder’s exact configuration details are provided below.

There are 9 configurations in the binder and 12 distinct instruments available.
Configuration S1 requires instruments 1 3 9.
Configuration S2 requires instruments 2 3.
Configuration S3 requires instruments 1 2 3 5 9.
Configuration S4 requires instruments 4 8.
Configuration S5 requires instruments 4 7 8 9 10 11.
Configuration S6 requires instruments 6 7 8.
Configuration S7 requires instruments 1 3 5 6 9.
Configuration S8 requires instruments 5 6 8 11 12.
Configuration S9 requires instruments 6 10 11 12.
The lines below enumerate each configuration; count completed configurations to determine the maximum prepared.

Also, when you send back which configurations to prepare, just follow this simple JSON layout — nothing fancy:

{
  ""solution"": [""config_id"", ...]
}

Here ""solution"" is the list (an array) of configuration IDs you want prepared. The example entry ""config_id"" is just a placeholder for a single configuration identifier from the binder. Think of it like filling out a short form: list each chosen configuration's ID inside that array. This JSON is only a sketch of the shape I expect, not the actual answer.

Make sure you use the identifiers exactly as they appear in the instance input — no renaming and no new labels.

- for example: ""Valid identifiers look like plain numbers such as “1” or “23”, single capital letters like “A” or “B”, or a capital letter followed by digits like “A1” or “X7”.""",nl,one_based,"{""source_file"": ""road_central.mtx"", ""k_hop"": 2, ""num_elements"": 12, ""num_sets"": 9, ""density"": 0.32407407407407407, ""sets"": [{""id"": 1, ""elements"": [1, 3, 9]}, {""id"": 2, ""elements"": [2, 3]}, {""id"": 3, ""elements"": [1, 2, 3, 5, 9]}, {""id"": 4, ""elements"": [4, 8]}, {""id"": 5, ""elements"": [4, 7, 8, 9, 10, 11]}, {""id"": 6, ""elements"": [6, 7, 8]}, {""id"": 7, ""elements"": [1, 3, 5, 6, 9]}, {""id"": 8, ""elements"": [5, 6, 8, 11, 12]}, {""id"": 9, ""elements"": [6, 10, 11, 12]}], ""graph"": {""num_nodes"": 12, ""edges"": [{""u"": 11, ""v"": 10}, {""u"": 11, ""v"": 12}, {""u"": 10, ""v"": 6}, {""u"": 6, ""v"": 5}, {""u"": 6, ""v"": 8}, {""u"": 7, ""v"": 8}, {""u"": 9, ""v"": 3}, {""u"": 9, ""v"": 5}, {""u"": 4, ""v"": 8}, {""u"": 1, ""v"": 2}, {""u"": 1, ""v"": 3}]}, ""viz_instance"": ""generated_data/SP/viz/SP_S/instance_0016.png"", ""viz_solution"": ""generated_data/SP/viz/SP_S/solution_0016.png""}","[1, 4, 9]",3.0,"{""num_elements"": 12, ""num_sets"": 9, ""sets"": [{""id"": ""S1"", ""elements"": [1, 3, 9]}, {""id"": ""S2"", ""elements"": [2, 3]}, {""id"": ""S3"", ""elements"": [1, 2, 3, 5, 9]}, {""id"": ""S4"", ""elements"": [4, 8]}, {""id"": ""S5"", ""elements"": [4, 7, 8, 9, 10, 11]}, {""id"": ""S6"", ""elements"": [6, 7, 8]}, {""id"": ""S7"", ""elements"": [1, 3, 5, 6, 9]}, {""id"": ""S8"", ""elements"": [5, 6, 8, 11, 12]}, {""id"": ""S9"", ""elements"": [6, 10, 11, 12]}]}","[""S1"", ""S4"", ""S9""]"
SP_S_018,SP,S,18,"Someone at the festival office is sorting through block proposals and wants to lock in the largest possible set of blocks for the week. They can pick any of the ready blocks, but they must avoid picking two blocks that share the same film — a film can’t be scheduled twice. The quality of a plan is just how many blocks it contains, so just count selected blocks to compare options. The full list of blocks and films appears below.

There are 12 distinct films in total and 12 proposed blocks ready to choose from:
They review block S1, which contains the films 0 1 2 4 5 8.
They review block S2, which contains the films 1 4 7 8 10 11.
They review block S3, which contains the films 0 1 2 7.
They review block S4, which contains the films 3 6 7.
They review block S5, which contains the films 0 5.
They review block S6, which contains the films 0 1 4 5 6 7 8.
They review block S7, which contains the films 3 5 6 7 8.
They review block S8, which contains the films 0 1 2 3 5 7 8 10 11.
They review block S9, which contains the films 0 1 5 6 7 8 11.
They review block S10, which contains the films 7 9 10.
They review block S11, which contains the films 8 9 10 11.
They review block S12, which contains the films 1 7 9 11.
They will select as many blocks as possible without scheduling any film more than once.

When you’re ready, just drop the chosen block IDs into a tiny JSON object like this — super simple, just a list of the blocks you want to lock in.

{
  ""solution"": [""block_id"", ...]
}

""solution"" is just the list of selected block identifiers (one per chosen block). Think of it like filling in a short form: put each block’s exact ID in that array. This JSON is just a sketch of the shape I need, not the final selection itself.

Please use the identifiers exactly as they appear in the instance input — don’t rename them or invent new labels.
- ""Valid identifiers look like plain numbers such as “1” or “23”, single capital letters like “A” or “B”, or a capital letter followed by digits like “A1” or “X7”.""",nl,zero_based,"{""source_file"": ""road_central.mtx"", ""k_hop"": 2, ""num_elements"": 12, ""num_sets"": 12, ""density"": 0.4166666666666667, ""sets"": [{""id"": 1, ""elements"": [1, 2, 3, 5, 6, 9]}, {""id"": 2, ""elements"": [2, 5, 8, 9, 11, 12]}, {""id"": 3, ""elements"": [1, 2, 3, 8]}, {""id"": 4, ""elements"": [4, 7, 8]}, {""id"": 5, ""elements"": [1, 6]}, {""id"": 6, ""elements"": [1, 2, 5, 6, 7, 8, 9]}, {""id"": 7, ""elements"": [4, 6, 7, 8, 9]}, {""id"": 8, ""elements"": [1, 2, 3, 4, 6, 8, 9, 11, 12]}, {""id"": 9, ""elements"": [1, 2, 6, 7, 8, 9, 12]}, {""id"": 10, ""elements"": [8, 10, 11]}, {""id"": 11, ""elements"": [9, 10, 11, 12]}, {""id"": 12, ""elements"": [2, 8, 10, 12]}], ""graph"": {""num_nodes"": 12, ""edges"": [{""u"": 2, ""v"": 1}, {""u"": 2, ""v"": 3}, {""u"": 2, ""v"": 8}, {""u"": 4, ""v"": 7}, {""u"": 4, ""v"": 9}, {""u"": 7, ""v"": 9}, {""u"": 5, ""v"": 1}, {""u"": 8, ""v"": 9}, {""u"": 8, ""v"": 11}, {""u"": 8, ""v"": 12}, {""u"": 9, ""v"": 6}, {""u"": 6, ""v"": 1}, {""u"": 10, ""v"": 11}, {""u"": 10, ""v"": 12}]}, ""viz_instance"": ""generated_data/SP/viz/SP_S/instance_0017.png"", ""viz_solution"": ""generated_data/SP/viz/SP_S/solution_0017.png""}","[4, 5, 11]",3.0,"{""num_elements"": 12, ""num_sets"": 12, ""sets"": [{""id"": ""S1"", ""elements"": [0, 1, 2, 4, 5, 8]}, {""id"": ""S2"", ""elements"": [1, 4, 7, 8, 10, 11]}, {""id"": ""S3"", ""elements"": [0, 1, 2, 7]}, {""id"": ""S4"", ""elements"": [3, 6, 7]}, {""id"": ""S5"", ""elements"": [0, 5]}, {""id"": ""S6"", ""elements"": [0, 1, 4, 5, 6, 7, 8]}, {""id"": ""S7"", ""elements"": [3, 5, 6, 7, 8]}, {""id"": ""S8"", ""elements"": [0, 1, 2, 3, 5, 7, 8, 10, 11]}, {""id"": ""S9"", ""elements"": [0, 1, 5, 6, 7, 8, 11]}, {""id"": ""S10"", ""elements"": [7, 9, 10]}, {""id"": ""S11"", ""elements"": [8, 9, 10, 11]}, {""id"": ""S12"", ""elements"": [1, 7, 9, 11]}]}","[""S4"", ""S5"", ""S11""]"
SP_S_019,SP,S,19,"On Saturday the parent wanted to hand out as many picnic baskets as possible to neighbors, but insisted that no food item be duplicated across the baskets that are actually given away. A better plan is the one that results in a greater number of baskets ready to go — the outcome is measured by counting those non-repeating baskets. The full details of each possible basket and its contents are listed below.

- **total_unique_food_items**: 8
- **total_baskets_available**: 8

| basket_id | food_items |
|---|---|
| S1 | A B D H |
| S2 | A B D F |
| S3 | C E |
| S4 | A B E G |
| S5 | A C D E G H |
| S6 | A D |
| S7 | A D E |
| S8 | A C H |

If you want to reply with the chosen baskets, a small JSON snippet like this works nicely — just put the IDs of the baskets you’d hand out in the list:

{
  ""solution"": [""basket_id"", ...]
}

Here ""solution"" is the list of ready-to-go picnic baskets, and each ""basket_id"" is a placeholder for the exact basket identifier from the instance. Think of it like filling out a short form: list the baskets you’re actually giving, one ID per entry. This JSON is only a sketch of the shape I’m expecting, not the final answer itself.

Please use the exact identifiers from the problem instance — don’t rename them and don’t invent new labels. For example: ""Valid identifiers look like plain numbers such as “1” or “23”, single capital letters like “A” or “B”, or a capital letter followed by digits like “A1” or “X7”.""",markdown_table,names,"{""source_file"": ""road_central.mtx"", ""k_hop"": 2, ""num_elements"": 8, ""num_sets"": 8, ""density"": 0.4375, ""sets"": [{""id"": 1, ""elements"": [1, 2, 4, 8]}, {""id"": 2, ""elements"": [1, 2, 4, 6]}, {""id"": 3, ""elements"": [3, 5]}, {""id"": 4, ""elements"": [1, 2, 5, 7]}, {""id"": 5, ""elements"": [1, 3, 4, 5, 7, 8]}, {""id"": 6, ""elements"": [1, 4]}, {""id"": 7, ""elements"": [1, 4, 5]}, {""id"": 8, ""elements"": [1, 3, 8]}], ""graph"": {""num_nodes"": 8, ""edges"": [{""u"": 2, ""v"": 4}, {""u"": 6, ""v"": 4}, {""u"": 3, ""v"": 8}, {""u"": 7, ""v"": 1}, {""u"": 5, ""v"": 1}, {""u"": 5, ""v"": 8}, {""u"": 4, ""v"": 1}]}, ""viz_instance"": ""generated_data/SP/viz/SP_S/instance_0018.png"", ""viz_solution"": ""generated_data/SP/viz/SP_S/solution_0018.png""}","[3, 6]",2.0,"{""num_elements"": 8, ""num_sets"": 8, ""sets"": [{""id"": ""S1"", ""elements"": [""A"", ""B"", ""D"", ""H""]}, {""id"": ""S2"", ""elements"": [""A"", ""B"", ""D"", ""F""]}, {""id"": ""S3"", ""elements"": [""C"", ""E""]}, {""id"": ""S4"", ""elements"": [""A"", ""B"", ""E"", ""G""]}, {""id"": ""S5"", ""elements"": [""A"", ""C"", ""D"", ""E"", ""G"", ""H""]}, {""id"": ""S6"", ""elements"": [""A"", ""D""]}, {""id"": ""S7"", ""elements"": [""A"", ""D"", ""E""]}, {""id"": ""S8"", ""elements"": [""A"", ""C"", ""H""]}]}","[""S3"", ""S6""]"
SP_S_020,SP,S,20,"Someone running a boutique asked for help arranging window scenes—her brief is brief: create as many unique displays as possible while never putting the same item (bag, bracelet, hat, etc.) into two different windows. So the choice is which display proposals to use so they don’t overlap in accessories; the better choice is the one that gives the biggest count of chosen windows, and you figure that out simply by tallying them. The specific proposals and what each contains are listed below.

- **total_accessories**: 12
- **total_display_proposals**: 10

| display_id | accessories |
|---|---|
| S1 | A B E F |
| S2 | E H |
| S3 | A C D F |
| S4 | A B D E G H |
| S5 | A C E G H J K |
| S6 | E G H |
| S7 | A E F G H I J |
| S8 | I J |
| S9 | A F H I J |
| S10 | F K L |

When you send your pick back, just use a tiny JSON snippet like this so it's easy to read and check:

{
  ""solution"": [""set_id"", ...]
}

That's just a sketch: ""solution"" should be an array of the display proposals you choose, and each item in that array is the identifier for one proposal (replace the placeholder set_id with the actual ids from the instance). Think of it like a short form where you list which windows to use.

Please use the identifiers exactly as they appear in the instance input — no renaming and no new labels. 
- for example: ""Valid identifiers look like plain numbers such as “1” or “23”, single capital letters like “A” or “B”, or a capital letter followed by digits like “A1” or “X7”.""",markdown_table,names,"{""source_file"": ""road_central.mtx"", ""k_hop"": 2, ""num_elements"": 12, ""num_sets"": 10, ""density"": 0.35833333333333334, ""sets"": [{""id"": 1, ""elements"": [1, 2, 5, 6]}, {""id"": 2, ""elements"": [5, 8]}, {""id"": 3, ""elements"": [1, 3, 4, 6]}, {""id"": 4, ""elements"": [1, 2, 4, 5, 7, 8]}, {""id"": 5, ""elements"": [1, 3, 5, 7, 8, 10, 11]}, {""id"": 6, ""elements"": [5, 7, 8]}, {""id"": 7, ""elements"": [1, 5, 6, 7, 8, 9, 10]}, {""id"": 8, ""elements"": [9, 10]}, {""id"": 9, ""elements"": [1, 6, 8, 9, 10]}, {""id"": 10, ""elements"": [6, 11, 12]}], ""graph"": {""num_nodes"": 12, ""edges"": [{""u"": 3, ""v"": 4}, {""u"": 3, ""v"": 5}, {""u"": 11, ""v"": 7}, {""u"": 11, ""v"": 12}, {""u"": 9, ""v"": 10}, {""u"": 10, ""v"": 8}, {""u"": 1, ""v"": 2}, {""u"": 1, ""v"": 5}, {""u"": 1, ""v"": 8}, {""u"": 5, ""v"": 6}, {""u"": 6, ""v"": 7}, {""u"": 6, ""v"": 8}]}, ""viz_instance"": ""generated_data/SP/viz/SP_S/instance_0019.png"", ""viz_solution"": ""generated_data/SP/viz/SP_S/solution_0019.png""}","[2, 3, 8]",3.0,"{""num_elements"": 12, ""num_sets"": 10, ""sets"": [{""id"": ""S1"", ""elements"": [""A"", ""B"", ""E"", ""F""]}, {""id"": ""S2"", ""elements"": [""E"", ""H""]}, {""id"": ""S3"", ""elements"": [""A"", ""C"", ""D"", ""F""]}, {""id"": ""S4"", ""elements"": [""A"", ""B"", ""D"", ""E"", ""G"", ""H""]}, {""id"": ""S5"", ""elements"": [""A"", ""C"", ""E"", ""G"", ""H"", ""J"", ""K""]}, {""id"": ""S6"", ""elements"": [""E"", ""G"", ""H""]}, {""id"": ""S7"", ""elements"": [""A"", ""E"", ""F"", ""G"", ""H"", ""I"", ""J""]}, {""id"": ""S8"", ""elements"": [""I"", ""J""]}, {""id"": ""S9"", ""elements"": [""A"", ""F"", ""H"", ""I"", ""J""]}, {""id"": ""S10"", ""elements"": [""F"", ""K"", ""L""]}]}","[""S2"", ""S3"", ""S8""]"
SP_S_021,SP,S,21,"Someone in the library dreamed up a pile of themed shelf ideas, and each idea uses a specific group of books. The task is to bring out as many of those themed shelves as possible; the outcome is measured by how many shelves are actually put out, so count them to see how well it went. There’s a strict rule: a single book can’t be used on two different shelves, meaning chosen shelves can’t overlap in their books. The exact book groupings for each theme are shown below.

- **total_books**: 9
- **total_themed_shelves**: 7

| shelf_id | books_on_shelf |
|---|---|
| S1 | 1 2 7 8 |
| S2 | 1 2 3 4 5 6 7 8 |
| S3 | 7 9 |
| S4 | 2 3 4 6 |
| S5 | 3 7 |
| S6 | 1 3 8 |
| S7 | 5 7 9 |

Also, when you’re ready to give the final pick, just drop it into a tiny JSON object like this — nice and simple:

{
  ""solution"": [""shelf_id"", ...]
}

Think of ""solution"" as the list of shelf identifiers for the themed shelves you actually put out. Each item in that array should be the exact identifier for a shelf from the instance (this example just shows the shape, not your real answer).

Please use the identifiers exactly as they appear in the input — no renaming and no new labels.
- for example: ""Valid identifiers look like plain numbers such as “1” or “23”, single capital letters like “A” or “B”, or a capital letter followed by digits like “A1” or “X7”.""",markdown_table,one_based,"{""source_file"": ""road_central.mtx"", ""k_hop"": 2, ""num_elements"": 9, ""num_sets"": 7, ""density"": 0.4126984126984127, ""sets"": [{""id"": 1, ""elements"": [1, 2, 7, 8]}, {""id"": 2, ""elements"": [1, 2, 3, 4, 5, 6, 7, 8]}, {""id"": 3, ""elements"": [7, 9]}, {""id"": 4, ""elements"": [2, 3, 4, 6]}, {""id"": 5, ""elements"": [3, 7]}, {""id"": 6, ""elements"": [1, 3, 8]}, {""id"": 7, ""elements"": [5, 7, 9]}], ""graph"": {""num_nodes"": 9, ""edges"": [{""u"": 4, ""v"": 2}, {""u"": 3, ""v"": 1}, {""u"": 3, ""v"": 2}, {""u"": 3, ""v"": 7}, {""u"": 7, ""v"": 5}, {""u"": 7, ""v"": 9}, {""u"": 2, ""v"": 6}, {""u"": 1, ""v"": 8}]}, ""viz_instance"": ""generated_data/SP/viz/SP_S/instance_0020.png"", ""viz_solution"": ""generated_data/SP/viz/SP_S/solution_0020.png""}","[3, 4]",2.0,"{""num_elements"": 9, ""num_sets"": 7, ""sets"": [{""id"": ""S1"", ""elements"": [1, 2, 7, 8]}, {""id"": ""S2"", ""elements"": [1, 2, 3, 4, 5, 6, 7, 8]}, {""id"": ""S3"", ""elements"": [7, 9]}, {""id"": ""S4"", ""elements"": [2, 3, 4, 6]}, {""id"": ""S5"", ""elements"": [3, 7]}, {""id"": ""S6"", ""elements"": [1, 3, 8]}, {""id"": ""S7"", ""elements"": [5, 7, 9]}]}","[""S3"", ""S4""]"
SP_S_022,SP,S,22,"For the launch, the curator’s challenge is to pick the largest possible set of playlists from a pool of options, while ensuring that no song appears in more than one of the playlists that are chosen. The way to tell which choice is better is simple: tally up how many playlists were selected — the bigger that number, the better the result. The rule to stick to is that tracks can’t be shared between any two selected playlists. The specific playlist options and their tracks are detailed below.

- **total_tracks**: 12
- **total_playlists**: 10

| playlist_id | playlist_tracks |
|---|---|
| S1 | 3 12 |
| S2 | 2 8 12 |
| S3 | 1 6 7 9 10 11 12 |
| S4 | 5 6 |
| S5 | 5 6 9 |
| S6 | 3 4 6 7 11 12 |
| S7 | 2 3 6 12 |
| S8 | 3 4 5 6 7 |
| S9 | 1 2 3 6 7 10 12 |
| S10 | 3 10 |

When you're ready to give your selection, just drop it back in this simple JSON shape so it's easy to check:

{
  ""solution"": [""playlist_id"", ...]
}

Think of ""solution"" as the field that holds your final picks, and the array is where you list the playlists you chose. The string ""playlist_id"" is a placeholder showing the format — replace it with the actual playlist identifiers from the instance (the ""..."" just means you can list as many as fit). This is just a sketch of the shape I expect, not the real answer.

Please make sure to use the identifiers exactly as they appear in the instance input — don't rename them or invent new labels. Valid identifiers look like plain numbers such as “1” or “23”, single capital letters like “A” or “B”, or a capital letter followed by digits like “A1” or “X7”.",markdown_table,one_based,"{""source_file"": ""road_central.mtx"", ""k_hop"": 2, ""num_elements"": 12, ""num_sets"": 10, ""density"": 0.3416666666666667, ""sets"": [{""id"": 1, ""elements"": [3, 12]}, {""id"": 2, ""elements"": [2, 8, 12]}, {""id"": 3, ""elements"": [1, 6, 7, 9, 10, 11, 12]}, {""id"": 4, ""elements"": [5, 6]}, {""id"": 5, ""elements"": [5, 6, 9]}, {""id"": 6, ""elements"": [3, 4, 6, 7, 11, 12]}, {""id"": 7, ""elements"": [2, 3, 6, 12]}, {""id"": 8, ""elements"": [3, 4, 5, 6, 7]}, {""id"": 9, ""elements"": [1, 2, 3, 6, 7, 10, 12]}, {""id"": 10, ""elements"": [3, 10]}], ""graph"": {""num_nodes"": 12, ""edges"": [{""u"": 1, ""v"": 10}, {""u"": 8, ""v"": 2}, {""u"": 11, ""v"": 3}, {""u"": 10, ""v"": 3}, {""u"": 10, ""v"": 12}, {""u"": 12, ""v"": 2}, {""u"": 12, ""v"": 7}, {""u"": 7, ""v"": 6}, {""u"": 3, ""v"": 6}, {""u"": 5, ""v"": 9}, {""u"": 6, ""v"": 9}, {""u"": 4, ""v"": 9}]}, ""viz_instance"": ""generated_data/SP/viz/SP_S/instance_0021.png"", ""viz_solution"": ""generated_data/SP/viz/SP_S/solution_0021.png""}","[2, 4, 10]",3.0,"{""num_elements"": 12, ""num_sets"": 10, ""sets"": [{""id"": ""S1"", ""elements"": [3, 12]}, {""id"": ""S2"", ""elements"": [2, 8, 12]}, {""id"": ""S3"", ""elements"": [1, 6, 7, 9, 10, 11, 12]}, {""id"": ""S4"", ""elements"": [5, 6]}, {""id"": ""S5"", ""elements"": [5, 6, 9]}, {""id"": ""S6"", ""elements"": [3, 4, 6, 7, 11, 12]}, {""id"": ""S7"", ""elements"": [2, 3, 6, 12]}, {""id"": ""S8"", ""elements"": [3, 4, 5, 6, 7]}, {""id"": ""S9"", ""elements"": [1, 2, 3, 6, 7, 10, 12]}, {""id"": ""S10"", ""elements"": [3, 10]}]}","[""S2"", ""S4"", ""S10""]"
SP_S_023,SP,S,23,"Recently the community center put together several outreach squads and now someone has to pick which squads to deploy. No volunteer can be on more than one deployed squad, and the aim is to deploy as many squads as possible — the performance of any deployment is measured by how many squads are sent. The concrete squad rosters are shown below.

# total_volunteers=11
# total_squads=11
squad_id,squad_roster
S1,0 1 2 3 5
S2,0 1 2 5 7 8 9
S3,0 1 2 8
S4,0 3 10
S5,4 5 6 8 9
S6,0 4 5 9
S7,3 4 6 8 9
S8,1 5 9
S9,0 1 2 4 6
S10,1 5 6 7 9
S11,0 3 6 8

When you reply with which squads to send, just use this simple JSON shape so it's easy to read and validate:

{
  ""solution"": [""squad_id"", ...]
}

Think of it like a little form: ""solution"" is the list of squads you'll deploy, and each entry in the list is the exact squad identifier from the instance (just the ID, nothing else). This JSON is only a sketch of the expected shape — don't treat the example entries as the real answer.

Please make sure all identifiers are used exactly as they appear in the instance input — no renaming and no new labels.
- for example: ""Valid identifiers look like plain numbers such as “1” or “23”, single capital letters like “A” or “B”, or a capital letter followed by digits like “A1” or “X7”.",csv,zero_based,"{""source_file"": ""road_central.mtx"", ""k_hop"": 2, ""num_elements"": 11, ""num_sets"": 11, ""density"": 0.4132231404958678, ""sets"": [{""id"": 1, ""elements"": [1, 2, 3, 4, 6]}, {""id"": 2, ""elements"": [1, 2, 3, 6, 8, 9, 10]}, {""id"": 3, ""elements"": [1, 2, 3, 9]}, {""id"": 4, ""elements"": [1, 4, 11]}, {""id"": 5, ""elements"": [5, 6, 7, 9, 10]}, {""id"": 6, ""elements"": [1, 5, 6, 10]}, {""id"": 7, ""elements"": [4, 5, 7, 9, 10]}, {""id"": 8, ""elements"": [2, 6, 10]}, {""id"": 9, ""elements"": [1, 2, 3, 5, 7]}, {""id"": 10, ""elements"": [2, 6, 7, 8, 10]}, {""id"": 11, ""elements"": [1, 4, 7, 9]}], ""graph"": {""num_nodes"": 11, ""edges"": [{""u"": 11, ""v"": 9}, {""u"": 6, ""v"": 2}, {""u"": 6, ""v"": 8}, {""u"": 6, ""v"": 10}, {""u"": 3, ""v"": 1}, {""u"": 5, ""v"": 7}, {""u"": 5, ""v"": 10}, {""u"": 4, ""v"": 9}, {""u"": 2, ""v"": 1}, {""u"": 7, ""v"": 9}, {""u"": 9, ""v"": 1}]}, ""viz_instance"": ""generated_data/SP/viz/SP_S/instance_0022.png"", ""viz_solution"": ""generated_data/SP/viz/SP_S/solution_0022.png""}","[4, 5]",2.0,"{""num_elements"": 11, ""num_sets"": 11, ""sets"": [{""id"": ""S1"", ""elements"": [0, 1, 2, 3, 5]}, {""id"": ""S2"", ""elements"": [0, 1, 2, 5, 7, 8, 9]}, {""id"": ""S3"", ""elements"": [0, 1, 2, 8]}, {""id"": ""S4"", ""elements"": [0, 3, 10]}, {""id"": ""S5"", ""elements"": [4, 5, 6, 8, 9]}, {""id"": ""S6"", ""elements"": [0, 4, 5, 9]}, {""id"": ""S7"", ""elements"": [3, 4, 6, 8, 9]}, {""id"": ""S8"", ""elements"": [1, 5, 9]}, {""id"": ""S9"", ""elements"": [0, 1, 2, 4, 6]}, {""id"": ""S10"", ""elements"": [1, 5, 6, 7, 9]}, {""id"": ""S11"", ""elements"": [0, 3, 6, 8]}]}","[""S4"", ""S5""]"
SP_S_024,SP,S,24,"Recently the showroom decided to showcase multiple grouped looks, and the stylist’s puzzle is to pick the largest number of those looks that can coexist. The quality of any choice is measured by how many bundles are actually placed on the floor (just add them up), but a strict rule is that each piece of furniture may appear in only one chosen look, so there’s no double-booking of a sofa or lamp. The exact bundles and their contents follow below.

There are 8 predesigned bundles drawn from 9 distinct furniture pieces:
Bundle S1 contains the pieces A B G H I.
Bundle S2 contains the pieces A B H.
Bundle S3 contains the pieces C F G H.
Bundle S4 contains the pieces D H I.
Bundle S5 contains the pieces E H.
Bundle S6 contains the pieces B C F I.
Bundle S7 contains the pieces A C E F G H I.
Bundle S8 contains the pieces B D E H I.
From these 8 candidates, the stylist will choose as many non-overlapping bundles as possible.

If you want to tell me which looks to place, just send back a tiny JSON snippet like the one below — it's the simple shape I expect:

{
  ""solution"": [""look_id"", ...]
}

Think of ""solution"" as the list of chosen looks to put on the floor, and each ""look_id"" is a placeholder for one of the bundle identifiers from the list I gave you. This is just a sketch of the format I want, not the actual answer.

Please use the exact identifiers from the instance input — don't rename them or invent new ones. 
- for example: ""Valid identifiers look like plain numbers such as “1” or “23”, single capital letters like “A” or “B”, or a capital letter followed by digits like “A1” or “X7”.""",nl,names,"{""source_file"": ""road_central.mtx"", ""k_hop"": 2, ""num_elements"": 9, ""num_sets"": 8, ""density"": 0.4583333333333333, ""sets"": [{""id"": 1, ""elements"": [1, 2, 7, 8, 9]}, {""id"": 2, ""elements"": [1, 2, 8]}, {""id"": 3, ""elements"": [3, 6, 7, 8]}, {""id"": 4, ""elements"": [4, 8, 9]}, {""id"": 5, ""elements"": [5, 8]}, {""id"": 6, ""elements"": [2, 3, 6, 9]}, {""id"": 7, ""elements"": [1, 3, 5, 6, 7, 8, 9]}, {""id"": 8, ""elements"": [2, 4, 5, 8, 9]}], ""graph"": {""num_nodes"": 9, ""edges"": [{""u"": 1, ""v"": 8}, {""u"": 7, ""v"": 3}, {""u"": 7, ""v"": 6}, {""u"": 7, ""v"": 8}, {""u"": 8, ""v"": 2}, {""u"": 8, ""v"": 9}, {""u"": 9, ""v"": 4}, {""u"": 9, ""v"": 5}]}, ""viz_instance"": ""generated_data/SP/viz/SP_S/instance_0023.png"", ""viz_solution"": ""generated_data/SP/viz/SP_S/solution_0023.png""}","[5, 6]",2.0,"{""num_elements"": 9, ""num_sets"": 8, ""sets"": [{""id"": ""S1"", ""elements"": [""A"", ""B"", ""G"", ""H"", ""I""]}, {""id"": ""S2"", ""elements"": [""A"", ""B"", ""H""]}, {""id"": ""S3"", ""elements"": [""C"", ""F"", ""G"", ""H""]}, {""id"": ""S4"", ""elements"": [""D"", ""H"", ""I""]}, {""id"": ""S5"", ""elements"": [""E"", ""H""]}, {""id"": ""S6"", ""elements"": [""B"", ""C"", ""F"", ""I""]}, {""id"": ""S7"", ""elements"": [""A"", ""C"", ""E"", ""F"", ""G"", ""H"", ""I""]}, {""id"": ""S8"", ""elements"": [""B"", ""D"", ""E"", ""H"", ""I""]}]}","[""S5"", ""S6""]"
SP_S_025,SP,S,25,"I’m juggling the production board this week, picking which batches to run so the plant actually gets more lines moving. The idea is simple: pick as many batches as possible to kick off — the ""score"" is just the count of batches that start — but any two chosen batches can’t both need the same machine at the same time. The specific batches and which machines they need are shown below.

{
  ""total_machines"": 11,
  ""total_batches"": 10,
  ""sets"": [
    {
      ""batch_id"": ""S1"",
      ""required_machines"": [
        ""A"",
        ""C""
      ]
    },
    {
      ""batch_id"": ""S2"",
      ""required_machines"": [
        ""F"",
        ""G"",
        ""H"",
        ""I"",
        ""K""
      ]
    },
    {
      ""batch_id"": ""S3"",
      ""required_machines"": [
        ""B"",
        ""G"",
        ""I""
      ]
    },
    {
      ""batch_id"": ""S4"",
      ""required_machines"": [
        ""H"",
        ""I"",
        ""K""
      ]
    },
    {
      ""batch_id"": ""S5"",
      ""required_machines"": [
        ""E"",
        ""F"",
        ""G"",
        ""I"",
        ""K""
      ]
    },
    {
      ""batch_id"": ""S6"",
      ""required_machines"": [
        ""A"",
        ""B"",
        ""D"",
        ""F"",
        ""G"",
        ""I"",
        ""K""
      ]
    },
    {
      ""batch_id"": ""S7"",
      ""required_machines"": [
        ""B"",
        ""E"",
        ""H"",
        ""K""
      ]
    },
    {
      ""batch_id"": ""S8"",
      ""required_machines"": [
        ""B"",
        ""D"",
        ""I"",
        ""J""
      ]
    },
    {
      ""batch_id"": ""S9"",
      ""required_machines"": [
        ""A"",
        ""C"",
        ""F"",
        ""I""
      ]
    },
    {
      ""batch_id"": ""S10"",
      ""required_machines"": [
        ""E"",
        ""F"",
        ""G"",
        ""H"",
        ""K""
      ]
    }
  ]
}

I'll return the selection in a tiny JSON snippet so it’s easy to plug into whatever you’ve got running.

{
  ""solution"": [""batch_id"", ...]
}

Nothing fancy — ""solution"" is just the list of batches I’m picking to start, and each item in that array is a placeholder for a batch identifier (replace ""batch_id"" with the actual IDs from the instance). This is just a sketch of the shape I’ll use, not the actual final picks.

Also: use the identifiers exactly as they appear in the instance input — no renaming and no new labels.
- for example: ""Valid identifiers look like plain numbers such as “1” or “23”, single capital letters like “A” or “B”, or a capital letter followed by digits like “A1” or “X7”.""",json,names,"{""source_file"": ""road_central.mtx"", ""k_hop"": 2, ""num_elements"": 11, ""num_sets"": 10, ""density"": 0.38181818181818183, ""sets"": [{""id"": 1, ""elements"": [1, 3]}, {""id"": 2, ""elements"": [6, 7, 8, 9, 11]}, {""id"": 3, ""elements"": [2, 7, 9]}, {""id"": 4, ""elements"": [8, 9, 11]}, {""id"": 5, ""elements"": [5, 6, 7, 9, 11]}, {""id"": 6, ""elements"": [1, 2, 4, 6, 7, 9, 11]}, {""id"": 7, ""elements"": [2, 5, 8, 11]}, {""id"": 8, ""elements"": [2, 4, 9, 10]}, {""id"": 9, ""elements"": [1, 3, 6, 9]}, {""id"": 10, ""elements"": [5, 6, 7, 8, 11]}], ""graph"": {""num_nodes"": 11, ""edges"": [{""u"": 2, ""v"": 5}, {""u"": 2, ""v"": 9}, {""u"": 2, ""v"": 11}, {""u"": 11, ""v"": 5}, {""u"": 11, ""v"": 6}, {""u"": 8, ""v"": 5}, {""u"": 4, ""v"": 9}, {""u"": 9, ""v"": 7}, {""u"": 6, ""v"": 7}, {""u"": 10, ""v"": 1}, {""u"": 10, ""v"": 7}, {""u"": 3, ""v"": 1}]}, ""viz_instance"": ""generated_data/SP/viz/SP_S/instance_0024.png"", ""viz_solution"": ""generated_data/SP/viz/SP_S/solution_0024.png""}","[1, 8, 10]",3.0,"{""num_elements"": 11, ""num_sets"": 10, ""sets"": [{""id"": ""S1"", ""elements"": [""A"", ""C""]}, {""id"": ""S2"", ""elements"": [""F"", ""G"", ""H"", ""I"", ""K""]}, {""id"": ""S3"", ""elements"": [""B"", ""G"", ""I""]}, {""id"": ""S4"", ""elements"": [""H"", ""I"", ""K""]}, {""id"": ""S5"", ""elements"": [""E"", ""F"", ""G"", ""I"", ""K""]}, {""id"": ""S6"", ""elements"": [""A"", ""B"", ""D"", ""F"", ""G"", ""I"", ""K""]}, {""id"": ""S7"", ""elements"": [""B"", ""E"", ""H"", ""K""]}, {""id"": ""S8"", ""elements"": [""B"", ""D"", ""I"", ""J""]}, {""id"": ""S9"", ""elements"": [""A"", ""C"", ""F"", ""I""]}, {""id"": ""S10"", ""elements"": [""E"", ""F"", ""G"", ""H"", ""K""]}]}","[""S1"", ""S8"", ""S10""]"
SP_S_026,SP,S,26,"Recently the department sent over a long list of pre-formed student teams, and the task became selecting which of those teams to run this term. The decision boils down to approving as many teams as possible from that list. The winning selection is the one that yields the highest number of approved teams — success is measured by simply tallying the groups. The catch is that no student can appear in more than one approved team; students may be left unassigned but cannot be duplicated. The specific roster and team possibilities are shown below.

# total_students=12
# preformed_team_count=10
team_id,students_in_team
S1,0 11
S2,0 6 7 9
S3,2 3 5 10
S4,4 6 7
S5,2 3 5 7 10
S6,4 6 7 10 11
S7,1 4 5 7
S8,5 8
S9,6 10
S10,0 1 11

Also, when you send back which teams you want to approve, please put them in a tiny JSON object so it's easy to parse. Something simple like this will do:

{
  ""solution"": [""team_id"", ...]
}

Think of that as a form: the solution array should contain the IDs of the approved teams (one ID per entry). The ""team_id"" above is just a placeholder showing the format — replace those with the actual team identifiers from the instance. This sketch only shows the expected shape, not the real answer.

Please be sure to use the exact identifiers that appear in the instance input — do not rename them or invent new labels. For example: ""Valid identifiers look like plain numbers such as “1” or “23”, single capital letters like “A” or “B”, or a capital letter followed by digits like “A1” or “X7”.",csv,zero_based,"{""source_file"": ""road_central.mtx"", ""k_hop"": 2, ""num_elements"": 12, ""num_sets"": 10, ""density"": 0.2833333333333333, ""sets"": [{""id"": 1, ""elements"": [1, 12]}, {""id"": 2, ""elements"": [1, 7, 8, 10]}, {""id"": 3, ""elements"": [3, 4, 6, 11]}, {""id"": 4, ""elements"": [5, 7, 8]}, {""id"": 5, ""elements"": [3, 4, 6, 8, 11]}, {""id"": 6, ""elements"": [5, 7, 8, 11, 12]}, {""id"": 7, ""elements"": [2, 5, 6, 8]}, {""id"": 8, ""elements"": [6, 9]}, {""id"": 9, ""elements"": [7, 11]}, {""id"": 10, ""elements"": [1, 2, 12]}], ""graph"": {""num_nodes"": 12, ""edges"": [{""u"": 5, ""v"": 8}, {""u"": 7, ""v"": 2}, {""u"": 7, ""v"": 8}, {""u"": 1, ""v"": 2}, {""u"": 8, ""v"": 11}, {""u"": 2, ""v"": 12}, {""u"": 10, ""v"": 12}, {""u"": 11, ""v"": 6}, {""u"": 6, ""v"": 3}, {""u"": 6, ""v"": 4}, {""u"": 3, ""v"": 9}]}, ""viz_instance"": ""generated_data/SP/viz/SP_S/instance_0025.png"", ""viz_solution"": ""generated_data/SP/viz/SP_S/solution_0025.png""}","[1, 4, 8]",3.0,"{""num_elements"": 12, ""num_sets"": 10, ""sets"": [{""id"": ""S1"", ""elements"": [0, 11]}, {""id"": ""S2"", ""elements"": [0, 6, 7, 9]}, {""id"": ""S3"", ""elements"": [2, 3, 5, 10]}, {""id"": ""S4"", ""elements"": [4, 6, 7]}, {""id"": ""S5"", ""elements"": [2, 3, 5, 7, 10]}, {""id"": ""S6"", ""elements"": [4, 6, 7, 10, 11]}, {""id"": ""S7"", ""elements"": [1, 4, 5, 7]}, {""id"": ""S8"", ""elements"": [5, 8]}, {""id"": ""S9"", ""elements"": [6, 10]}, {""id"": ""S10"", ""elements"": [0, 1, 11]}]}","[""S1"", ""S4"", ""S8""]"
SP_S_027,SP,S,27,"There’s a stack of themed shoot bundles on the table and a roster of models and props to match. The task is to arrange as many of those bundles as possible into the weekend, and the simple measure of success is how many bundles get scheduled — just tally them up. One hard rule: no prop or model can appear in two different scheduled bundles, so any picks that share someone or something have to be avoided. The specific shoots and their requirements are listed below.

- **total_resources**: 10
- **total_packages**: 10

| package_id | package_resources |
|---|---|
| S1 | 0 2 3 6 9 |
| S2 | 1 8 |
| S3 | 0 3 5 7 |
| S4 | 0 1 2 3 8 |
| S5 | 6 8 |
| S6 | 7 8 |
| S7 | 3 4 6 |
| S8 | 5 7 |
| S9 | 0 1 2 3 4 5 6 |
| S10 | 0 8 9 |

Oh, and when you send your picks back, just drop them into a tiny JSON snippet like this so it's easy to read and import:

{
  ""solution"": [""bundle_id"", ...]
}

Here ""solution"" is the list of bundles you want to schedule — put each bundle's identifier in there. This is just the shape I expect, a simple sketch, not the actual filled-in answer.

Please use the exact identifiers from the instance input — no renaming and no new labels.
""Valid identifiers look like plain numbers such as “1” or “23”, single capital letters like “A” or “B”, or a capital letter followed by digits like “A1” or “X7”.""",markdown_table,zero_based,"{""source_file"": ""road_central.mtx"", ""k_hop"": 2, ""num_elements"": 10, ""num_sets"": 10, ""density"": 0.35, ""sets"": [{""id"": 1, ""elements"": [1, 3, 4, 7, 10]}, {""id"": 2, ""elements"": [2, 9]}, {""id"": 3, ""elements"": [1, 4, 6, 8]}, {""id"": 4, ""elements"": [1, 2, 3, 4, 9]}, {""id"": 5, ""elements"": [7, 9]}, {""id"": 6, ""elements"": [8, 9]}, {""id"": 7, ""elements"": [4, 5, 7]}, {""id"": 8, ""elements"": [6, 8]}, {""id"": 9, ""elements"": [1, 2, 3, 4, 5, 6, 7]}, {""id"": 10, ""elements"": [1, 9, 10]}], ""graph"": {""num_nodes"": 10, ""edges"": [{""u"": 9, ""v"": 1}, {""u"": 9, ""v"": 3}, {""u"": 9, ""v"": 4}, {""u"": 9, ""v"": 7}, {""u"": 6, ""v"": 3}, {""u"": 6, ""v"": 8}, {""u"": 4, ""v"": 2}, {""u"": 5, ""v"": 7}, {""u"": 1, ""v"": 10}]}, ""viz_instance"": ""generated_data/SP/viz/SP_S/instance_0026.png"", ""viz_solution"": ""generated_data/SP/viz/SP_S/solution_0026.png""}","[2, 7, 8]",3.0,"{""num_elements"": 10, ""num_sets"": 10, ""sets"": [{""id"": ""S1"", ""elements"": [0, 2, 3, 6, 9]}, {""id"": ""S2"", ""elements"": [1, 8]}, {""id"": ""S3"", ""elements"": [0, 3, 5, 7]}, {""id"": ""S4"", ""elements"": [0, 1, 2, 3, 8]}, {""id"": ""S5"", ""elements"": [6, 8]}, {""id"": ""S6"", ""elements"": [7, 8]}, {""id"": ""S7"", ""elements"": [3, 4, 6]}, {""id"": ""S8"", ""elements"": [5, 7]}, {""id"": ""S9"", ""elements"": [0, 1, 2, 3, 4, 5, 6]}, {""id"": ""S10"", ""elements"": [0, 8, 9]}]}","[""S2"", ""S7"", ""S8""]"
SP_S_028,SP,S,28,"On a busy morning the boutique team is picking outfit combinations for the window to grab attention. The job is to pick as many of those combos as they can so the window feels full; compare options by counting how many outfits end up on display. One clear limitation: a single item cannot be used in two different showcased outfits, so selections must be item-disjoint. The specific outfits and items follow below.

There are 8 outfit combinations available and 8 distinct items in total.
Outfit S1: A C G.
Outfit S2: D E.
Outfit S3: B C D G H.
Outfit S4: C D G.
Outfit S5: B F G.
Outfit S6: A B E F G.
Outfit S7: A B D F G H.
Outfit S8: A C F G.
The goal is to showcase as many disjoint outfits as possible in the window display.

Oh, and one more practical thing — when you send your picks, please use this simple JSON shape so I can easily see which outfits you chose:

{
  ""solution"": [""outfit_id"", ...]
}

Think of ""solution"" as the list of outfit IDs you want in the window display. Each entry in the array should be one of the outfit identifiers from the instance. This JSON is just a sketch of the shape I expect, not your final answer — replace the placeholder(s) with the actual IDs.

Please use the identifiers exactly as they appear in the instance input — don't rename them or invent new labels.
- For example: Valid identifiers look like plain numbers such as “1” or “23”, single capital letters like “A” or “B”, or a capital letter followed by digits like “A1” or “X7”.",nl,names,"{""source_file"": ""road_central.mtx"", ""k_hop"": 2, ""num_elements"": 8, ""num_sets"": 8, ""density"": 0.484375, ""sets"": [{""id"": 1, ""elements"": [1, 3, 7]}, {""id"": 2, ""elements"": [4, 5]}, {""id"": 3, ""elements"": [2, 3, 4, 7, 8]}, {""id"": 4, ""elements"": [3, 4, 7]}, {""id"": 5, ""elements"": [2, 6, 7]}, {""id"": 6, ""elements"": [1, 2, 5, 6, 7]}, {""id"": 7, ""elements"": [1, 2, 4, 6, 7, 8]}, {""id"": 8, ""elements"": [1, 3, 6, 7]}], ""graph"": {""num_nodes"": 8, ""edges"": [{""u"": 3, ""v"": 2}, {""u"": 3, ""v"": 6}, {""u"": 1, ""v"": 6}, {""u"": 4, ""v"": 2}, {""u"": 8, ""v"": 6}, {""u"": 6, ""v"": 7}, {""u"": 7, ""v"": 2}, {""u"": 7, ""v"": 5}]}, ""viz_instance"": ""generated_data/SP/viz/SP_S/instance_0027.png"", ""viz_solution"": ""generated_data/SP/viz/SP_S/solution_0027.png""}","[1, 2]",2.0,"{""num_elements"": 8, ""num_sets"": 8, ""sets"": [{""id"": ""S1"", ""elements"": [""A"", ""C"", ""G""]}, {""id"": ""S2"", ""elements"": [""D"", ""E""]}, {""id"": ""S3"", ""elements"": [""B"", ""C"", ""D"", ""G"", ""H""]}, {""id"": ""S4"", ""elements"": [""C"", ""D"", ""G""]}, {""id"": ""S5"", ""elements"": [""B"", ""F"", ""G""]}, {""id"": ""S6"", ""elements"": [""A"", ""B"", ""E"", ""F"", ""G""]}, {""id"": ""S7"", ""elements"": [""A"", ""B"", ""D"", ""F"", ""G"", ""H""]}, {""id"": ""S8"", ""elements"": [""A"", ""C"", ""F"", ""G""]}]}","[""S1"", ""S2""]"
SP_S_029,SP,S,29,"Someone on the events team needs to choose panels so the program looks full, while making sure no one is booked into two different discussions. The clearer solution is the one that includes more panels — success equals the number of panels picked, simply summed up. Practically speaking, any plan that has a speaker in more than one chosen panel has to be discarded. The detailed proposals and speaker assignments are shown below.

{
  ""total_speakers"": 9,
  ""total_panel_proposals"": 9,
  ""sets"": [
    {
      ""panel_id"": ""S1"",
      ""panel_speakers"": [
        ""A"",
        ""E"",
        ""H""
      ]
    },
    {
      ""panel_id"": ""S2"",
      ""panel_speakers"": [
        ""B"",
        ""D""
      ]
    },
    {
      ""panel_id"": ""S3"",
      ""panel_speakers"": [
        ""B"",
        ""C"",
        ""D"",
        ""F""
      ]
    },
    {
      ""panel_id"": ""S4"",
      ""panel_speakers"": [
        ""B"",
        ""C"",
        ""D"",
        ""H"",
        ""I""
      ]
    },
    {
      ""panel_id"": ""S5"",
      ""panel_speakers"": [
        ""E"",
        ""F"",
        ""G"",
        ""H""
      ]
    },
    {
      ""panel_id"": ""S6"",
      ""panel_speakers"": [
        ""A"",
        ""D"",
        ""E"",
        ""G"",
        ""H""
      ]
    },
    {
      ""panel_id"": ""S7"",
      ""panel_speakers"": [
        ""A"",
        ""F"",
        ""G"",
        ""H""
      ]
    },
    {
      ""panel_id"": ""S8"",
      ""panel_speakers"": [
        ""A"",
        ""D"",
        ""E"",
        ""F""
      ]
    },
    {
      ""panel_id"": ""S9"",
      ""panel_speakers"": [
        ""C"",
        ""D"",
        ""F"",
        ""I""
      ]
    }
  ]
}

Oh, and when you send back the chosen panels, just use this simple JSON shape so it's easy to read and parse:

{
  ""solution"": [""panel_id"", ...]
}

""solution"" is just the list of the panel IDs you picked for the program. The ""panel_id"" entry above is a placeholder to show the format — swap it for the actual IDs from the instance (one per selected panel). This is only a sketch of the expected shape, not the actual answer.

Please make sure to use the exact identifiers from the instance input — no renaming and no new labels. 
- for example: Valid identifiers look like plain numbers such as ""1"" or ""23"", single capital letters like ""A"" or ""B"", or a capital letter followed by digits like ""A1"" or ""X7"".",json,names,"{""source_file"": ""road_central.mtx"", ""k_hop"": 2, ""num_elements"": 9, ""num_sets"": 9, ""density"": 0.43209876543209874, ""sets"": [{""id"": 1, ""elements"": [1, 5, 8]}, {""id"": 2, ""elements"": [2, 4]}, {""id"": 3, ""elements"": [2, 3, 4, 6]}, {""id"": 4, ""elements"": [2, 3, 4, 8, 9]}, {""id"": 5, ""elements"": [5, 6, 7, 8]}, {""id"": 6, ""elements"": [1, 4, 5, 7, 8]}, {""id"": 7, ""elements"": [1, 6, 7, 8]}, {""id"": 8, ""elements"": [1, 4, 5, 6]}, {""id"": 9, ""elements"": [3, 4, 6, 9]}], ""graph"": {""num_nodes"": 9, ""edges"": [{""u"": 8, ""v"": 1}, {""u"": 8, ""v"": 5}, {""u"": 8, ""v"": 6}, {""u"": 8, ""v"": 7}, {""u"": 2, ""v"": 3}, {""u"": 4, ""v"": 3}, {""u"": 4, ""v"": 6}, {""u"": 4, ""v"": 9}]}, ""viz_instance"": ""generated_data/SP/viz/SP_S/instance_0028.png"", ""viz_solution"": ""generated_data/SP/viz/SP_S/solution_0028.png""}","[1, 2]",2.0,"{""num_elements"": 9, ""num_sets"": 9, ""sets"": [{""id"": ""S1"", ""elements"": [""A"", ""E"", ""H""]}, {""id"": ""S2"", ""elements"": [""B"", ""D""]}, {""id"": ""S3"", ""elements"": [""B"", ""C"", ""D"", ""F""]}, {""id"": ""S4"", ""elements"": [""B"", ""C"", ""D"", ""H"", ""I""]}, {""id"": ""S5"", ""elements"": [""E"", ""F"", ""G"", ""H""]}, {""id"": ""S6"", ""elements"": [""A"", ""D"", ""E"", ""G"", ""H""]}, {""id"": ""S7"", ""elements"": [""A"", ""F"", ""G"", ""H""]}, {""id"": ""S8"", ""elements"": [""A"", ""D"", ""E"", ""F""]}, {""id"": ""S9"", ""elements"": [""C"", ""D"", ""F"", ""I""]}]}","[""S1"", ""S2""]"
SP_S_030,SP,S,30,"Many neighbors brought in different planting plans for the community plot, so the challenge is to assemble a set of plans as large as possible while making sure no single species is planted in two of the chosen plans. The one that wins is the selection with the greatest number of plans; count the plans to get the result, and make sure species aren’t duplicated. The full details of each plan and its species are shown below.

There are 11 submitted plans and 11 distinct species across them.
Plan S1 includes A E I.
Plan S2 includes B C F G J.
Plan S3 includes C D E H I K.
Plan S4 includes C D E H.
Plan S5 includes C D H I.
Plan S6 includes B F.
Plan S7 includes B G.
Plan S8 includes C D E H I.
Plan S9 includes E H.
Plan S10 includes B J K.
Plan S11 includes B C J K.
The winning selection is the one with the greatest number of plans and no repeated species.

Oh, and when you send back the chosen plans, please use this simple JSON shape so it's easy to read by both people and tools:

{
  ""solution"": [""plan_id"", ...]
}

Here ""solution"" is just a list of the planting plans you picked (one string per plan). Each entry in that array should be the exact plan identifier from the instance — think of it like filling in a short form with the plan labels. This JSON is just a sketch of the shape I expect, not the real answer itself.

Please use the identifiers exactly as they appear in the instance input — no renaming and no new labels.
- for example: ""Valid identifiers look like plain numbers such as “1” or “23”, single capital letters like “A” or “B”, or a capital letter followed by digits like “A1” or “X7”.""",nl,names,"{""source_file"": ""road_central.mtx"", ""k_hop"": 2, ""num_elements"": 11, ""num_sets"": 11, ""density"": 0.3305785123966942, ""sets"": [{""id"": 1, ""elements"": [1, 5, 9]}, {""id"": 2, ""elements"": [2, 3, 6, 7, 10]}, {""id"": 3, ""elements"": [3, 4, 5, 8, 9, 11]}, {""id"": 4, ""elements"": [3, 4, 5, 8]}, {""id"": 5, ""elements"": [3, 4, 8, 9]}, {""id"": 6, ""elements"": [2, 6]}, {""id"": 7, ""elements"": [2, 7]}, {""id"": 8, ""elements"": [3, 4, 5, 8, 9]}, {""id"": 9, ""elements"": [5, 8]}, {""id"": 10, ""elements"": [2, 10, 11]}, {""id"": 11, ""elements"": [2, 3, 10, 11]}], ""graph"": {""num_nodes"": 11, ""edges"": [{""u"": 8, ""v"": 5}, {""u"": 7, ""v"": 10}, {""u"": 10, ""v"": 2}, {""u"": 11, ""v"": 2}, {""u"": 11, ""v"": 6}, {""u"": 4, ""v"": 5}, {""u"": 3, ""v"": 2}, {""u"": 3, ""v"": 5}, {""u"": 9, ""v"": 1}, {""u"": 9, ""v"": 5}]}, ""viz_instance"": ""generated_data/SP/viz/SP_S/instance_0029.png"", ""viz_solution"": ""generated_data/SP/viz/SP_S/solution_0029.png""}","[1, 6]",2.0,"{""num_elements"": 11, ""num_sets"": 11, ""sets"": [{""id"": ""S1"", ""elements"": [""A"", ""E"", ""I""]}, {""id"": ""S2"", ""elements"": [""B"", ""C"", ""F"", ""G"", ""J""]}, {""id"": ""S3"", ""elements"": [""C"", ""D"", ""E"", ""H"", ""I"", ""K""]}, {""id"": ""S4"", ""elements"": [""C"", ""D"", ""E"", ""H""]}, {""id"": ""S5"", ""elements"": [""C"", ""D"", ""H"", ""I""]}, {""id"": ""S6"", ""elements"": [""B"", ""F""]}, {""id"": ""S7"", ""elements"": [""B"", ""G""]}, {""id"": ""S8"", ""elements"": [""C"", ""D"", ""E"", ""H"", ""I""]}, {""id"": ""S9"", ""elements"": [""E"", ""H""]}, {""id"": ""S10"", ""elements"": [""B"", ""J"", ""K""]}, {""id"": ""S11"", ""elements"": [""B"", ""C"", ""J"", ""K""]}]}","[""S1"", ""S6""]"
SP_S_031,SP,S,31,"Recently the store decided to run a multi-bundle promotion, and the challenge is choosing which bundles to actually run so there are as many distinct bundles available as possible. The simple metric for a good decision is the number of bundles offered — just tally them. One practical constraint: a product can’t be used in more than one of the bundles we pick, so chosen bundles must not share products. The detailed bundle list appears below.

- **total_products_universe**: 10
- **total_bundles_available**: 8

| bundle_id | bundle_products |
|---|---|
| S1 | D G I |
| S2 | B C F G J |
| S3 | B C F |
| S4 | A E I |
| S5 | C H I |
| S6 | A B E G I |
| S7 | A E F G H I |
| S8 | B J |

Also, when you send back the chosen bundles, just pop them into this little JSON shape so it's easy to parse:

{
  ""solution"": [""bundle_id"", ...]
}

Very casual explanation: ""solution"" is the list of bundles we pick, and each entry is the bundle's identifier (that's why there's a placeholder like bundle_id above). Think of it like filling in a short form — which bundles did we choose? — not a strict data-export headache. This is just a sketch of the shape I want, not the actual answer.

Please make sure to use the exact identifiers as they appear in the instance input — no renaming and no new labels. 
- for example: ""Valid identifiers look like plain numbers such as “1” or “23”, single capital letters like “A” or “B”, or a capital letter followed by digits like “A1” or “X7”.""",markdown_table,names,"{""source_file"": ""road_central.mtx"", ""k_hop"": 2, ""num_elements"": 10, ""num_sets"": 8, ""density"": 0.375, ""sets"": [{""id"": 1, ""elements"": [4, 7, 9]}, {""id"": 2, ""elements"": [2, 3, 6, 7, 10]}, {""id"": 3, ""elements"": [2, 3, 6]}, {""id"": 4, ""elements"": [1, 5, 9]}, {""id"": 5, ""elements"": [3, 8, 9]}, {""id"": 6, ""elements"": [1, 2, 5, 7, 9]}, {""id"": 7, ""elements"": [1, 5, 6, 7, 8, 9]}, {""id"": 8, ""elements"": [2, 10]}], ""graph"": {""num_nodes"": 10, ""edges"": [{""u"": 7, ""v"": 1}, {""u"": 7, ""v"": 5}, {""u"": 7, ""v"": 9}, {""u"": 2, ""v"": 6}, {""u"": 2, ""v"": 8}, {""u"": 2, ""v"": 9}, {""u"": 1, ""v"": 4}, {""u"": 3, ""v"": 6}, {""u"": 8, ""v"": 10}]}, ""viz_instance"": ""generated_data/SP/viz/SP_S/instance_0030.png"", ""viz_solution"": ""generated_data/SP/viz/SP_S/solution_0030.png""}","[1, 8]",2.0,"{""num_elements"": 10, ""num_sets"": 8, ""sets"": [{""id"": ""S1"", ""elements"": [""D"", ""G"", ""I""]}, {""id"": ""S2"", ""elements"": [""B"", ""C"", ""F"", ""G"", ""J""]}, {""id"": ""S3"", ""elements"": [""B"", ""C"", ""F""]}, {""id"": ""S4"", ""elements"": [""A"", ""E"", ""I""]}, {""id"": ""S5"", ""elements"": [""C"", ""H"", ""I""]}, {""id"": ""S6"", ""elements"": [""A"", ""B"", ""E"", ""G"", ""I""]}, {""id"": ""S7"", ""elements"": [""A"", ""E"", ""F"", ""G"", ""H"", ""I""]}, {""id"": ""S8"", ""elements"": [""B"", ""J""]}]}","[""S1"", ""S8""]"
SP_S_032,SP,S,32,"There’s a coach trying to pack a practice full of useful drills, but every drill pulls in certain athletes. The aim is to include the highest possible number of drills in the session, with the rule that any individual athlete can only appear in one of the drills you pick — if two drills share someone, pick only one of them. You measure success by counting the drills you actually run; higher count is better. The specific drills and the players for each are listed below.

There are 9 distinct athletes and 7 drills listed below:
Drill S1 pulls in athletes 3 4 6 8.
Drill S2 pulls in athletes 2 4.
Drill S3 pulls in athletes 0 3 4.
Drill S4 pulls in athletes 0 1 3 8.
Drill S5 pulls in athletes 1 2 5 8.
Drill S6 pulls in athletes 6 7.
Drill S7 pulls in athletes 0 6 7 8.
Pick drills so no athlete appears in more than one; count the drills you run — higher is better.

Oh, and when you're ready to tell me which drills made the cut, just send them in this little JSON shape so it's easy to parse:

{
  ""solution"": [""drill_id"", ...]
}

Think of ""solution"" as the list of drills you'll run, and each ""drill_id"" is the identifier for one drill from the list above. It's just a template showing the expected shape, not the actual answer you need to pick.

Please make sure to use the exact identifiers from the instance input — no renaming and no new labels. Valid identifiers look like plain numbers such as ""1"" or ""23"", single capital letters like ""A"" or ""B"", or a capital letter followed by digits like ""A1"" or ""X7"".",nl,zero_based,"{""source_file"": ""road_central.mtx"", ""k_hop"": 2, ""num_elements"": 9, ""num_sets"": 7, ""density"": 0.36507936507936506, ""sets"": [{""id"": 1, ""elements"": [4, 5, 7, 9]}, {""id"": 2, ""elements"": [3, 5]}, {""id"": 3, ""elements"": [1, 4, 5]}, {""id"": 4, ""elements"": [1, 2, 4, 9]}, {""id"": 5, ""elements"": [2, 3, 6, 9]}, {""id"": 6, ""elements"": [7, 8]}, {""id"": 7, ""elements"": [1, 7, 8, 9]}], ""graph"": {""num_nodes"": 9, ""edges"": [{""u"": 5, ""v"": 6}, {""u"": 5, ""v"": 9}, {""u"": 1, ""v"": 8}, {""u"": 1, ""v"": 9}, {""u"": 3, ""v"": 6}, {""u"": 8, ""v"": 7}, {""u"": 2, ""v"": 6}, {""u"": 4, ""v"": 9}]}, ""viz_instance"": ""generated_data/SP/viz/SP_S/instance_0031.png"", ""viz_solution"": ""generated_data/SP/viz/SP_S/solution_0031.png""}","[2, 4, 6]",3.0,"{""num_elements"": 9, ""num_sets"": 7, ""sets"": [{""id"": ""S1"", ""elements"": [3, 4, 6, 8]}, {""id"": ""S2"", ""elements"": [2, 4]}, {""id"": ""S3"", ""elements"": [0, 3, 4]}, {""id"": ""S4"", ""elements"": [0, 1, 3, 8]}, {""id"": ""S5"", ""elements"": [1, 2, 5, 8]}, {""id"": ""S6"", ""elements"": [6, 7]}, {""id"": ""S7"", ""elements"": [0, 6, 7, 8]}]}","[""S2"", ""S4"", ""S6""]"
SP_S_033,SP,S,33,"Many people underestimate how tricky picking which packed boxes to seal can be when moving; here the job is to choose a group of boxes to tape up today. What “doing well” means here is having as many sealed boxes as possible — you measure that by counting the sealed boxes — and at the same time ensuring that no personal item is included in more than one of those sealed boxes. It’s okay if some packed boxes aren’t sealed; just make sure the sealed ones don’t share belongings. The specific box-by-box contents are shown below.

- **total_distinct_belongings**: 9
- **total_boxes_available**: 9

| box_id | box_contents |
|---|---|
| S1 | A C E H |
| S2 | D E |
| S3 | A C H I |
| S4 | D E F H |
| S5 | A B D E I |
| S6 | B F |
| S7 | C G I |
| S8 | A D E G H I |
| S9 | A E H I |

When you’re ready to reply, just drop the selection into a tiny JSON snippet so it’s easy to parse. For this moving story, it can look like this:

{
  ""solution"": [""box_id"", ...]
}

Think of ""solution"" as the list of boxes you’ll tape up today — each entry should be the exact box identifier from the instance. This snippet is just a sketch of the shape I expect, not the actual answer itself, so replace the placeholder(s) with the real box IDs.

Please use the identifiers exactly as they appear in the instance input — no renaming, no made-up labels. 
- for example: ""Valid identifiers look like plain numbers such as “1” or “23”, single capital letters like “A” or “B”, or a capital letter followed by digits like “A1” or “X7”.""",markdown_table,names,"{""source_file"": ""road_central.mtx"", ""k_hop"": 2, ""num_elements"": 9, ""num_sets"": 9, ""density"": 0.41975308641975306, ""sets"": [{""id"": 1, ""elements"": [1, 3, 5, 8]}, {""id"": 2, ""elements"": [4, 5]}, {""id"": 3, ""elements"": [1, 3, 8, 9]}, {""id"": 4, ""elements"": [4, 5, 6, 8]}, {""id"": 5, ""elements"": [1, 2, 4, 5, 9]}, {""id"": 6, ""elements"": [2, 6]}, {""id"": 7, ""elements"": [3, 7, 9]}, {""id"": 8, ""elements"": [1, 4, 5, 7, 8, 9]}, {""id"": 9, ""elements"": [1, 5, 8, 9]}], ""graph"": {""num_nodes"": 9, ""edges"": [{""u"": 3, ""v"": 7}, {""u"": 3, ""v"": 9}, {""u"": 6, ""v"": 2}, {""u"": 9, ""v"": 8}, {""u"": 5, ""v"": 4}, {""u"": 5, ""v"": 8}, {""u"": 7, ""v"": 1}, {""u"": 8, ""v"": 1}, {""u"": 4, ""v"": 2}]}, ""viz_instance"": ""generated_data/SP/viz/SP_S/instance_0032.png"", ""viz_solution"": ""generated_data/SP/viz/SP_S/solution_0032.png""}","[2, 3, 6]",3.0,"{""num_elements"": 9, ""num_sets"": 9, ""sets"": [{""id"": ""S1"", ""elements"": [""A"", ""C"", ""E"", ""H""]}, {""id"": ""S2"", ""elements"": [""D"", ""E""]}, {""id"": ""S3"", ""elements"": [""A"", ""C"", ""H"", ""I""]}, {""id"": ""S4"", ""elements"": [""D"", ""E"", ""F"", ""H""]}, {""id"": ""S5"", ""elements"": [""A"", ""B"", ""D"", ""E"", ""I""]}, {""id"": ""S6"", ""elements"": [""B"", ""F""]}, {""id"": ""S7"", ""elements"": [""C"", ""G"", ""I""]}, {""id"": ""S8"", ""elements"": [""A"", ""D"", ""E"", ""G"", ""H"", ""I""]}, {""id"": ""S9"", ""elements"": [""A"", ""E"", ""H"", ""I""]}]}","[""S2"", ""S3"", ""S6""]"
SP_S_034,SP,S,34,"Someone on the ad team is trying to put together the busiest, most effective season of influencer collaborations. The better the plan, the more collaborations it includes, so evaluation is just a matter of tallying selected collaborations. The practical restriction is that any individual influencer can only take part in one chosen collaboration, so plans that double-book people aren’t allowed. The full lineup details follow below.

# total_influencers=8
# total_collaborations_offered=8
collaboration_id,collaboration_influencers
S1,3 5 6 7 8
S2,2 8
S3,3 6
S4,2 4 5
S5,5 7
S6,1 6
S7,7 8
S8,1 2 5 8

When you send back the chosen plan, just drop it into a tiny JSON object like this — keeps things simple:

{
  ""solution"": [""collab_id"", ...]
}

This just means: put the selected collaboration IDs in the ""solution"" list. ""collab_id"" is a placeholder showing the format — you'll replace those placeholders with the actual IDs from the instance. It's just a sketch of the shape I want, not the final answer itself.

Please use the identifiers exactly as they appear in the instance input — no renaming and no new labels.

- for example: ""Valid identifiers look like plain numbers such as “1” or “23”, single capital letters like “A” or “B”, or a capital letter followed by digits like “A1” or “X7”.""",csv,one_based,"{""source_file"": ""road_central.mtx"", ""k_hop"": 2, ""num_elements"": 8, ""num_sets"": 8, ""density"": 0.34375, ""sets"": [{""id"": 1, ""elements"": [3, 5, 6, 7, 8]}, {""id"": 2, ""elements"": [2, 8]}, {""id"": 3, ""elements"": [3, 6]}, {""id"": 4, ""elements"": [2, 4, 5]}, {""id"": 5, ""elements"": [5, 7]}, {""id"": 6, ""elements"": [1, 6]}, {""id"": 7, ""elements"": [7, 8]}, {""id"": 8, ""elements"": [1, 2, 5, 8]}], ""graph"": {""num_nodes"": 8, ""edges"": [{""u"": 1, ""v"": 5}, {""u"": 1, ""v"": 6}, {""u"": 8, ""v"": 2}, {""u"": 8, ""v"": 4}, {""u"": 8, ""v"": 5}, {""u"": 5, ""v"": 7}, {""u"": 3, ""v"": 6}]}, ""viz_instance"": ""generated_data/SP/viz/SP_S/instance_0033.png"", ""viz_solution"": ""generated_data/SP/viz/SP_S/solution_0033.png""}","[2, 3, 5]",3.0,"{""num_elements"": 8, ""num_sets"": 8, ""sets"": [{""id"": ""S1"", ""elements"": [3, 5, 6, 7, 8]}, {""id"": ""S2"", ""elements"": [2, 8]}, {""id"": ""S3"", ""elements"": [3, 6]}, {""id"": ""S4"", ""elements"": [2, 4, 5]}, {""id"": ""S5"", ""elements"": [5, 7]}, {""id"": ""S6"", ""elements"": [1, 6]}, {""id"": ""S7"", ""elements"": [7, 8]}, {""id"": ""S8"", ""elements"": [1, 2, 5, 8]}]}","[""S2"", ""S3"", ""S5""]"
SP_S_035,SP,S,35,"Someone at the depot needs to build tomorrow’s plan by selecting delivery runs, trying to cram in as many runs as possible. How to compare plans is straightforward: whichever plan has more runs wins — count the runs to see. The only practical rule is that no customer can be scheduled on more than one of the picked runs, so the runs must not share stops. The full list of runs and customer stops follows below.

Someone at the depot sees 6 runs that cover 8 distinct customers:
Run S1 visits customers A B C E F G H.
Run S2 visits customers A D E.
Run S3 visits customers A C F G H.
Run S4 visits customers B C D E F.
Run S5 visits customers C F.
Run S6 visits customers A C G H.
Someone at the depot will avoid overlapping customers and pick as many runs as possible.

If you want the plan in a machine-friendly nibble, I'll hand it over in a tiny JSON shape like this:

{
  ""solution"": [""run_id"", ...]
}

Here ""solution"" is just the list of chosen runs (one entry per run). Think of each string in that array as the exact run label from the input — the stops in a run are implied by that label. This JSON is only a sketch of the expected shape, not the actual answer itself.

All identifiers must be used exactly as they appear in the instance input — no renaming and no new labels.
- for example: ""Valid identifiers look like plain numbers such as “1” or “23”, single capital letters like “A” or “B”, or a capital letter followed by digits like “A1” or “X7”.""",nl,names,"{""source_file"": ""road_central.mtx"", ""k_hop"": 2, ""num_elements"": 8, ""num_sets"": 6, ""density"": 0.5416666666666666, ""sets"": [{""id"": 1, ""elements"": [1, 2, 3, 5, 6, 7, 8]}, {""id"": 2, ""elements"": [1, 4, 5]}, {""id"": 3, ""elements"": [1, 3, 6, 7, 8]}, {""id"": 4, ""elements"": [2, 3, 4, 5, 6]}, {""id"": 5, ""elements"": [3, 6]}, {""id"": 6, ""elements"": [1, 3, 7, 8]}], ""graph"": {""num_nodes"": 8, ""edges"": [{""u"": 7, ""v"": 3}, {""u"": 2, ""v"": 5}, {""u"": 8, ""v"": 3}, {""u"": 6, ""v"": 1}, {""u"": 3, ""v"": 1}, {""u"": 4, ""v"": 5}, {""u"": 5, ""v"": 1}]}, ""viz_instance"": ""generated_data/SP/viz/SP_S/instance_0034.png"", ""viz_solution"": ""generated_data/SP/viz/SP_S/solution_0034.png""}","[2, 5]",2.0,"{""num_elements"": 8, ""num_sets"": 6, ""sets"": [{""id"": ""S1"", ""elements"": [""A"", ""B"", ""C"", ""E"", ""F"", ""G"", ""H""]}, {""id"": ""S2"", ""elements"": [""A"", ""D"", ""E""]}, {""id"": ""S3"", ""elements"": [""A"", ""C"", ""F"", ""G"", ""H""]}, {""id"": ""S4"", ""elements"": [""B"", ""C"", ""D"", ""E"", ""F""]}, {""id"": ""S5"", ""elements"": [""C"", ""F""]}, {""id"": ""S6"", ""elements"": [""A"", ""C"", ""G"", ""H""]}]}","[""S2"", ""S5""]"
SP_S_036,SP,S,36,"There’s a challenge at the community center: choose which after-school activities to offer so the schedule has as many different groups as possible, but make sure no child ends up on two rosters from the selected list. The way to see how well this goes is to count how many groups are on the final schedule — that’s the score — and every chosen group’s participants must be entirely separate from the participants of every other chosen group. The concrete sign-ups and group rosters follow below.

- **total_children**: 11
- **total_activity_groups**: 11

| group_id | child_ids |
|---|---|
| S1 | 1 2 4 5 8 10 |
| S2 | 0 1 4 |
| S3 | 2 4 8 |
| S4 | 0 1 3 4 5 7 |
| S5 | 0 1 3 8 9 |
| S6 | 3 5 |
| S7 | 6 8 9 |
| S8 | 5 7 |
| S9 | 0 2 8 9 |
| S10 | 4 6 8 9 |
| S11 | 0 3 |

Just drop your final selection in that format so I can read it reliably — something small and tidy like this:

{
  ""solution"": [""group_id"", ...]
}

Here ""solution"" is the list of the after-school groups you want on the schedule, and each entry in the array is the ID of a chosen group. Think of it as the simple form I'd fill out for you: one field, a list of the groups to run. This JSON is just a sketch of the shape I need — not the actual answer itself.

Please use the exact identifiers from the sign-up sheet — don't rename them or invent new labels. 
- for example: ""Valid identifiers look like plain numbers such as “1” or “23”, single capital letters like “A” or “B”, or a capital letter followed by digits like “A1” or “X7”.",markdown_table,zero_based,"{""source_file"": ""road_central.mtx"", ""k_hop"": 2, ""num_elements"": 11, ""num_sets"": 11, ""density"": 0.3305785123966942, ""sets"": [{""id"": 1, ""elements"": [2, 3, 5, 6, 9, 11]}, {""id"": 2, ""elements"": [1, 2, 5]}, {""id"": 3, ""elements"": [3, 5, 9]}, {""id"": 4, ""elements"": [1, 2, 4, 5, 6, 8]}, {""id"": 5, ""elements"": [1, 2, 4, 9, 10]}, {""id"": 6, ""elements"": [4, 6]}, {""id"": 7, ""elements"": [7, 9, 10]}, {""id"": 8, ""elements"": [6, 8]}, {""id"": 9, ""elements"": [1, 3, 9, 10]}, {""id"": 10, ""elements"": [5, 7, 9, 10]}, {""id"": 11, ""elements"": [1, 4]}], ""graph"": {""num_nodes"": 11, ""edges"": [{""u"": 6, ""v"": 4}, {""u"": 6, ""v"": 8}, {""u"": 3, ""v"": 5}, {""u"": 10, ""v"": 9}, {""u"": 11, ""v"": 4}, {""u"": 9, ""v"": 5}, {""u"": 9, ""v"": 7}, {""u"": 2, ""v"": 1}, {""u"": 5, ""v"": 1}, {""u"": 1, ""v"": 4}]}, ""viz_instance"": ""generated_data/SP/viz/SP_S/instance_0035.png"", ""viz_solution"": ""generated_data/SP/viz/SP_S/solution_0035.png""}","[2, 7, 8]",3.0,"{""num_elements"": 11, ""num_sets"": 11, ""sets"": [{""id"": ""S1"", ""elements"": [1, 2, 4, 5, 8, 10]}, {""id"": ""S2"", ""elements"": [0, 1, 4]}, {""id"": ""S3"", ""elements"": [2, 4, 8]}, {""id"": ""S4"", ""elements"": [0, 1, 3, 4, 5, 7]}, {""id"": ""S5"", ""elements"": [0, 1, 3, 8, 9]}, {""id"": ""S6"", ""elements"": [3, 5]}, {""id"": ""S7"", ""elements"": [6, 8, 9]}, {""id"": ""S8"", ""elements"": [5, 7]}, {""id"": ""S9"", ""elements"": [0, 2, 8, 9]}, {""id"": ""S10"", ""elements"": [4, 6, 8, 9]}, {""id"": ""S11"", ""elements"": [0, 3]}]}","[""S2"", ""S7"", ""S8""]"
SP_S_037,SP,S,37,"I’m running the reading circles at the library and have a pile of proposed book discussion sessions, each with its own list of signed-up patrons. The job is to pick as many of those whole sessions to run as possible — success is simply the total number of sessions offered (just count them). The catch is that if a patron appears on two different session sign-up lists, only one of those sessions can be chosen, and every chosen session must be run with all its listed attendees; no splitting or double-booking people. The exact sign-ups and session details are shown below.

# total_patrons=8
# total_sessions_proposed=6
session_id,patron_ids
S1,1 7
S2,3 7 8
S3,3 5 6 8
S4,4 5 7 8
S5,2 3 6 7
S6,3 4 5 7 8

When you’re ready to tell me which sessions to run, just send the choices back using a tiny JSON like this:

{
  ""solution"": [""session_id"", ...]
}

Think of ""solution"" as the form field where you list the session IDs you want to run. Each entry in the array is one whole session — use the exact session identifier from the input for each chosen session. This JSON is just a sketch of the shape I expect, not the actual answer itself.

Please make sure to use the identifiers exactly as they appear in the instance input — no renaming and no new labels.
- for example: ""Valid identifiers look like plain numbers such as “1” or “23”, single capital letters like “A” or “B”, or a capital letter followed by digits like “A1” or “X7”.""",csv,one_based,"{""source_file"": ""road_central.mtx"", ""k_hop"": 2, ""num_elements"": 8, ""num_sets"": 6, ""density"": 0.4583333333333333, ""sets"": [{""id"": 1, ""elements"": [1, 7]}, {""id"": 2, ""elements"": [3, 7, 8]}, {""id"": 3, ""elements"": [3, 5, 6, 8]}, {""id"": 4, ""elements"": [4, 5, 7, 8]}, {""id"": 5, ""elements"": [2, 3, 6, 7]}, {""id"": 6, ""elements"": [3, 4, 5, 7, 8]}], ""graph"": {""num_nodes"": 8, ""edges"": [{""u"": 7, ""v"": 3}, {""u"": 7, ""v"": 5}, {""u"": 7, ""v"": 8}, {""u"": 2, ""v"": 3}, {""u"": 1, ""v"": 3}, {""u"": 5, ""v"": 8}, {""u"": 6, ""v"": 4}, {""u"": 6, ""v"": 8}]}, ""viz_instance"": ""generated_data/SP/viz/SP_S/instance_0036.png"", ""viz_solution"": ""generated_data/SP/viz/SP_S/solution_0036.png""}","[1, 3]",2.0,"{""num_elements"": 8, ""num_sets"": 6, ""sets"": [{""id"": ""S1"", ""elements"": [1, 7]}, {""id"": ""S2"", ""elements"": [3, 7, 8]}, {""id"": ""S3"", ""elements"": [3, 5, 6, 8]}, {""id"": ""S4"", ""elements"": [4, 5, 7, 8]}, {""id"": ""S5"", ""elements"": [2, 3, 6, 7]}, {""id"": ""S6"", ""elements"": [3, 4, 5, 7, 8]}]}","[""S1"", ""S3""]"
SP_S_038,SP,S,38,"We on the activities committee have to sort out which club meetings actually happen next month. The idea is to get as many different clubs running as we can; progress is measured by counting how many meetings make it onto the final plan. That only works if no student appears in two of those chosen meetings — every chosen meeting needs its own distinct set of students. The exact club names and student lists are provided below.

{
  ""total_students"": 10,
  ""total_clubs_available"": 10,
  ""sets"": [
    {
      ""club_id"": ""S1"",
      ""students_in_club"": [
        1,
        2,
        9
      ]
    },
    {
      ""club_id"": ""S2"",
      ""students_in_club"": [
        1,
        3,
        4,
        7
      ]
    },
    {
      ""club_id"": ""S3"",
      ""students_in_club"": [
        2,
        3,
        10
      ]
    },
    {
      ""club_id"": ""S4"",
      ""students_in_club"": [
        2,
        4
      ]
    },
    {
      ""club_id"": ""S5"",
      ""students_in_club"": [
        4,
        5,
        6
      ]
    },
    {
      ""club_id"": ""S6"",
      ""students_in_club"": [
        2,
        4,
        5,
        7,
        8
      ]
    },
    {
      ""club_id"": ""S7"",
      ""students_in_club"": [
        2,
        4,
        6,
        7
      ]
    },
    {
      ""club_id"": ""S8"",
      ""students_in_club"": [
        2,
        3,
        6,
        8
      ]
    },
    {
      ""club_id"": ""S9"",
      ""students_in_club"": [
        1,
        6,
        8,
        9
      ]
    },
    {
      ""club_id"": ""S10"",
      ""students_in_club"": [
        3,
        8,
        10
      ]
    }
  ]
}

Oh, and when you send the final plan back, please put it in this simple JSON shape so it's easy to read by whoever's compiling the schedule:

{
  ""solution"": [""meeting_id"", ...]
}

Think of it like a little form: ""solution"" is the list of meetings we want to run, and each entry is the identifier for one chosen meeting. The example above is just the shape I expect — not the real answer, just a sketch of how to format your reply.

Please use the meeting identifiers exactly as they appear in the instance input — no renaming, no made-up labels. 
- for example: ""Valid identifiers look like plain numbers such as “1” or “23”, single capital letters like “A” or “B”, or a capital letter followed by digits like “A1” or “X7”.""",json,one_based,"{""source_file"": ""road_central.mtx"", ""k_hop"": 2, ""num_elements"": 10, ""num_sets"": 10, ""density"": 0.35, ""sets"": [{""id"": 1, ""elements"": [1, 2, 9]}, {""id"": 2, ""elements"": [1, 3, 4, 7]}, {""id"": 3, ""elements"": [2, 3, 10]}, {""id"": 4, ""elements"": [2, 4]}, {""id"": 5, ""elements"": [4, 5, 6]}, {""id"": 6, ""elements"": [2, 4, 5, 7, 8]}, {""id"": 7, ""elements"": [2, 4, 6, 7]}, {""id"": 8, ""elements"": [2, 3, 6, 8]}, {""id"": 9, ""elements"": [1, 6, 8, 9]}, {""id"": 10, ""elements"": [3, 8, 10]}], ""graph"": {""num_nodes"": 10, ""edges"": [{""u"": 8, ""v"": 2}, {""u"": 8, ""v"": 3}, {""u"": 1, ""v"": 9}, {""u"": 3, ""v"": 10}, {""u"": 9, ""v"": 2}, {""u"": 2, ""v"": 6}, {""u"": 7, ""v"": 6}, {""u"": 5, ""v"": 4}, {""u"": 6, ""v"": 4}]}, ""viz_instance"": ""generated_data/SP/viz/SP_S/instance_0037.png"", ""viz_solution"": ""generated_data/SP/viz/SP_S/solution_0037.png""}","[1, 5, 10]",3.0,"{""num_elements"": 10, ""num_sets"": 10, ""sets"": [{""id"": ""S1"", ""elements"": [1, 2, 9]}, {""id"": ""S2"", ""elements"": [1, 3, 4, 7]}, {""id"": ""S3"", ""elements"": [2, 3, 10]}, {""id"": ""S4"", ""elements"": [2, 4]}, {""id"": ""S5"", ""elements"": [4, 5, 6]}, {""id"": ""S6"", ""elements"": [2, 4, 5, 7, 8]}, {""id"": ""S7"", ""elements"": [2, 4, 6, 7]}, {""id"": ""S8"", ""elements"": [2, 3, 6, 8]}, {""id"": ""S9"", ""elements"": [1, 6, 8, 9]}, {""id"": ""S10"", ""elements"": [3, 8, 10]}]}","[""S1"", ""S5"", ""S10""]"
SP_S_039,SP,S,39,"Someone in the marketing department has a stack of targeted campaigns and wants to run as many as possible, but each campaign pulls in certain consumer segments. To keep things clean, no consumer segment may be included in more than one campaign that’s actually run, so overlapping campaigns can’t both be selected. The better the selection, the more separate campaigns are launched — simply count how many make the cut. The detailed campaign and segment info follows below.

- **num_consumer_segments**: 10
- **num_campaigns**: 9

| campaign_id | target_segments |
|---|---|
| S1 | F H J |
| S2 | B C G J |
| S3 | C J |
| S4 | E G H J |
| S5 | D E J |
| S6 | A D F H J |
| S7 | B C D E G J |
| S8 | B G I |
| S9 | A B C D G H |

If you want to hand me the final selection, just drop it in this simple JSON shape so I can pick it up cleanly:

{
  ""solution"": [""campaign_id"", ...]
}

Think of ""solution"" as the list of campaign IDs you want to run — one entry per chosen campaign. The example value ""campaign_id"" is just a placeholder to show the format; replace those with the actual campaign identifiers from the instance when you submit your answer. This block is just a sketch of the shape I expect, not the actual answer itself.

Please make sure to use the identifiers exactly as they appear in the instance input — no renaming and no new labels.
- for example: ""Valid identifiers look like plain numbers such as “1” or “23”, single capital letters like “A” or “B”, or a capital letter followed by digits like “A1” or “X7”.""",markdown_table,names,"{""source_file"": ""road_central.mtx"", ""k_hop"": 2, ""num_elements"": 10, ""num_sets"": 9, ""density"": 0.4, ""sets"": [{""id"": 1, ""elements"": [6, 8, 10]}, {""id"": 2, ""elements"": [2, 3, 7, 10]}, {""id"": 3, ""elements"": [3, 10]}, {""id"": 4, ""elements"": [5, 7, 8, 10]}, {""id"": 5, ""elements"": [4, 5, 10]}, {""id"": 6, ""elements"": [1, 4, 6, 8, 10]}, {""id"": 7, ""elements"": [2, 3, 4, 5, 7, 10]}, {""id"": 8, ""elements"": [2, 7, 9]}, {""id"": 9, ""elements"": [1, 2, 3, 4, 7, 8]}], ""graph"": {""num_nodes"": 10, ""edges"": [{""u"": 6, ""v"": 4}, {""u"": 9, ""v"": 2}, {""u"": 8, ""v"": 4}, {""u"": 3, ""v"": 7}, {""u"": 7, ""v"": 2}, {""u"": 7, ""v"": 10}, {""u"": 4, ""v"": 1}, {""u"": 4, ""v"": 10}, {""u"": 5, ""v"": 10}]}, ""viz_instance"": ""generated_data/SP/viz/SP_S/instance_0038.png"", ""viz_solution"": ""generated_data/SP/viz/SP_S/solution_0038.png""}","[1, 8]",2.0,"{""num_elements"": 10, ""num_sets"": 9, ""sets"": [{""id"": ""S1"", ""elements"": [""F"", ""H"", ""J""]}, {""id"": ""S2"", ""elements"": [""B"", ""C"", ""G"", ""J""]}, {""id"": ""S3"", ""elements"": [""C"", ""J""]}, {""id"": ""S4"", ""elements"": [""E"", ""G"", ""H"", ""J""]}, {""id"": ""S5"", ""elements"": [""D"", ""E"", ""J""]}, {""id"": ""S6"", ""elements"": [""A"", ""D"", ""F"", ""H"", ""J""]}, {""id"": ""S7"", ""elements"": [""B"", ""C"", ""D"", ""E"", ""G"", ""J""]}, {""id"": ""S8"", ""elements"": [""B"", ""G"", ""I""]}, {""id"": ""S9"", ""elements"": [""A"", ""B"", ""C"", ""D"", ""G"", ""H""]}]}","[""S1"", ""S8""]"
SP_S_040,SP,S,40,"We have a stack of proposed care teams and a limited pool of nurses and aides, so the task is to decide which team combinations to put into service so that the most teams are active. Success is measured by how many teams get the green light — just count them. The catch is that nobody on the roster can be assigned to two active teams at once. The exact team rosters and details follow below.

- **total_staff_members**: 12
- **number_of_teams_proposed**: 11

| team_id | team_member_ids |
|---|---|
| S1 | A B H |
| S2 | A H |
| S3 | C D J L |
| S4 | C D I |
| S5 | A J L |
| S6 | D G K |
| S7 | A E H |
| S8 | D G I J K |
| S9 | C L |
| S10 | D F G I |
| S11 | C E L |

Also, when you send the final selection, please use this simple JSON layout so it's easy to parse:

{
  ""solution"": [""team_id"", ...]
}

Think of ""solution"" as just a list of the team IDs you want to activate — one string per chosen team. This is only a sketch of the shape I expect, not the actual answer; replace the placeholders with the real IDs from the instance.

Please use the identifiers exactly as they appear in the instance input — no renaming, no new labels.  
- for example: ""Valid identifiers look like plain numbers such as “1” or “23”, single capital letters like “A” or “B”, or a capital letter followed by digits like “A1” or “X7”.""",markdown_table,names,"{""source_file"": ""road_central.mtx"", ""k_hop"": 2, ""num_elements"": 12, ""num_sets"": 11, ""density"": 0.26515151515151514, ""sets"": [{""id"": 1, ""elements"": [1, 2, 8]}, {""id"": 2, ""elements"": [1, 8]}, {""id"": 3, ""elements"": [3, 4, 10, 12]}, {""id"": 4, ""elements"": [3, 4, 9]}, {""id"": 5, ""elements"": [1, 10, 12]}, {""id"": 6, ""elements"": [4, 7, 11]}, {""id"": 7, ""elements"": [1, 5, 8]}, {""id"": 8, ""elements"": [4, 7, 9, 10, 11]}, {""id"": 9, ""elements"": [3, 12]}, {""id"": 10, ""elements"": [4, 6, 7, 9]}, {""id"": 11, ""elements"": [3, 5, 12]}], ""graph"": {""num_nodes"": 12, ""edges"": [{""u"": 10, ""v"": 3}, {""u"": 10, ""v"": 5}, {""u"": 10, ""v"": 12}, {""u"": 2, ""v"": 8}, {""u"": 11, ""v"": 4}, {""u"": 11, ""v"": 6}, {""u"": 8, ""v"": 1}, {""u"": 5, ""v"": 1}, {""u"": 3, ""v"": 9}, {""u"": 4, ""v"": 7}, {""u"": 4, ""v"": 9}]}, ""viz_instance"": ""generated_data/SP/viz/SP_S/instance_0039.png"", ""viz_solution"": ""generated_data/SP/viz/SP_S/solution_0039.png""}","[2, 6, 9]",3.0,"{""num_elements"": 12, ""num_sets"": 11, ""sets"": [{""id"": ""S1"", ""elements"": [""A"", ""B"", ""H""]}, {""id"": ""S2"", ""elements"": [""A"", ""H""]}, {""id"": ""S3"", ""elements"": [""C"", ""D"", ""J"", ""L""]}, {""id"": ""S4"", ""elements"": [""C"", ""D"", ""I""]}, {""id"": ""S5"", ""elements"": [""A"", ""J"", ""L""]}, {""id"": ""S6"", ""elements"": [""D"", ""G"", ""K""]}, {""id"": ""S7"", ""elements"": [""A"", ""E"", ""H""]}, {""id"": ""S8"", ""elements"": [""D"", ""G"", ""I"", ""J"", ""K""]}, {""id"": ""S9"", ""elements"": [""C"", ""L""]}, {""id"": ""S10"", ""elements"": [""D"", ""F"", ""G"", ""I""]}, {""id"": ""S11"", ""elements"": [""C"", ""E"", ""L""]}]}","[""S2"", ""S6"", ""S9""]"
SP_S_041,SP,S,41,"There’s a little puzzle at the travel desk: which guided excursions should be offered so the calendar is packed with as many different trips as possible? Each excursion visits a group of landmarks, and the rule is that once a landmark is assigned to a chosen excursion it can’t be part of any other chosen one — no overlaps allowed. A better decision is simply the one that results in the largest number of selected excursions (you can check this by counting them), and the full list of tours and their stops is shown below.

- **total_landmarks**: 10
- **total_excursions**: 9

| excursion_id | landmarks_in_excursion |
|---|---|
| S1 | 4 7 9 |
| S2 | 0 1 2 3 5 6 7 |
| S3 | 0 2 3 4 6 |
| S4 | 1 6 |
| S5 | 0 4 5 8 |
| S6 | 2 3 |
| S7 | 0 1 7 9 |
| S8 | 5 8 |
| S9 | 1 7 |

Just send back the selected tours in a tiny JSON snippet like this so it's easy to parse:

{
  ""solution"": [""tour_id"", ...]
}

Think of ""solution"" as the form field that holds your choices — list the identifiers of the excursions you want to offer, one per entry in the array. This JSON is just a sketch of the shape I expect, not the actual answer.

Please use the exact identifiers from the instance input — don't rename them or invent new labels.

For example: Valid identifiers look like plain numbers such as “1” or “23”, single capital letters like “A” or “B”, or a capital letter followed by digits like “A1” or “X7”.",markdown_table,zero_based,"{""source_file"": ""road_central.mtx"", ""k_hop"": 2, ""num_elements"": 10, ""num_sets"": 9, ""density"": 0.34444444444444444, ""sets"": [{""id"": 1, ""elements"": [5, 8, 10]}, {""id"": 2, ""elements"": [1, 2, 3, 4, 6, 7, 8]}, {""id"": 3, ""elements"": [1, 3, 4, 5, 7]}, {""id"": 4, ""elements"": [2, 7]}, {""id"": 5, ""elements"": [1, 5, 6, 9]}, {""id"": 6, ""elements"": [3, 4]}, {""id"": 7, ""elements"": [1, 2, 8, 10]}, {""id"": 8, ""elements"": [6, 9]}, {""id"": 9, ""elements"": [2, 8]}], ""graph"": {""num_nodes"": 10, ""edges"": [{""u"": 4, ""v"": 3}, {""u"": 6, ""v"": 5}, {""u"": 5, ""v"": 2}, {""u"": 5, ""v"": 9}, {""u"": 2, ""v"": 1}, {""u"": 2, ""v"": 3}, {""u"": 8, ""v"": 1}, {""u"": 10, ""v"": 1}, {""u"": 7, ""v"": 3}]}, ""viz_instance"": ""generated_data/SP/viz/SP_S/instance_0040.png"", ""viz_solution"": ""generated_data/SP/viz/SP_S/solution_0040.png""}","[1, 4, 6, 8]",4.0,"{""num_elements"": 10, ""num_sets"": 9, ""sets"": [{""id"": ""S1"", ""elements"": [4, 7, 9]}, {""id"": ""S2"", ""elements"": [0, 1, 2, 3, 5, 6, 7]}, {""id"": ""S3"", ""elements"": [0, 2, 3, 4, 6]}, {""id"": ""S4"", ""elements"": [1, 6]}, {""id"": ""S5"", ""elements"": [0, 4, 5, 8]}, {""id"": ""S6"", ""elements"": [2, 3]}, {""id"": ""S7"", ""elements"": [0, 1, 7, 9]}, {""id"": ""S8"", ""elements"": [5, 8]}, {""id"": ""S9"", ""elements"": [1, 7]}]}","[""S1"", ""S4"", ""S6"", ""S8""]"
SP_S_042,SP,S,42,"Our charity has a stack of suggested pickup routes and the planner’s job is to pick the most routes possible to actually run; the performance metric is the count of routes we end up scheduling. The non-negotiable rule is that a particular address cannot appear on more than one scheduled route, so any shared addresses mean only one of the conflicting routes can be selected. The concrete list of routes and their addresses is given below.

{
  ""total_addresses"": 8,
  ""total_routes"": 6,
  ""sets"": [
    {
      ""route_id"": ""S1"",
      ""route_addresses"": [
        ""A"",
        ""B"",
        ""C"",
        ""F"",
        ""G""
      ]
    },
    {
      ""route_id"": ""S2"",
      ""route_addresses"": [
        ""A"",
        ""E""
      ]
    },
    {
      ""route_id"": ""S3"",
      ""route_addresses"": [
        ""B"",
        ""D"",
        ""E"",
        ""H""
      ]
    },
    {
      ""route_id"": ""S4"",
      ""route_addresses"": [
        ""B"",
        ""C"",
        ""D"",
        ""E"",
        ""G""
      ]
    },
    {
      ""route_id"": ""S5"",
      ""route_addresses"": [
        ""F"",
        ""G"",
        ""H""
      ]
    },
    {
      ""route_id"": ""S6"",
      ""route_addresses"": [
        ""D"",
        ""E"",
        ""G""
      ]
    }
  ]
}

When you're ready, just send back the chosen routes in a tiny JSON snippet like this so it's easy to parse:

{
  ""solution"": [""route_id"", ...]
}

This ""solution"" array is just the list of route IDs you want to run — one entry per scheduled route. The placeholder ""route_id"" just stands in for whatever route labels appear in the instance; treat the JSON above as a sketch of the shape I need, not the actual answer.

Please be sure to use the exact route identifiers as they appear in the instance input — don't rename them or make up new labels. 
- for example: ""Valid identifiers look like plain numbers such as “1” or “23”, single capital letters like “A” or “B”, or a capital letter followed by digits like “A1” or “X7”.""",json,names,"{""source_file"": ""road_central.mtx"", ""k_hop"": 2, ""num_elements"": 8, ""num_sets"": 6, ""density"": 0.4583333333333333, ""sets"": [{""id"": 1, ""elements"": [1, 2, 3, 6, 7]}, {""id"": 2, ""elements"": [1, 5]}, {""id"": 3, ""elements"": [2, 4, 5, 8]}, {""id"": 4, ""elements"": [2, 3, 4, 5, 7]}, {""id"": 5, ""elements"": [6, 7, 8]}, {""id"": 6, ""elements"": [4, 5, 7]}], ""graph"": {""num_nodes"": 8, ""edges"": [{""u"": 3, ""v"": 7}, {""u"": 6, ""v"": 1}, {""u"": 6, ""v"": 2}, {""u"": 4, ""v"": 2}, {""u"": 4, ""v"": 5}, {""u"": 7, ""v"": 1}, {""u"": 7, ""v"": 5}, {""u"": 5, ""v"": 8}]}, ""viz_instance"": ""generated_data/SP/viz/SP_S/instance_0041.png"", ""viz_solution"": ""generated_data/SP/viz/SP_S/solution_0041.png""}","[2, 5]",2.0,"{""num_elements"": 8, ""num_sets"": 6, ""sets"": [{""id"": ""S1"", ""elements"": [""A"", ""B"", ""C"", ""F"", ""G""]}, {""id"": ""S2"", ""elements"": [""A"", ""E""]}, {""id"": ""S3"", ""elements"": [""B"", ""D"", ""E"", ""H""]}, {""id"": ""S4"", ""elements"": [""B"", ""C"", ""D"", ""E"", ""G""]}, {""id"": ""S5"", ""elements"": [""F"", ""G"", ""H""]}, {""id"": ""S6"", ""elements"": [""D"", ""E"", ""G""]}]}","[""S2"", ""S5""]"
SP_S_043,SP,S,43,"Recently the registrar’s team was handed dozens of elective seminar submissions and the task was to pick the largest possible set to run this semester. The measure of success is straightforward: how many seminars end up on the schedule — count them up. One real-world constraint is that no single instructor can be listed to teach more than one of the selected seminars, meaning two proposals that need the same person can’t both be approved. The exact proposals and instructor names follow below.

- **total_instructors**: 11
- **total_proposals**: 10

| proposal_id | instructor_names |
|---|---|
| S1 | A C J |
| S2 | B G |
| S3 | A B F G I |
| S4 | D F I |
| S5 | C D F H I K |
| S6 | B C G H |
| S7 | B C F G H K |
| S8 | C F |
| S9 | A E J K |
| S10 | A E H K |

When you send back your pick, just use a tiny JSON snippet so it's easy to parse. Something like this:

{
  ""solution"": [""seminar_id"", ...]
}

""solution"" is the list of the selected seminar identifiers (one entry per approved proposal). The ""seminar_id"" text is just a placeholder showing the shape — replace those placeholders with the actual IDs from the instance when you give the real answer. This JSON is only a sketch of the expected shape, not the actual selection.

Please make sure to use the identifiers exactly as they appear in the instance input — no renaming and no new labels.
- for example: ""Valid identifiers look like plain numbers such as “1” or “23”, single capital letters like “A” or “B”, or a capital letter followed by digits like “A1” or “X7”"".",markdown_table,names,"{""source_file"": ""road_central.mtx"", ""k_hop"": 2, ""num_elements"": 11, ""num_sets"": 10, ""density"": 0.35454545454545455, ""sets"": [{""id"": 1, ""elements"": [1, 3, 10]}, {""id"": 2, ""elements"": [2, 7]}, {""id"": 3, ""elements"": [1, 2, 6, 7, 9]}, {""id"": 4, ""elements"": [4, 6, 9]}, {""id"": 5, ""elements"": [3, 4, 6, 8, 9, 11]}, {""id"": 6, ""elements"": [2, 3, 7, 8]}, {""id"": 7, ""elements"": [2, 3, 6, 7, 8, 11]}, {""id"": 8, ""elements"": [3, 6]}, {""id"": 9, ""elements"": [1, 5, 10, 11]}, {""id"": 10, ""elements"": [1, 5, 8, 11]}], ""graph"": {""num_nodes"": 11, ""edges"": [{""u"": 8, ""v"": 2}, {""u"": 8, ""v"": 3}, {""u"": 8, ""v"": 7}, {""u"": 9, ""v"": 6}, {""u"": 5, ""v"": 1}, {""u"": 6, ""v"": 3}, {""u"": 6, ""v"": 4}, {""u"": 11, ""v"": 1}, {""u"": 11, ""v"": 3}, {""u"": 10, ""v"": 1}]}, ""viz_instance"": ""generated_data/SP/viz/SP_S/instance_0042.png"", ""viz_solution"": ""generated_data/SP/viz/SP_S/solution_0042.png""}","[2, 4, 10]",3.0,"{""num_elements"": 11, ""num_sets"": 10, ""sets"": [{""id"": ""S1"", ""elements"": [""A"", ""C"", ""J""]}, {""id"": ""S2"", ""elements"": [""B"", ""G""]}, {""id"": ""S3"", ""elements"": [""A"", ""B"", ""F"", ""G"", ""I""]}, {""id"": ""S4"", ""elements"": [""D"", ""F"", ""I""]}, {""id"": ""S5"", ""elements"": [""C"", ""D"", ""F"", ""H"", ""I"", ""K""]}, {""id"": ""S6"", ""elements"": [""B"", ""C"", ""G"", ""H""]}, {""id"": ""S7"", ""elements"": [""B"", ""C"", ""F"", ""G"", ""H"", ""K""]}, {""id"": ""S8"", ""elements"": [""C"", ""F""]}, {""id"": ""S9"", ""elements"": [""A"", ""E"", ""J"", ""K""]}, {""id"": ""S10"", ""elements"": [""A"", ""E"", ""H"", ""K""]}]}","[""S2"", ""S4"", ""S10""]"
SP_S_044,SP,S,44,"Recently the fundraising team was handed a batch of donor lists to action, and the coordinator needs to pick which ones to run. The simple metric is how many lists are picked and acted on — that number is what we try to maximize. The practical constraint is that no individual donor can appear on more than one of the picked lists, so each chosen list must contain completely different people. The full, concrete details are shown below.

There are 12 distinct donors in the universe and 12 candidate lists available for selection.
List S1 contains donors 0 6 9.
List S2 contains donors 1 4 11.
List S3 contains donors 2 5.
List S4 contains donors 2 3 5 6 7 8.
List S5 contains donors 1 3 4 6 7 11.
List S6 contains donors 5 7 8.
List S7 contains donors 0 3 4 6 9 10.
List S8 contains donors 3 6 7 8 10.
List S9 contains donors 3 5 7 8.
List S10 contains donors 0 6 7.
List S11 contains donors 6 7 9 10.
List S12 contains donors 7 11.
We should pick as many lists as possible while ensuring no donor appears on more than one chosen list.

Oh, and to keep things machine-friendly, please return your pick in this simple JSON shape:

{
  ""solution"": [""list_id"", ...]
}

Here ""solution"" is just the array of donor lists we decide to run, and each ""list_id"" is the identifier for one of those lists (a placeholder showing the kind of value I expect). This JSON is only a sketch of the expected shape — fill it with the actual list identifiers from the instance when you reply.

Please use the identifiers exactly as they appear in the instance input — no renaming and no new labels.
- for example: ""Valid identifiers look like plain numbers such as “1” or “23”, single capital letters like “A” or “B”, or a capital letter followed by digits like “A1” or “X7”.""",nl,zero_based,"{""source_file"": ""road_central.mtx"", ""k_hop"": 2, ""num_elements"": 12, ""num_sets"": 12, ""density"": 0.3263888888888889, ""sets"": [{""id"": 1, ""elements"": [1, 7, 10]}, {""id"": 2, ""elements"": [2, 5, 12]}, {""id"": 3, ""elements"": [3, 6]}, {""id"": 4, ""elements"": [3, 4, 6, 7, 8, 9]}, {""id"": 5, ""elements"": [2, 4, 5, 7, 8, 12]}, {""id"": 6, ""elements"": [6, 8, 9]}, {""id"": 7, ""elements"": [1, 4, 5, 7, 10, 11]}, {""id"": 8, ""elements"": [4, 7, 8, 9, 11]}, {""id"": 9, ""elements"": [4, 6, 8, 9]}, {""id"": 10, ""elements"": [1, 7, 8]}, {""id"": 11, ""elements"": [7, 8, 10, 11]}, {""id"": 12, ""elements"": [8, 12]}], ""graph"": {""num_nodes"": 12, ""edges"": [{""u"": 10, ""v"": 1}, {""u"": 10, ""v"": 7}, {""u"": 5, ""v"": 8}, {""u"": 5, ""v"": 12}, {""u"": 11, ""v"": 7}, {""u"": 2, ""v"": 12}, {""u"": 3, ""v"": 6}, {""u"": 7, ""v"": 8}, {""u"": 4, ""v"": 6}, {""u"": 4, ""v"": 8}, {""u"": 4, ""v"": 9}]}, ""viz_instance"": ""generated_data/SP/viz/SP_S/instance_0043.png"", ""viz_solution"": ""generated_data/SP/viz/SP_S/solution_0043.png""}","[1, 2, 3]",3.0,"{""num_elements"": 12, ""num_sets"": 12, ""sets"": [{""id"": ""S1"", ""elements"": [0, 6, 9]}, {""id"": ""S2"", ""elements"": [1, 4, 11]}, {""id"": ""S3"", ""elements"": [2, 5]}, {""id"": ""S4"", ""elements"": [2, 3, 5, 6, 7, 8]}, {""id"": ""S5"", ""elements"": [1, 3, 4, 6, 7, 11]}, {""id"": ""S6"", ""elements"": [5, 7, 8]}, {""id"": ""S7"", ""elements"": [0, 3, 4, 6, 9, 10]}, {""id"": ""S8"", ""elements"": [3, 6, 7, 8, 10]}, {""id"": ""S9"", ""elements"": [3, 5, 7, 8]}, {""id"": ""S10"", ""elements"": [0, 6, 7]}, {""id"": ""S11"", ""elements"": [6, 7, 9, 10]}, {""id"": ""S12"", ""elements"": [7, 11]}]}","[""S1"", ""S2"", ""S3""]"
SP_S_045,SP,S,45,"There’s a festival lineup puzzle: choose as many of the available time slots as will fit into the weekend, but every slot carries its own roster of performers and nobody can appear in more than one of the picked slots. Success is measured by how many slots end up filled — just count them — and any plan that has an artist showing up in two places gets tossed. The specific slot listings and performer rosters are shown below.

# num_performers=8
# num_slots=7
slot_id,performers
S1,0 3 7
S2,1 2 5 6
S3,1 2 4 6 7
S4,0 3
S5,0 2 4
S6,0 1 5 6
S7,0 2 4 7

If you're going to send me a plan, just drop it in a tiny JSON object like this:

{
  ""solution"": [""slot_id"", ...]
}

Think of ""solution"" as the list of festival slots you want to lock in. Each item in that array should be the exact slot identifier from the instance (this block is just a shape example, not your actual answer).

Please be sure to use the identifiers exactly as they appear in the input — no renaming and no new labels.
- for example: ""Valid identifiers look like plain numbers such as “1” or “23”, single capital letters like “A” or “B”, or a capital letter followed by digits like “A1” or “X7”.""",csv,zero_based,"{""source_file"": ""road_central.mtx"", ""k_hop"": 2, ""num_elements"": 8, ""num_sets"": 7, ""density"": 0.44642857142857145, ""sets"": [{""id"": 1, ""elements"": [1, 4, 8]}, {""id"": 2, ""elements"": [2, 3, 6, 7]}, {""id"": 3, ""elements"": [2, 3, 5, 7, 8]}, {""id"": 4, ""elements"": [1, 4]}, {""id"": 5, ""elements"": [1, 3, 5]}, {""id"": 6, ""elements"": [1, 2, 6, 7]}, {""id"": 7, ""elements"": [1, 3, 5, 8]}], ""graph"": {""num_nodes"": 8, ""edges"": [{""u"": 3, ""v"": 1}, {""u"": 3, ""v"": 7}, {""u"": 4, ""v"": 8}, {""u"": 5, ""v"": 1}, {""u"": 1, ""v"": 8}, {""u"": 6, ""v"": 2}, {""u"": 7, ""v"": 2}]}, ""viz_instance"": ""generated_data/SP/viz/SP_S/instance_0044.png"", ""viz_solution"": ""generated_data/SP/viz/SP_S/solution_0044.png""}","[2, 4]",2.0,"{""num_elements"": 8, ""num_sets"": 7, ""sets"": [{""id"": ""S1"", ""elements"": [0, 3, 7]}, {""id"": ""S2"", ""elements"": [1, 2, 5, 6]}, {""id"": ""S3"", ""elements"": [1, 2, 4, 6, 7]}, {""id"": ""S4"", ""elements"": [0, 3]}, {""id"": ""S5"", ""elements"": [0, 2, 4]}, {""id"": ""S6"", ""elements"": [0, 1, 5, 6]}, {""id"": ""S7"", ""elements"": [0, 2, 4, 7]}]}","[""S2"", ""S4""]"
SP_S_046,SP,S,46,"Recently I’ve been sorting through client proposals that each require a small crew of subcontractors. The job is to pick a set of proposals that leads to the biggest number of wins — success equals the number of projects I commit to, plain and simple. The real limitation is that no subcontractor can be committed to more than one of those chosen projects, so selections can’t share people. The detailed list of projects and crews is shown below.

- **num_subcontractors**: 11
- **num_projects**: 11

| project_id | subcontractors |
|---|---|
| S1 | 1 2 4 5 6 8 10 |
| S2 | 1 6 10 |
| S3 | 1 11 |
| S4 | 4 8 10 |
| S5 | 1 3 8 9 10 11 |
| S6 | 1 2 5 6 8 9 10 11 |
| S7 | 3 7 11 |
| S8 | 2 3 6 7 8 9 10 11 |
| S9 | 6 9 11 |
| S10 | 2 3 4 5 8 10 |
| S11 | 3 5 7 8 9 11 |

Also, when you send back your choice, tuck it into this little JSON shape so it's easy to read:

{
  ""solution"": [""proposal_id"", ...]
}

Here ""solution"" is just the list of proposals you're committing to, and each ""proposal_id"" is a placeholder for an actual proposal label from the instance. Think of it like filling in a simple form — the array is the chosen projects. This JSON is only a sketch of the expected shape, not the final answer itself.

Please make sure to use the exact identifiers from the instance input — no renaming and no new labels.
- ""Valid identifiers look like plain numbers such as “1” or “23”, single capital letters like “A” or “B”, or a capital letter followed by digits like “A1” or “X7”.""",markdown_table,one_based,"{""source_file"": ""road_central.mtx"", ""k_hop"": 2, ""num_elements"": 11, ""num_sets"": 11, ""density"": 0.45454545454545453, ""sets"": [{""id"": 1, ""elements"": [1, 2, 4, 5, 6, 8, 10]}, {""id"": 2, ""elements"": [1, 6, 10]}, {""id"": 3, ""elements"": [1, 11]}, {""id"": 4, ""elements"": [4, 8, 10]}, {""id"": 5, ""elements"": [1, 3, 8, 9, 10, 11]}, {""id"": 6, ""elements"": [1, 2, 5, 6, 8, 9, 10, 11]}, {""id"": 7, ""elements"": [3, 7, 11]}, {""id"": 8, ""elements"": [2, 3, 6, 7, 8, 9, 10, 11]}, {""id"": 9, ""elements"": [6, 9, 11]}, {""id"": 10, ""elements"": [2, 3, 4, 5, 8, 10]}, {""id"": 11, ""elements"": [3, 5, 7, 8, 9, 11]}], ""graph"": {""num_nodes"": 11, ""edges"": [{""u"": 1, ""v"": 2}, {""u"": 1, ""v"": 6}, {""u"": 1, ""v"": 8}, {""u"": 1, ""v"": 10}, {""u"": 3, ""v"": 7}, {""u"": 3, ""v"": 8}, {""u"": 3, ""v"": 11}, {""u"": 6, ""v"": 5}, {""u"": 5, ""v"": 8}, {""u"": 5, ""v"": 9}, {""u"": 5, ""v"": 11}, {""u"": 4, ""v"": 10}, {""u"": 10, ""v"": 8}]}, ""viz_instance"": ""generated_data/SP/viz/SP_S/instance_0045.png"", ""viz_solution"": ""generated_data/SP/viz/SP_S/solution_0045.png""}","[4, 7]",2.0,"{""num_elements"": 11, ""num_sets"": 11, ""sets"": [{""id"": ""S1"", ""elements"": [1, 2, 4, 5, 6, 8, 10]}, {""id"": ""S2"", ""elements"": [1, 6, 10]}, {""id"": ""S3"", ""elements"": [1, 11]}, {""id"": ""S4"", ""elements"": [4, 8, 10]}, {""id"": ""S5"", ""elements"": [1, 3, 8, 9, 10, 11]}, {""id"": ""S6"", ""elements"": [1, 2, 5, 6, 8, 9, 10, 11]}, {""id"": ""S7"", ""elements"": [3, 7, 11]}, {""id"": ""S8"", ""elements"": [2, 3, 6, 7, 8, 9, 10, 11]}, {""id"": ""S9"", ""elements"": [6, 9, 11]}, {""id"": ""S10"", ""elements"": [2, 3, 4, 5, 8, 10]}, {""id"": ""S11"", ""elements"": [3, 5, 7, 8, 9, 11]}]}","[""S4"", ""S7""]"
SP_S_047,SP,S,47,"Imagine running the app store picks and trying to cram the front page full of bundles — except every app is exclusive, so it can’t be used twice. The triumph is packing in as many bundles as possible without any shared apps; success is measured simply by the number of bundles that make the cut. The particular bundles and their contents are shown below.

# total_unique_apps=8
# total_bundles=6
bundle_id,bundle_apps
S1,0 5 6 7
S2,2 3 4
S3,1 2 4 5
S4,2 3 4 5
S5,0 2 4 5 6 7
S6,0 6

Also, when you give me the final pick, just send it in a tiny JSON object like this:

{
  ""solution"": [""bundle_id"", ...]
}

""solution"" is the array of bundles you chose for the front page — each entry is the ID of one bundle that made the cut. Think of it like filling out a quick form: list the bundle IDs you want shown, in whatever order you like.

This JSON is just a sketch of the shape I expect, not the actual answer — replace the placeholder entries with the real IDs from the instance.

Please use the identifiers exactly as they appear in the instance input — no renaming and no new labels.

For example: ""Valid identifiers look like plain numbers such as “1” or “23”, single capital letters like “A” or “B”, or a capital letter followed by digits like “A1” or “X7”.""",csv,zero_based,"{""source_file"": ""road_central.mtx"", ""k_hop"": 2, ""num_elements"": 8, ""num_sets"": 6, ""density"": 0.4791666666666667, ""sets"": [{""id"": 1, ""elements"": [1, 6, 7, 8]}, {""id"": 2, ""elements"": [3, 4, 5]}, {""id"": 3, ""elements"": [2, 3, 5, 6]}, {""id"": 4, ""elements"": [3, 4, 5, 6]}, {""id"": 5, ""elements"": [1, 3, 5, 6, 7, 8]}, {""id"": 6, ""elements"": [1, 7]}], ""graph"": {""num_nodes"": 8, ""edges"": [{""u"": 2, ""v"": 4}, {""u"": 3, ""v"": 5}, {""u"": 1, ""v"": 7}, {""u"": 7, ""v"": 6}, {""u"": 7, ""v"": 8}, {""u"": 4, ""v"": 5}, {""u"": 5, ""v"": 6}]}, ""viz_instance"": ""generated_data/SP/viz/SP_S/instance_0046.png"", ""viz_solution"": ""generated_data/SP/viz/SP_S/solution_0046.png""}","[2, 6]",2.0,"{""num_elements"": 8, ""num_sets"": 6, ""sets"": [{""id"": ""S1"", ""elements"": [0, 5, 6, 7]}, {""id"": ""S2"", ""elements"": [2, 3, 4]}, {""id"": ""S3"", ""elements"": [1, 2, 4, 5]}, {""id"": ""S4"", ""elements"": [2, 3, 4, 5]}, {""id"": ""S5"", ""elements"": [0, 2, 4, 5, 6, 7]}, {""id"": ""S6"", ""elements"": [0, 6]}]}","[""S2"", ""S6""]"
SP_S_048,SP,S,48,"There’s a local watch coordinator trying to arrange tonight’s patrols by picking from several pre-made groups. The right plan is the one that sends out as many groups as possible — judge each plan by the total number of groups it uses. When a group is picked, all its members go on duty, and no resident can be on two of the selected groups at once. The detailed rosters appear below.

There are 12 distinct residents and 12 pre-made patrol groups available.
Patrol S1 includes residents 0 3 4 5 8 10.
Patrol S2 includes residents 1 6 11.
Patrol S3 includes residents 2 5 10.
Patrol S4 includes residents 3 5 8 11.
Patrol S5 includes residents 0 4 5.
Patrol S6 includes residents 0 2 4 10.
Patrol S7 includes residents 1 6 9 11.
Patrol S8 includes residents 5 7 8.
Patrol S9 includes residents 3 5 7 8.
Patrol S10 includes residents 1 9.
Patrol S11 includes residents 2 3 5 8.
Patrol S12 includes residents 1 3 5 9.
The coordinator will select as many disjoint patrols as possible, ensuring no resident is assigned to more than one.

If you want to tell me which groups to send, just return a little JSON object in this shape — nothing fancy. For this patrol story I’d use a tiny placeholder like this:

{
  ""solution"": [""group_id"", ...]
}

This means: put the identifiers of the selected groups in the solution list (one identifier per chosen group). It’s just a sketch of the shape I expect, not the actual answer — fill the list with the exact group labels from the instance.

Please make sure to use the identifiers exactly as they appear in the input — don’t rename them or invent new ones. 
- for example: ""Valid identifiers look like plain numbers such as “1” or “23”, single capital letters like “A” or “B”, or a capital letter followed by digits like “A1” or “X7”.",nl,zero_based,"{""source_file"": ""road_central.mtx"", ""k_hop"": 2, ""num_elements"": 12, ""num_sets"": 12, ""density"": 0.3055555555555556, ""sets"": [{""id"": 1, ""elements"": [1, 4, 5, 6, 9, 11]}, {""id"": 2, ""elements"": [2, 7, 12]}, {""id"": 3, ""elements"": [3, 6, 11]}, {""id"": 4, ""elements"": [4, 6, 9, 12]}, {""id"": 5, ""elements"": [1, 5, 6]}, {""id"": 6, ""elements"": [1, 3, 5, 11]}, {""id"": 7, ""elements"": [2, 7, 10, 12]}, {""id"": 8, ""elements"": [6, 8, 9]}, {""id"": 9, ""elements"": [4, 6, 8, 9]}, {""id"": 10, ""elements"": [2, 10]}, {""id"": 11, ""elements"": [3, 4, 6, 9]}, {""id"": 12, ""elements"": [2, 4, 6, 10]}], ""graph"": {""num_nodes"": 12, ""edges"": [{""u"": 2, ""v"": 7}, {""u"": 2, ""v"": 10}, {""u"": 2, ""v"": 12}, {""u"": 8, ""v"": 9}, {""u"": 9, ""v"": 6}, {""u"": 5, ""v"": 1}, {""u"": 3, ""v"": 11}, {""u"": 11, ""v"": 6}, {""u"": 1, ""v"": 6}, {""u"": 12, ""v"": 4}, {""u"": 6, ""v"": 4}]}, ""viz_instance"": ""generated_data/SP/viz/SP_S/instance_0047.png"", ""viz_solution"": ""generated_data/SP/viz/SP_S/solution_0047.png""}","[6, 8, 10]",3.0,"{""num_elements"": 12, ""num_sets"": 12, ""sets"": [{""id"": ""S1"", ""elements"": [0, 3, 4, 5, 8, 10]}, {""id"": ""S2"", ""elements"": [1, 6, 11]}, {""id"": ""S3"", ""elements"": [2, 5, 10]}, {""id"": ""S4"", ""elements"": [3, 5, 8, 11]}, {""id"": ""S5"", ""elements"": [0, 4, 5]}, {""id"": ""S6"", ""elements"": [0, 2, 4, 10]}, {""id"": ""S7"", ""elements"": [1, 6, 9, 11]}, {""id"": ""S8"", ""elements"": [5, 7, 8]}, {""id"": ""S9"", ""elements"": [3, 5, 7, 8]}, {""id"": ""S10"", ""elements"": [1, 9]}, {""id"": ""S11"", ""elements"": [2, 3, 5, 8]}, {""id"": ""S12"", ""elements"": [1, 3, 5, 9]}]}","[""S6"", ""S8"", ""S10""]"
SP_S_049,SP,S,49,"Someone organizing the reception wanted the appetizer table to look abundant, so they tried to include as many platters as they could, but with one condition: each ingredient can only appear on one of the platters that actually make the cut. The practical decision is which platters to pick to get the biggest number of platters onto the table, countable by simply tallying the selected platters, and the full list of platter options and their ingredients appears below.

# total_ingredients_count=10
# total_platters_count=10
platter_id,platter_ingredients
S1,0 3 5 8
S2,0 1 3 9
S3,2 3 4 5 6 7 8 9
S4,0 3
S5,2 4 7 8 9
S6,0 1 5 6 9
S7,2 5 6 9
S8,2 7
S9,0 2 3 4 8 9
S10,1 2 5 8

If you want to tell me which platters to use, just send them back in a tiny JSON snippet like this:

{
  ""solution"": [""platter_id""]
}

The ""solution"" array is where you list the platters you pick — one entry per platter, using the exact platter identifiers from the instance. Think of this JSON as just a simple form: it shows the shape I expect, not the actual final list (so replace ""platter_id"" with the real ids and add as many as needed).

Please don't rename or invent identifiers — use them exactly as they appear in the input.  
Valid identifiers look like plain numbers such as “1” or “23”, single capital letters like “A” or “B”, or a capital letter followed by digits like “A1” or “X7”.",csv,zero_based,"{""source_file"": ""road_central.mtx"", ""k_hop"": 2, ""num_elements"": 10, ""num_sets"": 10, ""density"": 0.44, ""sets"": [{""id"": 1, ""elements"": [1, 4, 6, 9]}, {""id"": 2, ""elements"": [1, 2, 4, 10]}, {""id"": 3, ""elements"": [3, 4, 5, 6, 7, 8, 9, 10]}, {""id"": 4, ""elements"": [1, 4]}, {""id"": 5, ""elements"": [3, 5, 8, 9, 10]}, {""id"": 6, ""elements"": [1, 2, 6, 7, 10]}, {""id"": 7, ""elements"": [3, 6, 7, 10]}, {""id"": 8, ""elements"": [3, 8]}, {""id"": 9, ""elements"": [1, 3, 4, 5, 9, 10]}, {""id"": 10, ""elements"": [2, 3, 6, 9]}], ""graph"": {""num_nodes"": 10, ""edges"": [{""u"": 4, ""v"": 1}, {""u"": 4, ""v"": 9}, {""u"": 6, ""v"": 2}, {""u"": 6, ""v"": 10}, {""u"": 7, ""v"": 10}, {""u"": 10, ""v"": 3}, {""u"": 3, ""v"": 5}, {""u"": 3, ""v"": 9}, {""u"": 5, ""v"": 8}, {""u"": 1, ""v"": 2}]}, ""viz_instance"": ""generated_data/SP/viz/SP_S/instance_0048.png"", ""viz_solution"": ""generated_data/SP/viz/SP_S/solution_0048.png""}","[4, 8]",2.0,"{""num_elements"": 10, ""num_sets"": 10, ""sets"": [{""id"": ""S1"", ""elements"": [0, 3, 5, 8]}, {""id"": ""S2"", ""elements"": [0, 1, 3, 9]}, {""id"": ""S3"", ""elements"": [2, 3, 4, 5, 6, 7, 8, 9]}, {""id"": ""S4"", ""elements"": [0, 3]}, {""id"": ""S5"", ""elements"": [2, 4, 7, 8, 9]}, {""id"": ""S6"", ""elements"": [0, 1, 5, 6, 9]}, {""id"": ""S7"", ""elements"": [2, 5, 6, 9]}, {""id"": ""S8"", ""elements"": [2, 7]}, {""id"": ""S9"", ""elements"": [0, 2, 3, 4, 8, 9]}, {""id"": ""S10"", ""elements"": [1, 2, 5, 8]}]}","[""S4"", ""S8""]"
SP_S_050,SP,S,50,"Recently the counselor had to trim the list of after-school activities: every club has a roster and the counselor wants to keep as many clubs running as possible, but if a student is listed in more than one kept club, that plan won’t work. The way to compare different plans is straightforward: tally the number of clubs that would run under each plan — the larger the tally, the better — and the concrete club lists and student assignments are given below.

There are 12 available clubs and 12 distinct students; the club rosters are listed next.
Club S1: A B E F I J L
Club S2: A B J L
Club S3: C G I
Club S4: D F K
Club S5: A E F H I
Club S6: A E F
Club S7: C G I K
Club S8: E K
Club S9: A C F
Club S10: B J
Club S11: A D G H K L
Club S12: A B K
Compare plans by tallying how many clubs can run without any student appearing in more than one chosen club.

If you want to hand me a proposed plan, just drop it in a tiny JSON snippet like this so it's easy to read:

{
  ""solution"": [""club_id"", ...]
}

Here ""solution"" is the list of clubs you'd like to keep running — each item is the club's identifier. This is just a sketch of the shape I expect, not the actual answer.

Please use the exact identifiers from the instance input — no renaming and no new labels. For example: Valid identifiers look like plain numbers such as “1” or “23”, single capital letters like “A” or “B”, or a capital letter followed by digits like “A1” or “X7”.",nl,names,"{""source_file"": ""road_central.mtx"", ""k_hop"": 2, ""num_elements"": 12, ""num_sets"": 12, ""density"": 0.3125, ""sets"": [{""id"": 1, ""elements"": [1, 2, 5, 6, 9, 10, 12]}, {""id"": 2, ""elements"": [1, 2, 10, 12]}, {""id"": 3, ""elements"": [3, 7, 9]}, {""id"": 4, ""elements"": [4, 6, 11]}, {""id"": 5, ""elements"": [1, 5, 6, 8, 9]}, {""id"": 6, ""elements"": [1, 5, 6]}, {""id"": 7, ""elements"": [3, 7, 9, 11]}, {""id"": 8, ""elements"": [5, 11]}, {""id"": 9, ""elements"": [1, 3, 6]}, {""id"": 10, ""elements"": [2, 10]}, {""id"": 11, ""elements"": [1, 4, 7, 8, 11, 12]}, {""id"": 12, ""elements"": [1, 2, 11]}], ""graph"": {""num_nodes"": 12, ""edges"": [{""u"": 10, ""v"": 2}, {""u"": 4, ""v"": 6}, {""u"": 5, ""v"": 8}, {""u"": 5, ""v"": 11}, {""u"": 1, ""v"": 2}, {""u"": 1, ""v"": 11}, {""u"": 1, ""v"": 12}, {""u"": 6, ""v"": 11}, {""u"": 3, ""v"": 7}, {""u"": 7, ""v"": 9}, {""u"": 11, ""v"": 9}]}, ""viz_instance"": ""generated_data/SP/viz/SP_S/instance_0049.png"", ""viz_solution"": ""generated_data/SP/viz/SP_S/solution_0049.png""}","[3, 8, 10]",3.0,"{""num_elements"": 12, ""num_sets"": 12, ""sets"": [{""id"": ""S1"", ""elements"": [""A"", ""B"", ""E"", ""F"", ""I"", ""J"", ""L""]}, {""id"": ""S2"", ""elements"": [""A"", ""B"", ""J"", ""L""]}, {""id"": ""S3"", ""elements"": [""C"", ""G"", ""I""]}, {""id"": ""S4"", ""elements"": [""D"", ""F"", ""K""]}, {""id"": ""S5"", ""elements"": [""A"", ""E"", ""F"", ""H"", ""I""]}, {""id"": ""S6"", ""elements"": [""A"", ""E"", ""F""]}, {""id"": ""S7"", ""elements"": [""C"", ""G"", ""I"", ""K""]}, {""id"": ""S8"", ""elements"": [""E"", ""K""]}, {""id"": ""S9"", ""elements"": [""A"", ""C"", ""F""]}, {""id"": ""S10"", ""elements"": [""B"", ""J""]}, {""id"": ""S11"", ""elements"": [""A"", ""D"", ""G"", ""H"", ""K"", ""L""]}, {""id"": ""S12"", ""elements"": [""A"", ""B"", ""K""]}]}","[""S3"", ""S8"", ""S10""]"
