id,task_id,difficulty_tier,example_index,prompt,surface_format,indexing_scheme,instance_canonical_json,reference_solution_canonical_json,reference_objective_value,instance_surface_json,reference_solution_surface_json
SMTWT_L_001,SMTWT,L,1,"Someone running a small kitchen has several batches lined up, each with an expected bake duration, a promised pickup slot, and an importance rating for how badly a late pickup would sting. The choice to make is the baking order — only one batch fits in the oven at a time and each order must be baked exactly once — and the one that’s better is the one that produces the least overall pain: every batch that finishes after its pickup time contributes its importance times the minutes it’s late, while batches finished on or before the promised time add nothing. The detailed batch info is listed below.

{
  ""n_batches"": 22,
  ""batch_ids"": [
    ""A"",
    ""B"",
    ""C"",
    ""D"",
    ""E"",
    ""F"",
    ""G"",
    ""H"",
    ""I"",
    ""J"",
    ""K"",
    ""L"",
    ""M"",
    ""N"",
    ""O"",
    ""P"",
    ""Q"",
    ""R"",
    ""S"",
    ""T"",
    ""U"",
    ""V""
  ],
  ""data"": [
    {
      ""batch_id"": ""A"",
      ""bake_time_minutes"": 5,
      ""importance_score"": 7,
      ""promised_pickup_time_minutes"": 954
    },
    {
      ""batch_id"": ""B"",
      ""bake_time_minutes"": 37,
      ""importance_score"": 7,
      ""promised_pickup_time_minutes"": 1018
    },
    {
      ""batch_id"": ""C"",
      ""bake_time_minutes"": 90,
      ""importance_score"": 3,
      ""promised_pickup_time_minutes"": 954
    },
    {
      ""batch_id"": ""D"",
      ""bake_time_minutes"": 98,
      ""importance_score"": 1,
      ""promised_pickup_time_minutes"": 1007
    },
    {
      ""batch_id"": ""E"",
      ""bake_time_minutes"": 19,
      ""importance_score"": 2,
      ""promised_pickup_time_minutes"": 1074
    },
    {
      ""batch_id"": ""F"",
      ""bake_time_minutes"": 60,
      ""importance_score"": 2,
      ""promised_pickup_time_minutes"": 1063
    },
    {
      ""batch_id"": ""G"",
      ""bake_time_minutes"": 48,
      ""importance_score"": 7,
      ""promised_pickup_time_minutes"": 962
    },
    {
      ""batch_id"": ""H"",
      ""bake_time_minutes"": 86,
      ""importance_score"": 3,
      ""promised_pickup_time_minutes"": 975
    },
    {
      ""batch_id"": ""I"",
      ""bake_time_minutes"": 90,
      ""importance_score"": 2,
      ""promised_pickup_time_minutes"": 954
    },
    {
      ""batch_id"": ""J"",
      ""bake_time_minutes"": 13,
      ""importance_score"": 3,
      ""promised_pickup_time_minutes"": 971
    },
    {
      ""batch_id"": ""K"",
      ""bake_time_minutes"": 59,
      ""importance_score"": 9,
      ""promised_pickup_time_minutes"": 1157
    },
    {
      ""batch_id"": ""L"",
      ""bake_time_minutes"": 77,
      ""importance_score"": 8,
      ""promised_pickup_time_minutes"": 1092
    },
    {
      ""batch_id"": ""M"",
      ""bake_time_minutes"": 64,
      ""importance_score"": 3,
      ""promised_pickup_time_minutes"": 1092
    },
    {
      ""batch_id"": ""N"",
      ""bake_time_minutes"": 78,
      ""importance_score"": 7,
      ""promised_pickup_time_minutes"": 1147
    },
    {
      ""batch_id"": ""O"",
      ""bake_time_minutes"": 3,
      ""importance_score"": 10,
      ""promised_pickup_time_minutes"": 1008
    },
    {
      ""batch_id"": ""P"",
      ""bake_time_minutes"": 66,
      ""importance_score"": 9,
      ""promised_pickup_time_minutes"": 987
    },
    {
      ""batch_id"": ""Q"",
      ""bake_time_minutes"": 56,
      ""importance_score"": 5,
      ""promised_pickup_time_minutes"": 964
    },
    {
      ""batch_id"": ""R"",
      ""bake_time_minutes"": 74,
      ""importance_score"": 10,
      ""promised_pickup_time_minutes"": 1086
    },
    {
      ""batch_id"": ""S"",
      ""bake_time_minutes"": 48,
      ""importance_score"": 3,
      ""promised_pickup_time_minutes"": 948
    },
    {
      ""batch_id"": ""T"",
      ""bake_time_minutes"": 80,
      ""importance_score"": 7,
      ""promised_pickup_time_minutes"": 1060
    },
    {
      ""batch_id"": ""U"",
      ""bake_time_minutes"": 71,
      ""importance_score"": 2,
      ""promised_pickup_time_minutes"": 1111
    },
    {
      ""batch_id"": ""V"",
      ""bake_time_minutes"": 97,
      ""importance_score"": 1,
      ""promised_pickup_time_minutes"": 1018
    }
  ]
}

You can just hand me the baking order in this little JSON shape when you're ready — nothing fancy, just the list of batches in the order they should go in the oven:

{
  ""solution"": [
    <batch_id_first>,
    <batch_id_second>,
    ...,
    <batch_id_last>
  ]
}

""solution"" is the ordered list of batch IDs: the first item is the batch that goes into the oven first, the next is the one after that, and so on. Think of it like filling out a lineup on a form — easy and straightforward. This JSON is just a sketch of the expected shape, not the actual schedule itself.

Please make sure all identifiers you use match exactly what's in the instance input — no renaming and no new labels. 
- for example: ""Valid identifiers look like plain numbers such as “1” or “23”, single capital letters like “A” or “B”, or a capital letter followed by digits like “A1” or “X7”.""",json,names,"{""n_jobs"": 22, ""processing_times"": [5, 37, 90, 98, 19, 60, 48, 86, 90, 13, 59, 77, 64, 78, 3, 66, 56, 74, 48, 80, 71, 97], ""weights"": [7, 7, 3, 1, 2, 2, 7, 3, 2, 3, 9, 8, 3, 7, 10, 9, 5, 10, 3, 7, 2, 1], ""due_dates"": [954, 1018, 954, 1007, 1074, 1063, 962, 975, 954, 971, 1157, 1092, 1092, 1147, 1008, 987, 964, 1086, 948, 1060, 1111, 1018]}","{""start_times"": [114, 132, 323, 1221, 1027, 638, 0, 413, 754, 119, 499, 169, 963, 1046, 320, 48, 698, 246, 844, 558, 892, 1124], ""end_times"": [119, 169, 413, 1319, 1046, 698, 48, 499, 844, 132, 558, 246, 1027, 1124, 323, 114, 754, 320, 892, 638, 963, 1221], ""tardiness"": [0, 0, 0, 312, 0, 0, 0, 0, 0, 0, 0, 0, 0, 0, 0, 0, 0, 0, 0, 0, 0, 203]}",515.0,"{""problem_type"": ""SMTWT"", ""n_jobs"": 22, ""jobs"": [""A"", ""B"", ""C"", ""D"", ""E"", ""F"", ""G"", ""H"", ""I"", ""J"", ""K"", ""L"", ""M"", ""N"", ""O"", ""P"", ""Q"", ""R"", ""S"", ""T"", ""U"", ""V""], ""job_records"": [{""job_id"": ""A"", ""processing_time"": 5, ""weight"": 7, ""due_date"": 954}, {""job_id"": ""B"", ""processing_time"": 37, ""weight"": 7, ""due_date"": 1018}, {""job_id"": ""C"", ""processing_time"": 90, ""weight"": 3, ""due_date"": 954}, {""job_id"": ""D"", ""processing_time"": 98, ""weight"": 1, ""due_date"": 1007}, {""job_id"": ""E"", ""processing_time"": 19, ""weight"": 2, ""due_date"": 1074}, {""job_id"": ""F"", ""processing_time"": 60, ""weight"": 2, ""due_date"": 1063}, {""job_id"": ""G"", ""processing_time"": 48, ""weight"": 7, ""due_date"": 962}, {""job_id"": ""H"", ""processing_time"": 86, ""weight"": 3, ""due_date"": 975}, {""job_id"": ""I"", ""processing_time"": 90, ""weight"": 2, ""due_date"": 954}, {""job_id"": ""J"", ""processing_time"": 13, ""weight"": 3, ""due_date"": 971}, {""job_id"": ""K"", ""processing_time"": 59, ""weight"": 9, ""due_date"": 1157}, {""job_id"": ""L"", ""processing_time"": 77, ""weight"": 8, ""due_date"": 1092}, {""job_id"": ""M"", ""processing_time"": 64, ""weight"": 3, ""due_date"": 1092}, {""job_id"": ""N"", ""processing_time"": 78, ""weight"": 7, ""due_date"": 1147}, {""job_id"": ""O"", ""processing_time"": 3, ""weight"": 10, ""due_date"": 1008}, {""job_id"": ""P"", ""processing_time"": 66, ""weight"": 9, ""due_date"": 987}, {""job_id"": ""Q"", ""processing_time"": 56, ""weight"": 5, ""due_date"": 964}, {""job_id"": ""R"", ""processing_time"": 74, ""weight"": 10, ""due_date"": 1086}, {""job_id"": ""S"", ""processing_time"": 48, ""weight"": 3, ""due_date"": 948}, {""job_id"": ""T"", ""processing_time"": 80, ""weight"": 7, ""due_date"": 1060}, {""job_id"": ""U"", ""processing_time"": 71, ""weight"": 2, ""due_date"": 1111}, {""job_id"": ""V"", ""processing_time"": 97, ""weight"": 1, ""due_date"": 1018}]}","[""G"", ""P"", ""A"", ""J"", ""B"", ""L"", ""R"", ""O"", ""C"", ""H"", ""K"", ""T"", ""F"", ""Q"", ""I"", ""S"", ""U"", ""M"", ""E"", ""N"", ""V"", ""D""]"
SMTWT_L_002,SMTWT,L,2,"There’s a solo video editor juggling a list of projects and a single computer, where every project has a predicted render time, a requested delivery moment, and a client priority that makes late delivery more painful for some jobs. The task is to arrange the order of renders so every clip gets done once, nothing overlaps, and the schedule causes as little overall client pain as possible. Pain for each clip is its minutes-late (zero if it’s on or before the due time) times that client’s priority, and the score for a schedule is the sum of those pains — smaller sums mean a better schedule. The exact clip durations, deadlines, and priority numbers are shown below.

They are the 21 clips, listed by identifier as 0, 1, 2, 3, 4, 5, 6, 7, 8, 9, 10, 11, 12, 13, 14, 15, 16, 17, 18, 19, 20.
Clip 0: render time 53 minutes, requested delivery at minute 585, client priority 7.
Clip 1: render time 67 minutes, requested delivery at minute 511, client priority 10.
Clip 2: render time 70 minutes, requested delivery at minute 609, client priority 7.
Clip 3: render time 90 minutes, requested delivery at minute 608, client priority 6.
Clip 4: render time 15 minutes, requested delivery at minute 535, client priority 6.
Clip 5: render time 23 minutes, requested delivery at minute 535, client priority 2.
Clip 6: render time 49 minutes, requested delivery at minute 520, client priority 6.
Clip 7: render time 29 minutes, requested delivery at minute 553, client priority 5.
Clip 8: render time 38 minutes, requested delivery at minute 678, client priority 10.
Clip 9: render time 4 minutes, requested delivery at minute 550, client priority 3.
Clip 10: render time 29 minutes, requested delivery at minute 499, client priority 2.
Clip 11: render time 15 minutes, requested delivery at minute 498, client priority 9.
Clip 12: render time 73 minutes, requested delivery at minute 659, client priority 2.
Clip 13: render time 2 minutes, requested delivery at minute 661, client priority 10.
Clip 14: render time 13 minutes, requested delivery at minute 598, client priority 2.
Clip 15: render time 21 minutes, requested delivery at minute 668, client priority 5.
Clip 16: render time 100 minutes, requested delivery at minute 496, client priority 6.
Clip 17: render time 66 minutes, requested delivery at minute 676, client priority 2.
Clip 18: render time 89 minutes, requested delivery at minute 669, client priority 5.
Clip 19: render time 39 minutes, requested delivery at minute 664, client priority 1.
Clip 20: render time 89 minutes, requested delivery at minute 675, client priority 6.
The goal is to sequence these 21 clips so the sum of client pain (minutes late × priority) is as small as possible.

If you want to hand me the exact order, just drop it in a tiny JSON snippet like this — super simple and tidy.

{
  ""solution"": [
    <clip_id_first>,
    <clip_id_second>,
    ...,
    <clip_id_last>
  ]
}

Pretty plain: ""solution"" is the list of clip IDs in the order they'll be rendered — first entry runs first, last entry runs last. Think of it as the form you'd fill out with the clip identifiers in sequence. This is just a sketch of the shape I expect, not the actual schedule.

Please use the identifiers exactly as they appear in the instance input — no renaming and no new labels.
- for example: ""Valid identifiers look like plain numbers such as “1” or “23”, single capital letters like “A” or “B”, or a capital letter followed by digits like “A1” or “X7”.""",nl,zero_based,"{""n_jobs"": 21, ""processing_times"": [53, 67, 70, 90, 15, 23, 49, 29, 38, 4, 29, 15, 73, 2, 13, 21, 100, 66, 89, 39, 89], ""weights"": [7, 10, 7, 6, 6, 2, 6, 5, 10, 3, 2, 9, 2, 10, 2, 5, 6, 2, 5, 1, 6], ""due_dates"": [585, 511, 609, 608, 535, 535, 520, 553, 678, 550, 499, 498, 659, 661, 598, 668, 496, 676, 669, 664, 675]}","{""start_times"": [167, 100, 241, 490, 460, 29, 311, 0, 580, 67, 71, 475, 862, 52, 54, 220, 360, 796, 707, 935, 618], ""end_times"": [220, 167, 311, 580, 475, 52, 360, 29, 618, 71, 100, 490, 935, 54, 67, 241, 460, 862, 796, 974, 707], ""tardiness"": [0, 0, 0, 0, 0, 0, 0, 0, 0, 0, 0, 0, 276, 0, 0, 0, 0, 186, 127, 310, 32]}",2061.0,"{""problem_type"": ""SMTWT"", ""n_jobs"": 21, ""jobs"": [0, 1, 2, 3, 4, 5, 6, 7, 8, 9, 10, 11, 12, 13, 14, 15, 16, 17, 18, 19, 20], ""job_records"": [{""job_id"": 0, ""processing_time"": 53, ""weight"": 7, ""due_date"": 585}, {""job_id"": 1, ""processing_time"": 67, ""weight"": 10, ""due_date"": 511}, {""job_id"": 2, ""processing_time"": 70, ""weight"": 7, ""due_date"": 609}, {""job_id"": 3, ""processing_time"": 90, ""weight"": 6, ""due_date"": 608}, {""job_id"": 4, ""processing_time"": 15, ""weight"": 6, ""due_date"": 535}, {""job_id"": 5, ""processing_time"": 23, ""weight"": 2, ""due_date"": 535}, {""job_id"": 6, ""processing_time"": 49, ""weight"": 6, ""due_date"": 520}, {""job_id"": 7, ""processing_time"": 29, ""weight"": 5, ""due_date"": 553}, {""job_id"": 8, ""processing_time"": 38, ""weight"": 10, ""due_date"": 678}, {""job_id"": 9, ""processing_time"": 4, ""weight"": 3, ""due_date"": 550}, {""job_id"": 10, ""processing_time"": 29, ""weight"": 2, ""due_date"": 499}, {""job_id"": 11, ""processing_time"": 15, ""weight"": 9, ""due_date"": 498}, {""job_id"": 12, ""processing_time"": 73, ""weight"": 2, ""due_date"": 659}, {""job_id"": 13, ""processing_time"": 2, ""weight"": 10, ""due_date"": 661}, {""job_id"": 14, ""processing_time"": 13, ""weight"": 2, ""due_date"": 598}, {""job_id"": 15, ""processing_time"": 21, ""weight"": 5, ""due_date"": 668}, {""job_id"": 16, ""processing_time"": 100, ""weight"": 6, ""due_date"": 496}, {""job_id"": 17, ""processing_time"": 66, ""weight"": 2, ""due_date"": 676}, {""job_id"": 18, ""processing_time"": 89, ""weight"": 5, ""due_date"": 669}, {""job_id"": 19, ""processing_time"": 39, ""weight"": 1, ""due_date"": 664}, {""job_id"": 20, ""processing_time"": 89, ""weight"": 6, ""due_date"": 675}]}","[7, 5, 13, 14, 9, 10, 1, 0, 15, 2, 6, 16, 4, 11, 3, 8, 20, 18, 17, 12, 19]"
SMTWT_L_003,SMTWT,L,3,"I work in a one-bay garage where several cars are waiting for fixes; each job has an estimated service time, a promised completion time, and a seriousness rating that says how bad it is if that car goes out late. The bay can only handle one car at a time, every car needs to be done once (no skipping or doubling up), and if a repair finishes after its promised time the lateness is how many minutes it’s late while on-time or early repairs add nothing. The “score” for a schedule is found by taking each job’s minutes-late and multiplying by its seriousness, then adding those values for all cars — the plan that keeps that total pain as small as possible is the one to shoot for. Concrete details for the specific repairs are shown below.

{
  ""n_repairs"": 25,
  ""repair_ids"": [
    ""A"",
    ""B"",
    ""C"",
    ""D"",
    ""E"",
    ""F"",
    ""G"",
    ""H"",
    ""I"",
    ""J"",
    ""K"",
    ""L"",
    ""M"",
    ""N"",
    ""O"",
    ""P"",
    ""Q"",
    ""R"",
    ""S"",
    ""T"",
    ""U"",
    ""V"",
    ""W"",
    ""X"",
    ""Y""
  ],
  ""data"": [
    {
      ""repair_id"": ""A"",
      ""service_time_minutes"": 35,
      ""severity_weight"": 7,
      ""promised_completion_time_minutes"": 406
    },
    {
      ""repair_id"": ""B"",
      ""service_time_minutes"": 54,
      ""severity_weight"": 2,
      ""promised_completion_time_minutes"": 375
    },
    {
      ""repair_id"": ""C"",
      ""service_time_minutes"": 63,
      ""severity_weight"": 10,
      ""promised_completion_time_minutes"": 333
    },
    {
      ""repair_id"": ""D"",
      ""service_time_minutes"": 33,
      ""severity_weight"": 7,
      ""promised_completion_time_minutes"": 369
    },
    {
      ""repair_id"": ""E"",
      ""service_time_minutes"": 11,
      ""severity_weight"": 3,
      ""promised_completion_time_minutes"": 319
    },
    {
      ""repair_id"": ""F"",
      ""service_time_minutes"": 39,
      ""severity_weight"": 1,
      ""promised_completion_time_minutes"": 440
    },
    {
      ""repair_id"": ""G"",
      ""service_time_minutes"": 44,
      ""severity_weight"": 1,
      ""promised_completion_time_minutes"": 284
    },
    {
      ""repair_id"": ""H"",
      ""service_time_minutes"": 3,
      ""severity_weight"": 3,
      ""promised_completion_time_minutes"": 343
    },
    {
      ""repair_id"": ""I"",
      ""service_time_minutes"": 10,
      ""severity_weight"": 6,
      ""promised_completion_time_minutes"": 407
    },
    {
      ""repair_id"": ""J"",
      ""service_time_minutes"": 62,
      ""severity_weight"": 5,
      ""promised_completion_time_minutes"": 462
    },
    {
      ""repair_id"": ""K"",
      ""service_time_minutes"": 2,
      ""severity_weight"": 6,
      ""promised_completion_time_minutes"": 439
    },
    {
      ""repair_id"": ""L"",
      ""service_time_minutes"": 15,
      ""severity_weight"": 6,
      ""promised_completion_time_minutes"": 388
    },
    {
      ""repair_id"": ""M"",
      ""service_time_minutes"": 37,
      ""severity_weight"": 2,
      ""promised_completion_time_minutes"": 355
    },
    {
      ""repair_id"": ""N"",
      ""service_time_minutes"": 16,
      ""severity_weight"": 7,
      ""promised_completion_time_minutes"": 333
    },
    {
      ""repair_id"": ""O"",
      ""service_time_minutes"": 40,
      ""severity_weight"": 2,
      ""promised_completion_time_minutes"": 386
    },
    {
      ""repair_id"": ""P"",
      ""service_time_minutes"": 96,
      ""severity_weight"": 1,
      ""promised_completion_time_minutes"": 378
    },
    {
      ""repair_id"": ""Q"",
      ""service_time_minutes"": 84,
      ""severity_weight"": 6,
      ""promised_completion_time_minutes"": 377
    },
    {
      ""repair_id"": ""R"",
      ""service_time_minutes"": 5,
      ""severity_weight"": 6,
      ""promised_completion_time_minutes"": 316
    },
    {
      ""repair_id"": ""S"",
      ""service_time_minutes"": 80,
      ""severity_weight"": 7,
      ""promised_completion_time_minutes"": 429
    },
    {
      ""repair_id"": ""T"",
      ""service_time_minutes"": 9,
      ""severity_weight"": 9,
      ""promised_completion_time_minutes"": 396
    },
    {
      ""repair_id"": ""U"",
      ""service_time_minutes"": 18,
      ""severity_weight"": 9,
      ""promised_completion_time_minutes"": 421
    },
    {
      ""repair_id"": ""V"",
      ""service_time_minutes"": 35,
      ""severity_weight"": 10,
      ""promised_completion_time_minutes"": 302
    },
    {
      ""repair_id"": ""W"",
      ""service_time_minutes"": 95,
      ""severity_weight"": 5,
      ""promised_completion_time_minutes"": 423
    },
    {
      ""repair_id"": ""X"",
      ""service_time_minutes"": 20,
      ""severity_weight"": 10,
      ""promised_completion_time_minutes"": 378
    },
    {
      ""repair_id"": ""Y"",
      ""service_time_minutes"": 28,
      ""severity_weight"": 1,
      ""promised_completion_time_minutes"": 295
    }
  ]
}

Oh, and when you send the final schedule back, please just follow this simple JSON layout so it's easy to read and parse — nothing fancy, just the ordered list of car IDs in the sequence they'll be worked on:

{
  ""solution"": [
    <car_id_first>,
    <car_id_second>,
    ...,
    <car_id_last>
  ]
}

""solution"" is the list that shows the order the cars get the bay — first item is the car you do first, next is the one after that, and so on. Each placeholder like <car_id_first> is where the actual job identifier from the instance would go; think of it like filling in the ""which car?"" fields on a form.

This is just a sketch of the shape I want, not the actual answer. Please make sure to use the exact identifiers as they appear in the instance input — do not rename them or invent new labels. Valid identifiers look like plain numbers such as “1” or “23”, single capital letters like “A” or “B”, or a capital letter followed by digits like “A1” or “X7”.",json,names,"{""n_jobs"": 25, ""processing_times"": [35, 54, 63, 33, 11, 39, 44, 3, 10, 62, 2, 15, 37, 16, 40, 96, 84, 5, 80, 9, 18, 35, 95, 20, 28], ""weights"": [7, 2, 10, 7, 3, 1, 1, 3, 6, 5, 6, 6, 2, 7, 2, 1, 6, 6, 7, 9, 9, 10, 5, 10, 1], ""due_dates"": [406, 375, 333, 369, 319, 440, 284, 343, 407, 462, 439, 388, 355, 333, 386, 378, 377, 316, 429, 396, 421, 302, 423, 378, 295]}","{""start_times"": [0, 673, 35, 98, 131, 755, 794, 142, 145, 439, 437, 160, 501, 312, 633, 838, 228, 155, 357, 328, 175, 193, 538, 337, 727], ""end_times"": [35, 727, 98, 131, 142, 794, 838, 145, 155, 501, 439, 175, 538, 328, 673, 934, 312, 160, 437, 337, 193, 228, 633, 357, 755], ""tardiness"": [0, 352, 0, 0, 0, 354, 554, 0, 0, 39, 0, 0, 183, 0, 287, 556, 0, 0, 8, 0, 0, 0, 210, 0, 460]}",4869.0,"{""problem_type"": ""SMTWT"", ""n_jobs"": 25, ""jobs"": [""A"", ""B"", ""C"", ""D"", ""E"", ""F"", ""G"", ""H"", ""I"", ""J"", ""K"", ""L"", ""M"", ""N"", ""O"", ""P"", ""Q"", ""R"", ""S"", ""T"", ""U"", ""V"", ""W"", ""X"", ""Y""], ""job_records"": [{""job_id"": ""A"", ""processing_time"": 35, ""weight"": 7, ""due_date"": 406}, {""job_id"": ""B"", ""processing_time"": 54, ""weight"": 2, ""due_date"": 375}, {""job_id"": ""C"", ""processing_time"": 63, ""weight"": 10, ""due_date"": 333}, {""job_id"": ""D"", ""processing_time"": 33, ""weight"": 7, ""due_date"": 369}, {""job_id"": ""E"", ""processing_time"": 11, ""weight"": 3, ""due_date"": 319}, {""job_id"": ""F"", ""processing_time"": 39, ""weight"": 1, ""due_date"": 440}, {""job_id"": ""G"", ""processing_time"": 44, ""weight"": 1, ""due_date"": 284}, {""job_id"": ""H"", ""processing_time"": 3, ""weight"": 3, ""due_date"": 343}, {""job_id"": ""I"", ""processing_time"": 10, ""weight"": 6, ""due_date"": 407}, {""job_id"": ""J"", ""processing_time"": 62, ""weight"": 5, ""due_date"": 462}, {""job_id"": ""K"", ""processing_time"": 2, ""weight"": 6, ""due_date"": 439}, {""job_id"": ""L"", ""processing_time"": 15, ""weight"": 6, ""due_date"": 388}, {""job_id"": ""M"", ""processing_time"": 37, ""weight"": 2, ""due_date"": 355}, {""job_id"": ""N"", ""processing_time"": 16, ""weight"": 7, ""due_date"": 333}, {""job_id"": ""O"", ""processing_time"": 40, ""weight"": 2, ""due_date"": 386}, {""job_id"": ""P"", ""processing_time"": 96, ""weight"": 1, ""due_date"": 378}, {""job_id"": ""Q"", ""processing_time"": 84, ""weight"": 6, ""due_date"": 377}, {""job_id"": ""R"", ""processing_time"": 5, ""weight"": 6, ""due_date"": 316}, {""job_id"": ""S"", ""processing_time"": 80, ""weight"": 7, ""due_date"": 429}, {""job_id"": ""T"", ""processing_time"": 9, ""weight"": 9, ""due_date"": 396}, {""job_id"": ""U"", ""processing_time"": 18, ""weight"": 9, ""due_date"": 421}, {""job_id"": ""V"", ""processing_time"": 35, ""weight"": 10, ""due_date"": 302}, {""job_id"": ""W"", ""processing_time"": 95, ""weight"": 5, ""due_date"": 423}, {""job_id"": ""X"", ""processing_time"": 20, ""weight"": 10, ""due_date"": 378}, {""job_id"": ""Y"", ""processing_time"": 28, ""weight"": 1, ""due_date"": 295}]}","[""A"", ""C"", ""D"", ""E"", ""H"", ""I"", ""R"", ""L"", ""U"", ""V"", ""Q"", ""N"", ""T"", ""X"", ""S"", ""K"", ""J"", ""M"", ""W"", ""O"", ""B"", ""Y"", ""F"", ""G"", ""P""]"
SMTWT_L_004,SMTWT,L,4,"There’s a small salon day where one stylist has to juggle a list of requests: each cut or color has an estimated duration, a requested end time, and a weight showing how upset the customer will be if they’re late. The stylist must fit everyone in the single chair without double-booking, and try to make the overall customer pain as tiny as possible — for each person who ends up finishing after their requested time, take the minutes late, multiply by their importance, and sum those values across all clients. The concrete schedule items appear below.

{
  ""n_appointments"": 24,
  ""appointment_ids"": [
    0,
    1,
    2,
    3,
    4,
    5,
    6,
    7,
    8,
    9,
    10,
    11,
    12,
    13,
    14,
    15,
    16,
    17,
    18,
    19,
    20,
    21,
    22,
    23
  ],
  ""data"": [
    {
      ""appointment_id"": 0,
      ""expected_duration_minutes"": 10,
      ""customer_importance"": 2,
      ""requested_end_time_minutes"": 189
    },
    {
      ""appointment_id"": 1,
      ""expected_duration_minutes"": 52,
      ""customer_importance"": 7,
      ""requested_end_time_minutes"": 221
    },
    {
      ""appointment_id"": 2,
      ""expected_duration_minutes"": 6,
      ""customer_importance"": 8,
      ""requested_end_time_minutes"": 207
    },
    {
      ""appointment_id"": 3,
      ""expected_duration_minutes"": 76,
      ""customer_importance"": 6,
      ""requested_end_time_minutes"": 151
    },
    {
      ""appointment_id"": 4,
      ""expected_duration_minutes"": 76,
      ""customer_importance"": 3,
      ""requested_end_time_minutes"": 202
    },
    {
      ""appointment_id"": 5,
      ""expected_duration_minutes"": 30,
      ""customer_importance"": 8,
      ""requested_end_time_minutes"": 181
    },
    {
      ""appointment_id"": 6,
      ""expected_duration_minutes"": 82,
      ""customer_importance"": 8,
      ""requested_end_time_minutes"": 195
    },
    {
      ""appointment_id"": 7,
      ""expected_duration_minutes"": 67,
      ""customer_importance"": 2,
      ""requested_end_time_minutes"": 301
    },
    {
      ""appointment_id"": 8,
      ""expected_duration_minutes"": 20,
      ""customer_importance"": 8,
      ""requested_end_time_minutes"": 302
    },
    {
      ""appointment_id"": 9,
      ""expected_duration_minutes"": 75,
      ""customer_importance"": 9,
      ""requested_end_time_minutes"": 156
    },
    {
      ""appointment_id"": 10,
      ""expected_duration_minutes"": 69,
      ""customer_importance"": 10,
      ""requested_end_time_minutes"": 133
    },
    {
      ""appointment_id"": 11,
      ""expected_duration_minutes"": 5,
      ""customer_importance"": 2,
      ""requested_end_time_minutes"": 253
    },
    {
      ""appointment_id"": 12,
      ""expected_duration_minutes"": 4,
      ""customer_importance"": 7,
      ""requested_end_time_minutes"": 167
    },
    {
      ""appointment_id"": 13,
      ""expected_duration_minutes"": 9,
      ""customer_importance"": 4,
      ""requested_end_time_minutes"": 260
    },
    {
      ""appointment_id"": 14,
      ""expected_duration_minutes"": 41,
      ""customer_importance"": 6,
      ""requested_end_time_minutes"": 287
    },
    {
      ""appointment_id"": 15,
      ""expected_duration_minutes"": 81,
      ""customer_importance"": 9,
      ""requested_end_time_minutes"": 286
    },
    {
      ""appointment_id"": 16,
      ""expected_duration_minutes"": 7,
      ""customer_importance"": 8,
      ""requested_end_time_minutes"": 284
    },
    {
      ""appointment_id"": 17,
      ""expected_duration_minutes"": 4,
      ""customer_importance"": 5,
      ""requested_end_time_minutes"": 277
    },
    {
      ""appointment_id"": 18,
      ""expected_duration_minutes"": 18,
      ""customer_importance"": 3,
      ""requested_end_time_minutes"": 184
    },
    {
      ""appointment_id"": 19,
      ""expected_duration_minutes"": 71,
      ""customer_importance"": 2,
      ""requested_end_time_minutes"": 120
    },
    {
      ""appointment_id"": 20,
      ""expected_duration_minutes"": 38,
      ""customer_importance"": 10,
      ""requested_end_time_minutes"": 297
    },
    {
      ""appointment_id"": 21,
      ""expected_duration_minutes"": 68,
      ""customer_importance"": 6,
      ""requested_end_time_minutes"": 176
    },
    {
      ""appointment_id"": 22,
      ""expected_duration_minutes"": 43,
      ""customer_importance"": 2,
      ""requested_end_time_minutes"": 311
    },
    {
      ""appointment_id"": 23,
      ""expected_duration_minutes"": 92,
      ""customer_importance"": 10,
      ""requested_end_time_minutes"": 133
    }
  ]
}

If you want to hand me a proposed schedule, just pop it into this little JSON shape so I can read it easily:

{
  ""solution"": [
    <client_id_first>,
    <client_id_second>,
    ...,
    <client_id_last>
  ]
}

This just means ""solution"" should be an ordered list of client IDs in the sequence the stylist will see them — earliest appointment first, last one last. Think of the placeholders as blanks to fill with the actual client IDs from the problem instance. The JSON above is just a sketch of the shape I expect, not the real schedule.

Please be sure to use the exact identifiers from the instance input — no renaming and no new labels. 

Valid identifiers look like plain numbers such as “1” or “23”, single capital letters like “A” or “B”, or a capital letter followed by digits like “A1” or “X7”.",json,zero_based,"{""n_jobs"": 24, ""processing_times"": [10, 52, 6, 76, 76, 30, 82, 67, 20, 75, 69, 5, 4, 9, 41, 81, 7, 4, 18, 71, 38, 68, 43, 92], ""weights"": [2, 7, 8, 6, 3, 8, 8, 2, 8, 9, 10, 2, 7, 4, 6, 9, 8, 5, 3, 2, 10, 6, 2, 10], ""due_dates"": [189, 221, 207, 151, 202, 181, 195, 301, 302, 156, 133, 253, 167, 260, 287, 286, 284, 277, 184, 120, 297, 176, 311, 133]}","{""start_times"": [202, 336, 196, 711, 830, 148, 561, 906, 212, 69, 0, 232, 144, 237, 295, 388, 246, 253, 178, 973, 257, 643, 787, 469], ""end_times"": [212, 388, 202, 787, 906, 178, 643, 973, 232, 144, 69, 237, 148, 246, 336, 469, 253, 257, 196, 1044, 295, 711, 830, 561], ""tardiness"": [23, 167, 0, 636, 704, 0, 448, 672, 0, 0, 0, 0, 0, 0, 49, 183, 0, 0, 12, 924, 0, 535, 519, 428]}",24424.0,"{""problem_type"": ""SMTWT"", ""n_jobs"": 24, ""jobs"": [0, 1, 2, 3, 4, 5, 6, 7, 8, 9, 10, 11, 12, 13, 14, 15, 16, 17, 18, 19, 20, 21, 22, 23], ""job_records"": [{""job_id"": 0, ""processing_time"": 10, ""weight"": 2, ""due_date"": 189}, {""job_id"": 1, ""processing_time"": 52, ""weight"": 7, ""due_date"": 221}, {""job_id"": 2, ""processing_time"": 6, ""weight"": 8, ""due_date"": 207}, {""job_id"": 3, ""processing_time"": 76, ""weight"": 6, ""due_date"": 151}, {""job_id"": 4, ""processing_time"": 76, ""weight"": 3, ""due_date"": 202}, {""job_id"": 5, ""processing_time"": 30, ""weight"": 8, ""due_date"": 181}, {""job_id"": 6, ""processing_time"": 82, ""weight"": 8, ""due_date"": 195}, {""job_id"": 7, ""processing_time"": 67, ""weight"": 2, ""due_date"": 301}, {""job_id"": 8, ""processing_time"": 20, ""weight"": 8, ""due_date"": 302}, {""job_id"": 9, ""processing_time"": 75, ""weight"": 9, ""due_date"": 156}, {""job_id"": 10, ""processing_time"": 69, ""weight"": 10, ""due_date"": 133}, {""job_id"": 11, ""processing_time"": 5, ""weight"": 2, ""due_date"": 253}, {""job_id"": 12, ""processing_time"": 4, ""weight"": 7, ""due_date"": 167}, {""job_id"": 13, ""processing_time"": 9, ""weight"": 4, ""due_date"": 260}, {""job_id"": 14, ""processing_time"": 41, ""weight"": 6, ""due_date"": 287}, {""job_id"": 15, ""processing_time"": 81, ""weight"": 9, ""due_date"": 286}, {""job_id"": 16, ""processing_time"": 7, ""weight"": 8, ""due_date"": 284}, {""job_id"": 17, ""processing_time"": 4, ""weight"": 5, ""due_date"": 277}, {""job_id"": 18, ""processing_time"": 18, ""weight"": 3, ""due_date"": 184}, {""job_id"": 19, ""processing_time"": 71, ""weight"": 2, ""due_date"": 120}, {""job_id"": 20, ""processing_time"": 38, ""weight"": 10, ""due_date"": 297}, {""job_id"": 21, ""processing_time"": 68, ""weight"": 6, ""due_date"": 176}, {""job_id"": 22, ""processing_time"": 43, ""weight"": 2, ""due_date"": 311}, {""job_id"": 23, ""processing_time"": 92, ""weight"": 10, ""due_date"": 133}]}","[10, 9, 12, 5, 18, 2, 0, 8, 11, 13, 16, 17, 20, 14, 1, 15, 23, 6, 21, 3, 22, 4, 7, 19]"
SMTWT_L_005,SMTWT,L,5,"We run a one-printer shop where requests pile up: each request comes with a page count, a pickup deadline, and an urgency rating. The trick is deciding which job to print first, second, and so on — the printer can’t do two jobs at once, nothing can be skipped or duplicated, and every order must be completed. To compare schedules, take each job’s lateness (how long it finishes after its promised pickup; if it’s on time or early, that’s zero), multiply that lateness by the job’s urgency, and sum those values across all jobs — the goal is to make that total as small as possible. The specific orders and timings are listed below.

{
  ""n_orders"": 23,
  ""order_ids"": [
    0,
    1,
    2,
    3,
    4,
    5,
    6,
    7,
    8,
    9,
    10,
    11,
    12,
    13,
    14,
    15,
    16,
    17,
    18,
    19,
    20,
    21,
    22
  ],
  ""data"": [
    {
      ""order_id"": 0,
      ""pages_to_print"": 71,
      ""urgency_rating"": 9,
      ""pickup_deadline"": 1080
    },
    {
      ""order_id"": 1,
      ""pages_to_print"": 41,
      ""urgency_rating"": 3,
      ""pickup_deadline"": 932
    },
    {
      ""order_id"": 2,
      ""pages_to_print"": 17,
      ""urgency_rating"": 8,
      ""pickup_deadline"": 1151
    },
    {
      ""order_id"": 3,
      ""pages_to_print"": 72,
      ""urgency_rating"": 4,
      ""pickup_deadline"": 1238
    },
    {
      ""order_id"": 4,
      ""pages_to_print"": 92,
      ""urgency_rating"": 1,
      ""pickup_deadline"": 970
    },
    {
      ""order_id"": 5,
      ""pages_to_print"": 69,
      ""urgency_rating"": 2,
      ""pickup_deadline"": 995
    },
    {
      ""order_id"": 6,
      ""pages_to_print"": 39,
      ""urgency_rating"": 7,
      ""pickup_deadline"": 1202
    },
    {
      ""order_id"": 7,
      ""pages_to_print"": 65,
      ""urgency_rating"": 2,
      ""pickup_deadline"": 1074
    },
    {
      ""order_id"": 8,
      ""pages_to_print"": 25,
      ""urgency_rating"": 3,
      ""pickup_deadline"": 818
    },
    {
      ""order_id"": 9,
      ""pages_to_print"": 92,
      ""urgency_rating"": 8,
      ""pickup_deadline"": 1166
    },
    {
      ""order_id"": 10,
      ""pages_to_print"": 98,
      ""urgency_rating"": 3,
      ""pickup_deadline"": 890
    },
    {
      ""order_id"": 11,
      ""pages_to_print"": 56,
      ""urgency_rating"": 3,
      ""pickup_deadline"": 1086
    },
    {
      ""order_id"": 12,
      ""pages_to_print"": 22,
      ""urgency_rating"": 1,
      ""pickup_deadline"": 1089
    },
    {
      ""order_id"": 13,
      ""pages_to_print"": 20,
      ""urgency_rating"": 9,
      ""pickup_deadline"": 1299
    },
    {
      ""order_id"": 14,
      ""pages_to_print"": 85,
      ""urgency_rating"": 5,
      ""pickup_deadline"": 910
    },
    {
      ""order_id"": 15,
      ""pages_to_print"": 14,
      ""urgency_rating"": 6,
      ""pickup_deadline"": 908
    },
    {
      ""order_id"": 16,
      ""pages_to_print"": 64,
      ""urgency_rating"": 6,
      ""pickup_deadline"": 1022
    },
    {
      ""order_id"": 17,
      ""pages_to_print"": 84,
      ""urgency_rating"": 2,
      ""pickup_deadline"": 941
    },
    {
      ""order_id"": 18,
      ""pages_to_print"": 29,
      ""urgency_rating"": 4,
      ""pickup_deadline"": 1128
    },
    {
      ""order_id"": 19,
      ""pages_to_print"": 28,
      ""urgency_rating"": 5,
      ""pickup_deadline"": 1274
    },
    {
      ""order_id"": 20,
      ""pages_to_print"": 98,
      ""urgency_rating"": 5,
      ""pickup_deadline"": 1117
    },
    {
      ""order_id"": 21,
      ""pages_to_print"": 66,
      ""urgency_rating"": 1,
      ""pickup_deadline"": 1231
    },
    {
      ""order_id"": 22,
      ""pages_to_print"": 72,
      ""urgency_rating"": 10,
      ""pickup_deadline"": 904
    }
  ]
}

If you want to return a schedule, just pop it into this little JSON shape so it's easy to read and parse — pretty much list the orders in the sequence the printer should run them.

{
  ""solution"": [
    <order_id_first>,
    <order_id_second>,
    ...,
    <order_id_last>
  ]
}

Here ""solution"" is the list of order identifiers in the exact order they should be printed (first through last). The angle-bracket placeholders are just a sketch of the shape I expect — replace them with the actual order IDs from the instance when you answer.

Please make sure you use the exact identifiers as given in the problem input — do not rename them or invent new labels.  
Valid identifiers look like plain numbers such as “1” or “23”, single capital letters like “A” or “B”, or a capital letter followed by digits like “A1” or “X7”.",json,zero_based,"{""n_jobs"": 23, ""processing_times"": [71, 41, 17, 72, 92, 69, 39, 65, 25, 92, 98, 56, 22, 20, 85, 14, 64, 84, 29, 28, 98, 66, 72], ""weights"": [9, 3, 8, 4, 1, 2, 7, 2, 3, 8, 3, 3, 1, 9, 5, 6, 6, 2, 4, 5, 5, 1, 10], ""due_dates"": [1080, 932, 1151, 1238, 970, 995, 1202, 1074, 818, 1166, 890, 1086, 1089, 1299, 910, 908, 1022, 941, 1128, 1274, 1117, 1231, 904]}","{""start_times"": [668, 837, 1116, 1133, 364, 470, 1077, 603, 98, 956, 0, 878, 934, 1233, 123, 456, 539, 280, 1048, 1205, 739, 1253, 208], ""end_times"": [739, 878, 1133, 1205, 456, 539, 1116, 668, 123, 1048, 98, 934, 956, 1253, 208, 470, 603, 364, 1077, 1233, 837, 1319, 280], ""tardiness"": [0, 0, 0, 0, 0, 0, 0, 0, 0, 0, 0, 0, 0, 0, 0, 0, 0, 0, 0, 0, 0, 88, 0]}",88.0,"{""problem_type"": ""SMTWT"", ""n_jobs"": 23, ""jobs"": [0, 1, 2, 3, 4, 5, 6, 7, 8, 9, 10, 11, 12, 13, 14, 15, 16, 17, 18, 19, 20, 21, 22], ""job_records"": [{""job_id"": 0, ""processing_time"": 71, ""weight"": 9, ""due_date"": 1080}, {""job_id"": 1, ""processing_time"": 41, ""weight"": 3, ""due_date"": 932}, {""job_id"": 2, ""processing_time"": 17, ""weight"": 8, ""due_date"": 1151}, {""job_id"": 3, ""processing_time"": 72, ""weight"": 4, ""due_date"": 1238}, {""job_id"": 4, ""processing_time"": 92, ""weight"": 1, ""due_date"": 970}, {""job_id"": 5, ""processing_time"": 69, ""weight"": 2, ""due_date"": 995}, {""job_id"": 6, ""processing_time"": 39, ""weight"": 7, ""due_date"": 1202}, {""job_id"": 7, ""processing_time"": 65, ""weight"": 2, ""due_date"": 1074}, {""job_id"": 8, ""processing_time"": 25, ""weight"": 3, ""due_date"": 818}, {""job_id"": 9, ""processing_time"": 92, ""weight"": 8, ""due_date"": 1166}, {""job_id"": 10, ""processing_time"": 98, ""weight"": 3, ""due_date"": 890}, {""job_id"": 11, ""processing_time"": 56, ""weight"": 3, ""due_date"": 1086}, {""job_id"": 12, ""processing_time"": 22, ""weight"": 1, ""due_date"": 1089}, {""job_id"": 13, ""processing_time"": 20, ""weight"": 9, ""due_date"": 1299}, {""job_id"": 14, ""processing_time"": 85, ""weight"": 5, ""due_date"": 910}, {""job_id"": 15, ""processing_time"": 14, ""weight"": 6, ""due_date"": 908}, {""job_id"": 16, ""processing_time"": 64, ""weight"": 6, ""due_date"": 1022}, {""job_id"": 17, ""processing_time"": 84, ""weight"": 2, ""due_date"": 941}, {""job_id"": 18, ""processing_time"": 29, ""weight"": 4, ""due_date"": 1128}, {""job_id"": 19, ""processing_time"": 28, ""weight"": 5, ""due_date"": 1274}, {""job_id"": 20, ""processing_time"": 98, ""weight"": 5, ""due_date"": 1117}, {""job_id"": 21, ""processing_time"": 66, ""weight"": 1, ""due_date"": 1231}, {""job_id"": 22, ""processing_time"": 72, ""weight"": 10, ""due_date"": 904}]}","[10, 8, 14, 22, 17, 4, 15, 5, 16, 7, 0, 20, 1, 11, 12, 9, 18, 6, 2, 3, 19, 13, 21]"
SMTWT_L_006,SMTWT,L,6,"Recently the receptionist had to rearrange a morning of appointments for a single exam room: each patient had a scheduled time, a consultation length, and a clinical priority that reflects how important punctuality is for them. The goal in choosing the order is simple to explain in plain terms — whenever someone finishes after their appointment, multiply the minutes late by their priority, add those numbers for everyone, and keep that total as low as possible; finishing on time counts as zero. Every patient must be seen once, there’s no overlapping visits, and the exact appointment times, lengths, and priorities follow below.

There are 22 patients to schedule: 1, 2, 3, 4, 5, 6, 7, 8, 9, 10, 11, 12, 13, 14, 15, 16, 17, 18, 19, 20, 21, 22.

| patient_id | consultation_length_minutes | clinical_priority | appointment_time |
|---|---|---|---|
| 1 | 9 | 10 | 792 |
| 2 | 45 | 5 | 854 |
| 3 | 53 | 10 | 493 |
| 4 | 15 | 6 | 748 |
| 5 | 42 | 7 | 590 |
| 6 | 97 | 1 | 736 |
| 7 | 71 | 4 | 765 |
| 8 | 66 | 3 | 732 |
| 9 | 7 | 2 | 623 |
| 10 | 88 | 7 | 529 |
| 11 | 6 | 7 | 709 |
| 12 | 98 | 6 | 573 |
| 13 | 95 | 6 | 627 |
| 14 | 36 | 5 | 590 |
| 15 | 20 | 7 | 758 |
| 16 | 59 | 10 | 683 |
| 17 | 94 | 10 | 773 |
| 18 | 6 | 1 | 710 |
| 19 | 81 | 7 | 814 |
| 20 | 70 | 9 | 819 |
| 21 | 65 | 10 | 715 |
| 22 | 29 | 4 | 850 |

All 22 patients listed must be seen once with no overlapping visits.

If you could send the final ordering back as a tiny JSON snippet, that would be perfect — something casual like the shape below that just lists the patients in the order they'll be seen.

{
  ""solution"": [
    <patient_id_first>,
    <patient_id_second>,
    ...,
    <patient_id_last>
  ]
}

""solution"" is the ordered list of appointments — first entry is seen first, last entry is seen last. The angle-bracket items are placeholders for the patient identifiers from the instance; this block is just a sketch of the shape I want, not the actual answer.

Please use the exact identifiers from the input with no renaming and no new labels. Valid identifiers look like plain numbers such as “1” or “23”, single capital letters like “A” or “B”, or a capital letter followed by digits like “A1” or “X7”.",markdown_table,one_based,"{""n_jobs"": 22, ""processing_times"": [9, 45, 53, 15, 42, 97, 71, 66, 7, 88, 6, 98, 95, 36, 20, 59, 94, 6, 81, 70, 65, 29], ""weights"": [10, 5, 10, 6, 7, 1, 4, 3, 2, 7, 7, 6, 6, 5, 7, 10, 10, 1, 7, 9, 10, 4], ""due_dates"": [792, 854, 493, 748, 590, 736, 765, 732, 623, 529, 709, 573, 627, 590, 758, 683, 773, 710, 814, 819, 715, 850]}","{""start_times"": [545, 873, 0, 678, 239, 1055, 918, 989, 317, 53, 418, 141, 450, 281, 430, 554, 324, 424, 763, 693, 613, 844], ""end_times"": [554, 918, 53, 693, 281, 1152, 989, 1055, 324, 141, 424, 239, 545, 317, 450, 613, 418, 430, 844, 763, 678, 873], ""tardiness"": [0, 64, 0, 0, 0, 416, 224, 323, 0, 0, 0, 0, 0, 0, 0, 0, 0, 0, 30, 0, 0, 23]}",2903.0,"{""problem_type"": ""SMTWT"", ""n_jobs"": 22, ""jobs"": [1, 2, 3, 4, 5, 6, 7, 8, 9, 10, 11, 12, 13, 14, 15, 16, 17, 18, 19, 20, 21, 22], ""job_records"": [{""job_id"": 1, ""processing_time"": 9, ""weight"": 10, ""due_date"": 792}, {""job_id"": 2, ""processing_time"": 45, ""weight"": 5, ""due_date"": 854}, {""job_id"": 3, ""processing_time"": 53, ""weight"": 10, ""due_date"": 493}, {""job_id"": 4, ""processing_time"": 15, ""weight"": 6, ""due_date"": 748}, {""job_id"": 5, ""processing_time"": 42, ""weight"": 7, ""due_date"": 590}, {""job_id"": 6, ""processing_time"": 97, ""weight"": 1, ""due_date"": 736}, {""job_id"": 7, ""processing_time"": 71, ""weight"": 4, ""due_date"": 765}, {""job_id"": 8, ""processing_time"": 66, ""weight"": 3, ""due_date"": 732}, {""job_id"": 9, ""processing_time"": 7, ""weight"": 2, ""due_date"": 623}, {""job_id"": 10, ""processing_time"": 88, ""weight"": 7, ""due_date"": 529}, {""job_id"": 11, ""processing_time"": 6, ""weight"": 7, ""due_date"": 709}, {""job_id"": 12, ""processing_time"": 98, ""weight"": 6, ""due_date"": 573}, {""job_id"": 13, ""processing_time"": 95, ""weight"": 6, ""due_date"": 627}, {""job_id"": 14, ""processing_time"": 36, ""weight"": 5, ""due_date"": 590}, {""job_id"": 15, ""processing_time"": 20, ""weight"": 7, ""due_date"": 758}, {""job_id"": 16, ""processing_time"": 59, ""weight"": 10, ""due_date"": 683}, {""job_id"": 17, ""processing_time"": 94, ""weight"": 10, ""due_date"": 773}, {""job_id"": 18, ""processing_time"": 6, ""weight"": 1, ""due_date"": 710}, {""job_id"": 19, ""processing_time"": 81, ""weight"": 7, ""due_date"": 814}, {""job_id"": 20, ""processing_time"": 70, ""weight"": 9, ""due_date"": 819}, {""job_id"": 21, ""processing_time"": 65, ""weight"": 10, ""due_date"": 715}, {""job_id"": 22, ""processing_time"": 29, ""weight"": 4, ""due_date"": 850}]}","[3, 10, 12, 5, 14, 9, 17, 11, 18, 15, 13, 1, 16, 21, 4, 20, 19, 22, 2, 7, 8, 6]"
SMTWT_L_007,SMTWT,L,7,"In my bakery the lone decorator faces a list of cakes, each needing a set amount of decorating time, promised for a particular pickup slot, and carrying a different consequence for being late. The only decision is the order they’re tackled in, with the rule that the station can only handle one cake at a time and every cake must be completed once. For any cake completed after its pickup, measure the minutes late and scale that by the cake’s lateness penalty; add those scaled late minutes for all cakes — the aim is to make that sum as small as it can be. The full, concrete times, pickups, and penalties are given below.

{
  ""n_cakes"": 29,
  ""cake_list"": [
    1,
    2,
    3,
    4,
    5,
    6,
    7,
    8,
    9,
    10,
    11,
    12,
    13,
    14,
    15,
    16,
    17,
    18,
    19,
    20,
    21,
    22,
    23,
    24,
    25,
    26,
    27,
    28,
    29
  ],
  ""data"": [
    {
      ""cake_id"": 1,
      ""decorating_time_minutes"": 64,
      ""lateness_penalty_weight"": 2,
      ""promised_pickup_time_minutes"": 816
    },
    {
      ""cake_id"": 2,
      ""decorating_time_minutes"": 35,
      ""lateness_penalty_weight"": 2,
      ""promised_pickup_time_minutes"": 831
    },
    {
      ""cake_id"": 3,
      ""decorating_time_minutes"": 47,
      ""lateness_penalty_weight"": 10,
      ""promised_pickup_time_minutes"": 415
    },
    {
      ""cake_id"": 4,
      ""decorating_time_minutes"": 82,
      ""lateness_penalty_weight"": 6,
      ""promised_pickup_time_minutes"": 798
    },
    {
      ""cake_id"": 5,
      ""decorating_time_minutes"": 32,
      ""lateness_penalty_weight"": 7,
      ""promised_pickup_time_minutes"": 815
    },
    {
      ""cake_id"": 6,
      ""decorating_time_minutes"": 89,
      ""lateness_penalty_weight"": 1,
      ""promised_pickup_time_minutes"": 594
    },
    {
      ""cake_id"": 7,
      ""decorating_time_minutes"": 61,
      ""lateness_penalty_weight"": 4,
      ""promised_pickup_time_minutes"": 382
    },
    {
      ""cake_id"": 8,
      ""decorating_time_minutes"": 99,
      ""lateness_penalty_weight"": 6,
      ""promised_pickup_time_minutes"": 663
    },
    {
      ""cake_id"": 9,
      ""decorating_time_minutes"": 43,
      ""lateness_penalty_weight"": 5,
      ""promised_pickup_time_minutes"": 816
    },
    {
      ""cake_id"": 10,
      ""decorating_time_minutes"": 11,
      ""lateness_penalty_weight"": 7,
      ""promised_pickup_time_minutes"": 440
    },
    {
      ""cake_id"": 11,
      ""decorating_time_minutes"": 69,
      ""lateness_penalty_weight"": 2,
      ""promised_pickup_time_minutes"": 293
    },
    {
      ""cake_id"": 12,
      ""decorating_time_minutes"": 41,
      ""lateness_penalty_weight"": 4,
      ""promised_pickup_time_minutes"": 653
    },
    {
      ""cake_id"": 13,
      ""decorating_time_minutes"": 29,
      ""lateness_penalty_weight"": 8,
      ""promised_pickup_time_minutes"": 296
    },
    {
      ""cake_id"": 14,
      ""decorating_time_minutes"": 87,
      ""lateness_penalty_weight"": 5,
      ""promised_pickup_time_minutes"": 707
    },
    {
      ""cake_id"": 15,
      ""decorating_time_minutes"": 72,
      ""lateness_penalty_weight"": 10,
      ""promised_pickup_time_minutes"": 771
    },
    {
      ""cake_id"": 16,
      ""decorating_time_minutes"": 11,
      ""lateness_penalty_weight"": 8,
      ""promised_pickup_time_minutes"": 838
    },
    {
      ""cake_id"": 17,
      ""decorating_time_minutes"": 20,
      ""lateness_penalty_weight"": 3,
      ""promised_pickup_time_minutes"": 516
    },
    {
      ""cake_id"": 18,
      ""decorating_time_minutes"": 45,
      ""lateness_penalty_weight"": 5,
      ""promised_pickup_time_minutes"": 453
    },
    {
      ""cake_id"": 19,
      ""decorating_time_minutes"": 13,
      ""lateness_penalty_weight"": 10,
      ""promised_pickup_time_minutes"": 387
    },
    {
      ""cake_id"": 20,
      ""decorating_time_minutes"": 45,
      ""lateness_penalty_weight"": 4,
      ""promised_pickup_time_minutes"": 427
    },
    {
      ""cake_id"": 21,
      ""decorating_time_minutes"": 41,
      ""lateness_penalty_weight"": 9,
      ""promised_pickup_time_minutes"": 549
    },
    {
      ""cake_id"": 22,
      ""decorating_time_minutes"": 29,
      ""lateness_penalty_weight"": 10,
      ""promised_pickup_time_minutes"": 672
    },
    {
      ""cake_id"": 23,
      ""decorating_time_minutes"": 25,
      ""lateness_penalty_weight"": 2,
      ""promised_pickup_time_minutes"": 538
    },
    {
      ""cake_id"": 24,
      ""decorating_time_minutes"": 9,
      ""lateness_penalty_weight"": 7,
      ""promised_pickup_time_minutes"": 631
    },
    {
      ""cake_id"": 25,
      ""decorating_time_minutes"": 43,
      ""lateness_penalty_weight"": 10,
      ""promised_pickup_time_minutes"": 321
    },
    {
      ""cake_id"": 26,
      ""decorating_time_minutes"": 78,
      ""lateness_penalty_weight"": 2,
      ""promised_pickup_time_minutes"": 817
    },
    {
      ""cake_id"": 27,
      ""decorating_time_minutes"": 78,
      ""lateness_penalty_weight"": 9,
      ""promised_pickup_time_minutes"": 335
    },
    {
      ""cake_id"": 28,
      ""decorating_time_minutes"": 55,
      ""lateness_penalty_weight"": 8,
      ""promised_pickup_time_minutes"": 367
    },
    {
      ""cake_id"": 29,
      ""decorating_time_minutes"": 82,
      ""lateness_penalty_weight"": 7,
      ""promised_pickup_time_minutes"": 529
    }
  ]
}

If you'd like the final answer in a predictable, copy-pasteable shape, just drop it into a tiny JSON object like this:

{
  ""solution"": [
    <cake_id_first>,
    <cake_id_second>,
    <cake_id_third>,
    <cake_id_fourth>,
    <cake_id_last>
  ]
}

Think of ""solution"" as the ordered to-do list for the decorator: each placeholder like <cake_id_first> is where you put the identifier of the cake that should be done first, the next one is the cake to do second, and so on. This is just a sketch of the shape I expect — not the actual schedule itself.

Please make sure to use the exact identifiers from the instance input, without renaming or inventing new labels. Valid identifiers look like plain numbers such as “1” or “23”, single capital letters like “A” or “B”, or a capital letter followed by digits like “A1” or “X7”.",json,one_based,"{""n_jobs"": 29, ""processing_times"": [64, 35, 47, 82, 32, 89, 61, 99, 43, 11, 69, 41, 29, 87, 72, 11, 20, 45, 13, 45, 41, 29, 25, 9, 43, 78, 78, 55, 82], ""weights"": [2, 2, 10, 6, 7, 1, 4, 6, 5, 7, 2, 4, 8, 5, 10, 8, 3, 5, 10, 4, 9, 10, 2, 7, 10, 2, 9, 8, 7], ""due_dates"": [816, 831, 415, 798, 815, 594, 382, 663, 816, 440, 293, 653, 296, 707, 771, 838, 516, 453, 387, 427, 549, 672, 538, 631, 321, 817, 335, 367, 529]}","{""start_times"": [1135, 1100, 0, 832, 746, 1346, 47, 914, 778, 108, 1199, 604, 119, 1013, 674, 821, 550, 324, 369, 382, 509, 645, 570, 595, 148, 1268, 191, 269, 427], ""end_times"": [1199, 1135, 47, 914, 778, 1435, 108, 1013, 821, 119, 1268, 645, 148, 1100, 746, 832, 570, 369, 382, 427, 550, 674, 595, 604, 191, 1346, 269, 324, 509], ""tardiness"": [383, 304, 0, 116, 0, 841, 0, 350, 5, 0, 975, 0, 0, 393, 0, 0, 54, 0, 0, 0, 1, 2, 57, 0, 0, 529, 0, 0, 0]}",10314.0,"{""problem_type"": ""SMTWT"", ""n_jobs"": 29, ""jobs"": [1, 2, 3, 4, 5, 6, 7, 8, 9, 10, 11, 12, 13, 14, 15, 16, 17, 18, 19, 20, 21, 22, 23, 24, 25, 26, 27, 28, 29], ""job_records"": [{""job_id"": 1, ""processing_time"": 64, ""weight"": 2, ""due_date"": 816}, {""job_id"": 2, ""processing_time"": 35, ""weight"": 2, ""due_date"": 831}, {""job_id"": 3, ""processing_time"": 47, ""weight"": 10, ""due_date"": 415}, {""job_id"": 4, ""processing_time"": 82, ""weight"": 6, ""due_date"": 798}, {""job_id"": 5, ""processing_time"": 32, ""weight"": 7, ""due_date"": 815}, {""job_id"": 6, ""processing_time"": 89, ""weight"": 1, ""due_date"": 594}, {""job_id"": 7, ""processing_time"": 61, ""weight"": 4, ""due_date"": 382}, {""job_id"": 8, ""processing_time"": 99, ""weight"": 6, ""due_date"": 663}, {""job_id"": 9, ""processing_time"": 43, ""weight"": 5, ""due_date"": 816}, {""job_id"": 10, ""processing_time"": 11, ""weight"": 7, ""due_date"": 440}, {""job_id"": 11, ""processing_time"": 69, ""weight"": 2, ""due_date"": 293}, {""job_id"": 12, ""processing_time"": 41, ""weight"": 4, ""due_date"": 653}, {""job_id"": 13, ""processing_time"": 29, ""weight"": 8, ""due_date"": 296}, {""job_id"": 14, ""processing_time"": 87, ""weight"": 5, ""due_date"": 707}, {""job_id"": 15, ""processing_time"": 72, ""weight"": 10, ""due_date"": 771}, {""job_id"": 16, ""processing_time"": 11, ""weight"": 8, ""due_date"": 838}, {""job_id"": 17, ""processing_time"": 20, ""weight"": 3, ""due_date"": 516}, {""job_id"": 18, ""processing_time"": 45, ""weight"": 5, ""due_date"": 453}, {""job_id"": 19, ""processing_time"": 13, ""weight"": 10, ""due_date"": 387}, {""job_id"": 20, ""processing_time"": 45, ""weight"": 4, ""due_date"": 427}, {""job_id"": 21, ""processing_time"": 41, ""weight"": 9, ""due_date"": 549}, {""job_id"": 22, ""processing_time"": 29, ""weight"": 10, ""due_date"": 672}, {""job_id"": 23, ""processing_time"": 25, ""weight"": 2, ""due_date"": 538}, {""job_id"": 24, ""processing_time"": 9, ""weight"": 7, ""due_date"": 631}, {""job_id"": 25, ""processing_time"": 43, ""weight"": 10, ""due_date"": 321}, {""job_id"": 26, ""processing_time"": 78, ""weight"": 2, ""due_date"": 817}, {""job_id"": 27, ""processing_time"": 78, ""weight"": 9, ""due_date"": 335}, {""job_id"": 28, ""processing_time"": 55, ""weight"": 8, ""due_date"": 367}, {""job_id"": 29, ""processing_time"": 82, ""weight"": 7, ""due_date"": 529}]}","[3, 7, 10, 13, 25, 27, 28, 18, 19, 20, 29, 21, 17, 23, 24, 12, 22, 15, 5, 9, 16, 4, 8, 14, 2, 1, 11, 26, 6]"
SMTWT_L_008,SMTWT,L,8,"A few months ago an engineer described scheduling tough choices on a lone server: a set of maintenance jobs, each with how long it takes, a target completion moment, and an impact score for lateness. Jobs can’t overlap and every job has to be run exactly once. If a job finishes after its target, the extra minutes are that job’s lateness, which are multiplied by the impact score to produce a penalty; sum all those penalties together. The trick is to order the jobs so that total penalty is as small as possible. The detailed job data are provided below.

There are 22 maintenance jobs to schedule: their identifiers are 1, 2, 3, 4, 5, 6, 7, 8, 9, 10, 11, 12, 13, 14, 15, 16, 17, 18, 19, 20, 21, 22.

| job_id | execution_time_minutes | impact_score | target_completion_time |
|---|---|---|---|
| 1 | 32 | 7 | 110 |
| 2 | 65 | 1 | 179 |
| 3 | 71 | 2 | 475 |
| 4 | 21 | 1 | 16 |
| 5 | 32 | 9 | 444 |
| 6 | 30 | 5 | 424 |
| 7 | 71 | 1 | 205 |
| 8 | 33 | 8 | 378 |
| 9 | 51 | 3 | 114 |
| 10 | 71 | 6 | 496 |
| 11 | 60 | 10 | 182 |
| 12 | 94 | 5 | 366 |
| 13 | 90 | 6 | 461 |
| 14 | 71 | 8 | 507 |
| 15 | 68 | 4 | 120 |
| 16 | 81 | 1 | 450 |
| 17 | 44 | 8 | 10 |
| 18 | 76 | 3 | 444 |
| 19 | 85 | 8 | 41 |
| 20 | 47 | 1 | 485 |
| 21 | 50 | 1 | 102 |
| 22 | 36 | 2 | 314 |

The goal is to order them so the total weighted lateness penalty is as small as possible.

Oh, and when you give the final order, a little JSON sketch like the one below is perfect — just an object with a ""solution"" array listing the job ids in the run order.

{
  ""solution"": [
    <job_id_first>,
    <job_id_second>,
    ...,
    <job_id_last>
  ]
}

Here’s what that tiny JSON is saying in plain English: ""solution"" holds the schedule as a simple ordered list — first entry is the job to run first, next entry is the job to run second, and so on until the last job. Think of it as filling out a form with the job IDs in the sequence you want.

This JSON is only the expected shape (a sketch), not the actual answer.

Please use the exact job identifiers from the instance input — do not rename them or invent new labels. Valid identifiers look like:
- plain numbers such as ""1"" or ""23""
- single capital letters like ""A"" or ""B""
- a capital letter followed by digits like ""A1"" or ""X7""",markdown_table,one_based,"{""n_jobs"": 22, ""processing_times"": [32, 65, 71, 21, 32, 30, 71, 33, 51, 71, 60, 94, 90, 71, 68, 81, 44, 76, 85, 47, 50, 36], ""weights"": [7, 1, 2, 1, 9, 5, 1, 8, 3, 6, 10, 5, 6, 8, 4, 1, 8, 3, 8, 1, 1, 2], ""due_dates"": [110, 179, 475, 16, 444, 424, 205, 378, 114, 496, 182, 366, 461, 507, 120, 450, 10, 444, 41, 485, 102, 314]}","{""start_times"": [44, 1062, 894, 797, 403, 373, 1127, 340, 221, 506, 161, 703, 577, 435, 272, 1198, 0, 818, 76, 965, 1012, 667], ""end_times"": [76, 1127, 965, 818, 435, 403, 1198, 373, 272, 577, 221, 797, 667, 506, 340, 1279, 44, 894, 161, 1012, 1062, 703], ""tardiness"": [0, 948, 490, 802, 0, 0, 993, 0, 158, 81, 39, 431, 206, 0, 220, 829, 34, 450, 120, 527, 960, 389]}",15020.0,"{""problem_type"": ""SMTWT"", ""n_jobs"": 22, ""jobs"": [1, 2, 3, 4, 5, 6, 7, 8, 9, 10, 11, 12, 13, 14, 15, 16, 17, 18, 19, 20, 21, 22], ""job_records"": [{""job_id"": 1, ""processing_time"": 32, ""weight"": 7, ""due_date"": 110}, {""job_id"": 2, ""processing_time"": 65, ""weight"": 1, ""due_date"": 179}, {""job_id"": 3, ""processing_time"": 71, ""weight"": 2, ""due_date"": 475}, {""job_id"": 4, ""processing_time"": 21, ""weight"": 1, ""due_date"": 16}, {""job_id"": 5, ""processing_time"": 32, ""weight"": 9, ""due_date"": 444}, {""job_id"": 6, ""processing_time"": 30, ""weight"": 5, ""due_date"": 424}, {""job_id"": 7, ""processing_time"": 71, ""weight"": 1, ""due_date"": 205}, {""job_id"": 8, ""processing_time"": 33, ""weight"": 8, ""due_date"": 378}, {""job_id"": 9, ""processing_time"": 51, ""weight"": 3, ""due_date"": 114}, {""job_id"": 10, ""processing_time"": 71, ""weight"": 6, ""due_date"": 496}, {""job_id"": 11, ""processing_time"": 60, ""weight"": 10, ""due_date"": 182}, {""job_id"": 12, ""processing_time"": 94, ""weight"": 5, ""due_date"": 366}, {""job_id"": 13, ""processing_time"": 90, ""weight"": 6, ""due_date"": 461}, {""job_id"": 14, ""processing_time"": 71, ""weight"": 8, ""due_date"": 507}, {""job_id"": 15, ""processing_time"": 68, ""weight"": 4, ""due_date"": 120}, {""job_id"": 16, ""processing_time"": 81, ""weight"": 1, ""due_date"": 450}, {""job_id"": 17, ""processing_time"": 44, ""weight"": 8, ""due_date"": 10}, {""job_id"": 18, ""processing_time"": 76, ""weight"": 3, ""due_date"": 444}, {""job_id"": 19, ""processing_time"": 85, ""weight"": 8, ""due_date"": 41}, {""job_id"": 20, ""processing_time"": 47, ""weight"": 1, ""due_date"": 485}, {""job_id"": 21, ""processing_time"": 50, ""weight"": 1, ""due_date"": 102}, {""job_id"": 22, ""processing_time"": 36, ""weight"": 2, ""due_date"": 314}]}","[17, 1, 19, 11, 9, 15, 8, 6, 5, 14, 10, 13, 22, 12, 4, 18, 3, 20, 21, 2, 7, 16]"
SMTWT_L_009,SMTWT,L,9,"One afternoon the tailor looked at a pile of shirts and dresses, each with an estimated stitch time, a promised pickup day, and a note about how upset the customer would be if it’s late. The job is to pick the sequence so that for each piece any lateness (finish minus promised time, or zero if on time) gets multiplied by that piece’s upset-level, and then those products are all added up — the lower that total, the better the service. Only one garment can be worked on at a time, every alteration needs doing once, and the full breakdown of times and deadlines is provided below.

# total_garments=27
# garment_ids=1, 2, 3, 4, 5, 6, 7, 8, 9, 10, 11, 12, 13, 14, 15, 16, 17, 18, 19, 20, 21, 22, 23, 24, 25, 26, 27
garment_id,stitch_time,upset_level,promised_pickup_time
1,79,4,758
2,28,3,709
3,59,3,1447
4,65,6,1365
5,92,9,774
6,62,6,729
7,92,9,1468
8,67,7,1166
9,47,1,1082
10,94,6,1238
11,59,5,1012
12,94,3,940
13,4,2,917
14,5,9,734
15,22,7,1070
16,45,7,1103
17,96,8,821
18,17,4,867
19,34,3,880
20,96,1,1225
21,8,8,1014
22,22,8,1333
23,7,4,1051
24,47,6,1350
25,30,10,872
26,57,4,1162
27,26,3,904

Oh, and to make answering easy, please return your chosen sequence in this simple JSON shape so I can read it programmatically:

{
  ""solution"": [
    <garment_id_first>,
    <garment_id_second>,
    ...,
    <garment_id_last>
  ]
}

This ""solution"" array is just the sewing order: the first item is the garment you finish first, and the last is the one finished last. Think of each placeholder as a slot where you put the actual garment ID from the instance.

The JSON above is only a sketch of the expected shape — don't treat it as the final schedule. When you fill it in, use the exact identifiers from the instance input: no renaming, no invented labels. Valid identifiers look like:

- ""1"" or ""23""
- ""A"" or ""B""
- ""A1"" or ""X7""",csv,one_based,"{""n_jobs"": 27, ""processing_times"": [79, 28, 59, 65, 92, 62, 92, 67, 47, 94, 59, 94, 4, 5, 22, 45, 96, 17, 34, 96, 8, 22, 7, 47, 30, 57, 26], ""weights"": [4, 3, 3, 6, 9, 6, 9, 7, 1, 6, 5, 3, 2, 9, 7, 7, 8, 4, 3, 1, 8, 8, 4, 6, 10, 4, 3], ""due_dates"": [758, 709, 1447, 1365, 774, 729, 1468, 1166, 1082, 1238, 1012, 940, 917, 734, 1070, 1103, 821, 867, 880, 1225, 1014, 1333, 1051, 1350, 872, 1162, 904]}","{""start_times"": [62, 141, 1295, 1230, 169, 0, 1116, 755, 634, 975, 567, 426, 563, 357, 688, 710, 261, 520, 392, 879, 626, 1208, 681, 1069, 362, 822, 537], ""end_times"": [141, 169, 1354, 1295, 261, 62, 1208, 822, 681, 1069, 626, 520, 567, 362, 710, 755, 357, 537, 426, 975, 634, 1230, 688, 1116, 392, 879, 563], ""tardiness"": [0, 0, 0, 0, 0, 0, 0, 0, 0, 0, 0, 0, 0, 0, 0, 0, 0, 0, 0, 0, 0, 0, 0, 0, 0, 0, 0]}",0.0,"{""problem_type"": ""SMTWT"", ""n_jobs"": 27, ""jobs"": [1, 2, 3, 4, 5, 6, 7, 8, 9, 10, 11, 12, 13, 14, 15, 16, 17, 18, 19, 20, 21, 22, 23, 24, 25, 26, 27], ""job_records"": [{""job_id"": 1, ""processing_time"": 79, ""weight"": 4, ""due_date"": 758}, {""job_id"": 2, ""processing_time"": 28, ""weight"": 3, ""due_date"": 709}, {""job_id"": 3, ""processing_time"": 59, ""weight"": 3, ""due_date"": 1447}, {""job_id"": 4, ""processing_time"": 65, ""weight"": 6, ""due_date"": 1365}, {""job_id"": 5, ""processing_time"": 92, ""weight"": 9, ""due_date"": 774}, {""job_id"": 6, ""processing_time"": 62, ""weight"": 6, ""due_date"": 729}, {""job_id"": 7, ""processing_time"": 92, ""weight"": 9, ""due_date"": 1468}, {""job_id"": 8, ""processing_time"": 67, ""weight"": 7, ""due_date"": 1166}, {""job_id"": 9, ""processing_time"": 47, ""weight"": 1, ""due_date"": 1082}, {""job_id"": 10, ""processing_time"": 94, ""weight"": 6, ""due_date"": 1238}, {""job_id"": 11, ""processing_time"": 59, ""weight"": 5, ""due_date"": 1012}, {""job_id"": 12, ""processing_time"": 94, ""weight"": 3, ""due_date"": 940}, {""job_id"": 13, ""processing_time"": 4, ""weight"": 2, ""due_date"": 917}, {""job_id"": 14, ""processing_time"": 5, ""weight"": 9, ""due_date"": 734}, {""job_id"": 15, ""processing_time"": 22, ""weight"": 7, ""due_date"": 1070}, {""job_id"": 16, ""processing_time"": 45, ""weight"": 7, ""due_date"": 1103}, {""job_id"": 17, ""processing_time"": 96, ""weight"": 8, ""due_date"": 821}, {""job_id"": 18, ""processing_time"": 17, ""weight"": 4, ""due_date"": 867}, {""job_id"": 19, ""processing_time"": 34, ""weight"": 3, ""due_date"": 880}, {""job_id"": 20, ""processing_time"": 96, ""weight"": 1, ""due_date"": 1225}, {""job_id"": 21, ""processing_time"": 8, ""weight"": 8, ""due_date"": 1014}, {""job_id"": 22, ""processing_time"": 22, ""weight"": 8, ""due_date"": 1333}, {""job_id"": 23, ""processing_time"": 7, ""weight"": 4, ""due_date"": 1051}, {""job_id"": 24, ""processing_time"": 47, ""weight"": 6, ""due_date"": 1350}, {""job_id"": 25, ""processing_time"": 30, ""weight"": 10, ""due_date"": 872}, {""job_id"": 26, ""processing_time"": 57, ""weight"": 4, ""due_date"": 1162}, {""job_id"": 27, ""processing_time"": 26, ""weight"": 3, ""due_date"": 904}]}","[6, 1, 2, 5, 17, 14, 25, 19, 12, 18, 27, 13, 11, 21, 9, 23, 15, 16, 8, 26, 20, 10, 24, 7, 22, 4, 3]"
SMTWT_L_010,SMTWT,L,10,"Picture this: a single-grill food stall, a queue of orders, and for each order a known cook time, a promised pickup minute, and a priority number that says how important punctuality is. The choice is the cooking order — nothing can overlap on the grill and every order must be cooked once without repeats or omissions. For any order finished after its pickup time, note the minutes late (zero if it’s on time), multiply those minutes by that order’s priority, and add up those products across all orders — the schedule with the smallest total pain is the one to aim for. The specific order details are listed below.

# n_orders=21
# order_ids=A, B, C, D, E, F, G, H, I, J, K, L, M, N, O, P, Q, R, S, T, U
order_id,cook_time_minutes,priority_score,promised_pickup_minute
A,18,2,360
B,57,9,513
C,72,6,478
D,39,9,727
E,62,5,587
F,63,7,365
G,49,5,552
H,29,9,796
I,58,3,728
J,43,2,932
K,74,5,520
L,94,5,788
M,49,8,583
N,27,10,589
O,93,1,985
P,26,7,950
Q,8,1,355
R,64,6,1001
S,71,5,835
T,58,1,909
U,77,4,579

Oh, and if you want to hand me the final cooking order, just drop it into a tiny JSON block like this:

{
  ""solution"": [
    <order_id_first>,
    <order_id_second>,
    ...,
    <order_id_last>
  ]
}

This ""solution"" array is simply the cooking sequence from first to last — each placeholder like <order_id_first> is where you'd put one order's identifier in the order they get cooked. It's just a sketch of the shape I expect, not the actual answer.

Please use the exact identifiers from the instance input — don't rename them or invent new labels. 
- for example: ""Valid identifiers look like plain numbers such as “1” or “23”, single capital letters like “A” or “B”, or a capital letter followed by digits like “A1” or “X7”.""",csv,names,"{""n_jobs"": 21, ""processing_times"": [18, 57, 72, 39, 62, 63, 49, 29, 58, 43, 74, 94, 49, 27, 93, 26, 8, 64, 71, 58, 77], ""weights"": [2, 9, 6, 9, 5, 7, 5, 9, 3, 2, 5, 5, 8, 10, 1, 7, 1, 6, 5, 1, 4], ""due_dates"": [360, 513, 478, 727, 587, 365, 552, 796, 728, 932, 520, 788, 583, 589, 985, 950, 355, 1001, 835, 909, 579]}","{""start_times"": [63, 274, 380, 556, 130, 0, 81, 653, 595, 847, 192, 682, 331, 452, 1038, 890, 266, 916, 776, 980, 479], ""end_times"": [81, 331, 452, 595, 192, 63, 130, 682, 653, 890, 266, 776, 380, 479, 1131, 916, 274, 980, 847, 1038, 556], ""tardiness"": [0, 0, 0, 0, 0, 0, 0, 0, 0, 0, 0, 0, 0, 0, 146, 0, 0, 0, 12, 129, 0]}",335.0,"{""problem_type"": ""SMTWT"", ""n_jobs"": 21, ""jobs"": [""A"", ""B"", ""C"", ""D"", ""E"", ""F"", ""G"", ""H"", ""I"", ""J"", ""K"", ""L"", ""M"", ""N"", ""O"", ""P"", ""Q"", ""R"", ""S"", ""T"", ""U""], ""job_records"": [{""job_id"": ""A"", ""processing_time"": 18, ""weight"": 2, ""due_date"": 360}, {""job_id"": ""B"", ""processing_time"": 57, ""weight"": 9, ""due_date"": 513}, {""job_id"": ""C"", ""processing_time"": 72, ""weight"": 6, ""due_date"": 478}, {""job_id"": ""D"", ""processing_time"": 39, ""weight"": 9, ""due_date"": 727}, {""job_id"": ""E"", ""processing_time"": 62, ""weight"": 5, ""due_date"": 587}, {""job_id"": ""F"", ""processing_time"": 63, ""weight"": 7, ""due_date"": 365}, {""job_id"": ""G"", ""processing_time"": 49, ""weight"": 5, ""due_date"": 552}, {""job_id"": ""H"", ""processing_time"": 29, ""weight"": 9, ""due_date"": 796}, {""job_id"": ""I"", ""processing_time"": 58, ""weight"": 3, ""due_date"": 728}, {""job_id"": ""J"", ""processing_time"": 43, ""weight"": 2, ""due_date"": 932}, {""job_id"": ""K"", ""processing_time"": 74, ""weight"": 5, ""due_date"": 520}, {""job_id"": ""L"", ""processing_time"": 94, ""weight"": 5, ""due_date"": 788}, {""job_id"": ""M"", ""processing_time"": 49, ""weight"": 8, ""due_date"": 583}, {""job_id"": ""N"", ""processing_time"": 27, ""weight"": 10, ""due_date"": 589}, {""job_id"": ""O"", ""processing_time"": 93, ""weight"": 1, ""due_date"": 985}, {""job_id"": ""P"", ""processing_time"": 26, ""weight"": 7, ""due_date"": 950}, {""job_id"": ""Q"", ""processing_time"": 8, ""weight"": 1, ""due_date"": 355}, {""job_id"": ""R"", ""processing_time"": 64, ""weight"": 6, ""due_date"": 1001}, {""job_id"": ""S"", ""processing_time"": 71, ""weight"": 5, ""due_date"": 835}, {""job_id"": ""T"", ""processing_time"": 58, ""weight"": 1, ""due_date"": 909}, {""job_id"": ""U"", ""processing_time"": 77, ""weight"": 4, ""due_date"": 579}]}","[""F"", ""A"", ""G"", ""E"", ""K"", ""Q"", ""B"", ""M"", ""C"", ""N"", ""U"", ""D"", ""I"", ""H"", ""L"", ""S"", ""J"", ""P"", ""R"", ""T"", ""O""]"
SMTWT_L_011,SMTWT,L,11,"Someone dropped off a batch of prints at a tiny studio that has a single machine to process them. Each batch needs a set number of minutes, has a target ready time, and comes with a client weight that tells how costly lateness is for them. The machine can handle only one batch at a time, every batch must be run once (no skipping or repeating), and any batch that finishes after its target is late by finish minus target; that lateness is scaled by the client’s weight and all those scaled latenesses are summed — the schedule that produces the smallest sum feels best. The concrete batch list and timings follow below.

# n_batches=21
# batch_ids=1, 2, 3, 4, 5, 6, 7, 8, 9, 10, 11, 12, 13, 14, 15, 16, 17, 18, 19, 20, 21
batch_id,processing_time_minutes,client_weight,ready_time_minutes
1,12,7,282
2,26,9,420
3,20,1,446
4,95,5,116
5,39,1,217
6,11,4,528
7,96,9,425
8,24,1,440
9,39,10,478
10,12,8,741
11,46,4,315
12,93,1,354
13,85,7,587
14,61,4,287
15,70,2,276
16,50,9,334
17,50,7,424
18,65,4,675
19,52,4,273
20,41,4,558
21,93,7,322

If you want to hand me the final schedule, just drop it in the JSON shape below so I can parse it easily — something like this:

{
  ""solution"": [
    <batch_id_first>,
    <batch_id_second>,
    ...,
    <batch_id_last>
  ]
}

This block is just a simple sketch: the ""solution"" array should list the batches in the exact order you want them processed (first finished to last finished). Each placeholder like <batch_id_first> stands in for the actual batch identifier from the instance.

The JSON above is only the expected shape, not the actual answer—replace those placeholders with the real IDs from the input when you submit your schedule.

Please use the identifiers exactly as they appear in the instance input — no renaming and no new labels.  

Valid identifiers look like plain numbers such as “1” or “23”, single capital letters like “A” or “B”, or a capital letter followed by digits like “A1” or “X7”.",csv,one_based,"{""n_jobs"": 21, ""processing_times"": [12, 26, 20, 95, 39, 11, 96, 24, 39, 12, 46, 93, 85, 61, 70, 50, 50, 65, 52, 41, 93], ""weights"": [7, 9, 1, 5, 1, 4, 9, 1, 10, 8, 4, 1, 7, 4, 2, 9, 7, 4, 4, 4, 7], ""due_dates"": [282, 420, 446, 116, 217, 528, 425, 440, 478, 741, 315, 354, 587, 287, 276, 334, 424, 675, 273, 558, 322]}","{""start_times"": [0, 348, 834, 12, 948, 424, 474, 854, 435, 696, 107, 987, 611, 708, 878, 298, 374, 769, 153, 570, 205], ""end_times"": [12, 374, 854, 107, 987, 435, 570, 878, 474, 708, 153, 1080, 696, 769, 948, 348, 424, 834, 205, 611, 298], ""tardiness"": [0, 0, 408, 0, 770, 0, 145, 438, 0, 0, 0, 726, 109, 482, 672, 14, 0, 159, 0, 53, 0]}",8656.0,"{""problem_type"": ""SMTWT"", ""n_jobs"": 21, ""jobs"": [1, 2, 3, 4, 5, 6, 7, 8, 9, 10, 11, 12, 13, 14, 15, 16, 17, 18, 19, 20, 21], ""job_records"": [{""job_id"": 1, ""processing_time"": 12, ""weight"": 7, ""due_date"": 282}, {""job_id"": 2, ""processing_time"": 26, ""weight"": 9, ""due_date"": 420}, {""job_id"": 3, ""processing_time"": 20, ""weight"": 1, ""due_date"": 446}, {""job_id"": 4, ""processing_time"": 95, ""weight"": 5, ""due_date"": 116}, {""job_id"": 5, ""processing_time"": 39, ""weight"": 1, ""due_date"": 217}, {""job_id"": 6, ""processing_time"": 11, ""weight"": 4, ""due_date"": 528}, {""job_id"": 7, ""processing_time"": 96, ""weight"": 9, ""due_date"": 425}, {""job_id"": 8, ""processing_time"": 24, ""weight"": 1, ""due_date"": 440}, {""job_id"": 9, ""processing_time"": 39, ""weight"": 10, ""due_date"": 478}, {""job_id"": 10, ""processing_time"": 12, ""weight"": 8, ""due_date"": 741}, {""job_id"": 11, ""processing_time"": 46, ""weight"": 4, ""due_date"": 315}, {""job_id"": 12, ""processing_time"": 93, ""weight"": 1, ""due_date"": 354}, {""job_id"": 13, ""processing_time"": 85, ""weight"": 7, ""due_date"": 587}, {""job_id"": 14, ""processing_time"": 61, ""weight"": 4, ""due_date"": 287}, {""job_id"": 15, ""processing_time"": 70, ""weight"": 2, ""due_date"": 276}, {""job_id"": 16, ""processing_time"": 50, ""weight"": 9, ""due_date"": 334}, {""job_id"": 17, ""processing_time"": 50, ""weight"": 7, ""due_date"": 424}, {""job_id"": 18, ""processing_time"": 65, ""weight"": 4, ""due_date"": 675}, {""job_id"": 19, ""processing_time"": 52, ""weight"": 4, ""due_date"": 273}, {""job_id"": 20, ""processing_time"": 41, ""weight"": 4, ""due_date"": 558}, {""job_id"": 21, ""processing_time"": 93, ""weight"": 7, ""due_date"": 322}]}","[1, 4, 11, 19, 21, 16, 2, 17, 6, 9, 7, 20, 13, 10, 14, 18, 3, 8, 15, 5, 12]"
SMTWT_L_012,SMTWT,L,12,"Recently the foreman had to map out the painters’ route with just a single sprayer and a list of rooms to tackle. Every room has a painting duration, a deadline the customer expects, and a priority level that reflects how costly a delay would be. Because only one room can be worked on at a time, every room will be scheduled once in a sequence with no overlap. For each room, lateness is the time it finishes past its due date (or zero if on time); multiply that lateness by the room’s priority, then add those numbers for every room — the smaller that total, the better the plan. The concrete numbers for each room are shown below.

# n_rooms=24
# room_ids=A, B, C, D, E, F, G, H, I, J, K, L, M, N, O, P, Q, R, S, T, U, V, W, X
room_id,painting_duration,importance_weight,agreed_finish_date
A,75,2,1199
B,26,8,1364
C,27,9,695
D,95,7,494
E,83,6,732
F,26,1,1312
G,6,2,719
H,25,3,1151
I,58,5,1199
J,52,1,564
K,46,3,953
L,37,5,975
M,34,5,1312
N,58,3,1149
O,79,10,1066
P,54,10,738
Q,37,4,1064
R,75,2,1149
S,14,3,803
T,2,4,1061
U,63,8,872
V,28,3,594
W,61,3,755
X,97,3,726

If you'd prefer the answer in a neat, machine-friendly form, just return the room order in a small JSON object like the one below.

{
  ""solution"": [
    <room_id_first>,
    <room_id_second>,
    ...,
    <room_id_last>
  ]
}

Think of ""solution"" as the painting sequence: the first placeholder is the room you do first, the next is the room you do second, and so on. Those angle-bracket placeholders are just where the real room identifiers go — this block is a sketch of the shape I expect, not the actual schedule.

Please be sure to use the exact identifiers from the instance input — no renaming and no new labels.  
For example: ""Valid identifiers look like plain numbers such as “1” or “23”, single capital letters like “A” or “B”, or a capital letter followed by digits like “A1” or “X7”.""",csv,names,"{""n_jobs"": 24, ""processing_times"": [75, 26, 27, 95, 83, 26, 6, 25, 58, 52, 46, 37, 34, 58, 79, 54, 37, 75, 14, 2, 63, 28, 61, 97], ""weights"": [2, 8, 9, 7, 6, 1, 2, 3, 5, 1, 3, 5, 5, 3, 10, 10, 4, 2, 3, 4, 8, 3, 3, 3], ""due_dates"": [1199, 1364, 695, 494, 732, 1312, 719, 1151, 1199, 564, 953, 975, 1312, 1149, 1066, 738, 1064, 1149, 803, 1061, 872, 594, 755, 726]}","{""start_times"": [914, 1106, 355, 0, 272, 1132, 497, 1047, 989, 95, 580, 626, 1072, 856, 663, 382, 742, 779, 503, 854, 517, 147, 436, 175], ""end_times"": [989, 1132, 382, 95, 355, 1158, 503, 1072, 1047, 147, 626, 663, 1106, 914, 742, 436, 779, 854, 517, 856, 580, 175, 497, 272], ""tardiness"": [0, 0, 0, 0, 0, 0, 0, 0, 0, 0, 0, 0, 0, 0, 0, 0, 0, 0, 0, 0, 0, 0, 0, 0]}",0.0,"{""problem_type"": ""SMTWT"", ""n_jobs"": 24, ""jobs"": [""A"", ""B"", ""C"", ""D"", ""E"", ""F"", ""G"", ""H"", ""I"", ""J"", ""K"", ""L"", ""M"", ""N"", ""O"", ""P"", ""Q"", ""R"", ""S"", ""T"", ""U"", ""V"", ""W"", ""X""], ""job_records"": [{""job_id"": ""A"", ""processing_time"": 75, ""weight"": 2, ""due_date"": 1199}, {""job_id"": ""B"", ""processing_time"": 26, ""weight"": 8, ""due_date"": 1364}, {""job_id"": ""C"", ""processing_time"": 27, ""weight"": 9, ""due_date"": 695}, {""job_id"": ""D"", ""processing_time"": 95, ""weight"": 7, ""due_date"": 494}, {""job_id"": ""E"", ""processing_time"": 83, ""weight"": 6, ""due_date"": 732}, {""job_id"": ""F"", ""processing_time"": 26, ""weight"": 1, ""due_date"": 1312}, {""job_id"": ""G"", ""processing_time"": 6, ""weight"": 2, ""due_date"": 719}, {""job_id"": ""H"", ""processing_time"": 25, ""weight"": 3, ""due_date"": 1151}, {""job_id"": ""I"", ""processing_time"": 58, ""weight"": 5, ""due_date"": 1199}, {""job_id"": ""J"", ""processing_time"": 52, ""weight"": 1, ""due_date"": 564}, {""job_id"": ""K"", ""processing_time"": 46, ""weight"": 3, ""due_date"": 953}, {""job_id"": ""L"", ""processing_time"": 37, ""weight"": 5, ""due_date"": 975}, {""job_id"": ""M"", ""processing_time"": 34, ""weight"": 5, ""due_date"": 1312}, {""job_id"": ""N"", ""processing_time"": 58, ""weight"": 3, ""due_date"": 1149}, {""job_id"": ""O"", ""processing_time"": 79, ""weight"": 10, ""due_date"": 1066}, {""job_id"": ""P"", ""processing_time"": 54, ""weight"": 10, ""due_date"": 738}, {""job_id"": ""Q"", ""processing_time"": 37, ""weight"": 4, ""due_date"": 1064}, {""job_id"": ""R"", ""processing_time"": 75, ""weight"": 2, ""due_date"": 1149}, {""job_id"": ""S"", ""processing_time"": 14, ""weight"": 3, ""due_date"": 803}, {""job_id"": ""T"", ""processing_time"": 2, ""weight"": 4, ""due_date"": 1061}, {""job_id"": ""U"", ""processing_time"": 63, ""weight"": 8, ""due_date"": 872}, {""job_id"": ""V"", ""processing_time"": 28, ""weight"": 3, ""due_date"": 594}, {""job_id"": ""W"", ""processing_time"": 61, ""weight"": 3, ""due_date"": 755}, {""job_id"": ""X"", ""processing_time"": 97, ""weight"": 3, ""due_date"": 726}]}","[""D"", ""J"", ""V"", ""X"", ""E"", ""C"", ""P"", ""W"", ""G"", ""S"", ""U"", ""K"", ""L"", ""O"", ""Q"", ""R"", ""T"", ""N"", ""A"", ""I"", ""H"", ""M"", ""B"", ""F""]"
SMTWT_L_013,SMTWT,L,13,"At the studio there’s a single mastering board and a to-do list of tracks that need finishing in a specific order someone has to pick. Every track needs a fixed amount of time on the board, has a scheduled release date, and some tracks are more important than others, so lateness costs more for them. The board can only do one track at a time and every track must be processed exactly once — no skipping or repeating. For any track that’s done after its scheduled date, multiply how many minutes late it is by that track’s importance and add up those products for the whole set; the goal is to arrange the queue so that total of those importance×lateness numbers is as low as it can be. The detailed track times, dates, and importance ratings are below.

{
  ""total_tracks"": 29,
  ""track_ids"": [
    ""A"",
    ""B"",
    ""C"",
    ""D"",
    ""E"",
    ""F"",
    ""G"",
    ""H"",
    ""I"",
    ""J"",
    ""K"",
    ""L"",
    ""M"",
    ""N"",
    ""O"",
    ""P"",
    ""Q"",
    ""R"",
    ""S"",
    ""T"",
    ""U"",
    ""V"",
    ""W"",
    ""X"",
    ""Y"",
    ""Z"",
    ""AA"",
    ""AB"",
    ""AC""
  ],
  ""data"": [
    {
      ""track_id"": ""A"",
      ""mastering_time_minutes"": 29,
      ""importance_per_minute"": 1,
      ""release_deadline_minutes"": 1109
    },
    {
      ""track_id"": ""B"",
      ""mastering_time_minutes"": 11,
      ""importance_per_minute"": 6,
      ""release_deadline_minutes"": 918
    },
    {
      ""track_id"": ""C"",
      ""mastering_time_minutes"": 84,
      ""importance_per_minute"": 5,
      ""release_deadline_minutes"": 556
    },
    {
      ""track_id"": ""D"",
      ""mastering_time_minutes"": 59,
      ""importance_per_minute"": 2,
      ""release_deadline_minutes"": 407
    },
    {
      ""track_id"": ""E"",
      ""mastering_time_minutes"": 3,
      ""importance_per_minute"": 1,
      ""release_deadline_minutes"": 1082
    },
    {
      ""track_id"": ""F"",
      ""mastering_time_minutes"": 18,
      ""importance_per_minute"": 4,
      ""release_deadline_minutes"": 1212
    },
    {
      ""track_id"": ""G"",
      ""mastering_time_minutes"": 39,
      ""importance_per_minute"": 2,
      ""release_deadline_minutes"": 1341
    },
    {
      ""track_id"": ""H"",
      ""mastering_time_minutes"": 92,
      ""importance_per_minute"": 10,
      ""release_deadline_minutes"": 1035
    },
    {
      ""track_id"": ""I"",
      ""mastering_time_minutes"": 3,
      ""importance_per_minute"": 10,
      ""release_deadline_minutes"": 811
    },
    {
      ""track_id"": ""J"",
      ""mastering_time_minutes"": 88,
      ""importance_per_minute"": 2,
      ""release_deadline_minutes"": 1017
    },
    {
      ""track_id"": ""K"",
      ""mastering_time_minutes"": 80,
      ""importance_per_minute"": 5,
      ""release_deadline_minutes"": 591
    },
    {
      ""track_id"": ""L"",
      ""mastering_time_minutes"": 2,
      ""importance_per_minute"": 5,
      ""release_deadline_minutes"": 1392
    },
    {
      ""track_id"": ""M"",
      ""mastering_time_minutes"": 63,
      ""importance_per_minute"": 2,
      ""release_deadline_minutes"": 589
    },
    {
      ""track_id"": ""N"",
      ""mastering_time_minutes"": 49,
      ""importance_per_minute"": 10,
      ""release_deadline_minutes"": 1278
    },
    {
      ""track_id"": ""O"",
      ""mastering_time_minutes"": 63,
      ""importance_per_minute"": 10,
      ""release_deadline_minutes"": 1421
    },
    {
      ""track_id"": ""P"",
      ""mastering_time_minutes"": 69,
      ""importance_per_minute"": 2,
      ""release_deadline_minutes"": 727
    },
    {
      ""track_id"": ""Q"",
      ""mastering_time_minutes"": 39,
      ""importance_per_minute"": 6,
      ""release_deadline_minutes"": 788
    },
    {
      ""track_id"": ""R"",
      ""mastering_time_minutes"": 98,
      ""importance_per_minute"": 10,
      ""release_deadline_minutes"": 1257
    },
    {
      ""track_id"": ""S"",
      ""mastering_time_minutes"": 21,
      ""importance_per_minute"": 3,
      ""release_deadline_minutes"": 754
    },
    {
      ""track_id"": ""T"",
      ""mastering_time_minutes"": 94,
      ""importance_per_minute"": 7,
      ""release_deadline_minutes"": 1370
    },
    {
      ""track_id"": ""U"",
      ""mastering_time_minutes"": 75,
      ""importance_per_minute"": 1,
      ""release_deadline_minutes"": 1186
    },
    {
      ""track_id"": ""V"",
      ""mastering_time_minutes"": 44,
      ""importance_per_minute"": 2,
      ""release_deadline_minutes"": 770
    },
    {
      ""track_id"": ""W"",
      ""mastering_time_minutes"": 86,
      ""importance_per_minute"": 8,
      ""release_deadline_minutes"": 1367
    },
    {
      ""track_id"": ""X"",
      ""mastering_time_minutes"": 23,
      ""importance_per_minute"": 5,
      ""release_deadline_minutes"": 979
    },
    {
      ""track_id"": ""Y"",
      ""mastering_time_minutes"": 68,
      ""importance_per_minute"": 9,
      ""release_deadline_minutes"": 1377
    },
    {
      ""track_id"": ""Z"",
      ""mastering_time_minutes"": 15,
      ""importance_per_minute"": 9,
      ""release_deadline_minutes"": 388
    },
    {
      ""track_id"": ""AA"",
      ""mastering_time_minutes"": 13,
      ""importance_per_minute"": 4,
      ""release_deadline_minutes"": 1050
    },
    {
      ""track_id"": ""AB"",
      ""mastering_time_minutes"": 48,
      ""importance_per_minute"": 6,
      ""release_deadline_minutes"": 344
    },
    {
      ""track_id"": ""AC"",
      ""mastering_time_minutes"": 83,
      ""importance_per_minute"": 9,
      ""release_deadline_minutes"": 933
    }
  ]
}

Oh, and one quick thing — when you send back the final ordering, please use this little JSON layout so it's easy to read and parse:

{
  ""solution"": [
    <track_id_first>,
    <track_id_second>,
    ...,
    <track_id_last>
  ]
}

This just means put the chosen sequence (first track to last track) in the array under ""solution"". Think of each placeholder like a slot where you drop the exact track identifier from the instance input — it's just a sketch of the shape I expect, not the actual answer.

Please make sure you use the identifiers exactly as they appear in the instance input — no renaming, no made-up labels. Valid identifiers look like plain numbers such as “1” or “23”, single capital letters like “A” or “B”, or a capital letter followed by digits like “A1” or “X7”.",json,names,"{""n_jobs"": 29, ""processing_times"": [29, 11, 84, 59, 3, 18, 39, 92, 3, 88, 80, 2, 63, 49, 63, 69, 39, 98, 21, 94, 75, 44, 86, 23, 68, 15, 13, 48, 83], ""weights"": [1, 6, 5, 2, 1, 4, 2, 10, 10, 2, 5, 5, 2, 10, 10, 2, 6, 10, 3, 7, 1, 2, 8, 5, 9, 9, 4, 6, 9], ""due_dates"": [1109, 918, 556, 407, 1082, 1212, 1341, 1035, 811, 1017, 591, 1392, 589, 1278, 1421, 727, 788, 1257, 754, 1370, 1186, 770, 1367, 979, 1377, 388, 1050, 344, 933]}","{""start_times"": [1007, 795, 386, 312, 1036, 636, 1420, 915, 806, 107, 470, 1355, 0, 1212, 1357, 195, 743, 1114, 722, 1261, 1039, 63, 550, 892, 654, 371, 782, 264, 809], ""end_times"": [1036, 806, 470, 371, 1039, 654, 1459, 1007, 809, 195, 550, 1357, 63, 1261, 1420, 264, 782, 1212, 743, 1355, 1114, 107, 636, 915, 722, 386, 795, 312, 892], ""tardiness"": [0, 0, 0, 0, 0, 0, 118, 0, 0, 0, 0, 0, 0, 0, 0, 0, 0, 0, 0, 0, 0, 0, 0, 0, 0, 0, 0, 0, 0]}",236.0,"{""problem_type"": ""SMTWT"", ""n_jobs"": 29, ""jobs"": [""A"", ""B"", ""C"", ""D"", ""E"", ""F"", ""G"", ""H"", ""I"", ""J"", ""K"", ""L"", ""M"", ""N"", ""O"", ""P"", ""Q"", ""R"", ""S"", ""T"", ""U"", ""V"", ""W"", ""X"", ""Y"", ""Z"", ""AA"", ""AB"", ""AC""], ""job_records"": [{""job_id"": ""A"", ""processing_time"": 29, ""weight"": 1, ""due_date"": 1109}, {""job_id"": ""B"", ""processing_time"": 11, ""weight"": 6, ""due_date"": 918}, {""job_id"": ""C"", ""processing_time"": 84, ""weight"": 5, ""due_date"": 556}, {""job_id"": ""D"", ""processing_time"": 59, ""weight"": 2, ""due_date"": 407}, {""job_id"": ""E"", ""processing_time"": 3, ""weight"": 1, ""due_date"": 1082}, {""job_id"": ""F"", ""processing_time"": 18, ""weight"": 4, ""due_date"": 1212}, {""job_id"": ""G"", ""processing_time"": 39, ""weight"": 2, ""due_date"": 1341}, {""job_id"": ""H"", ""processing_time"": 92, ""weight"": 10, ""due_date"": 1035}, {""job_id"": ""I"", ""processing_time"": 3, ""weight"": 10, ""due_date"": 811}, {""job_id"": ""J"", ""processing_time"": 88, ""weight"": 2, ""due_date"": 1017}, {""job_id"": ""K"", ""processing_time"": 80, ""weight"": 5, ""due_date"": 591}, {""job_id"": ""L"", ""processing_time"": 2, ""weight"": 5, ""due_date"": 1392}, {""job_id"": ""M"", ""processing_time"": 63, ""weight"": 2, ""due_date"": 589}, {""job_id"": ""N"", ""processing_time"": 49, ""weight"": 10, ""due_date"": 1278}, {""job_id"": ""O"", ""processing_time"": 63, ""weight"": 10, ""due_date"": 1421}, {""job_id"": ""P"", ""processing_time"": 69, ""weight"": 2, ""due_date"": 727}, {""job_id"": ""Q"", ""processing_time"": 39, ""weight"": 6, ""due_date"": 788}, {""job_id"": ""R"", ""processing_time"": 98, ""weight"": 10, ""due_date"": 1257}, {""job_id"": ""S"", ""processing_time"": 21, ""weight"": 3, ""due_date"": 754}, {""job_id"": ""T"", ""processing_time"": 94, ""weight"": 7, ""due_date"": 1370}, {""job_id"": ""U"", ""processing_time"": 75, ""weight"": 1, ""due_date"": 1186}, {""job_id"": ""V"", ""processing_time"": 44, ""weight"": 2, ""due_date"": 770}, {""job_id"": ""W"", ""processing_time"": 86, ""weight"": 8, ""due_date"": 1367}, {""job_id"": ""X"", ""processing_time"": 23, ""weight"": 5, ""due_date"": 979}, {""job_id"": ""Y"", ""processing_time"": 68, ""weight"": 9, ""due_date"": 1377}, {""job_id"": ""Z"", ""processing_time"": 15, ""weight"": 9, ""due_date"": 388}, {""job_id"": ""AA"", ""processing_time"": 13, ""weight"": 4, ""due_date"": 1050}, {""job_id"": ""AB"", ""processing_time"": 48, ""weight"": 6, ""due_date"": 344}, {""job_id"": ""AC"", ""processing_time"": 83, ""weight"": 9, ""due_date"": 933}]}","[""M"", ""V"", ""J"", ""P"", ""AB"", ""D"", ""Z"", ""C"", ""K"", ""W"", ""F"", ""Y"", ""S"", ""Q"", ""AA"", ""B"", ""I"", ""AC"", ""X"", ""H"", ""A"", ""E"", ""U"", ""R"", ""N"", ""T"", ""L"", ""O"", ""G""]"
SMTWT_L_014,SMTWT,L,14,"We have one workbench and a stack of bouquet orders waiting to be assembled. Every bouquet needs a certain assembly time, has a pickup hour the customer wants, and carries an urgency score that reflects how badly the customer cares about being on time. The decision to make is simply which bouquet to do first, second, and so on — they must be done sequentially on the single bench and each order has to be completed once, no skipping or doubling up. What counts as a better plan is the total of urgency times minutes late: for each bouquet, find minutes late (zero if finished by the pickup), multiply by its urgency, then sum those products; a lower total is the aim. The concrete order details are shown below.

{
  ""n_bouquets"": 30,
  ""bouquet_ids"": [
    ""A"",
    ""B"",
    ""C"",
    ""D"",
    ""E"",
    ""F"",
    ""G"",
    ""H"",
    ""I"",
    ""J"",
    ""K"",
    ""L"",
    ""M"",
    ""N"",
    ""O"",
    ""P"",
    ""Q"",
    ""R"",
    ""S"",
    ""T"",
    ""U"",
    ""V"",
    ""W"",
    ""X"",
    ""Y"",
    ""Z"",
    ""AA"",
    ""AB"",
    ""AC"",
    ""AD""
  ],
  ""data"": [
    {
      ""bouquet_id"": ""A"",
      ""assembly_time_minutes"": 40,
      ""urgency_score"": 9,
      ""pickup_time_minutes"": 196
    },
    {
      ""bouquet_id"": ""B"",
      ""assembly_time_minutes"": 37,
      ""urgency_score"": 10,
      ""pickup_time_minutes"": 68
    },
    {
      ""bouquet_id"": ""C"",
      ""assembly_time_minutes"": 74,
      ""urgency_score"": 1,
      ""pickup_time_minutes"": 50
    },
    {
      ""bouquet_id"": ""D"",
      ""assembly_time_minutes"": 20,
      ""urgency_score"": 10,
      ""pickup_time_minutes"": 186
    },
    {
      ""bouquet_id"": ""E"",
      ""assembly_time_minutes"": 34,
      ""urgency_score"": 10,
      ""pickup_time_minutes"": 166
    },
    {
      ""bouquet_id"": ""F"",
      ""assembly_time_minutes"": 30,
      ""urgency_score"": 2,
      ""pickup_time_minutes"": 358
    },
    {
      ""bouquet_id"": ""G"",
      ""assembly_time_minutes"": 62,
      ""urgency_score"": 5,
      ""pickup_time_minutes"": 798
    },
    {
      ""bouquet_id"": ""H"",
      ""assembly_time_minutes"": 60,
      ""urgency_score"": 3,
      ""pickup_time_minutes"": 645
    },
    {
      ""bouquet_id"": ""I"",
      ""assembly_time_minutes"": 43,
      ""urgency_score"": 1,
      ""pickup_time_minutes"": 797
    },
    {
      ""bouquet_id"": ""J"",
      ""assembly_time_minutes"": 6,
      ""urgency_score"": 10,
      ""pickup_time_minutes"": 795
    },
    {
      ""bouquet_id"": ""K"",
      ""assembly_time_minutes"": 12,
      ""urgency_score"": 4,
      ""pickup_time_minutes"": 345
    },
    {
      ""bouquet_id"": ""L"",
      ""assembly_time_minutes"": 86,
      ""urgency_score"": 5,
      ""pickup_time_minutes"": 691
    },
    {
      ""bouquet_id"": ""M"",
      ""assembly_time_minutes"": 24,
      ""urgency_score"": 4,
      ""pickup_time_minutes"": 684
    },
    {
      ""bouquet_id"": ""N"",
      ""assembly_time_minutes"": 20,
      ""urgency_score"": 9,
      ""pickup_time_minutes"": 942
    },
    {
      ""bouquet_id"": ""O"",
      ""assembly_time_minutes"": 50,
      ""urgency_score"": 5,
      ""pickup_time_minutes"": 158
    },
    {
      ""bouquet_id"": ""P"",
      ""assembly_time_minutes"": 6,
      ""urgency_score"": 2,
      ""pickup_time_minutes"": 1045
    },
    {
      ""bouquet_id"": ""Q"",
      ""assembly_time_minutes"": 31,
      ""urgency_score"": 4,
      ""pickup_time_minutes"": 785
    },
    {
      ""bouquet_id"": ""R"",
      ""assembly_time_minutes"": 82,
      ""urgency_score"": 3,
      ""pickup_time_minutes"": 49
    },
    {
      ""bouquet_id"": ""S"",
      ""assembly_time_minutes"": 2,
      ""urgency_score"": 5,
      ""pickup_time_minutes"": 900
    },
    {
      ""bouquet_id"": ""T"",
      ""assembly_time_minutes"": 53,
      ""urgency_score"": 4,
      ""pickup_time_minutes"": 522
    },
    {
      ""bouquet_id"": ""U"",
      ""assembly_time_minutes"": 93,
      ""urgency_score"": 4,
      ""pickup_time_minutes"": 1082
    },
    {
      ""bouquet_id"": ""V"",
      ""assembly_time_minutes"": 22,
      ""urgency_score"": 10,
      ""pickup_time_minutes"": 272
    },
    {
      ""bouquet_id"": ""W"",
      ""assembly_time_minutes"": 17,
      ""urgency_score"": 2,
      ""pickup_time_minutes"": 228
    },
    {
      ""bouquet_id"": ""X"",
      ""assembly_time_minutes"": 40,
      ""urgency_score"": 9,
      ""pickup_time_minutes"": 460
    },
    {
      ""bouquet_id"": ""Y"",
      ""assembly_time_minutes"": 80,
      ""urgency_score"": 6,
      ""pickup_time_minutes"": 853
    },
    {
      ""bouquet_id"": ""Z"",
      ""assembly_time_minutes"": 81,
      ""urgency_score"": 8,
      ""pickup_time_minutes"": 181
    },
    {
      ""bouquet_id"": ""AA"",
      ""assembly_time_minutes"": 87,
      ""urgency_score"": 6,
      ""pickup_time_minutes"": 882
    },
    {
      ""bouquet_id"": ""AB"",
      ""assembly_time_minutes"": 20,
      ""urgency_score"": 7,
      ""pickup_time_minutes"": 94
    },
    {
      ""bouquet_id"": ""AC"",
      ""assembly_time_minutes"": 66,
      ""urgency_score"": 2,
      ""pickup_time_minutes"": 1040
    },
    {
      ""bouquet_id"": ""AD"",
      ""assembly_time_minutes"": 77,
      ""urgency_score"": 9,
      ""pickup_time_minutes"": 985
    }
  ]
}

Oh, and just so we’re on the same page about the reply format, please give the final order as a tiny JSON snippet like this:

{
  ""solution"": [
    <bouquet_id_first>,
    <bouquet_id_second>,
    ...,
    <bouquet_id_last>
  ]
}

This JSON is just a simple sketch: the ""solution"" array should list the bouquet IDs in the sequence you plan to assemble them (first to last). Think of each placeholder like the label where you'd drop an order ID — nothing more technical than that.

Reminder: that JSON is only the shape I expect, not the actual answer. Also make sure to use the exact identifiers from the instance input — don’t rename them or invent new ones.

- for example: ""Valid identifiers look like plain numbers such as “1” or “23”, single capital letters like “A” or “B”, or a capital letter followed by digits like “A1” or “X7”.""",json,names,"{""n_jobs"": 30, ""processing_times"": [40, 37, 74, 20, 34, 30, 62, 60, 43, 6, 12, 86, 24, 20, 50, 6, 31, 82, 2, 53, 93, 22, 17, 40, 80, 81, 87, 20, 66, 77], ""weights"": [9, 10, 1, 10, 10, 2, 5, 3, 1, 10, 4, 5, 4, 9, 5, 2, 4, 3, 5, 4, 4, 10, 2, 9, 6, 8, 6, 7, 2, 9], ""due_dates"": [196, 68, 50, 186, 166, 358, 798, 645, 797, 795, 345, 691, 684, 942, 158, 1045, 785, 49, 900, 522, 1082, 272, 228, 460, 853, 181, 882, 94, 1040, 985]}","{""start_times"": [161, 0, 1281, 37, 127, 333, 745, 538, 1238, 708, 321, 622, 598, 889, 77, 986, 714, 403, 887, 485, 1079, 218, 201, 363, 807, 240, 992, 57, 1172, 909], ""end_times"": [201, 37, 1355, 57, 161, 363, 807, 598, 1281, 714, 333, 708, 622, 909, 127, 992, 745, 485, 889, 538, 1172, 240, 218, 403, 887, 321, 1079, 77, 1238, 986], ""tardiness"": [5, 0, 1305, 0, 0, 5, 9, 0, 484, 0, 0, 17, 0, 0, 0, 0, 0, 436, 0, 16, 90, 0, 0, 0, 34, 140, 197, 0, 198, 1]}",6617.0,"{""problem_type"": ""SMTWT"", ""n_jobs"": 30, ""jobs"": [""A"", ""B"", ""C"", ""D"", ""E"", ""F"", ""G"", ""H"", ""I"", ""J"", ""K"", ""L"", ""M"", ""N"", ""O"", ""P"", ""Q"", ""R"", ""S"", ""T"", ""U"", ""V"", ""W"", ""X"", ""Y"", ""Z"", ""AA"", ""AB"", ""AC"", ""AD""], ""job_records"": [{""job_id"": ""A"", ""processing_time"": 40, ""weight"": 9, ""due_date"": 196}, {""job_id"": ""B"", ""processing_time"": 37, ""weight"": 10, ""due_date"": 68}, {""job_id"": ""C"", ""processing_time"": 74, ""weight"": 1, ""due_date"": 50}, {""job_id"": ""D"", ""processing_time"": 20, ""weight"": 10, ""due_date"": 186}, {""job_id"": ""E"", ""processing_time"": 34, ""weight"": 10, ""due_date"": 166}, {""job_id"": ""F"", ""processing_time"": 30, ""weight"": 2, ""due_date"": 358}, {""job_id"": ""G"", ""processing_time"": 62, ""weight"": 5, ""due_date"": 798}, {""job_id"": ""H"", ""processing_time"": 60, ""weight"": 3, ""due_date"": 645}, {""job_id"": ""I"", ""processing_time"": 43, ""weight"": 1, ""due_date"": 797}, {""job_id"": ""J"", ""processing_time"": 6, ""weight"": 10, ""due_date"": 795}, {""job_id"": ""K"", ""processing_time"": 12, ""weight"": 4, ""due_date"": 345}, {""job_id"": ""L"", ""processing_time"": 86, ""weight"": 5, ""due_date"": 691}, {""job_id"": ""M"", ""processing_time"": 24, ""weight"": 4, ""due_date"": 684}, {""job_id"": ""N"", ""processing_time"": 20, ""weight"": 9, ""due_date"": 942}, {""job_id"": ""O"", ""processing_time"": 50, ""weight"": 5, ""due_date"": 158}, {""job_id"": ""P"", ""processing_time"": 6, ""weight"": 2, ""due_date"": 1045}, {""job_id"": ""Q"", ""processing_time"": 31, ""weight"": 4, ""due_date"": 785}, {""job_id"": ""R"", ""processing_time"": 82, ""weight"": 3, ""due_date"": 49}, {""job_id"": ""S"", ""processing_time"": 2, ""weight"": 5, ""due_date"": 900}, {""job_id"": ""T"", ""processing_time"": 53, ""weight"": 4, ""due_date"": 522}, {""job_id"": ""U"", ""processing_time"": 93, ""weight"": 4, ""due_date"": 1082}, {""job_id"": ""V"", ""processing_time"": 22, ""weight"": 10, ""due_date"": 272}, {""job_id"": ""W"", ""processing_time"": 17, ""weight"": 2, ""due_date"": 228}, {""job_id"": ""X"", ""processing_time"": 40, ""weight"": 9, ""due_date"": 460}, {""job_id"": ""Y"", ""processing_time"": 80, ""weight"": 6, ""due_date"": 853}, {""job_id"": ""Z"", ""processing_time"": 81, ""weight"": 8, ""due_date"": 181}, {""job_id"": ""AA"", ""processing_time"": 87, ""weight"": 6, ""due_date"": 882}, {""job_id"": ""AB"", ""processing_time"": 20, ""weight"": 7, ""due_date"": 94}, {""job_id"": ""AC"", ""processing_time"": 66, ""weight"": 2, ""due_date"": 1040}, {""job_id"": ""AD"", ""processing_time"": 77, ""weight"": 9, ""due_date"": 985}]}","[""B"", ""D"", ""AB"", ""O"", ""E"", ""A"", ""W"", ""V"", ""Z"", ""K"", ""F"", ""X"", ""R"", ""T"", ""H"", ""M"", ""L"", ""J"", ""Q"", ""G"", ""Y"", ""S"", ""N"", ""AD"", ""P"", ""AA"", ""U"", ""AC"", ""I"", ""C""]"
SMTWT_L_015,SMTWT,L,15,"We’ve got one centrifuge and a stack of sample runs, each with its own spin duration, a target completion time, and a study-specific importance. The decision is which run to run first, second, and so on so the centrifuge is never double-booked and every sample gets run once. For any sample that finishes after its target, count the minutes late and multiply by that sample’s importance; add those products up, and the best plan is the one that makes that total as small as possible. The exact run times, target times, and weights appear below.

There are 24 samples listed as 0, 1, 2, 3, 4, 5, 6, 7, 8, 9, 10, 11, 12, 13, 14, 15, 16, 17, 18, 19, 20, 21, 22, 23.
Sample 0: spin time 57 minutes, target completion 693 minutes, study weight 4.
Sample 1: spin time 57 minutes, target completion 365 minutes, study weight 5.
Sample 2: spin time 38 minutes, target completion 1151 minutes, study weight 10.
Sample 3: spin time 33 minutes, target completion 1240 minutes, study weight 1.
Sample 4: spin time 62 minutes, target completion 448 minutes, study weight 1.
Sample 5: spin time 85 minutes, target completion 1102 minutes, study weight 10.
Sample 6: spin time 12 minutes, target completion 469 minutes, study weight 3.
Sample 7: spin time 50 minutes, target completion 1099 minutes, study weight 4.
Sample 8: spin time 96 minutes, target completion 450 minutes, study weight 10.
Sample 9: spin time 11 minutes, target completion 1056 minutes, study weight 9.
Sample 10: spin time 10 minutes, target completion 1209 minutes, study weight 7.
Sample 11: spin time 85 minutes, target completion 496 minutes, study weight 7.
Sample 12: spin time 26 minutes, target completion 861 minutes, study weight 6.
Sample 13: spin time 38 minutes, target completion 1452 minutes, study weight 8.
Sample 14: spin time 10 minutes, target completion 1434 minutes, study weight 4.
Sample 15: spin time 81 minutes, target completion 486 minutes, study weight 2.
Sample 16: spin time 40 minutes, target completion 754 minutes, study weight 1.
Sample 17: spin time 96 minutes, target completion 1371 minutes, study weight 1.
Sample 18: spin time 79 minutes, target completion 805 minutes, study weight 6.
Sample 19: spin time 8 minutes, target completion 1183 minutes, study weight 10.
Sample 20: spin time 29 minutes, target completion 1277 minutes, study weight 6.
Sample 21: spin time 85 minutes, target completion 669 minutes, study weight 2.
Sample 22: spin time 17 minutes, target completion 430 minutes, study weight 1.
Sample 23: spin time 43 minutes, target completion 1093 minutes, study weight 10.
Let's pick an order that minimizes the total weighted minutes late.

Also, when you send the actual schedule back, please use a tiny JSON snippet like this so it’s easy to parse — just an ordered list of run IDs in the order you’ll run them.

{
  ""solution"": [
    <sample_id_first>,
    <sample_id_second>,
    ...,
    <sample_id_last>
  ]
}

This just shows the shape I expect: ""solution"" holds the sequence of sample/run identifiers in the order they’ll be run on the centrifuge. The angle-bracket bits are placeholders showing where each run’s ID goes — they’re just a sketch of the shape, not the real answer.

A quick reminder: use the exact identifiers from the instance input — don’t rename them and don’t invent new labels. Valid identifiers look like plain numbers such as “1” or “23”, single capital letters like “A” or “B”, or a capital letter followed by digits like “A1” or “X7”.",nl,zero_based,"{""n_jobs"": 24, ""processing_times"": [57, 57, 38, 33, 62, 85, 12, 50, 96, 11, 10, 85, 26, 38, 10, 81, 40, 96, 79, 8, 29, 85, 17, 43], ""weights"": [4, 5, 10, 1, 1, 10, 3, 4, 10, 9, 7, 7, 6, 8, 4, 2, 1, 1, 6, 10, 6, 2, 1, 10], ""due_dates"": [693, 365, 1151, 1240, 448, 1102, 469, 1099, 450, 1056, 1209, 496, 861, 1452, 1434, 486, 754, 1371, 805, 1183, 1277, 669, 430, 1093]}","{""start_times"": [495, 0, 1020, 1058, 153, 697, 398, 793, 57, 782, 1120, 296, 671, 982, 1130, 215, 552, 886, 592, 1140, 1091, 410, 381, 843], ""end_times"": [552, 57, 1058, 1091, 215, 782, 410, 843, 153, 793, 1130, 381, 697, 1020, 1140, 296, 592, 982, 671, 1148, 1120, 495, 398, 886], ""tardiness"": [0, 0, 0, 0, 0, 0, 0, 0, 0, 0, 0, 0, 0, 0, 0, 0, 0, 0, 0, 0, 0, 0, 0, 0]}",0.0,"{""problem_type"": ""SMTWT"", ""n_jobs"": 24, ""jobs"": [0, 1, 2, 3, 4, 5, 6, 7, 8, 9, 10, 11, 12, 13, 14, 15, 16, 17, 18, 19, 20, 21, 22, 23], ""job_records"": [{""job_id"": 0, ""processing_time"": 57, ""weight"": 4, ""due_date"": 693}, {""job_id"": 1, ""processing_time"": 57, ""weight"": 5, ""due_date"": 365}, {""job_id"": 2, ""processing_time"": 38, ""weight"": 10, ""due_date"": 1151}, {""job_id"": 3, ""processing_time"": 33, ""weight"": 1, ""due_date"": 1240}, {""job_id"": 4, ""processing_time"": 62, ""weight"": 1, ""due_date"": 448}, {""job_id"": 5, ""processing_time"": 85, ""weight"": 10, ""due_date"": 1102}, {""job_id"": 6, ""processing_time"": 12, ""weight"": 3, ""due_date"": 469}, {""job_id"": 7, ""processing_time"": 50, ""weight"": 4, ""due_date"": 1099}, {""job_id"": 8, ""processing_time"": 96, ""weight"": 10, ""due_date"": 450}, {""job_id"": 9, ""processing_time"": 11, ""weight"": 9, ""due_date"": 1056}, {""job_id"": 10, ""processing_time"": 10, ""weight"": 7, ""due_date"": 1209}, {""job_id"": 11, ""processing_time"": 85, ""weight"": 7, ""due_date"": 496}, {""job_id"": 12, ""processing_time"": 26, ""weight"": 6, ""due_date"": 861}, {""job_id"": 13, ""processing_time"": 38, ""weight"": 8, ""due_date"": 1452}, {""job_id"": 14, ""processing_time"": 10, ""weight"": 4, ""due_date"": 1434}, {""job_id"": 15, ""processing_time"": 81, ""weight"": 2, ""due_date"": 486}, {""job_id"": 16, ""processing_time"": 40, ""weight"": 1, ""due_date"": 754}, {""job_id"": 17, ""processing_time"": 96, ""weight"": 1, ""due_date"": 1371}, {""job_id"": 18, ""processing_time"": 79, ""weight"": 6, ""due_date"": 805}, {""job_id"": 19, ""processing_time"": 8, ""weight"": 10, ""due_date"": 1183}, {""job_id"": 20, ""processing_time"": 29, ""weight"": 6, ""due_date"": 1277}, {""job_id"": 21, ""processing_time"": 85, ""weight"": 2, ""due_date"": 669}, {""job_id"": 22, ""processing_time"": 17, ""weight"": 1, ""due_date"": 430}, {""job_id"": 23, ""processing_time"": 43, ""weight"": 10, ""due_date"": 1093}]}","[1, 8, 4, 15, 11, 22, 6, 21, 0, 16, 18, 12, 5, 9, 7, 23, 17, 13, 2, 3, 20, 10, 14, 19]"
SMTWT_L_016,SMTWT,L,16,"Many people face the same problem: one laptop, a set of article drafts, and a fixed block of time to write. Each draft takes a specific amount of time, has a submission time, and an editor-assigned importance that makes delays more costly. The aim is to arrange the writing order so that for each draft finished after its submission time you tally how late it was, multiply that lateness by its importance, and then total those penalties — the smaller that total penalty, the better the schedule. Only one draft can be worked on at once, nothing gets skipped or repeated, and the exact draft times, deadlines, and weights are listed below.

# n_drafts=29
# draft_ids=0, 1, 2, 3, 4, 5, 6, 7, 8, 9, 10, 11, 12, 13, 14, 15, 16, 17, 18, 19, 20, 21, 22, 23, 24, 25, 26, 27, 28
draft_id,writing_duration,editorial_weight,submission_time
0,61,3,479
1,16,2,587
2,81,10,599
3,79,1,264
4,52,10,1463
5,69,5,724
6,88,4,594
7,3,9,1527
8,27,4,652
9,35,2,210
10,91,1,1629
11,81,8,770
12,98,7,378
13,26,4,470
14,90,5,761
15,100,3,606
16,84,9,1464
17,19,7,1315
18,11,6,1535
19,54,9,635
20,57,5,1493
21,26,6,647
22,93,8,454
23,4,9,1412
24,11,3,678
25,52,1,1018
26,87,1,1061
27,1,4,765
28,9,8,1601

If you want to hand me the schedule, a nice simple shape to stick to is this little JSON snippet — nothing fancy, just a list in order so I can read it easily:

{
  ""solution"": [
    <draft_id_first>,
    <draft_id_second>,
    ...,
    <draft_id_last>
  ]
}

Here ""solution"" is the ordered sequence of drafts to write (first to last). Each placeholder like <draft_id_first> is meant to be replaced by the actual draft identifier from the instance input — think of it as the slot where you drop the ID for the draft you do first, then second, and so on. This is just a sketch of the expected shape, not the final schedule itself.

Please make sure to use the exact identifiers from the instance input — don’t rename them or invent new labels. Valid identifiers look like plain numbers such as “1” or “23”, single capital letters like “A” or “B”, or a capital letter followed by digits like “A1” or “X7”.",csv,zero_based,"{""n_jobs"": 29, ""processing_times"": [61, 16, 81, 79, 52, 69, 88, 3, 27, 35, 91, 81, 98, 26, 90, 100, 84, 19, 11, 54, 57, 26, 93, 4, 11, 52, 87, 1, 9], ""weights"": [3, 2, 10, 1, 10, 5, 4, 9, 4, 2, 1, 8, 7, 4, 5, 3, 9, 7, 6, 9, 5, 6, 8, 9, 3, 1, 1, 4, 8], ""due_dates"": [479, 587, 599, 264, 1463, 724, 594, 1527, 652, 210, 1629, 770, 378, 470, 761, 606, 1464, 1315, 1535, 635, 1493, 647, 454, 1412, 678, 1018, 1061, 765, 1601]}","{""start_times"": [0, 536, 341, 1009, 1335, 616, 448, 1502, 552, 159, 1391, 686, 61, 422, 767, 857, 1251, 1175, 1482, 194, 1194, 579, 248, 1387, 605, 957, 1088, 685, 1493], ""end_times"": [61, 552, 422, 1088, 1387, 685, 536, 1505, 579, 194, 1482, 767, 159, 448, 857, 957, 1335, 1194, 1493, 248, 1251, 605, 341, 1391, 616, 1009, 1175, 686, 1502], ""tardiness"": [0, 0, 0, 824, 0, 0, 0, 0, 0, 0, 0, 0, 0, 0, 96, 351, 0, 0, 0, 0, 0, 0, 0, 0, 0, 0, 114, 0, 0]}",2471.0,"{""problem_type"": ""SMTWT"", ""n_jobs"": 29, ""jobs"": [0, 1, 2, 3, 4, 5, 6, 7, 8, 9, 10, 11, 12, 13, 14, 15, 16, 17, 18, 19, 20, 21, 22, 23, 24, 25, 26, 27, 28], ""job_records"": [{""job_id"": 0, ""processing_time"": 61, ""weight"": 3, ""due_date"": 479}, {""job_id"": 1, ""processing_time"": 16, ""weight"": 2, ""due_date"": 587}, {""job_id"": 2, ""processing_time"": 81, ""weight"": 10, ""due_date"": 599}, {""job_id"": 3, ""processing_time"": 79, ""weight"": 1, ""due_date"": 264}, {""job_id"": 4, ""processing_time"": 52, ""weight"": 10, ""due_date"": 1463}, {""job_id"": 5, ""processing_time"": 69, ""weight"": 5, ""due_date"": 724}, {""job_id"": 6, ""processing_time"": 88, ""weight"": 4, ""due_date"": 594}, {""job_id"": 7, ""processing_time"": 3, ""weight"": 9, ""due_date"": 1527}, {""job_id"": 8, ""processing_time"": 27, ""weight"": 4, ""due_date"": 652}, {""job_id"": 9, ""processing_time"": 35, ""weight"": 2, ""due_date"": 210}, {""job_id"": 10, ""processing_time"": 91, ""weight"": 1, ""due_date"": 1629}, {""job_id"": 11, ""processing_time"": 81, ""weight"": 8, ""due_date"": 770}, {""job_id"": 12, ""processing_time"": 98, ""weight"": 7, ""due_date"": 378}, {""job_id"": 13, ""processing_time"": 26, ""weight"": 4, ""due_date"": 470}, {""job_id"": 14, ""processing_time"": 90, ""weight"": 5, ""due_date"": 761}, {""job_id"": 15, ""processing_time"": 100, ""weight"": 3, ""due_date"": 606}, {""job_id"": 16, ""processing_time"": 84, ""weight"": 9, ""due_date"": 1464}, {""job_id"": 17, ""processing_time"": 19, ""weight"": 7, ""due_date"": 1315}, {""job_id"": 18, ""processing_time"": 11, ""weight"": 6, ""due_date"": 1535}, {""job_id"": 19, ""processing_time"": 54, ""weight"": 9, ""due_date"": 635}, {""job_id"": 20, ""processing_time"": 57, ""weight"": 5, ""due_date"": 1493}, {""job_id"": 21, ""processing_time"": 26, ""weight"": 6, ""due_date"": 647}, {""job_id"": 22, ""processing_time"": 93, ""weight"": 8, ""due_date"": 454}, {""job_id"": 23, ""processing_time"": 4, ""weight"": 9, ""due_date"": 1412}, {""job_id"": 24, ""processing_time"": 11, ""weight"": 3, ""due_date"": 678}, {""job_id"": 25, ""processing_time"": 52, ""weight"": 1, ""due_date"": 1018}, {""job_id"": 26, ""processing_time"": 87, ""weight"": 1, ""due_date"": 1061}, {""job_id"": 27, ""processing_time"": 1, ""weight"": 4, ""due_date"": 765}, {""job_id"": 28, ""processing_time"": 9, ""weight"": 8, ""due_date"": 1601}]}","[0, 12, 9, 19, 22, 2, 13, 6, 1, 8, 21, 24, 5, 27, 11, 14, 15, 25, 3, 26, 17, 20, 16, 4, 23, 10, 18, 28, 7]"
SMTWT_L_017,SMTWT,L,17,"On a typical morning at the dry cleaner there’s one press and a pile of orders, each with a known pressing time, a pickup appointment, and a customer-specific cost per minute of delay. The job is to pick a running order so that whenever an item finishes after its appointment you count how many minutes it’s late, multiply by that item’s cost-per-minute, and keep the total of all those penalties as low as possible. The press can’t run two things at once, every garment must be processed once, and the specific item times and penalty numbers are given below.

{
  ""n_garments"": 30,
  ""garment_ids"": [
    0,
    1,
    2,
    3,
    4,
    5,
    6,
    7,
    8,
    9,
    10,
    11,
    12,
    13,
    14,
    15,
    16,
    17,
    18,
    19,
    20,
    21,
    22,
    23,
    24,
    25,
    26,
    27,
    28,
    29
  ],
  ""data"": [
    {
      ""garment_id"": 0,
      ""press_time_minutes"": 95,
      ""penalty_per_minute"": 1,
      ""pickup_time_minutes"": 1501
    },
    {
      ""garment_id"": 1,
      ""press_time_minutes"": 60,
      ""penalty_per_minute"": 2,
      ""pickup_time_minutes"": 1503
    },
    {
      ""garment_id"": 2,
      ""press_time_minutes"": 89,
      ""penalty_per_minute"": 10,
      ""pickup_time_minutes"": 1481
    },
    {
      ""garment_id"": 3,
      ""press_time_minutes"": 96,
      ""penalty_per_minute"": 3,
      ""pickup_time_minutes"": 1495
    },
    {
      ""garment_id"": 4,
      ""press_time_minutes"": 65,
      ""penalty_per_minute"": 4,
      ""pickup_time_minutes"": 1347
    },
    {
      ""garment_id"": 5,
      ""press_time_minutes"": 15,
      ""penalty_per_minute"": 4,
      ""pickup_time_minutes"": 1415
    },
    {
      ""garment_id"": 6,
      ""press_time_minutes"": 78,
      ""penalty_per_minute"": 1,
      ""pickup_time_minutes"": 1498
    },
    {
      ""garment_id"": 7,
      ""press_time_minutes"": 75,
      ""penalty_per_minute"": 9,
      ""pickup_time_minutes"": 1375
    },
    {
      ""garment_id"": 8,
      ""press_time_minutes"": 32,
      ""penalty_per_minute"": 7,
      ""pickup_time_minutes"": 1623
    },
    {
      ""garment_id"": 9,
      ""press_time_minutes"": 56,
      ""penalty_per_minute"": 8,
      ""pickup_time_minutes"": 1306
    },
    {
      ""garment_id"": 10,
      ""press_time_minutes"": 61,
      ""penalty_per_minute"": 9,
      ""pickup_time_minutes"": 1301
    },
    {
      ""garment_id"": 11,
      ""press_time_minutes"": 34,
      ""penalty_per_minute"": 7,
      ""pickup_time_minutes"": 1495
    },
    {
      ""garment_id"": 12,
      ""press_time_minutes"": 93,
      ""penalty_per_minute"": 9,
      ""pickup_time_minutes"": 1482
    },
    {
      ""garment_id"": 13,
      ""press_time_minutes"": 87,
      ""penalty_per_minute"": 3,
      ""pickup_time_minutes"": 1365
    },
    {
      ""garment_id"": 14,
      ""press_time_minutes"": 43,
      ""penalty_per_minute"": 9,
      ""pickup_time_minutes"": 1408
    },
    {
      ""garment_id"": 15,
      ""press_time_minutes"": 57,
      ""penalty_per_minute"": 1,
      ""pickup_time_minutes"": 1331
    },
    {
      ""garment_id"": 16,
      ""press_time_minutes"": 71,
      ""penalty_per_minute"": 10,
      ""pickup_time_minutes"": 1467
    },
    {
      ""garment_id"": 17,
      ""press_time_minutes"": 47,
      ""penalty_per_minute"": 3,
      ""pickup_time_minutes"": 1649
    },
    {
      ""garment_id"": 18,
      ""press_time_minutes"": 22,
      ""penalty_per_minute"": 10,
      ""pickup_time_minutes"": 1465
    },
    {
      ""garment_id"": 19,
      ""press_time_minutes"": 71,
      ""penalty_per_minute"": 10,
      ""pickup_time_minutes"": 1418
    },
    {
      ""garment_id"": 20,
      ""press_time_minutes"": 84,
      ""penalty_per_minute"": 6,
      ""pickup_time_minutes"": 1587
    },
    {
      ""garment_id"": 21,
      ""press_time_minutes"": 100,
      ""penalty_per_minute"": 3,
      ""pickup_time_minutes"": 1577
    },
    {
      ""garment_id"": 22,
      ""press_time_minutes"": 100,
      ""penalty_per_minute"": 2,
      ""pickup_time_minutes"": 1409
    },
    {
      ""garment_id"": 23,
      ""press_time_minutes"": 16,
      ""penalty_per_minute"": 1,
      ""pickup_time_minutes"": 1532
    },
    {
      ""garment_id"": 24,
      ""press_time_minutes"": 6,
      ""penalty_per_minute"": 8,
      ""pickup_time_minutes"": 1477
    },
    {
      ""garment_id"": 25,
      ""press_time_minutes"": 70,
      ""penalty_per_minute"": 7,
      ""pickup_time_minutes"": 1524
    },
    {
      ""garment_id"": 26,
      ""press_time_minutes"": 94,
      ""penalty_per_minute"": 10,
      ""pickup_time_minutes"": 1519
    },
    {
      ""garment_id"": 27,
      ""press_time_minutes"": 62,
      ""penalty_per_minute"": 5,
      ""pickup_time_minutes"": 1569
    },
    {
      ""garment_id"": 28,
      ""press_time_minutes"": 14,
      ""penalty_per_minute"": 2,
      ""pickup_time_minutes"": 1542
    },
    {
      ""garment_id"": 29,
      ""press_time_minutes"": 44,
      ""penalty_per_minute"": 4,
      ""pickup_time_minutes"": 1528
    }
  ]
}

If you want to hand me a schedule, a simple way is to return a tiny JSON object that lists the garments in the order they should be run on the press. Something like this works fine:

{
  ""solution"": [
    <garment_id_first>,
    <garment_id_second>,
    ...,
    <garment_id_last>
  ]
}

Here ""solution"" is just the ordered list of garment/order IDs — the first entry finishes first on the press, the last entry finishes last. Treat the angle-bracket placeholders as a sketch of the shape: replace them with the actual IDs from the instance when you send the real schedule.

Please make sure you use the exact identifiers provided in the instance input — don't rename them and don't invent new labels. Valid identifiers look like plain numbers such as “1” or “23”, single capital letters like “A” or “B”, or a capital letter followed by digits like “A1” or “X7”.",json,zero_based,"{""n_jobs"": 30, ""processing_times"": [95, 60, 89, 96, 65, 15, 78, 75, 32, 56, 61, 34, 93, 87, 43, 57, 71, 47, 22, 71, 84, 100, 100, 16, 6, 70, 94, 62, 14, 44], ""weights"": [1, 2, 10, 3, 4, 4, 1, 9, 7, 8, 9, 7, 9, 3, 9, 1, 10, 3, 10, 10, 6, 3, 2, 1, 8, 7, 10, 5, 2, 4], ""due_dates"": [1501, 1503, 1481, 1495, 1347, 1415, 1498, 1375, 1623, 1306, 1301, 1495, 1482, 1365, 1408, 1331, 1467, 1649, 1465, 1418, 1587, 1577, 1409, 1532, 1477, 1524, 1519, 1569, 1542, 1528]}","{""start_times"": [1742, 899, 1130, 277, 118, 1394, 1664, 824, 1585, 1003, 1219, 84, 530, 737, 1280, 373, 1323, 1617, 1409, 1059, 1501, 637, 430, 62, 78, 1431, 183, 0, 623, 959], ""end_times"": [1837, 959, 1219, 373, 183, 1409, 1742, 899, 1617, 1059, 1280, 118, 623, 824, 1323, 430, 1394, 1664, 1431, 1130, 1585, 737, 530, 78, 84, 1501, 277, 62, 637, 1003], ""tardiness"": [336, 0, 0, 0, 0, 0, 244, 0, 0, 0, 0, 0, 0, 0, 0, 0, 0, 15, 0, 0, 0, 0, 0, 0, 0, 0, 0, 0, 0, 0]}",625.0,"{""problem_type"": ""SMTWT"", ""n_jobs"": 30, ""jobs"": [0, 1, 2, 3, 4, 5, 6, 7, 8, 9, 10, 11, 12, 13, 14, 15, 16, 17, 18, 19, 20, 21, 22, 23, 24, 25, 26, 27, 28, 29], ""job_records"": [{""job_id"": 0, ""processing_time"": 95, ""weight"": 1, ""due_date"": 1501}, {""job_id"": 1, ""processing_time"": 60, ""weight"": 2, ""due_date"": 1503}, {""job_id"": 2, ""processing_time"": 89, ""weight"": 10, ""due_date"": 1481}, {""job_id"": 3, ""processing_time"": 96, ""weight"": 3, ""due_date"": 1495}, {""job_id"": 4, ""processing_time"": 65, ""weight"": 4, ""due_date"": 1347}, {""job_id"": 5, ""processing_time"": 15, ""weight"": 4, ""due_date"": 1415}, {""job_id"": 6, ""processing_time"": 78, ""weight"": 1, ""due_date"": 1498}, {""job_id"": 7, ""processing_time"": 75, ""weight"": 9, ""due_date"": 1375}, {""job_id"": 8, ""processing_time"": 32, ""weight"": 7, ""due_date"": 1623}, {""job_id"": 9, ""processing_time"": 56, ""weight"": 8, ""due_date"": 1306}, {""job_id"": 10, ""processing_time"": 61, ""weight"": 9, ""due_date"": 1301}, {""job_id"": 11, ""processing_time"": 34, ""weight"": 7, ""due_date"": 1495}, {""job_id"": 12, ""processing_time"": 93, ""weight"": 9, ""due_date"": 1482}, {""job_id"": 13, ""processing_time"": 87, ""weight"": 3, ""due_date"": 1365}, {""job_id"": 14, ""processing_time"": 43, ""weight"": 9, ""due_date"": 1408}, {""job_id"": 15, ""processing_time"": 57, ""weight"": 1, ""due_date"": 1331}, {""job_id"": 16, ""processing_time"": 71, ""weight"": 10, ""due_date"": 1467}, {""job_id"": 17, ""processing_time"": 47, ""weight"": 3, ""due_date"": 1649}, {""job_id"": 18, ""processing_time"": 22, ""weight"": 10, ""due_date"": 1465}, {""job_id"": 19, ""processing_time"": 71, ""weight"": 10, ""due_date"": 1418}, {""job_id"": 20, ""processing_time"": 84, ""weight"": 6, ""due_date"": 1587}, {""job_id"": 21, ""processing_time"": 100, ""weight"": 3, ""due_date"": 1577}, {""job_id"": 22, ""processing_time"": 100, ""weight"": 2, ""due_date"": 1409}, {""job_id"": 23, ""processing_time"": 16, ""weight"": 1, ""due_date"": 1532}, {""job_id"": 24, ""processing_time"": 6, ""weight"": 8, ""due_date"": 1477}, {""job_id"": 25, ""processing_time"": 70, ""weight"": 7, ""due_date"": 1524}, {""job_id"": 26, ""processing_time"": 94, ""weight"": 10, ""due_date"": 1519}, {""job_id"": 27, ""processing_time"": 62, ""weight"": 5, ""due_date"": 1569}, {""job_id"": 28, ""processing_time"": 14, ""weight"": 2, ""due_date"": 1542}, {""job_id"": 29, ""processing_time"": 44, ""weight"": 4, ""due_date"": 1528}]}","[27, 23, 24, 11, 4, 26, 3, 15, 22, 12, 28, 21, 13, 7, 1, 29, 9, 19, 2, 10, 14, 16, 5, 18, 25, 20, 8, 17, 6, 0]"
SMTWT_L_018,SMTWT,L,18,"Someone at the dock has to run all the lifts with just one hoist: each lift takes a certain stretch of time, each job has a deadline it’s expected to be done by, and some jobs hurt more when late because they’re more urgent. A good plan is the one where you go through the schedule and for every boat that finishes late you measure how late it was and multiply that by that boat’s urgency, then add those numbers up — the smaller that final sum, the better the plan. No boat is left out or done twice, and only one boat can be on the hoist at any moment. The precise job times, deadlines, and urgencies are shown below.

There are 25 lifts to run, labeled 1, 2, 3, 4, 5, 6, 7, 8, 9, 10, 11, 12, 13, 14, 15, 16, 17, 18, 19, 20, 21, 22, 23, 24, 25.

| lift_id | lift_duration | urgency | required_finish_time |
|---|---|---|---|
| 1 | 88 | 3 | 832 |
| 2 | 5 | 4 | 724 |
| 3 | 13 | 3 | 762 |
| 4 | 22 | 5 | 807 |
| 5 | 9 | 4 | 622 |
| 6 | 78 | 9 | 781 |
| 7 | 45 | 4 | 686 |
| 8 | 42 | 2 | 764 |
| 9 | 71 | 2 | 669 |
| 10 | 54 | 7 | 840 |
| 11 | 60 | 10 | 738 |
| 12 | 55 | 2 | 734 |
| 13 | 73 | 5 | 708 |
| 14 | 57 | 10 | 610 |
| 15 | 67 | 6 | 667 |
| 16 | 42 | 1 | 623 |
| 17 | 72 | 2 | 790 |
| 18 | 71 | 2 | 633 |
| 19 | 57 | 4 | 680 |
| 20 | 19 | 1 | 703 |
| 21 | 53 | 3 | 835 |
| 22 | 51 | 4 | 768 |
| 23 | 9 | 4 | 821 |
| 24 | 54 | 5 | 839 |
| 25 | 37 | 3 | 671 |

List each lift once in this form; the plan is judged by the sum of lateness times urgency.

Also, when you send back the actual plan, please use this simple JSON layout so it's easy to read by hand or by a little script — just a ""solution"" array with the boats in the order you want them lifted.

{
  ""solution"": [
    <boat_id_first>,
    <boat_id_second>,
    ...,
    <boat_id_last>
  ]
}

This block is just a sketch of the shape I expect: ""solution"" holds a list in the exact order the hoist should process the boats. Each placeholder stands for one boat identifier from the instance. It's informal — think of it like filling out a little form rather than writing code.

A quick reminder: use the identifiers exactly as they appear in the instance input — do not rename them or invent new labels. 
- for example: ""Valid identifiers look like plain numbers such as ""1"" or ""23"", single capital letters like ""A"" or ""B"", or a capital letter followed by digits like ""A1"" or ""X7"".""",markdown_table,one_based,"{""n_jobs"": 25, ""processing_times"": [88, 5, 13, 22, 9, 78, 45, 42, 71, 54, 60, 55, 73, 57, 67, 42, 72, 71, 57, 19, 53, 51, 9, 54, 37], ""weights"": [3, 4, 3, 5, 4, 9, 4, 2, 2, 7, 10, 2, 5, 10, 6, 1, 2, 2, 4, 1, 3, 4, 4, 5, 3], ""due_dates"": [832, 724, 762, 807, 622, 781, 686, 764, 669, 840, 738, 734, 708, 610, 667, 623, 790, 633, 680, 703, 835, 768, 821, 839, 671]}","{""start_times"": [931, 0, 5, 18, 40, 49, 127, 668, 1019, 770, 172, 360, 415, 232, 525, 1162, 1090, 289, 592, 649, 878, 710, 761, 824, 488], ""end_times"": [1019, 5, 18, 40, 49, 127, 172, 710, 1090, 824, 232, 415, 488, 289, 592, 1204, 1162, 360, 649, 668, 931, 761, 770, 878, 525], ""tardiness"": [187, 0, 0, 0, 0, 0, 0, 0, 421, 0, 0, 0, 0, 0, 0, 581, 372, 0, 0, 0, 96, 0, 0, 39, 0]}",3211.0,"{""problem_type"": ""SMTWT"", ""n_jobs"": 25, ""jobs"": [1, 2, 3, 4, 5, 6, 7, 8, 9, 10, 11, 12, 13, 14, 15, 16, 17, 18, 19, 20, 21, 22, 23, 24, 25], ""job_records"": [{""job_id"": 1, ""processing_time"": 88, ""weight"": 3, ""due_date"": 832}, {""job_id"": 2, ""processing_time"": 5, ""weight"": 4, ""due_date"": 724}, {""job_id"": 3, ""processing_time"": 13, ""weight"": 3, ""due_date"": 762}, {""job_id"": 4, ""processing_time"": 22, ""weight"": 5, ""due_date"": 807}, {""job_id"": 5, ""processing_time"": 9, ""weight"": 4, ""due_date"": 622}, {""job_id"": 6, ""processing_time"": 78, ""weight"": 9, ""due_date"": 781}, {""job_id"": 7, ""processing_time"": 45, ""weight"": 4, ""due_date"": 686}, {""job_id"": 8, ""processing_time"": 42, ""weight"": 2, ""due_date"": 764}, {""job_id"": 9, ""processing_time"": 71, ""weight"": 2, ""due_date"": 669}, {""job_id"": 10, ""processing_time"": 54, ""weight"": 7, ""due_date"": 840}, {""job_id"": 11, ""processing_time"": 60, ""weight"": 10, ""due_date"": 738}, {""job_id"": 12, ""processing_time"": 55, ""weight"": 2, ""due_date"": 734}, {""job_id"": 13, ""processing_time"": 73, ""weight"": 5, ""due_date"": 708}, {""job_id"": 14, ""processing_time"": 57, ""weight"": 10, ""due_date"": 610}, {""job_id"": 15, ""processing_time"": 67, ""weight"": 6, ""due_date"": 667}, {""job_id"": 16, ""processing_time"": 42, ""weight"": 1, ""due_date"": 623}, {""job_id"": 17, ""processing_time"": 72, ""weight"": 2, ""due_date"": 790}, {""job_id"": 18, ""processing_time"": 71, ""weight"": 2, ""due_date"": 633}, {""job_id"": 19, ""processing_time"": 57, ""weight"": 4, ""due_date"": 680}, {""job_id"": 20, ""processing_time"": 19, ""weight"": 1, ""due_date"": 703}, {""job_id"": 21, ""processing_time"": 53, ""weight"": 3, ""due_date"": 835}, {""job_id"": 22, ""processing_time"": 51, ""weight"": 4, ""due_date"": 768}, {""job_id"": 23, ""processing_time"": 9, ""weight"": 4, ""due_date"": 821}, {""job_id"": 24, ""processing_time"": 54, ""weight"": 5, ""due_date"": 839}, {""job_id"": 25, ""processing_time"": 37, ""weight"": 3, ""due_date"": 671}]}","[2, 3, 4, 5, 6, 7, 11, 14, 18, 12, 13, 25, 15, 19, 20, 8, 22, 23, 10, 24, 21, 1, 9, 17, 16]"
SMTWT_L_019,SMTWT,L,19,"Recently the lone wash bay had a full schedule and the operator had to pick an order for the cars. Each vehicle takes a certain amount of time, each owner wants it back by a promised pickup time, and some customers carry higher priority than others. Because the bay serves one car at a time, some cars may end up finishing after their promised time; for each one, count how many minutes late it is, multiply that by that car’s priority, and add those numbers for all the cars — a smaller total means a better ordering. Every car must go through the bay once and only once. The full list of cars, durations and priorities is shown below.

There are 21 cars, listed here by their identifiers: 1, 2, 3, 4, 5, 6, 7, 8, 9, 10, 11, 12, 13, 14, 15, 16, 17, 18, 19, 20, 21.

| car_id | wash_duration_minutes | priority_score | promised_pickup_time |
|---|---|---|---|
| 1 | 16 | 9 | 385 |
| 2 | 38 | 6 | 480 |
| 3 | 90 | 5 | 531 |
| 4 | 59 | 7 | 347 |
| 5 | 58 | 8 | 531 |
| 6 | 18 | 2 | 342 |
| 7 | 42 | 2 | 460 |
| 8 | 14 | 1 | 427 |
| 9 | 20 | 8 | 519 |
| 10 | 87 | 6 | 337 |
| 11 | 87 | 5 | 524 |
| 12 | 77 | 3 | 516 |
| 13 | 28 | 1 | 532 |
| 14 | 92 | 5 | 517 |
| 15 | 86 | 8 | 406 |
| 16 | 53 | 2 | 364 |
| 17 | 49 | 8 | 486 |
| 18 | 31 | 2 | 418 |
| 19 | 52 | 3 | 358 |
| 20 | 84 | 6 | 377 |
| 21 | 10 | 9 | 541 |

Every car must be scheduled once; the operator seeks the ordering that minimizes the total weighted minutes late.

If you want to give the wash order back to me in a tidy, machine-friendly way, just use a short JSON snippet like this — nothing fancy, just the shape I expect:

{
  ""solution"": [
    <car_id_first>,
    <car_id_second>,
    ...,
    <car_id_last>
  ]
}

Here the ""solution"" array is just the queue of cars from the one to wash first to the one to wash last. Each placeholder is where you'd drop the actual car identifier from the instance (this is just the shape — not the real answer).

Please use the exact identifiers from the instance input — don't rename them or invent new labels. For example:
- Valid identifiers look like plain numbers such as “1” or “23”, single capital letters like “A” or “B”, or a capital letter followed by digits like “A1” or “X7”.",markdown_table,one_based,"{""n_jobs"": 21, ""processing_times"": [16, 38, 90, 59, 58, 18, 42, 14, 20, 87, 87, 77, 28, 92, 86, 53, 49, 31, 52, 84, 10], ""weights"": [9, 6, 5, 7, 8, 2, 2, 1, 8, 6, 5, 3, 1, 5, 8, 2, 8, 2, 3, 6, 9], ""due_dates"": [385, 480, 531, 347, 531, 342, 460, 427, 519, 337, 524, 516, 532, 517, 406, 364, 486, 418, 358, 377, 541]}","{""start_times"": [0, 402, 709, 16, 519, 75, 891, 577, 489, 93, 622, 933, 1063, 799, 316, 1010, 440, 591, 180, 232, 509], ""end_times"": [16, 440, 799, 75, 577, 93, 933, 591, 509, 180, 709, 1010, 1091, 891, 402, 1063, 489, 622, 232, 316, 519], ""tardiness"": [0, 0, 268, 0, 46, 0, 473, 164, 0, 0, 185, 494, 559, 374, 0, 699, 3, 204, 0, 0, 0]}",9484.0,"{""problem_type"": ""SMTWT"", ""n_jobs"": 21, ""jobs"": [1, 2, 3, 4, 5, 6, 7, 8, 9, 10, 11, 12, 13, 14, 15, 16, 17, 18, 19, 20, 21], ""job_records"": [{""job_id"": 1, ""processing_time"": 16, ""weight"": 9, ""due_date"": 385}, {""job_id"": 2, ""processing_time"": 38, ""weight"": 6, ""due_date"": 480}, {""job_id"": 3, ""processing_time"": 90, ""weight"": 5, ""due_date"": 531}, {""job_id"": 4, ""processing_time"": 59, ""weight"": 7, ""due_date"": 347}, {""job_id"": 5, ""processing_time"": 58, ""weight"": 8, ""due_date"": 531}, {""job_id"": 6, ""processing_time"": 18, ""weight"": 2, ""due_date"": 342}, {""job_id"": 7, ""processing_time"": 42, ""weight"": 2, ""due_date"": 460}, {""job_id"": 8, ""processing_time"": 14, ""weight"": 1, ""due_date"": 427}, {""job_id"": 9, ""processing_time"": 20, ""weight"": 8, ""due_date"": 519}, {""job_id"": 10, ""processing_time"": 87, ""weight"": 6, ""due_date"": 337}, {""job_id"": 11, ""processing_time"": 87, ""weight"": 5, ""due_date"": 524}, {""job_id"": 12, ""processing_time"": 77, ""weight"": 3, ""due_date"": 516}, {""job_id"": 13, ""processing_time"": 28, ""weight"": 1, ""due_date"": 532}, {""job_id"": 14, ""processing_time"": 92, ""weight"": 5, ""due_date"": 517}, {""job_id"": 15, ""processing_time"": 86, ""weight"": 8, ""due_date"": 406}, {""job_id"": 16, ""processing_time"": 53, ""weight"": 2, ""due_date"": 364}, {""job_id"": 17, ""processing_time"": 49, ""weight"": 8, ""due_date"": 486}, {""job_id"": 18, ""processing_time"": 31, ""weight"": 2, ""due_date"": 418}, {""job_id"": 19, ""processing_time"": 52, ""weight"": 3, ""due_date"": 358}, {""job_id"": 20, ""processing_time"": 84, ""weight"": 6, ""due_date"": 377}, {""job_id"": 21, ""processing_time"": 10, ""weight"": 9, ""due_date"": 541}]}","[1, 4, 6, 10, 19, 20, 15, 2, 17, 9, 21, 5, 8, 18, 11, 3, 14, 7, 12, 16, 13]"
SMTWT_L_020,SMTWT,L,20,"On a busy evening the kitchen runs on one stove and the chef must decide the cooking order so each dish is cooked once, straight through, with no simultaneous cooks. The way to compare different orders is to examine every dish that finishes after its promised time, note how many minutes late it is, multiply that lateness by the dish’s importance, and total up those values for all dishes — smaller totals mean a better schedule. The full set of cook times, promised times and importance weights is provided below.

There are 23 dishes listed as 1, 2, 3, 4, 5, 6, 7, 8, 9, 10, 11, 12, 13, 14, 15, 16, 17, 18, 19, 20, 21, 22, 23.
Dish 1: 42 minutes on the stove, promised at minute 254, importance 6.
Dish 2: 66 minutes on the stove, promised at minute 110, importance 3.
Dish 3: 80 minutes on the stove, promised at minute 170, importance 1.
Dish 4: 2 minutes on the stove, promised at minute 195, importance 6.
Dish 5: 34 minutes on the stove, promised at minute 159, importance 10.
Dish 6: 20 minutes on the stove, promised at minute 206, importance 1.
Dish 7: 97 minutes on the stove, promised at minute 113, importance 7.
Dish 8: 26 minutes on the stove, promised at minute 123, importance 10.
Dish 9: 34 minutes on the stove, promised at minute 130, importance 4.
Dish 10: 12 minutes on the stove, promised at minute 169, importance 3.
Dish 11: 26 minutes on the stove, promised at minute 131, importance 6.
Dish 12: 66 minutes on the stove, promised at minute 181, importance 7.
Dish 13: 8 minutes on the stove, promised at minute 141, importance 8.
Dish 14: 77 minutes on the stove, promised at minute 212, importance 2.
Dish 15: 25 minutes on the stove, promised at minute 228, importance 1.
Dish 16: 65 minutes on the stove, promised at minute 232, importance 4.
Dish 17: 4 minutes on the stove, promised at minute 303, importance 10.
Dish 18: 89 minutes on the stove, promised at minute 250, importance 3.
Dish 19: 68 minutes on the stove, promised at minute 258, importance 3.
Dish 20: 47 minutes on the stove, promised at minute 197, importance 4.
Dish 21: 59 minutes on the stove, promised at minute 181, importance 9.
Dish 22: 98 minutes on the stove, promised at minute 130, importance 6.
Dish 23: 17 minutes on the stove, promised at minute 158, importance 5.
The chef will evaluate any cooking order by summing each late dish's minutes-late multiplied by its importance.

If you want to reply with a schedule, just drop it in this simple JSON shape so I (or the system) can read it easily:

{
  ""solution"": [
    <dish_id_first>,
    <dish_id_second>,
    ...,
    <dish_id_last>
  ]
}

Think of ""solution"" as the ordered list of dishes to cook: the first entry is what goes on the stove first, the next is what follows, and so on until the last dish. The angle-bracket placeholders are just a sketch of the shape I expect, not the actual answer — replace them with the real dish IDs from the instance.

Please make sure you use the exact identifiers that appear in the instance input — do not rename them or invent new labels. For example: ""Valid identifiers look like plain numbers such as “1” or “23”, single capital letters like “A” or “B”, or a capital letter followed by digits like “A1” or “X7”.""",nl,one_based,"{""n_jobs"": 23, ""processing_times"": [42, 66, 80, 2, 34, 20, 97, 26, 34, 12, 26, 66, 8, 77, 25, 65, 4, 89, 68, 47, 59, 98, 17], ""weights"": [6, 3, 1, 6, 10, 1, 7, 10, 4, 3, 6, 7, 8, 2, 1, 4, 10, 3, 3, 4, 9, 6, 5], ""due_dates"": [254, 110, 170, 195, 159, 206, 113, 123, 130, 169, 131, 181, 141, 212, 228, 232, 303, 250, 258, 197, 181, 130, 158]}","{""start_times"": [218, 657, 982, 0, 2, 637, 377, 36, 62, 147, 96, 264, 122, 905, 791, 474, 260, 816, 723, 330, 159, 539, 130], ""end_times"": [260, 723, 1062, 2, 36, 657, 474, 62, 96, 159, 122, 330, 130, 982, 816, 539, 264, 905, 791, 377, 218, 637, 147], ""tardiness"": [6, 613, 892, 0, 0, 451, 361, 0, 0, 0, 0, 149, 0, 770, 588, 307, 0, 655, 533, 180, 37, 507, 0]}",17803.0,"{""problem_type"": ""SMTWT"", ""n_jobs"": 23, ""jobs"": [1, 2, 3, 4, 5, 6, 7, 8, 9, 10, 11, 12, 13, 14, 15, 16, 17, 18, 19, 20, 21, 22, 23], ""job_records"": [{""job_id"": 1, ""processing_time"": 42, ""weight"": 6, ""due_date"": 254}, {""job_id"": 2, ""processing_time"": 66, ""weight"": 3, ""due_date"": 110}, {""job_id"": 3, ""processing_time"": 80, ""weight"": 1, ""due_date"": 170}, {""job_id"": 4, ""processing_time"": 2, ""weight"": 6, ""due_date"": 195}, {""job_id"": 5, ""processing_time"": 34, ""weight"": 10, ""due_date"": 159}, {""job_id"": 6, ""processing_time"": 20, ""weight"": 1, ""due_date"": 206}, {""job_id"": 7, ""processing_time"": 97, ""weight"": 7, ""due_date"": 113}, {""job_id"": 8, ""processing_time"": 26, ""weight"": 10, ""due_date"": 123}, {""job_id"": 9, ""processing_time"": 34, ""weight"": 4, ""due_date"": 130}, {""job_id"": 10, ""processing_time"": 12, ""weight"": 3, ""due_date"": 169}, {""job_id"": 11, ""processing_time"": 26, ""weight"": 6, ""due_date"": 131}, {""job_id"": 12, ""processing_time"": 66, ""weight"": 7, ""due_date"": 181}, {""job_id"": 13, ""processing_time"": 8, ""weight"": 8, ""due_date"": 141}, {""job_id"": 14, ""processing_time"": 77, ""weight"": 2, ""due_date"": 212}, {""job_id"": 15, ""processing_time"": 25, ""weight"": 1, ""due_date"": 228}, {""job_id"": 16, ""processing_time"": 65, ""weight"": 4, ""due_date"": 232}, {""job_id"": 17, ""processing_time"": 4, ""weight"": 10, ""due_date"": 303}, {""job_id"": 18, ""processing_time"": 89, ""weight"": 3, ""due_date"": 250}, {""job_id"": 19, ""processing_time"": 68, ""weight"": 3, ""due_date"": 258}, {""job_id"": 20, ""processing_time"": 47, ""weight"": 4, ""due_date"": 197}, {""job_id"": 21, ""processing_time"": 59, ""weight"": 9, ""due_date"": 181}, {""job_id"": 22, ""processing_time"": 98, ""weight"": 6, ""due_date"": 130}, {""job_id"": 23, ""processing_time"": 17, ""weight"": 5, ""due_date"": 158}]}","[4, 5, 8, 9, 11, 13, 23, 10, 21, 1, 17, 12, 20, 7, 16, 22, 6, 2, 19, 15, 18, 14, 3]"
SMTWT_L_021,SMTWT,L,21,"Back at the office the assistant is matching a bunch of documents to a single copier, each document with its own deadline and a priority label. The choice is the order to send them so the total hurt from lateness is minimized — for each job that ends up late, count how many minutes it’s late, multiply that by how important that document is, and add those values together for the whole pile; the lower that total, the better the order. The copier can’t work on several jobs at once, every print has to run to completion once started, and each request must be printed exactly once. The detailed job information appears below.

# num_print_requests=26
# print_job_ids=1, 2, 3, 4, 5, 6, 7, 8, 9, 10, 11, 12, 13, 14, 15, 16, 17, 18, 19, 20, 21, 22, 23, 24, 25, 26
print_job_id,print_duration_minutes,priority_weight,requested_completion_time
1,36,8,778
2,16,9,1137
3,65,7,1083
4,62,3,777
5,73,1,1069
6,24,5,833
7,60,10,803
8,39,10,1020
9,76,4,808
10,10,2,960
11,63,8,972
12,52,6,1129
13,67,5,1128
14,65,3,1194
15,26,4,985
16,58,1,1153
17,15,4,1098
18,3,5,1022
19,33,5,859
20,53,1,915
21,100,4,1175
22,4,9,891
23,54,3,839
24,46,10,764
25,72,7,945
26,55,2,791

Oh — and when you send the final ordering back, just stick to this little JSON shape so I can read it easily:

{
  ""solution"": [
    <doc_id_first>,
    <doc_id_second>,
    ...,
    <doc_id_last>
  ]
}

It's simple: ""solution"" is the ordered list of document IDs in the sequence you want the copier to handle. The angle-bracket placeholders above are just showing the shape (I've tweaked the placeholder names to match the document/copy story); when you give the real answer you should replace them with the actual IDs from the instance.

One quick reminder: use the identifiers exactly as they appear in the input — don't rename them or invent new labels. 
- for example: ""Valid identifiers look like plain numbers such as “1” or “23”, single capital letters like “A” or “B”, or a capital letter followed by digits like “A1” or “X7”.

That JSON is only a sketch of the expected format, not the actual schedule — fill the array with the instance's exact IDs in the order you pick.",csv,one_based,"{""n_jobs"": 26, ""processing_times"": [36, 16, 65, 62, 73, 24, 60, 39, 76, 10, 63, 52, 67, 65, 26, 58, 15, 3, 33, 53, 100, 4, 54, 46, 72, 55], ""weights"": [8, 9, 7, 3, 1, 5, 10, 10, 4, 2, 8, 6, 5, 3, 4, 1, 4, 5, 5, 1, 4, 9, 3, 10, 7, 2], ""due_dates"": [778, 1137, 1083, 777, 1069, 833, 803, 1020, 808, 960, 972, 1129, 1128, 1194, 985, 1153, 1098, 1022, 859, 915, 1175, 891, 839, 764, 945, 791]}","{""start_times"": [667, 1088, 100, 228, 930, 505, 290, 783, 707, 894, 165, 615, 1021, 1104, 904, 1169, 1003, 1018, 529, 562, 0, 703, 451, 350, 822, 396], ""end_times"": [703, 1104, 165, 290, 1003, 529, 350, 822, 783, 904, 228, 667, 1088, 1169, 930, 1227, 1018, 1021, 562, 615, 100, 707, 505, 396, 894, 451], ""tardiness"": [0, 0, 0, 0, 0, 0, 0, 0, 0, 0, 0, 0, 0, 0, 0, 74, 0, 0, 0, 0, 0, 0, 0, 0, 0, 0]}",74.0,"{""problem_type"": ""SMTWT"", ""n_jobs"": 26, ""jobs"": [1, 2, 3, 4, 5, 6, 7, 8, 9, 10, 11, 12, 13, 14, 15, 16, 17, 18, 19, 20, 21, 22, 23, 24, 25, 26], ""job_records"": [{""job_id"": 1, ""processing_time"": 36, ""weight"": 8, ""due_date"": 778}, {""job_id"": 2, ""processing_time"": 16, ""weight"": 9, ""due_date"": 1137}, {""job_id"": 3, ""processing_time"": 65, ""weight"": 7, ""due_date"": 1083}, {""job_id"": 4, ""processing_time"": 62, ""weight"": 3, ""due_date"": 777}, {""job_id"": 5, ""processing_time"": 73, ""weight"": 1, ""due_date"": 1069}, {""job_id"": 6, ""processing_time"": 24, ""weight"": 5, ""due_date"": 833}, {""job_id"": 7, ""processing_time"": 60, ""weight"": 10, ""due_date"": 803}, {""job_id"": 8, ""processing_time"": 39, ""weight"": 10, ""due_date"": 1020}, {""job_id"": 9, ""processing_time"": 76, ""weight"": 4, ""due_date"": 808}, {""job_id"": 10, ""processing_time"": 10, ""weight"": 2, ""due_date"": 960}, {""job_id"": 11, ""processing_time"": 63, ""weight"": 8, ""due_date"": 972}, {""job_id"": 12, ""processing_time"": 52, ""weight"": 6, ""due_date"": 1129}, {""job_id"": 13, ""processing_time"": 67, ""weight"": 5, ""due_date"": 1128}, {""job_id"": 14, ""processing_time"": 65, ""weight"": 3, ""due_date"": 1194}, {""job_id"": 15, ""processing_time"": 26, ""weight"": 4, ""due_date"": 985}, {""job_id"": 16, ""processing_time"": 58, ""weight"": 1, ""due_date"": 1153}, {""job_id"": 17, ""processing_time"": 15, ""weight"": 4, ""due_date"": 1098}, {""job_id"": 18, ""processing_time"": 3, ""weight"": 5, ""due_date"": 1022}, {""job_id"": 19, ""processing_time"": 33, ""weight"": 5, ""due_date"": 859}, {""job_id"": 20, ""processing_time"": 53, ""weight"": 1, ""due_date"": 915}, {""job_id"": 21, ""processing_time"": 100, ""weight"": 4, ""due_date"": 1175}, {""job_id"": 22, ""processing_time"": 4, ""weight"": 9, ""due_date"": 891}, {""job_id"": 23, ""processing_time"": 54, ""weight"": 3, ""due_date"": 839}, {""job_id"": 24, ""processing_time"": 46, ""weight"": 10, ""due_date"": 764}, {""job_id"": 25, ""processing_time"": 72, ""weight"": 7, ""due_date"": 945}, {""job_id"": 26, ""processing_time"": 55, ""weight"": 2, ""due_date"": 791}]}","[21, 3, 11, 4, 7, 24, 26, 23, 6, 19, 20, 12, 1, 22, 9, 8, 25, 10, 15, 5, 17, 18, 13, 2, 14, 16]"
SMTWT_L_022,SMTWT,L,22,"There’s a single scanner and a list of appointments that all need to happen today, and the job is to put them in an order so nobody’s left out or scheduled twice. Some patients are more pressing than others and some scans take longer, so when a scan finishes past its scheduled time the patient is late by that many minutes; if it’s on time or early, lateness is zero. For each appointment, multiply the minutes late (if any) by the patient’s urgency, then add those numbers up for everyone — the goal is to get that overall total as small as possible. Keep in mind only one scan can run at once and once a scan starts it must run straight through. The concrete list of scans and urgencies appears below.

# num_appointments=25
# appointment_ids=1, 2, 3, 4, 5, 6, 7, 8, 9, 10, 11, 12, 13, 14, 15, 16, 17, 18, 19, 20, 21, 22, 23, 24, 25
appointment_id,scan_duration_minutes,urgency_weight,scheduled_time_minutes
1,79,4,502
2,66,8,785
3,15,3,515
4,41,10,734
5,16,7,517
6,40,4,827
7,24,5,648
8,28,5,664
9,45,7,665
10,16,1,622
11,57,9,747
12,59,4,480
13,68,3,544
14,36,10,523
15,58,1,456
16,22,4,652
17,41,6,856
18,36,1,683
19,65,1,492
20,80,1,669
21,1,2,507
22,89,7,524
23,66,10,584
24,6,8,766
25,17,7,438

Oh, and when you send back the final ordering, please put it in a tiny JSON snippet so it's easy to read. Something like this:

{
  ""solution"": [
    <scan_id_first>,
    <scan_id_second>,
    ...,
    <scan_id_last>
  ]
}

The ""solution"" list is just the schedule: the first item is the scan that goes first, the next item goes second, and so on until the last scan. Think of the placeholders as little blanks where you'll drop the real scan identifiers — this is just a sketch of the shape I expect, not the actual answer.

Please make sure to use the identifiers exactly as they appear in the instance input — do not rename them or invent new labels.
- for example: ""Valid identifiers look like plain numbers such as “1” or “23”, single capital letters like “A” or “B”, or a capital letter followed by digits like “A1” or “X7”.""",csv,one_based,"{""n_jobs"": 25, ""processing_times"": [79, 66, 15, 41, 16, 40, 24, 28, 45, 16, 57, 59, 68, 36, 58, 22, 41, 36, 65, 80, 1, 89, 66, 6, 17], ""weights"": [4, 8, 3, 10, 7, 4, 5, 5, 7, 1, 9, 4, 3, 10, 1, 4, 6, 1, 1, 1, 2, 7, 10, 8, 7], ""due_dates"": [502, 785, 515, 734, 517, 827, 648, 664, 665, 622, 747, 480, 544, 523, 456, 652, 856, 683, 492, 669, 507, 524, 584, 766, 438]}","{""start_times"": [17, 721, 164, 543, 179, 787, 584, 636, 426, 410, 664, 196, 96, 471, 868, 608, 827, 507, 926, 991, 195, 321, 255, 630, 0], ""end_times"": [96, 787, 179, 584, 195, 827, 608, 664, 471, 426, 721, 255, 164, 507, 926, 630, 868, 543, 991, 1071, 196, 410, 321, 636, 17], ""tardiness"": [0, 2, 0, 0, 0, 0, 0, 0, 0, 0, 0, 0, 0, 0, 470, 0, 12, 0, 499, 402, 0, 0, 0, 0, 0]}",1459.0,"{""problem_type"": ""SMTWT"", ""n_jobs"": 25, ""jobs"": [1, 2, 3, 4, 5, 6, 7, 8, 9, 10, 11, 12, 13, 14, 15, 16, 17, 18, 19, 20, 21, 22, 23, 24, 25], ""job_records"": [{""job_id"": 1, ""processing_time"": 79, ""weight"": 4, ""due_date"": 502}, {""job_id"": 2, ""processing_time"": 66, ""weight"": 8, ""due_date"": 785}, {""job_id"": 3, ""processing_time"": 15, ""weight"": 3, ""due_date"": 515}, {""job_id"": 4, ""processing_time"": 41, ""weight"": 10, ""due_date"": 734}, {""job_id"": 5, ""processing_time"": 16, ""weight"": 7, ""due_date"": 517}, {""job_id"": 6, ""processing_time"": 40, ""weight"": 4, ""due_date"": 827}, {""job_id"": 7, ""processing_time"": 24, ""weight"": 5, ""due_date"": 648}, {""job_id"": 8, ""processing_time"": 28, ""weight"": 5, ""due_date"": 664}, {""job_id"": 9, ""processing_time"": 45, ""weight"": 7, ""due_date"": 665}, {""job_id"": 10, ""processing_time"": 16, ""weight"": 1, ""due_date"": 622}, {""job_id"": 11, ""processing_time"": 57, ""weight"": 9, ""due_date"": 747}, {""job_id"": 12, ""processing_time"": 59, ""weight"": 4, ""due_date"": 480}, {""job_id"": 13, ""processing_time"": 68, ""weight"": 3, ""due_date"": 544}, {""job_id"": 14, ""processing_time"": 36, ""weight"": 10, ""due_date"": 523}, {""job_id"": 15, ""processing_time"": 58, ""weight"": 1, ""due_date"": 456}, {""job_id"": 16, ""processing_time"": 22, ""weight"": 4, ""due_date"": 652}, {""job_id"": 17, ""processing_time"": 41, ""weight"": 6, ""due_date"": 856}, {""job_id"": 18, ""processing_time"": 36, ""weight"": 1, ""due_date"": 683}, {""job_id"": 19, ""processing_time"": 65, ""weight"": 1, ""due_date"": 492}, {""job_id"": 20, ""processing_time"": 80, ""weight"": 1, ""due_date"": 669}, {""job_id"": 21, ""processing_time"": 1, ""weight"": 2, ""due_date"": 507}, {""job_id"": 22, ""processing_time"": 89, ""weight"": 7, ""due_date"": 524}, {""job_id"": 23, ""processing_time"": 66, ""weight"": 10, ""due_date"": 584}, {""job_id"": 24, ""processing_time"": 6, ""weight"": 8, ""due_date"": 766}, {""job_id"": 25, ""processing_time"": 17, ""weight"": 7, ""due_date"": 438}]}","[25, 1, 13, 3, 5, 21, 12, 23, 22, 10, 9, 14, 18, 4, 7, 16, 24, 8, 11, 2, 6, 17, 15, 19, 20]"
SMTWT_L_023,SMTWT,L,23,"Someone at the hub has to line up all the drop-offs for a single-van route so every package gets delivered exactly once, back to back, with no two stops happening at the same moment. The way to compare different orders is straightforward: for each delivery that arrives after the requested time, measure how late it was, multiply that delay by the recipient’s urgency rating, and add up those numbers for the whole day — smaller totals mean less overall upset. The required stop list and exact timings are shown below.

# num_stops=23
# stop_ids=1, 2, 3, 4, 5, 6, 7, 8, 9, 10, 11, 12, 13, 14, 15, 16, 17, 18, 19, 20, 21, 22, 23
stop_id,transit_and_service_time,urgency_weight,requested_delivery_time
1,58,6,358
2,75,10,343
3,56,8,563
4,59,5,618
5,6,7,486
6,94,1,346
7,99,7,379
8,66,9,710
9,87,10,409
10,86,8,601
11,61,4,658
12,87,3,821
13,87,4,404
14,89,3,764
15,45,5,585
16,13,8,585
17,89,10,503
18,41,3,538
19,11,8,672
20,97,1,291
21,33,5,314
22,36,10,598
23,64,1,618

Oh, and when you send back the final order, just use a tiny JSON snippet in this shape so it's easy to parse and double-check:

{
  ""solution"": [
    <stop_id_first>,
    <stop_id_second>,
    ...,
    <stop_id_last>
  ]
}

That ""solution"" list should be the stops in the exact order the van will visit them. Each placeholder like <stop_id_first> is just standing in for the actual identifier of the first stop, and so on — it's a sketch of the shape I want, not the real answer.

Please make sure you use the exact identifiers from the instance input — don't rename them or invent new labels.
- for example: ""Valid identifiers look like plain numbers such as “1” or “23”, single capital letters like “A” or “B”, or a capital letter followed by digits like “A1” or “X7”.""",csv,one_based,"{""n_jobs"": 23, ""processing_times"": [58, 75, 56, 59, 6, 94, 99, 66, 87, 86, 61, 87, 87, 89, 45, 13, 89, 41, 11, 97, 33, 36, 64], ""weights"": [6, 10, 8, 5, 7, 1, 7, 9, 10, 8, 4, 3, 4, 3, 5, 8, 10, 3, 8, 1, 5, 10, 1], ""due_dates"": [358, 343, 563, 618, 486, 346, 379, 710, 409, 601, 658, 821, 404, 764, 585, 585, 503, 538, 672, 291, 314, 598, 618]}","{""start_times"": [0, 58, 133, 597, 408, 1248, 222, 667, 321, 733, 860, 1008, 921, 1095, 503, 548, 414, 819, 656, 1342, 189, 561, 1184], ""end_times"": [58, 133, 189, 656, 414, 1342, 321, 733, 408, 819, 921, 1095, 1008, 1184, 548, 561, 503, 860, 667, 1439, 222, 597, 1248], ""tardiness"": [0, 0, 0, 38, 0, 996, 0, 23, 0, 218, 263, 274, 604, 420, 0, 0, 0, 322, 0, 1148, 0, 0, 630]}",11431.0,"{""problem_type"": ""SMTWT"", ""n_jobs"": 23, ""jobs"": [1, 2, 3, 4, 5, 6, 7, 8, 9, 10, 11, 12, 13, 14, 15, 16, 17, 18, 19, 20, 21, 22, 23], ""job_records"": [{""job_id"": 1, ""processing_time"": 58, ""weight"": 6, ""due_date"": 358}, {""job_id"": 2, ""processing_time"": 75, ""weight"": 10, ""due_date"": 343}, {""job_id"": 3, ""processing_time"": 56, ""weight"": 8, ""due_date"": 563}, {""job_id"": 4, ""processing_time"": 59, ""weight"": 5, ""due_date"": 618}, {""job_id"": 5, ""processing_time"": 6, ""weight"": 7, ""due_date"": 486}, {""job_id"": 6, ""processing_time"": 94, ""weight"": 1, ""due_date"": 346}, {""job_id"": 7, ""processing_time"": 99, ""weight"": 7, ""due_date"": 379}, {""job_id"": 8, ""processing_time"": 66, ""weight"": 9, ""due_date"": 710}, {""job_id"": 9, ""processing_time"": 87, ""weight"": 10, ""due_date"": 409}, {""job_id"": 10, ""processing_time"": 86, ""weight"": 8, ""due_date"": 601}, {""job_id"": 11, ""processing_time"": 61, ""weight"": 4, ""due_date"": 658}, {""job_id"": 12, ""processing_time"": 87, ""weight"": 3, ""due_date"": 821}, {""job_id"": 13, ""processing_time"": 87, ""weight"": 4, ""due_date"": 404}, {""job_id"": 14, ""processing_time"": 89, ""weight"": 3, ""due_date"": 764}, {""job_id"": 15, ""processing_time"": 45, ""weight"": 5, ""due_date"": 585}, {""job_id"": 16, ""processing_time"": 13, ""weight"": 8, ""due_date"": 585}, {""job_id"": 17, ""processing_time"": 89, ""weight"": 10, ""due_date"": 503}, {""job_id"": 18, ""processing_time"": 41, ""weight"": 3, ""due_date"": 538}, {""job_id"": 19, ""processing_time"": 11, ""weight"": 8, ""due_date"": 672}, {""job_id"": 20, ""processing_time"": 97, ""weight"": 1, ""due_date"": 291}, {""job_id"": 21, ""processing_time"": 33, ""weight"": 5, ""due_date"": 314}, {""job_id"": 22, ""processing_time"": 36, ""weight"": 10, ""due_date"": 598}, {""job_id"": 23, ""processing_time"": 64, ""weight"": 1, ""due_date"": 618}]}","[1, 2, 3, 21, 7, 9, 5, 17, 15, 16, 22, 4, 19, 8, 10, 18, 11, 13, 12, 14, 23, 6, 20]"
SMTWT_L_024,SMTWT,L,24,"Back at the mill the planner is stacking the jobs in an order that will get everything done as fairly as possible. Every job comes with a processing time, a due date, and a weight that measures how costly lateness is; for each job finished after its due date, multiply the lateness by that job’s weight and sum those values across all jobs — smaller sums mean the schedule handled lateness better. The mill must process one job at a time and each machining operation runs uninterrupted, and all jobs must be processed exactly once. The concrete job details and numbers are provided below.

# num_parts=24
# part_ids=A, B, C, D, E, F, G, H, I, J, K, L, M, N, O, P, Q, R, S, T, U, V, W, X
part_id,machining_time,priority_weight,due_deadline
A,48,10,88
B,60,10,312
C,50,7,306
D,26,4,208
E,39,6,227
F,7,9,278
G,54,8,223
H,31,1,93
I,37,2,5
J,39,7,291
K,97,3,332
L,57,2,243
M,63,4,193
N,30,2,102
O,11,5,384
P,43,10,233
Q,39,2,398
R,30,9,301
S,43,2,184
T,69,1,220
U,8,1,79
V,1,4,286
W,85,8,308
X,53,8,93

Also, when you hand over the schedule, just stick it in a tiny JSON blob so it's easy to read and parse — nothing fancy, just a single list that gives the job order. For this story I like to call the placeholder values ""mill_job_*"" to match the mill, but keep the same overall shape:

{
  ""solution"": [
    <mill_job_first>,
    <mill_job_second>,
    ...,
    <mill_job_last>
  ]
}

Think of ""solution"" as the queue: the array lists job identifiers in the exact order the machine should process them, first to last. The angle-bracket placeholders are just showing where each actual job ID goes — this is a sketch of the shape I need, not the real answer itself.

Please be sure to use the exact identifiers from the instance input — do not rename them or invent new labels. Valid identifiers look like plain numbers such as “1” or “23”, single capital letters like “A” or “B”, or a capital letter followed by digits like “A1” or “X7”.",csv,names,"{""n_jobs"": 24, ""processing_times"": [48, 60, 50, 26, 39, 7, 54, 31, 37, 39, 97, 57, 63, 30, 11, 43, 39, 30, 43, 69, 8, 1, 85, 53], ""weights"": [10, 10, 7, 4, 6, 9, 8, 1, 2, 7, 3, 2, 4, 2, 5, 10, 2, 9, 2, 1, 1, 4, 8, 8], ""due_dates"": [88, 312, 306, 208, 227, 278, 223, 93, 5, 291, 332, 243, 193, 102, 384, 233, 398, 301, 184, 220, 79, 286, 308, 93]}","{""start_times"": [0, 309, 419, 109, 380, 232, 135, 823, 647, 239, 854, 766, 584, 554, 369, 189, 684, 279, 723, 951, 101, 278, 469, 48], ""end_times"": [48, 369, 469, 135, 419, 239, 189, 854, 684, 278, 951, 823, 647, 584, 380, 232, 723, 309, 766, 1020, 109, 279, 554, 101], ""tardiness"": [0, 57, 163, 0, 192, 0, 0, 761, 679, 0, 619, 580, 454, 482, 0, 0, 325, 8, 582, 800, 30, 0, 246, 8]}",15527.0,"{""problem_type"": ""SMTWT"", ""n_jobs"": 24, ""jobs"": [""A"", ""B"", ""C"", ""D"", ""E"", ""F"", ""G"", ""H"", ""I"", ""J"", ""K"", ""L"", ""M"", ""N"", ""O"", ""P"", ""Q"", ""R"", ""S"", ""T"", ""U"", ""V"", ""W"", ""X""], ""job_records"": [{""job_id"": ""A"", ""processing_time"": 48, ""weight"": 10, ""due_date"": 88}, {""job_id"": ""B"", ""processing_time"": 60, ""weight"": 10, ""due_date"": 312}, {""job_id"": ""C"", ""processing_time"": 50, ""weight"": 7, ""due_date"": 306}, {""job_id"": ""D"", ""processing_time"": 26, ""weight"": 4, ""due_date"": 208}, {""job_id"": ""E"", ""processing_time"": 39, ""weight"": 6, ""due_date"": 227}, {""job_id"": ""F"", ""processing_time"": 7, ""weight"": 9, ""due_date"": 278}, {""job_id"": ""G"", ""processing_time"": 54, ""weight"": 8, ""due_date"": 223}, {""job_id"": ""H"", ""processing_time"": 31, ""weight"": 1, ""due_date"": 93}, {""job_id"": ""I"", ""processing_time"": 37, ""weight"": 2, ""due_date"": 5}, {""job_id"": ""J"", ""processing_time"": 39, ""weight"": 7, ""due_date"": 291}, {""job_id"": ""K"", ""processing_time"": 97, ""weight"": 3, ""due_date"": 332}, {""job_id"": ""L"", ""processing_time"": 57, ""weight"": 2, ""due_date"": 243}, {""job_id"": ""M"", ""processing_time"": 63, ""weight"": 4, ""due_date"": 193}, {""job_id"": ""N"", ""processing_time"": 30, ""weight"": 2, ""due_date"": 102}, {""job_id"": ""O"", ""processing_time"": 11, ""weight"": 5, ""due_date"": 384}, {""job_id"": ""P"", ""processing_time"": 43, ""weight"": 10, ""due_date"": 233}, {""job_id"": ""Q"", ""processing_time"": 39, ""weight"": 2, ""due_date"": 398}, {""job_id"": ""R"", ""processing_time"": 30, ""weight"": 9, ""due_date"": 301}, {""job_id"": ""S"", ""processing_time"": 43, ""weight"": 2, ""due_date"": 184}, {""job_id"": ""T"", ""processing_time"": 69, ""weight"": 1, ""due_date"": 220}, {""job_id"": ""U"", ""processing_time"": 8, ""weight"": 1, ""due_date"": 79}, {""job_id"": ""V"", ""processing_time"": 1, ""weight"": 4, ""due_date"": 286}, {""job_id"": ""W"", ""processing_time"": 85, ""weight"": 8, ""due_date"": 308}, {""job_id"": ""X"", ""processing_time"": 53, ""weight"": 8, ""due_date"": 93}]}","[""A"", ""X"", ""U"", ""D"", ""G"", ""P"", ""F"", ""J"", ""V"", ""R"", ""B"", ""O"", ""E"", ""C"", ""W"", ""N"", ""M"", ""I"", ""Q"", ""S"", ""L"", ""H"", ""K"", ""T""]"
SMTWT_L_025,SMTWT,L,25,"At the data center the scheduler had one machine and several batches waiting, each with a duration, a deadline, and a weight that says how bad it is to be late. The aim was clear: choose the run sequence that keeps the total late-cost down — for each job that finishes after its deadline measure the lateness (finish time minus due date), multiply that amount by the job’s weight, and sum those numbers across all jobs. Nothing can be left out or repeated, jobs can’t overlap on the single server, and a job that starts must run all the way through. The concrete list of jobs and their parameters is given below.

There were 22 batches queued, identified as A, B, C, D, E, F, G, H, I, J, K, L, M, N, O, P, Q, R, S, T, U, V.
Batch A: duration 25, deadline 1282, weight 3.
Batch B: duration 13, deadline 1310, weight 6.
Batch C: duration 39, deadline 997, weight 7.
Batch D: duration 86, deadline 682, weight 6.
Batch E: duration 94, deadline 1117, weight 7.
Batch F: duration 33, deadline 599, weight 3.
Batch G: duration 96, deadline 711, weight 3.
Batch H: duration 55, deadline 1067, weight 6.
Batch I: duration 5, deadline 1289, weight 6.
Batch J: duration 84, deadline 971, weight 1.
Batch K: duration 19, deadline 831, weight 4.
Batch L: duration 84, deadline 1040, weight 2.
Batch M: duration 52, deadline 685, weight 4.
Batch N: duration 99, deadline 1019, weight 3.
Batch O: duration 85, deadline 1016, weight 8.
Batch P: duration 25, deadline 793, weight 5.
Batch Q: duration 90, deadline 1292, weight 3.
Batch R: duration 61, deadline 1284, weight 10.
Batch S: duration 49, deadline 732, weight 9.
Batch T: duration 70, deadline 604, weight 5.
Batch U: duration 2, deadline 1188, weight 3.
Batch V: duration 31, deadline 981, weight 9.
Choose a run order that minimizes the total weighted tardiness.

Oh, and when you send back the final run order, please use this little JSON layout so it's easy to read and plug in:

{
  ""solution"": [
    <job_id_first>,
    <job_id_second>,
    ...,
    <job_id_last>
  ]
}

""solution"" is meant to be the ordered list of job ids — first item runs first on the machine, next item runs after that, and so on. Think of it like filling in a simple form: replace the placeholders with the actual job identifiers in the order you want them executed. This JSON is just a sketch of the expected shape, not the schedule itself.

All identifiers must be used exactly as they appear in the instance input — no renaming and no new labels.

Valid identifiers look like plain numbers such as “1” or “23”, single capital letters like “A” or “B”, or a capital letter followed by digits like “A1” or “X7”.",nl,names,"{""n_jobs"": 22, ""processing_times"": [25, 13, 39, 86, 94, 33, 96, 55, 5, 84, 19, 84, 52, 99, 85, 25, 90, 61, 49, 70, 2, 31], ""weights"": [3, 6, 7, 6, 7, 3, 3, 6, 6, 1, 4, 2, 4, 3, 8, 5, 3, 10, 9, 5, 3, 9], ""due_dates"": [1282, 1310, 997, 682, 1117, 599, 711, 1067, 1289, 971, 831, 1040, 685, 1019, 1016, 793, 1292, 1284, 732, 604, 1188, 981]}","{""start_times"": [1152, 1179, 813, 103, 907, 70, 189, 852, 1192, 430, 411, 729, 285, 514, 613, 386, 1001, 1091, 337, 0, 1177, 698], ""end_times"": [1177, 1192, 852, 189, 1001, 103, 285, 907, 1197, 514, 430, 813, 337, 613, 698, 411, 1091, 1152, 386, 70, 1179, 729], ""tardiness"": [0, 0, 0, 0, 0, 0, 0, 0, 0, 0, 0, 0, 0, 0, 0, 0, 0, 0, 0, 0, 0, 0]}",0.0,"{""problem_type"": ""SMTWT"", ""n_jobs"": 22, ""jobs"": [""A"", ""B"", ""C"", ""D"", ""E"", ""F"", ""G"", ""H"", ""I"", ""J"", ""K"", ""L"", ""M"", ""N"", ""O"", ""P"", ""Q"", ""R"", ""S"", ""T"", ""U"", ""V""], ""job_records"": [{""job_id"": ""A"", ""processing_time"": 25, ""weight"": 3, ""due_date"": 1282}, {""job_id"": ""B"", ""processing_time"": 13, ""weight"": 6, ""due_date"": 1310}, {""job_id"": ""C"", ""processing_time"": 39, ""weight"": 7, ""due_date"": 997}, {""job_id"": ""D"", ""processing_time"": 86, ""weight"": 6, ""due_date"": 682}, {""job_id"": ""E"", ""processing_time"": 94, ""weight"": 7, ""due_date"": 1117}, {""job_id"": ""F"", ""processing_time"": 33, ""weight"": 3, ""due_date"": 599}, {""job_id"": ""G"", ""processing_time"": 96, ""weight"": 3, ""due_date"": 711}, {""job_id"": ""H"", ""processing_time"": 55, ""weight"": 6, ""due_date"": 1067}, {""job_id"": ""I"", ""processing_time"": 5, ""weight"": 6, ""due_date"": 1289}, {""job_id"": ""J"", ""processing_time"": 84, ""weight"": 1, ""due_date"": 971}, {""job_id"": ""K"", ""processing_time"": 19, ""weight"": 4, ""due_date"": 831}, {""job_id"": ""L"", ""processing_time"": 84, ""weight"": 2, ""due_date"": 1040}, {""job_id"": ""M"", ""processing_time"": 52, ""weight"": 4, ""due_date"": 685}, {""job_id"": ""N"", ""processing_time"": 99, ""weight"": 3, ""due_date"": 1019}, {""job_id"": ""O"", ""processing_time"": 85, ""weight"": 8, ""due_date"": 1016}, {""job_id"": ""P"", ""processing_time"": 25, ""weight"": 5, ""due_date"": 793}, {""job_id"": ""Q"", ""processing_time"": 90, ""weight"": 3, ""due_date"": 1292}, {""job_id"": ""R"", ""processing_time"": 61, ""weight"": 10, ""due_date"": 1284}, {""job_id"": ""S"", ""processing_time"": 49, ""weight"": 9, ""due_date"": 732}, {""job_id"": ""T"", ""processing_time"": 70, ""weight"": 5, ""due_date"": 604}, {""job_id"": ""U"", ""processing_time"": 2, ""weight"": 3, ""due_date"": 1188}, {""job_id"": ""V"", ""processing_time"": 31, ""weight"": 9, ""due_date"": 981}]}","[""T"", ""F"", ""D"", ""G"", ""M"", ""S"", ""P"", ""K"", ""J"", ""N"", ""O"", ""V"", ""L"", ""C"", ""H"", ""E"", ""Q"", ""R"", ""A"", ""U"", ""B"", ""I""]"
SMTWT_L_026,SMTWT,L,26,"Recently the library took on a digitization push and now there’s a single scanner and a schedule to sort out. Every volume must be run through exactly once, scans can’t overlap, and each scan must be completed without breaks. What counts as a good schedule is the total of all the lateness hits: for each book, measure how many minutes it completed after its target time (zero if not late), multiply that by the collection’s importance, and add up those numbers — smaller totals mean fewer problems. The full list of scan lengths, due times, and importance values appears below.

There are 22 volumes to schedule, identified as 1, 2, 3, 4, 5, 6, 7, 8, 9, 10, 11, 12, 13, 14, 15, 16, 17, 18, 19, 20, 21, 22.

| book_id | scan_length_minutes | collection_importance | target_completion_minute |
|---|---|---|---|
| 1 | 19 | 8 | 630 |
| 2 | 57 | 6 | 780 |
| 3 | 45 | 10 | 577 |
| 4 | 77 | 2 | 483 |
| 5 | 21 | 7 | 368 |
| 6 | 31 | 2 | 336 |
| 7 | 32 | 5 | 901 |
| 8 | 93 | 8 | 867 |
| 9 | 89 | 1 | 676 |
| 10 | 64 | 6 | 352 |
| 11 | 20 | 8 | 454 |
| 12 | 9 | 2 | 625 |
| 13 | 45 | 1 | 516 |
| 14 | 4 | 8 | 582 |
| 15 | 26 | 2 | 653 |
| 16 | 15 | 2 | 326 |
| 17 | 93 | 4 | 846 |
| 18 | 63 | 3 | 464 |
| 19 | 92 | 7 | 816 |
| 20 | 40 | 5 | 833 |
| 21 | 23 | 6 | 325 |
| 22 | 53 | 4 | 863 |

Smaller totals mean fewer problems.

If you want to hand me a proposed scanning order, a little JSON like this keeps things tidy and easy to read:

{
  ""solution"": [
    <book_id_first>,
    <book_id_second>,
    ...,
    <book_id_last>
  ]
}

Here ""solution"" is just the ordered list of volumes to run through the scanner, from the very first scan to the very last. The angled placeholders like <book_id_first> are there to show where each book's identifier goes — think of them as labels for the slots in the queue. This is just a sketch of the shape I expect, not the actual schedule.

Please use the exact identifiers from the instance input — don't rename them and don't invent new labels. Valid identifiers look like plain numbers such as “1” or “23”, single capital letters like “A” or “B”, or a capital letter followed by digits like “A1” or “X7”.",markdown_table,one_based,"{""n_jobs"": 22, ""processing_times"": [19, 57, 45, 77, 21, 31, 32, 93, 89, 64, 20, 9, 45, 4, 26, 15, 93, 63, 92, 40, 23, 53], ""weights"": [8, 6, 10, 2, 7, 2, 5, 8, 1, 6, 8, 2, 1, 8, 2, 2, 4, 3, 7, 5, 6, 4], ""due_dates"": [630, 780, 577, 483, 368, 336, 901, 867, 676, 352, 454, 625, 516, 582, 653, 326, 846, 464, 816, 833, 325, 863]}","{""start_times"": [506, 529, 452, 160, 139, 93, 890, 0, 922, 237, 387, 497, 407, 525, 586, 124, 744, 324, 612, 704, 301, 837], ""end_times"": [525, 586, 497, 237, 160, 124, 922, 93, 1011, 301, 407, 506, 452, 529, 612, 139, 837, 387, 704, 744, 324, 890], ""tardiness"": [0, 0, 0, 0, 0, 0, 21, 0, 335, 0, 0, 0, 0, 0, 0, 0, 0, 0, 0, 0, 0, 27]}",548.0,"{""problem_type"": ""SMTWT"", ""n_jobs"": 22, ""jobs"": [1, 2, 3, 4, 5, 6, 7, 8, 9, 10, 11, 12, 13, 14, 15, 16, 17, 18, 19, 20, 21, 22], ""job_records"": [{""job_id"": 1, ""processing_time"": 19, ""weight"": 8, ""due_date"": 630}, {""job_id"": 2, ""processing_time"": 57, ""weight"": 6, ""due_date"": 780}, {""job_id"": 3, ""processing_time"": 45, ""weight"": 10, ""due_date"": 577}, {""job_id"": 4, ""processing_time"": 77, ""weight"": 2, ""due_date"": 483}, {""job_id"": 5, ""processing_time"": 21, ""weight"": 7, ""due_date"": 368}, {""job_id"": 6, ""processing_time"": 31, ""weight"": 2, ""due_date"": 336}, {""job_id"": 7, ""processing_time"": 32, ""weight"": 5, ""due_date"": 901}, {""job_id"": 8, ""processing_time"": 93, ""weight"": 8, ""due_date"": 867}, {""job_id"": 9, ""processing_time"": 89, ""weight"": 1, ""due_date"": 676}, {""job_id"": 10, ""processing_time"": 64, ""weight"": 6, ""due_date"": 352}, {""job_id"": 11, ""processing_time"": 20, ""weight"": 8, ""due_date"": 454}, {""job_id"": 12, ""processing_time"": 9, ""weight"": 2, ""due_date"": 625}, {""job_id"": 13, ""processing_time"": 45, ""weight"": 1, ""due_date"": 516}, {""job_id"": 14, ""processing_time"": 4, ""weight"": 8, ""due_date"": 582}, {""job_id"": 15, ""processing_time"": 26, ""weight"": 2, ""due_date"": 653}, {""job_id"": 16, ""processing_time"": 15, ""weight"": 2, ""due_date"": 326}, {""job_id"": 17, ""processing_time"": 93, ""weight"": 4, ""due_date"": 846}, {""job_id"": 18, ""processing_time"": 63, ""weight"": 3, ""due_date"": 464}, {""job_id"": 19, ""processing_time"": 92, ""weight"": 7, ""due_date"": 816}, {""job_id"": 20, ""processing_time"": 40, ""weight"": 5, ""due_date"": 833}, {""job_id"": 21, ""processing_time"": 23, ""weight"": 6, ""due_date"": 325}, {""job_id"": 22, ""processing_time"": 53, ""weight"": 4, ""due_date"": 863}]}","[8, 6, 16, 5, 4, 10, 21, 18, 11, 13, 3, 12, 1, 14, 2, 15, 19, 20, 17, 22, 7, 9]"
SMTWT_L_027,SMTWT,L,27,"Recently the shop got a batch of tricky orders: every unit needs a fixed amount of bench time, has a target ship date, and a carry-along urgency level that makes lateness hurt more for some items. The task falling to the scheduler is to line them up — start one, finish it, then move to the next — ensuring each unit is completed exactly once and the station never juggles two units at the same time. If a unit finishes late, count how many time units it missed its date by, multiply that lateness by its urgency, and sum those products across all units; the smoother the sequence, the smaller that summed penalty. The exact numbers for processing times, due dates, and urgencies are given below.

# total_units=27
# unit_ids=A, B, C, D, E, F, G, H, I, J, K, L, M, N, O, P, Q, R, S, T, U, V, W, X, Y, Z, AA
unit_id,assembly_time,urgency_weight,promised_ship_date
A,35,3,689
B,51,4,510
C,70,6,652
D,91,6,890
E,54,10,185
F,48,3,593
G,47,4,337
H,69,5,416
I,52,5,452
J,48,2,624
K,4,6,817
L,71,2,486
M,98,1,836
N,50,1,822
O,29,3,140
P,80,9,647
Q,7,5,173
R,50,5,527
S,31,6,348
T,22,10,259
U,68,10,804
V,73,1,243
W,2,6,143
X,19,8,301
Y,58,2,171
Z,80,4,750
AA,17,8,405

Oh, and when you reply with the chosen running order, please put it in a tiny JSON shape like this so it's easy to read and use:

{
  ""solution"": [
    <unit_id_first>,
    <unit_id_second>,
    ...,
    <unit_id_last>
  ]
}

Think of ""solution"" as just the list of units in the exact sequence you want the bench to process them. Each placeholder there stands for one of the unit identifiers from the instance — just drop the real ids in that order. This is just a sketch of the shape I need, not the final answer.

Also, please use the identifiers exactly as they appear in the instance input — no renaming and no new labels.
- for example: ""Valid identifiers look like plain numbers such as “1” or “23”, single capital letters like “A” or “B”, or a capital letter followed by digits like “A1” or “X7”.""",csv,names,"{""n_jobs"": 27, ""processing_times"": [35, 51, 70, 91, 54, 48, 47, 69, 52, 48, 4, 71, 98, 50, 29, 80, 7, 50, 31, 22, 68, 73, 2, 19, 58, 80, 17], ""weights"": [3, 4, 6, 6, 10, 3, 4, 5, 5, 2, 6, 2, 1, 1, 3, 9, 5, 5, 6, 10, 10, 1, 6, 8, 2, 4, 8], ""due_dates"": [689, 510, 652, 890, 185, 593, 337, 416, 452, 624, 817, 486, 836, 822, 140, 647, 173, 527, 348, 259, 804, 243, 143, 301, 171, 750, 405]}","{""start_times"": [706, 407, 636, 813, 0, 508, 150, 238, 355, 984, 809, 1032, 1226, 1103, 54, 556, 83, 458, 307, 197, 741, 1153, 90, 219, 92, 904, 338], ""end_times"": [741, 458, 706, 904, 54, 556, 197, 307, 407, 1032, 813, 1103, 1324, 1153, 83, 636, 90, 508, 338, 219, 809, 1226, 92, 238, 150, 984, 355], ""tardiness"": [52, 0, 54, 14, 0, 0, 0, 0, 0, 408, 0, 617, 488, 331, 0, 0, 0, 0, 0, 0, 5, 983, 0, 0, 0, 234, 0]}",5402.0,"{""problem_type"": ""SMTWT"", ""n_jobs"": 27, ""jobs"": [""A"", ""B"", ""C"", ""D"", ""E"", ""F"", ""G"", ""H"", ""I"", ""J"", ""K"", ""L"", ""M"", ""N"", ""O"", ""P"", ""Q"", ""R"", ""S"", ""T"", ""U"", ""V"", ""W"", ""X"", ""Y"", ""Z"", ""AA""], ""job_records"": [{""job_id"": ""A"", ""processing_time"": 35, ""weight"": 3, ""due_date"": 689}, {""job_id"": ""B"", ""processing_time"": 51, ""weight"": 4, ""due_date"": 510}, {""job_id"": ""C"", ""processing_time"": 70, ""weight"": 6, ""due_date"": 652}, {""job_id"": ""D"", ""processing_time"": 91, ""weight"": 6, ""due_date"": 890}, {""job_id"": ""E"", ""processing_time"": 54, ""weight"": 10, ""due_date"": 185}, {""job_id"": ""F"", ""processing_time"": 48, ""weight"": 3, ""due_date"": 593}, {""job_id"": ""G"", ""processing_time"": 47, ""weight"": 4, ""due_date"": 337}, {""job_id"": ""H"", ""processing_time"": 69, ""weight"": 5, ""due_date"": 416}, {""job_id"": ""I"", ""processing_time"": 52, ""weight"": 5, ""due_date"": 452}, {""job_id"": ""J"", ""processing_time"": 48, ""weight"": 2, ""due_date"": 624}, {""job_id"": ""K"", ""processing_time"": 4, ""weight"": 6, ""due_date"": 817}, {""job_id"": ""L"", ""processing_time"": 71, ""weight"": 2, ""due_date"": 486}, {""job_id"": ""M"", ""processing_time"": 98, ""weight"": 1, ""due_date"": 836}, {""job_id"": ""N"", ""processing_time"": 50, ""weight"": 1, ""due_date"": 822}, {""job_id"": ""O"", ""processing_time"": 29, ""weight"": 3, ""due_date"": 140}, {""job_id"": ""P"", ""processing_time"": 80, ""weight"": 9, ""due_date"": 647}, {""job_id"": ""Q"", ""processing_time"": 7, ""weight"": 5, ""due_date"": 173}, {""job_id"": ""R"", ""processing_time"": 50, ""weight"": 5, ""due_date"": 527}, {""job_id"": ""S"", ""processing_time"": 31, ""weight"": 6, ""due_date"": 348}, {""job_id"": ""T"", ""processing_time"": 22, ""weight"": 10, ""due_date"": 259}, {""job_id"": ""U"", ""processing_time"": 68, ""weight"": 10, ""due_date"": 804}, {""job_id"": ""V"", ""processing_time"": 73, ""weight"": 1, ""due_date"": 243}, {""job_id"": ""W"", ""processing_time"": 2, ""weight"": 6, ""due_date"": 143}, {""job_id"": ""X"", ""processing_time"": 19, ""weight"": 8, ""due_date"": 301}, {""job_id"": ""Y"", ""processing_time"": 58, ""weight"": 2, ""due_date"": 171}, {""job_id"": ""Z"", ""processing_time"": 80, ""weight"": 4, ""due_date"": 750}, {""job_id"": ""AA"", ""processing_time"": 17, ""weight"": 8, ""due_date"": 405}]}","[""E"", ""O"", ""Q"", ""W"", ""Y"", ""G"", ""T"", ""X"", ""H"", ""S"", ""AA"", ""I"", ""B"", ""R"", ""F"", ""P"", ""C"", ""A"", ""U"", ""K"", ""D"", ""Z"", ""J"", ""L"", ""N"", ""V"", ""M""]"
SMTWT_L_028,SMTWT,L,28,"I’ve got a little patch of land and one trusty rototiller, and I need to decide the order to plant a bunch of seedling beds. Each bed has a preferred planting day and a different importance — some plants really need to go in on time, others not so much. If a bed gets planted after its preferred day, count how many days late it is, multiply that by how important that bed’s plants are, and add those numbers up across all beds; the better the planting order, the smaller that total penalty will be. The rototiller can only work on one bed at a time and each bed must be finished in a single pass. Specific plot sizes, planting times, preferred dates, and importance values are listed below.

# n_plots=26
# plot_ids=1, 2, 3, 4, 5, 6, 7, 8, 9, 10, 11, 12, 13, 14, 15, 16, 17, 18, 19, 20, 21, 22, 23, 24, 25, 26
plot_id,tilling_days,plant_importance,preferred_planting_day
1,64,1,605
2,59,1,1084
3,12,1,869
4,17,8,1047
5,49,6,447
6,5,7,1084
7,7,10,537
8,84,3,895
9,28,9,1017
10,25,6,984
11,23,8,851
12,40,8,562
13,11,10,628
14,7,6,690
15,53,8,674
16,20,4,512
17,46,3,734
18,39,7,489
19,72,9,574
20,26,9,520
21,61,3,1042
22,81,10,834
23,91,3,1004
24,30,1,1026
25,58,6,482
26,22,8,598

When you’re ready to tell me the planting order, just send it back in a tiny JSON packet like this so I can read it easily:

{
  ""solution"": [
    <patch_id_first>,
    <patch_id_second>,
    ...,
    <patch_id_last>
  ]
}

The ""solution"" list is just the order to run the rototiller over the patches — the first item is the patch to do first, the second item is next, and so on. Think of each placeholder as a slot where you’ll put the exact patch identifier from the instance (this block is just a sketch of the shape I expect, not the actual answer).

Please make sure to use the exact identifiers from the problem input — don’t rename them or make up new labels. For example: ""Valid identifiers look like plain numbers such as “1” or “23”, single capital letters like “A” or “B”, or a capital letter followed by digits like “A1” or “X7”.""",csv,one_based,"{""n_jobs"": 26, ""processing_times"": [64, 59, 12, 17, 49, 5, 7, 84, 28, 25, 23, 40, 11, 7, 53, 20, 46, 39, 72, 26, 61, 81, 91, 30, 58, 22], ""weights"": [1, 1, 1, 8, 6, 7, 10, 3, 9, 6, 8, 8, 10, 6, 8, 4, 3, 7, 9, 9, 3, 10, 3, 1, 6, 8], ""due_dates"": [605, 1084, 869, 1047, 447, 1084, 537, 895, 1017, 984, 851, 562, 628, 690, 674, 512, 734, 489, 574, 520, 1042, 834, 1004, 1026, 482, 598]}","{""start_times"": [163, 966, 851, 888, 227, 1025, 459, 716, 800, 863, 828, 419, 541, 598, 466, 373, 552, 334, 91, 393, 905, 605, 0, 686, 276, 519], ""end_times"": [227, 1025, 863, 905, 276, 1030, 466, 800, 828, 888, 851, 459, 552, 605, 519, 393, 598, 373, 163, 419, 966, 686, 91, 716, 334, 541], ""tardiness"": [0, 0, 0, 0, 0, 0, 0, 0, 0, 0, 0, 0, 0, 0, 0, 0, 0, 0, 0, 0, 0, 0, 0, 0, 0, 0]}",0.0,"{""problem_type"": ""SMTWT"", ""n_jobs"": 26, ""jobs"": [1, 2, 3, 4, 5, 6, 7, 8, 9, 10, 11, 12, 13, 14, 15, 16, 17, 18, 19, 20, 21, 22, 23, 24, 25, 26], ""job_records"": [{""job_id"": 1, ""processing_time"": 64, ""weight"": 1, ""due_date"": 605}, {""job_id"": 2, ""processing_time"": 59, ""weight"": 1, ""due_date"": 1084}, {""job_id"": 3, ""processing_time"": 12, ""weight"": 1, ""due_date"": 869}, {""job_id"": 4, ""processing_time"": 17, ""weight"": 8, ""due_date"": 1047}, {""job_id"": 5, ""processing_time"": 49, ""weight"": 6, ""due_date"": 447}, {""job_id"": 6, ""processing_time"": 5, ""weight"": 7, ""due_date"": 1084}, {""job_id"": 7, ""processing_time"": 7, ""weight"": 10, ""due_date"": 537}, {""job_id"": 8, ""processing_time"": 84, ""weight"": 3, ""due_date"": 895}, {""job_id"": 9, ""processing_time"": 28, ""weight"": 9, ""due_date"": 1017}, {""job_id"": 10, ""processing_time"": 25, ""weight"": 6, ""due_date"": 984}, {""job_id"": 11, ""processing_time"": 23, ""weight"": 8, ""due_date"": 851}, {""job_id"": 12, ""processing_time"": 40, ""weight"": 8, ""due_date"": 562}, {""job_id"": 13, ""processing_time"": 11, ""weight"": 10, ""due_date"": 628}, {""job_id"": 14, ""processing_time"": 7, ""weight"": 6, ""due_date"": 690}, {""job_id"": 15, ""processing_time"": 53, ""weight"": 8, ""due_date"": 674}, {""job_id"": 16, ""processing_time"": 20, ""weight"": 4, ""due_date"": 512}, {""job_id"": 17, ""processing_time"": 46, ""weight"": 3, ""due_date"": 734}, {""job_id"": 18, ""processing_time"": 39, ""weight"": 7, ""due_date"": 489}, {""job_id"": 19, ""processing_time"": 72, ""weight"": 9, ""due_date"": 574}, {""job_id"": 20, ""processing_time"": 26, ""weight"": 9, ""due_date"": 520}, {""job_id"": 21, ""processing_time"": 61, ""weight"": 3, ""due_date"": 1042}, {""job_id"": 22, ""processing_time"": 81, ""weight"": 10, ""due_date"": 834}, {""job_id"": 23, ""processing_time"": 91, ""weight"": 3, ""due_date"": 1004}, {""job_id"": 24, ""processing_time"": 30, ""weight"": 1, ""due_date"": 1026}, {""job_id"": 25, ""processing_time"": 58, ""weight"": 6, ""due_date"": 482}, {""job_id"": 26, ""processing_time"": 22, ""weight"": 8, ""due_date"": 598}]}","[23, 19, 1, 5, 25, 18, 16, 20, 12, 7, 15, 26, 13, 17, 14, 22, 24, 8, 9, 11, 3, 10, 4, 21, 2, 6]"
SMTWT_L_029,SMTWT,L,29,"There’s a small bar with one bartender and a line of drink requests, each with a prep time, a due time, and a guest importance number. Every cocktail must be made exactly once, the bartender does one at a time and can’t pause in the middle of a pour. If a cocktail shows up after the requested time it racks up a penalty equal to the guest’s importance times the minutes late; if it’s done by the due time, it doesn’t add anything. The job is to decide the sequence of mixes so the total of those importance×minutes-late penalties is as low as it can be. The concrete order and timing info are shown below.

{
  ""n_drinks"": 30,
  ""drink_ids"": [
    ""A"",
    ""B"",
    ""C"",
    ""D"",
    ""E"",
    ""F"",
    ""G"",
    ""H"",
    ""I"",
    ""J"",
    ""K"",
    ""L"",
    ""M"",
    ""N"",
    ""O"",
    ""P"",
    ""Q"",
    ""R"",
    ""S"",
    ""T"",
    ""U"",
    ""V"",
    ""W"",
    ""X"",
    ""Y"",
    ""Z"",
    ""AA"",
    ""AB"",
    ""AC"",
    ""AD""
  ],
  ""data"": [
    {
      ""drink_id"": ""A"",
      ""prep_time_minutes"": 94,
      ""guest_priority"": 8,
      ""requested_time"": 1644
    },
    {
      ""drink_id"": ""B"",
      ""prep_time_minutes"": 37,
      ""guest_priority"": 1,
      ""requested_time"": 1691
    },
    {
      ""drink_id"": ""C"",
      ""prep_time_minutes"": 100,
      ""guest_priority"": 9,
      ""requested_time"": 633
    },
    {
      ""drink_id"": ""D"",
      ""prep_time_minutes"": 5,
      ""guest_priority"": 1,
      ""requested_time"": 1479
    },
    {
      ""drink_id"": ""E"",
      ""prep_time_minutes"": 63,
      ""guest_priority"": 3,
      ""requested_time"": 1575
    },
    {
      ""drink_id"": ""F"",
      ""prep_time_minutes"": 1,
      ""guest_priority"": 1,
      ""requested_time"": 1617
    },
    {
      ""drink_id"": ""G"",
      ""prep_time_minutes"": 67,
      ""guest_priority"": 8,
      ""requested_time"": 745
    },
    {
      ""drink_id"": ""H"",
      ""prep_time_minutes"": 85,
      ""guest_priority"": 9,
      ""requested_time"": 678
    },
    {
      ""drink_id"": ""I"",
      ""prep_time_minutes"": 41,
      ""guest_priority"": 5,
      ""requested_time"": 897
    },
    {
      ""drink_id"": ""J"",
      ""prep_time_minutes"": 26,
      ""guest_priority"": 9,
      ""requested_time"": 735
    },
    {
      ""drink_id"": ""K"",
      ""prep_time_minutes"": 59,
      ""guest_priority"": 2,
      ""requested_time"": 1008
    },
    {
      ""drink_id"": ""L"",
      ""prep_time_minutes"": 64,
      ""guest_priority"": 1,
      ""requested_time"": 1109
    },
    {
      ""drink_id"": ""M"",
      ""prep_time_minutes"": 71,
      ""guest_priority"": 4,
      ""requested_time"": 1457
    },
    {
      ""drink_id"": ""N"",
      ""prep_time_minutes"": 97,
      ""guest_priority"": 4,
      ""requested_time"": 987
    },
    {
      ""drink_id"": ""O"",
      ""prep_time_minutes"": 95,
      ""guest_priority"": 7,
      ""requested_time"": 665
    },
    {
      ""drink_id"": ""P"",
      ""prep_time_minutes"": 47,
      ""guest_priority"": 3,
      ""requested_time"": 1356
    },
    {
      ""drink_id"": ""Q"",
      ""prep_time_minutes"": 78,
      ""guest_priority"": 5,
      ""requested_time"": 1221
    },
    {
      ""drink_id"": ""R"",
      ""prep_time_minutes"": 20,
      ""guest_priority"": 2,
      ""requested_time"": 709
    },
    {
      ""drink_id"": ""S"",
      ""prep_time_minutes"": 70,
      ""guest_priority"": 5,
      ""requested_time"": 1499
    },
    {
      ""drink_id"": ""T"",
      ""prep_time_minutes"": 97,
      ""guest_priority"": 2,
      ""requested_time"": 1680
    },
    {
      ""drink_id"": ""U"",
      ""prep_time_minutes"": 92,
      ""guest_priority"": 2,
      ""requested_time"": 1645
    },
    {
      ""drink_id"": ""V"",
      ""prep_time_minutes"": 34,
      ""guest_priority"": 9,
      ""requested_time"": 390
    },
    {
      ""drink_id"": ""W"",
      ""prep_time_minutes"": 68,
      ""guest_priority"": 2,
      ""requested_time"": 515
    },
    {
      ""drink_id"": ""X"",
      ""prep_time_minutes"": 60,
      ""guest_priority"": 8,
      ""requested_time"": 382
    },
    {
      ""drink_id"": ""Y"",
      ""prep_time_minutes"": 52,
      ""guest_priority"": 9,
      ""requested_time"": 1329
    },
    {
      ""drink_id"": ""Z"",
      ""prep_time_minutes"": 93,
      ""guest_priority"": 1,
      ""requested_time"": 809
    },
    {
      ""drink_id"": ""AA"",
      ""prep_time_minutes"": 43,
      ""guest_priority"": 3,
      ""requested_time"": 1573
    },
    {
      ""drink_id"": ""AB"",
      ""prep_time_minutes"": 78,
      ""guest_priority"": 8,
      ""requested_time"": 879
    },
    {
      ""drink_id"": ""AC"",
      ""prep_time_minutes"": 29,
      ""guest_priority"": 1,
      ""requested_time"": 533
    },
    {
      ""drink_id"": ""AD"",
      ""prep_time_minutes"": 17,
      ""guest_priority"": 10,
      ""requested_time"": 1658
    }
  ]
}

Oh, and when you reply, just use this simple JSON shape for the answer — nothing fancy:

{
  ""solution"": [
    <cocktail_id_first>,
    <cocktail_id_second>,
    ...,
    <cocktail_id_last>
  ]
}

This just shows the order the bartender should make the drinks. ""solution"" is the sequence, and each placeholder in the list stands for the ID of a cocktail (first-made, second-made, …). It’s just a sketch of the shape I want, not the actual schedule.

Please make sure to use the exact identifiers from the instance input — don’t rename them or invent new labels. Valid identifiers look like plain numbers such as “1” or “23”, single capital letters like “A” or “B”, or a capital letter followed by digits like “A1” or “X7”.",json,names,"{""n_jobs"": 30, ""processing_times"": [94, 37, 100, 5, 63, 1, 67, 85, 41, 26, 59, 64, 71, 97, 95, 47, 78, 20, 70, 97, 92, 34, 68, 60, 52, 93, 43, 78, 29, 17], ""weights"": [8, 1, 9, 1, 3, 1, 8, 9, 5, 9, 2, 1, 4, 4, 7, 3, 5, 2, 5, 2, 2, 9, 2, 8, 9, 1, 3, 8, 1, 10], ""due_dates"": [1644, 1691, 633, 1479, 1575, 1617, 745, 678, 897, 735, 1008, 1109, 1457, 987, 665, 1356, 1221, 709, 1499, 1680, 1645, 390, 515, 382, 1329, 809, 1573, 879, 533, 1658]}","{""start_times"": [1538, 1649, 0, 1397, 1164, 1445, 564, 479, 755, 651, 893, 1022, 1326, 796, 100, 1279, 1086, 631, 952, 1686, 1446, 255, 289, 195, 1227, 357, 1402, 677, 450, 1632], ""end_times"": [1632, 1686, 100, 1402, 1227, 1446, 631, 564, 796, 677, 952, 1086, 1397, 893, 195, 1326, 1164, 651, 1022, 1783, 1538, 289, 357, 255, 1279, 450, 1445, 755, 479, 1649], ""tardiness"": [0, 0, 0, 0, 0, 0, 0, 0, 0, 0, 0, 0, 0, 0, 0, 0, 0, 0, 0, 103, 0, 0, 0, 0, 0, 0, 0, 0, 0, 0]}",206.0,"{""problem_type"": ""SMTWT"", ""n_jobs"": 30, ""jobs"": [""A"", ""B"", ""C"", ""D"", ""E"", ""F"", ""G"", ""H"", ""I"", ""J"", ""K"", ""L"", ""M"", ""N"", ""O"", ""P"", ""Q"", ""R"", ""S"", ""T"", ""U"", ""V"", ""W"", ""X"", ""Y"", ""Z"", ""AA"", ""AB"", ""AC"", ""AD""], ""job_records"": [{""job_id"": ""A"", ""processing_time"": 94, ""weight"": 8, ""due_date"": 1644}, {""job_id"": ""B"", ""processing_time"": 37, ""weight"": 1, ""due_date"": 1691}, {""job_id"": ""C"", ""processing_time"": 100, ""weight"": 9, ""due_date"": 633}, {""job_id"": ""D"", ""processing_time"": 5, ""weight"": 1, ""due_date"": 1479}, {""job_id"": ""E"", ""processing_time"": 63, ""weight"": 3, ""due_date"": 1575}, {""job_id"": ""F"", ""processing_time"": 1, ""weight"": 1, ""due_date"": 1617}, {""job_id"": ""G"", ""processing_time"": 67, ""weight"": 8, ""due_date"": 745}, {""job_id"": ""H"", ""processing_time"": 85, ""weight"": 9, ""due_date"": 678}, {""job_id"": ""I"", ""processing_time"": 41, ""weight"": 5, ""due_date"": 897}, {""job_id"": ""J"", ""processing_time"": 26, ""weight"": 9, ""due_date"": 735}, {""job_id"": ""K"", ""processing_time"": 59, ""weight"": 2, ""due_date"": 1008}, {""job_id"": ""L"", ""processing_time"": 64, ""weight"": 1, ""due_date"": 1109}, {""job_id"": ""M"", ""processing_time"": 71, ""weight"": 4, ""due_date"": 1457}, {""job_id"": ""N"", ""processing_time"": 97, ""weight"": 4, ""due_date"": 987}, {""job_id"": ""O"", ""processing_time"": 95, ""weight"": 7, ""due_date"": 665}, {""job_id"": ""P"", ""processing_time"": 47, ""weight"": 3, ""due_date"": 1356}, {""job_id"": ""Q"", ""processing_time"": 78, ""weight"": 5, ""due_date"": 1221}, {""job_id"": ""R"", ""processing_time"": 20, ""weight"": 2, ""due_date"": 709}, {""job_id"": ""S"", ""processing_time"": 70, ""weight"": 5, ""due_date"": 1499}, {""job_id"": ""T"", ""processing_time"": 97, ""weight"": 2, ""due_date"": 1680}, {""job_id"": ""U"", ""processing_time"": 92, ""weight"": 2, ""due_date"": 1645}, {""job_id"": ""V"", ""processing_time"": 34, ""weight"": 9, ""due_date"": 390}, {""job_id"": ""W"", ""processing_time"": 68, ""weight"": 2, ""due_date"": 515}, {""job_id"": ""X"", ""processing_time"": 60, ""weight"": 8, ""due_date"": 382}, {""job_id"": ""Y"", ""processing_time"": 52, ""weight"": 9, ""due_date"": 1329}, {""job_id"": ""Z"", ""processing_time"": 93, ""weight"": 1, ""due_date"": 809}, {""job_id"": ""AA"", ""processing_time"": 43, ""weight"": 3, ""due_date"": 1573}, {""job_id"": ""AB"", ""processing_time"": 78, ""weight"": 8, ""due_date"": 879}, {""job_id"": ""AC"", ""processing_time"": 29, ""weight"": 1, ""due_date"": 533}, {""job_id"": ""AD"", ""processing_time"": 17, ""weight"": 10, ""due_date"": 1658}]}","[""C"", ""O"", ""X"", ""V"", ""W"", ""Z"", ""AC"", ""H"", ""G"", ""R"", ""J"", ""AB"", ""I"", ""N"", ""K"", ""S"", ""L"", ""Q"", ""E"", ""Y"", ""P"", ""M"", ""D"", ""AA"", ""F"", ""U"", ""A"", ""AD"", ""B"", ""T""]"
SMTWT_L_030,SMTWT,L,30,"There’s a small bench in the back where every pair of shoes in the shop must be polished, and each job comes with its own polishing time, promised pickup moment, and a score for how much it matters if the customer waits. The shoemaker needs to pick an order to do the pairs, working on one pair straight through until it’s done, so that whenever a pair ends up finishing after its pickup time you measure how many minutes late it was, multiply that by the customer’s importance, and add up those numbers for everyone — the preferable order is the one with the lowest total. Nothing can overlap, nothing can be left undone or repeated, and the exact job times, pickups, and importance levels are shown below.

{
  ""total_pairs"": 25,
  ""pair_ids"": [
    ""A"",
    ""B"",
    ""C"",
    ""D"",
    ""E"",
    ""F"",
    ""G"",
    ""H"",
    ""I"",
    ""J"",
    ""K"",
    ""L"",
    ""M"",
    ""N"",
    ""O"",
    ""P"",
    ""Q"",
    ""R"",
    ""S"",
    ""T"",
    ""U"",
    ""V"",
    ""W"",
    ""X"",
    ""Y""
  ],
  ""data"": [
    {
      ""pair_id"": ""A"",
      ""polish_time_minutes"": 26,
      ""importance_weight"": 7,
      ""promised_pickup_time"": 937
    },
    {
      ""pair_id"": ""B"",
      ""polish_time_minutes"": 90,
      ""importance_weight"": 2,
      ""promised_pickup_time"": 684
    },
    {
      ""pair_id"": ""C"",
      ""polish_time_minutes"": 79,
      ""importance_weight"": 1,
      ""promised_pickup_time"": 327
    },
    {
      ""pair_id"": ""D"",
      ""polish_time_minutes"": 14,
      ""importance_weight"": 9,
      ""promised_pickup_time"": 117
    },
    {
      ""pair_id"": ""E"",
      ""polish_time_minutes"": 42,
      ""importance_weight"": 2,
      ""promised_pickup_time"": 536
    },
    {
      ""pair_id"": ""F"",
      ""polish_time_minutes"": 25,
      ""importance_weight"": 7,
      ""promised_pickup_time"": 212
    },
    {
      ""pair_id"": ""G"",
      ""polish_time_minutes"": 29,
      ""importance_weight"": 8,
      ""promised_pickup_time"": 851
    },
    {
      ""pair_id"": ""H"",
      ""polish_time_minutes"": 60,
      ""importance_weight"": 10,
      ""promised_pickup_time"": 323
    },
    {
      ""pair_id"": ""I"",
      ""polish_time_minutes"": 100,
      ""importance_weight"": 8,
      ""promised_pickup_time"": 355
    },
    {
      ""pair_id"": ""J"",
      ""polish_time_minutes"": 99,
      ""importance_weight"": 8,
      ""promised_pickup_time"": 741
    },
    {
      ""pair_id"": ""K"",
      ""polish_time_minutes"": 45,
      ""importance_weight"": 4,
      ""promised_pickup_time"": 877
    },
    {
      ""pair_id"": ""L"",
      ""polish_time_minutes"": 75,
      ""importance_weight"": 4,
      ""promised_pickup_time"": 1139
    },
    {
      ""pair_id"": ""M"",
      ""polish_time_minutes"": 29,
      ""importance_weight"": 3,
      ""promised_pickup_time"": 342
    },
    {
      ""pair_id"": ""N"",
      ""polish_time_minutes"": 88,
      ""importance_weight"": 7,
      ""promised_pickup_time"": 507
    },
    {
      ""pair_id"": ""O"",
      ""polish_time_minutes"": 49,
      ""importance_weight"": 2,
      ""promised_pickup_time"": 507
    },
    {
      ""pair_id"": ""P"",
      ""polish_time_minutes"": 69,
      ""importance_weight"": 6,
      ""promised_pickup_time"": 740
    },
    {
      ""pair_id"": ""Q"",
      ""polish_time_minutes"": 69,
      ""importance_weight"": 3,
      ""promised_pickup_time"": 361
    },
    {
      ""pair_id"": ""R"",
      ""polish_time_minutes"": 29,
      ""importance_weight"": 1,
      ""promised_pickup_time"": 566
    },
    {
      ""pair_id"": ""S"",
      ""polish_time_minutes"": 100,
      ""importance_weight"": 7,
      ""promised_pickup_time"": 300
    },
    {
      ""pair_id"": ""T"",
      ""polish_time_minutes"": 88,
      ""importance_weight"": 10,
      ""promised_pickup_time"": 972
    },
    {
      ""pair_id"": ""U"",
      ""polish_time_minutes"": 76,
      ""importance_weight"": 3,
      ""promised_pickup_time"": 923
    },
    {
      ""pair_id"": ""V"",
      ""polish_time_minutes"": 77,
      ""importance_weight"": 9,
      ""promised_pickup_time"": 208
    },
    {
      ""pair_id"": ""W"",
      ""polish_time_minutes"": 74,
      ""importance_weight"": 9,
      ""promised_pickup_time"": 323
    },
    {
      ""pair_id"": ""X"",
      ""polish_time_minutes"": 60,
      ""importance_weight"": 4,
      ""promised_pickup_time"": 116
    },
    {
      ""pair_id"": ""Y"",
      ""polish_time_minutes"": 78,
      ""importance_weight"": 1,
      ""promised_pickup_time"": 550
    }
  ]
}

Oh, and when you send back the actual ordering, do it in a tiny JSON sketch like this so it's super easy to parse:

{
  ""solution"": [
    <pair_id_first>,
    <pair_id_second>,
    ...,
    <pair_id_last>
  ]
}

This just means the ""solution"" array lists the shoe pairs in the order you'll polish them: first item finished first, next finished after that, and so on. Think of each placeholder as the ID of a pair from the job list — the JSON is only a sketch of the expected shape, not the actual schedule.

Please make sure to use the exact identifiers from the instance input — don't rename them and don't add new labels. For example: ""Valid identifiers look like plain numbers such as “1” or “23”, single capital letters like “A” or “B”, or a capital letter followed by digits like “A1” or “X7”.""",json,names,"{""n_jobs"": 25, ""processing_times"": [26, 90, 79, 14, 42, 25, 29, 60, 100, 99, 45, 75, 29, 88, 49, 69, 69, 29, 100, 88, 76, 77, 74, 60, 78], ""weights"": [7, 2, 1, 9, 2, 7, 8, 10, 8, 8, 4, 4, 3, 7, 2, 6, 3, 1, 7, 10, 3, 9, 9, 4, 1], ""due_dates"": [937, 684, 327, 117, 536, 212, 851, 323, 355, 741, 877, 1139, 342, 507, 507, 740, 361, 566, 300, 972, 923, 208, 323, 116, 550]}","{""start_times"": [869, 1323, 1491, 0, 983, 14, 795, 176, 339, 627, 824, 1094, 310, 439, 1169, 726, 1025, 1294, 527, 895, 1218, 99, 236, 39, 1413], ""end_times"": [895, 1413, 1570, 14, 1025, 39, 824, 236, 439, 726, 869, 1169, 339, 527, 1218, 795, 1094, 1323, 627, 983, 1294, 176, 310, 99, 1491], ""tardiness"": [0, 729, 1243, 0, 489, 0, 0, 0, 84, 0, 0, 30, 0, 20, 711, 55, 733, 757, 327, 11, 371, 0, 0, 0, 941]}",13772.0,"{""problem_type"": ""SMTWT"", ""n_jobs"": 25, ""jobs"": [""A"", ""B"", ""C"", ""D"", ""E"", ""F"", ""G"", ""H"", ""I"", ""J"", ""K"", ""L"", ""M"", ""N"", ""O"", ""P"", ""Q"", ""R"", ""S"", ""T"", ""U"", ""V"", ""W"", ""X"", ""Y""], ""job_records"": [{""job_id"": ""A"", ""processing_time"": 26, ""weight"": 7, ""due_date"": 937}, {""job_id"": ""B"", ""processing_time"": 90, ""weight"": 2, ""due_date"": 684}, {""job_id"": ""C"", ""processing_time"": 79, ""weight"": 1, ""due_date"": 327}, {""job_id"": ""D"", ""processing_time"": 14, ""weight"": 9, ""due_date"": 117}, {""job_id"": ""E"", ""processing_time"": 42, ""weight"": 2, ""due_date"": 536}, {""job_id"": ""F"", ""processing_time"": 25, ""weight"": 7, ""due_date"": 212}, {""job_id"": ""G"", ""processing_time"": 29, ""weight"": 8, ""due_date"": 851}, {""job_id"": ""H"", ""processing_time"": 60, ""weight"": 10, ""due_date"": 323}, {""job_id"": ""I"", ""processing_time"": 100, ""weight"": 8, ""due_date"": 355}, {""job_id"": ""J"", ""processing_time"": 99, ""weight"": 8, ""due_date"": 741}, {""job_id"": ""K"", ""processing_time"": 45, ""weight"": 4, ""due_date"": 877}, {""job_id"": ""L"", ""processing_time"": 75, ""weight"": 4, ""due_date"": 1139}, {""job_id"": ""M"", ""processing_time"": 29, ""weight"": 3, ""due_date"": 342}, {""job_id"": ""N"", ""processing_time"": 88, ""weight"": 7, ""due_date"": 507}, {""job_id"": ""O"", ""processing_time"": 49, ""weight"": 2, ""due_date"": 507}, {""job_id"": ""P"", ""processing_time"": 69, ""weight"": 6, ""due_date"": 740}, {""job_id"": ""Q"", ""processing_time"": 69, ""weight"": 3, ""due_date"": 361}, {""job_id"": ""R"", ""processing_time"": 29, ""weight"": 1, ""due_date"": 566}, {""job_id"": ""S"", ""processing_time"": 100, ""weight"": 7, ""due_date"": 300}, {""job_id"": ""T"", ""processing_time"": 88, ""weight"": 10, ""due_date"": 972}, {""job_id"": ""U"", ""processing_time"": 76, ""weight"": 3, ""due_date"": 923}, {""job_id"": ""V"", ""processing_time"": 77, ""weight"": 9, ""due_date"": 208}, {""job_id"": ""W"", ""processing_time"": 74, ""weight"": 9, ""due_date"": 323}, {""job_id"": ""X"", ""processing_time"": 60, ""weight"": 4, ""due_date"": 116}, {""job_id"": ""Y"", ""processing_time"": 78, ""weight"": 1, ""due_date"": 550}]}","[""D"", ""F"", ""X"", ""V"", ""H"", ""W"", ""M"", ""I"", ""N"", ""S"", ""J"", ""P"", ""G"", ""K"", ""A"", ""T"", ""E"", ""Q"", ""L"", ""O"", ""U"", ""R"", ""B"", ""Y"", ""C""]"
SMTWT_L_031,SMTWT,L,31,"Someone at the workshop has to plan the day: a handful of fabric pieces need cutting, each with a known cutting duration, a requested pickup time, and a priority showing how painful a delay would be. The planner must choose the order to run these cuts on the single table so each piece is cut once, one after another without interruption, and nothing is skipped or duplicated. For each piece, late minutes are counted only if the finish time is after the pickup time; those minutes are scaled by the piece’s priority and then all those scaled latenesses are added together — the goal is to make that total as small as possible. The full set of order details appears below.

# total_pieces=29
# piece_ids=1, 2, 3, 4, 5, 6, 7, 8, 9, 10, 11, 12, 13, 14, 15, 16, 17, 18, 19, 20, 21, 22, 23, 24, 25, 26, 27, 28, 29
piece_id,cutting_duration,priority_weight,requested_pickup_time
1,51,8,1038
2,25,6,1725
3,43,1,443
4,24,3,673
5,81,4,613
6,2,8,1535
7,68,4,1458
8,99,4,575
9,90,3,1189
10,2,1,986
11,44,4,1092
12,88,9,844
13,60,8,1291
14,18,9,1149
15,29,1,1449
16,16,8,451
17,89,7,1352
18,18,9,1135
19,78,7,1569
20,23,8,1071
21,57,9,1636
22,53,2,1677
23,42,8,1643
24,86,3,1197
25,56,7,725
26,18,1,1111
27,40,3,1039
28,21,3,1280
29,16,7,1464

If you'd like to give the cutting order in a tidy, machine-friendly way, you can just reply with a little JSON like this:

{
  ""solution"": [
    <piece_id_first>,
    <piece_id_second>,
    ...,
    <piece_id_last>
  ]
}

Here, ""solution"" is the list (in order) of piece identifiers telling the table which piece to cut first, second, and so on. The angle-bracket placeholders like <piece_id_first> are just placeholders showing the shape I expect — replace them with the actual piece IDs from your instance when you send the real answer.

This JSON is only a sketch of the expected shape, not the actual answer.

Please make sure to use the exact identifiers from the instance input — do not rename them or invent new labels. Valid identifiers look like plain numbers such as “1” or “23”, single capital letters like “A” or “B”, or a capital letter followed by digits like “A1” or “X7”.",csv,one_based,"{""n_jobs"": 29, ""processing_times"": [51, 25, 43, 24, 81, 2, 68, 99, 90, 2, 44, 88, 60, 18, 29, 16, 89, 18, 78, 23, 57, 53, 42, 86, 56, 18, 40, 21, 16], ""weights"": [8, 6, 1, 3, 4, 8, 4, 4, 3, 1, 4, 9, 8, 9, 1, 8, 7, 9, 7, 8, 9, 2, 8, 3, 7, 1, 3, 3, 7], ""due_dates"": [1038, 1725, 443, 673, 613, 1535, 1458, 575, 1189, 986, 1092, 844, 1291, 1149, 1449, 451, 1352, 1135, 1569, 1071, 1636, 1677, 1643, 1197, 725, 1111, 1039, 1280, 1464]}","{""start_times"": [409, 1294, 0, 239, 158, 1335, 1045, 59, 585, 407, 523, 319, 797, 779, 1265, 43, 857, 761, 967, 500, 1113, 1170, 1223, 675, 263, 567, 460, 946, 1319], ""end_times"": [460, 1319, 43, 263, 239, 1337, 1113, 158, 675, 409, 567, 407, 857, 797, 1294, 59, 946, 779, 1045, 523, 1170, 1223, 1265, 761, 319, 585, 500, 967, 1335], ""tardiness"": [0, 0, 0, 0, 0, 0, 0, 0, 0, 0, 0, 0, 0, 0, 0, 0, 0, 0, 0, 0, 0, 0, 0, 0, 0, 0, 0, 0, 0]}",0.0,"{""problem_type"": ""SMTWT"", ""n_jobs"": 29, ""jobs"": [1, 2, 3, 4, 5, 6, 7, 8, 9, 10, 11, 12, 13, 14, 15, 16, 17, 18, 19, 20, 21, 22, 23, 24, 25, 26, 27, 28, 29], ""job_records"": [{""job_id"": 1, ""processing_time"": 51, ""weight"": 8, ""due_date"": 1038}, {""job_id"": 2, ""processing_time"": 25, ""weight"": 6, ""due_date"": 1725}, {""job_id"": 3, ""processing_time"": 43, ""weight"": 1, ""due_date"": 443}, {""job_id"": 4, ""processing_time"": 24, ""weight"": 3, ""due_date"": 673}, {""job_id"": 5, ""processing_time"": 81, ""weight"": 4, ""due_date"": 613}, {""job_id"": 6, ""processing_time"": 2, ""weight"": 8, ""due_date"": 1535}, {""job_id"": 7, ""processing_time"": 68, ""weight"": 4, ""due_date"": 1458}, {""job_id"": 8, ""processing_time"": 99, ""weight"": 4, ""due_date"": 575}, {""job_id"": 9, ""processing_time"": 90, ""weight"": 3, ""due_date"": 1189}, {""job_id"": 10, ""processing_time"": 2, ""weight"": 1, ""due_date"": 986}, {""job_id"": 11, ""processing_time"": 44, ""weight"": 4, ""due_date"": 1092}, {""job_id"": 12, ""processing_time"": 88, ""weight"": 9, ""due_date"": 844}, {""job_id"": 13, ""processing_time"": 60, ""weight"": 8, ""due_date"": 1291}, {""job_id"": 14, ""processing_time"": 18, ""weight"": 9, ""due_date"": 1149}, {""job_id"": 15, ""processing_time"": 29, ""weight"": 1, ""due_date"": 1449}, {""job_id"": 16, ""processing_time"": 16, ""weight"": 8, ""due_date"": 451}, {""job_id"": 17, ""processing_time"": 89, ""weight"": 7, ""due_date"": 1352}, {""job_id"": 18, ""processing_time"": 18, ""weight"": 9, ""due_date"": 1135}, {""job_id"": 19, ""processing_time"": 78, ""weight"": 7, ""due_date"": 1569}, {""job_id"": 20, ""processing_time"": 23, ""weight"": 8, ""due_date"": 1071}, {""job_id"": 21, ""processing_time"": 57, ""weight"": 9, ""due_date"": 1636}, {""job_id"": 22, ""processing_time"": 53, ""weight"": 2, ""due_date"": 1677}, {""job_id"": 23, ""processing_time"": 42, ""weight"": 8, ""due_date"": 1643}, {""job_id"": 24, ""processing_time"": 86, ""weight"": 3, ""due_date"": 1197}, {""job_id"": 25, ""processing_time"": 56, ""weight"": 7, ""due_date"": 725}, {""job_id"": 26, ""processing_time"": 18, ""weight"": 1, ""due_date"": 1111}, {""job_id"": 27, ""processing_time"": 40, ""weight"": 3, ""due_date"": 1039}, {""job_id"": 28, ""processing_time"": 21, ""weight"": 3, ""due_date"": 1280}, {""job_id"": 29, ""processing_time"": 16, ""weight"": 7, ""due_date"": 1464}]}","[3, 16, 8, 5, 4, 25, 12, 10, 1, 27, 20, 11, 26, 9, 24, 18, 14, 13, 17, 28, 19, 7, 21, 22, 23, 15, 2, 29, 6]"
SMTWT_L_032,SMTWT,L,32,"Out in the shop the day starts with a queue of orders for a single press; the only choice is the order in which to run them. The side-by-side comparison is simple: for each order take its importance number and multiply it by how late it finishes (on-time or early adds nothing), then add those results — the lower that grand total, the better the schedule. Every job must be processed exactly once and the press never runs two jobs simultaneously. The detailed job list and numbers follow below.

{
  ""total_print_orders"": 22,
  ""order_ids"": [
    0,
    1,
    2,
    3,
    4,
    5,
    6,
    7,
    8,
    9,
    10,
    11,
    12,
    13,
    14,
    15,
    16,
    17,
    18,
    19,
    20,
    21
  ],
  ""data"": [
    {
      ""order_id"": 0,
      ""press_run_duration"": 11,
      ""client_priority_weight"": 4,
      ""promised_delivery_time"": 401
    },
    {
      ""order_id"": 1,
      ""press_run_duration"": 99,
      ""client_priority_weight"": 3,
      ""promised_delivery_time"": 804
    },
    {
      ""order_id"": 2,
      ""press_run_duration"": 78,
      ""client_priority_weight"": 10,
      ""promised_delivery_time"": 115
    },
    {
      ""order_id"": 3,
      ""press_run_duration"": 91,
      ""client_priority_weight"": 8,
      ""promised_delivery_time"": 817
    },
    {
      ""order_id"": 4,
      ""press_run_duration"": 34,
      ""client_priority_weight"": 1,
      ""promised_delivery_time"": 430
    },
    {
      ""order_id"": 5,
      ""press_run_duration"": 18,
      ""client_priority_weight"": 9,
      ""promised_delivery_time"": 740
    },
    {
      ""order_id"": 6,
      ""press_run_duration"": 45,
      ""client_priority_weight"": 6,
      ""promised_delivery_time"": 458
    },
    {
      ""order_id"": 7,
      ""press_run_duration"": 9,
      ""client_priority_weight"": 2,
      ""promised_delivery_time"": 1095
    },
    {
      ""order_id"": 8,
      ""press_run_duration"": 20,
      ""client_priority_weight"": 2,
      ""promised_delivery_time"": 918
    },
    {
      ""order_id"": 9,
      ""press_run_duration"": 54,
      ""client_priority_weight"": 7,
      ""promised_delivery_time"": 1067
    },
    {
      ""order_id"": 10,
      ""press_run_duration"": 43,
      ""client_priority_weight"": 8,
      ""promised_delivery_time"": 804
    },
    {
      ""order_id"": 11,
      ""press_run_duration"": 27,
      ""client_priority_weight"": 2,
      ""promised_delivery_time"": 692
    },
    {
      ""order_id"": 12,
      ""press_run_duration"": 39,
      ""client_priority_weight"": 7,
      ""promised_delivery_time"": 525
    },
    {
      ""order_id"": 13,
      ""press_run_duration"": 89,
      ""client_priority_weight"": 5,
      ""promised_delivery_time"": 742
    },
    {
      ""order_id"": 14,
      ""press_run_duration"": 88,
      ""client_priority_weight"": 6,
      ""promised_delivery_time"": 592
    },
    {
      ""order_id"": 15,
      ""press_run_duration"": 43,
      ""client_priority_weight"": 3,
      ""promised_delivery_time"": 834
    },
    {
      ""order_id"": 16,
      ""press_run_duration"": 10,
      ""client_priority_weight"": 1,
      ""promised_delivery_time"": 996
    },
    {
      ""order_id"": 17,
      ""press_run_duration"": 74,
      ""client_priority_weight"": 1,
      ""promised_delivery_time"": 646
    },
    {
      ""order_id"": 18,
      ""press_run_duration"": 22,
      ""client_priority_weight"": 3,
      ""promised_delivery_time"": 440
    },
    {
      ""order_id"": 19,
      ""press_run_duration"": 60,
      ""client_priority_weight"": 9,
      ""promised_delivery_time"": 1135
    },
    {
      ""order_id"": 20,
      ""press_run_duration"": 80,
      ""client_priority_weight"": 4,
      ""promised_delivery_time"": 723
    },
    {
      ""order_id"": 21,
      ""press_run_duration"": 1,
      ""client_priority_weight"": 2,
      ""promised_delivery_time"": 598
    }
  ]
}

If you want to hand the running order back, just drop it into a tiny JSON sketch like this — nothing fancy, just a list that goes from the first job to the last:

{
  ""solution"": [
    <order_id_first>,
    <order_id_second>,
    ...,
    <order_id_last>
  ]
}

Pretty straightforward: ""solution"" is the sequence the press should run, and each item in the array is the identifier for one order (first run, second run, …, last run). Think of it like filling out a simple form — this block just shows the shape I expect, not the actual schedule.

Please use the job identifiers exactly as they appear in the instance input — do not rename them or invent new labels. 
- for example: ""Valid identifiers look like plain numbers such as “1” or “23”, single capital letters like “A” or “B”, or a capital letter followed by digits like “A1” or “X7”.""",json,zero_based,"{""n_jobs"": 22, ""processing_times"": [11, 99, 78, 91, 34, 18, 45, 9, 20, 54, 43, 27, 39, 89, 88, 43, 10, 74, 22, 60, 80, 1], ""weights"": [4, 3, 10, 8, 1, 9, 6, 2, 2, 7, 8, 2, 7, 5, 6, 3, 1, 1, 3, 9, 4, 2], ""due_dates"": [401, 804, 115, 817, 430, 740, 458, 1095, 918, 1067, 804, 692, 525, 742, 592, 834, 996, 646, 440, 1135, 723, 598]}","{""start_times"": [346, 783, 0, 78, 357, 679, 413, 912, 882, 981, 740, 652, 458, 169, 258, 697, 902, 497, 391, 921, 572, 571], ""end_times"": [357, 882, 78, 169, 391, 697, 458, 921, 902, 1035, 783, 679, 497, 258, 346, 740, 912, 571, 413, 981, 652, 572], ""tardiness"": [0, 78, 0, 0, 0, 0, 0, 0, 0, 0, 0, 0, 0, 0, 0, 0, 0, 0, 0, 0, 0, 0]}",234.0,"{""problem_type"": ""SMTWT"", ""n_jobs"": 22, ""jobs"": [0, 1, 2, 3, 4, 5, 6, 7, 8, 9, 10, 11, 12, 13, 14, 15, 16, 17, 18, 19, 20, 21], ""job_records"": [{""job_id"": 0, ""processing_time"": 11, ""weight"": 4, ""due_date"": 401}, {""job_id"": 1, ""processing_time"": 99, ""weight"": 3, ""due_date"": 804}, {""job_id"": 2, ""processing_time"": 78, ""weight"": 10, ""due_date"": 115}, {""job_id"": 3, ""processing_time"": 91, ""weight"": 8, ""due_date"": 817}, {""job_id"": 4, ""processing_time"": 34, ""weight"": 1, ""due_date"": 430}, {""job_id"": 5, ""processing_time"": 18, ""weight"": 9, ""due_date"": 740}, {""job_id"": 6, ""processing_time"": 45, ""weight"": 6, ""due_date"": 458}, {""job_id"": 7, ""processing_time"": 9, ""weight"": 2, ""due_date"": 1095}, {""job_id"": 8, ""processing_time"": 20, ""weight"": 2, ""due_date"": 918}, {""job_id"": 9, ""processing_time"": 54, ""weight"": 7, ""due_date"": 1067}, {""job_id"": 10, ""processing_time"": 43, ""weight"": 8, ""due_date"": 804}, {""job_id"": 11, ""processing_time"": 27, ""weight"": 2, ""due_date"": 692}, {""job_id"": 12, ""processing_time"": 39, ""weight"": 7, ""due_date"": 525}, {""job_id"": 13, ""processing_time"": 89, ""weight"": 5, ""due_date"": 742}, {""job_id"": 14, ""processing_time"": 88, ""weight"": 6, ""due_date"": 592}, {""job_id"": 15, ""processing_time"": 43, ""weight"": 3, ""due_date"": 834}, {""job_id"": 16, ""processing_time"": 10, ""weight"": 1, ""due_date"": 996}, {""job_id"": 17, ""processing_time"": 74, ""weight"": 1, ""due_date"": 646}, {""job_id"": 18, ""processing_time"": 22, ""weight"": 3, ""due_date"": 440}, {""job_id"": 19, ""processing_time"": 60, ""weight"": 9, ""due_date"": 1135}, {""job_id"": 20, ""processing_time"": 80, ""weight"": 4, ""due_date"": 723}, {""job_id"": 21, ""processing_time"": 1, ""weight"": 2, ""due_date"": 598}]}","[2, 3, 13, 14, 0, 4, 18, 6, 12, 17, 21, 20, 11, 5, 15, 10, 1, 8, 16, 7, 19, 9]"
SMTWT_L_033,SMTWT,L,33,"Back at the shop, the foreman needs to line up fixes for a single workstation so every item gets done. There’s no parallel work — the bench handles one repair at a time — and once a repair begins it continues until it’s finished. Each item has a quoted return time and a weight showing how costly a late finish is to the customer; if an item is finished late, compute how many units of time it’s past the quote, multiply that by its weight, and then add up those numbers for all items. The goal is to keep that overall late-weight total as small as possible. The exact job timings, due dates and priority scores appear below.

# num_repairs=25
# repair_ids=0, 1, 2, 3, 4, 5, 6, 7, 8, 9, 10, 11, 12, 13, 14, 15, 16, 17, 18, 19, 20, 21, 22, 23, 24
repair_id,repair_duration,priority_score,quoted_return_time
0,64,4,939
1,73,4,880
2,93,8,924
3,46,3,953
4,15,10,1050
5,12,5,1068
6,46,10,1031
7,19,5,863
8,23,6,968
9,51,4,941
10,16,8,1078
11,21,2,883
12,75,2,1017
13,5,1,1018
14,80,3,981
15,71,10,877
16,16,2,1006
17,87,2,978
18,80,2,1009
19,48,5,861
20,52,1,1074
21,16,4,1026
22,84,10,906
23,10,4,1022
24,99,10,1075

If you want to hand the final schedule back in a tidy way, just drop it into a small JSON object like this — nothing fancy, just a list showing the order to run the repairs:

{
  ""solution"": [
    <item_id_first>,
    <item_id_second>,
    ...,
    <item_id_last>
  ]
}

""solution"" is the list of items in the sequence they should go on the bench (first finished, then second, and so on). The angle-bracket entries are just placeholders showing the shape I need — not the real answer.

Please use the exact identifiers from the instance input when you fill this in — don't rename them or invent new labels. Valid identifiers look like plain numbers such as “1” or “23”, single capital letters like “A” or “B”, or a capital letter followed by digits like “A1” or “X7”.",csv,zero_based,"{""n_jobs"": 25, ""processing_times"": [64, 73, 93, 46, 15, 12, 46, 19, 23, 51, 16, 21, 75, 5, 80, 71, 16, 87, 80, 48, 52, 16, 84, 10, 99], ""weights"": [4, 4, 8, 3, 10, 5, 10, 5, 6, 4, 8, 2, 2, 1, 3, 10, 2, 2, 2, 5, 1, 4, 10, 4, 10], ""due_dates"": [939, 880, 924, 953, 1050, 1068, 1031, 863, 968, 941, 1078, 883, 1017, 1018, 981, 877, 1006, 978, 1009, 861, 1074, 1026, 906, 1022, 1075]}","{""start_times"": [155, 312, 219, 840, 933, 964, 456, 502, 385, 709, 896, 521, 1075, 912, 760, 0, 948, 542, 629, 408, 1150, 917, 71, 886, 976], ""end_times"": [219, 385, 312, 886, 948, 976, 502, 521, 408, 760, 912, 542, 1150, 917, 840, 71, 964, 629, 709, 456, 1202, 933, 155, 896, 1075], ""tardiness"": [0, 0, 0, 0, 0, 0, 0, 0, 0, 0, 0, 0, 133, 0, 0, 0, 0, 0, 0, 0, 128, 0, 0, 0, 0]}",394.0,"{""problem_type"": ""SMTWT"", ""n_jobs"": 25, ""jobs"": [0, 1, 2, 3, 4, 5, 6, 7, 8, 9, 10, 11, 12, 13, 14, 15, 16, 17, 18, 19, 20, 21, 22, 23, 24], ""job_records"": [{""job_id"": 0, ""processing_time"": 64, ""weight"": 4, ""due_date"": 939}, {""job_id"": 1, ""processing_time"": 73, ""weight"": 4, ""due_date"": 880}, {""job_id"": 2, ""processing_time"": 93, ""weight"": 8, ""due_date"": 924}, {""job_id"": 3, ""processing_time"": 46, ""weight"": 3, ""due_date"": 953}, {""job_id"": 4, ""processing_time"": 15, ""weight"": 10, ""due_date"": 1050}, {""job_id"": 5, ""processing_time"": 12, ""weight"": 5, ""due_date"": 1068}, {""job_id"": 6, ""processing_time"": 46, ""weight"": 10, ""due_date"": 1031}, {""job_id"": 7, ""processing_time"": 19, ""weight"": 5, ""due_date"": 863}, {""job_id"": 8, ""processing_time"": 23, ""weight"": 6, ""due_date"": 968}, {""job_id"": 9, ""processing_time"": 51, ""weight"": 4, ""due_date"": 941}, {""job_id"": 10, ""processing_time"": 16, ""weight"": 8, ""due_date"": 1078}, {""job_id"": 11, ""processing_time"": 21, ""weight"": 2, ""due_date"": 883}, {""job_id"": 12, ""processing_time"": 75, ""weight"": 2, ""due_date"": 1017}, {""job_id"": 13, ""processing_time"": 5, ""weight"": 1, ""due_date"": 1018}, {""job_id"": 14, ""processing_time"": 80, ""weight"": 3, ""due_date"": 981}, {""job_id"": 15, ""processing_time"": 71, ""weight"": 10, ""due_date"": 877}, {""job_id"": 16, ""processing_time"": 16, ""weight"": 2, ""due_date"": 1006}, {""job_id"": 17, ""processing_time"": 87, ""weight"": 2, ""due_date"": 978}, {""job_id"": 18, ""processing_time"": 80, ""weight"": 2, ""due_date"": 1009}, {""job_id"": 19, ""processing_time"": 48, ""weight"": 5, ""due_date"": 861}, {""job_id"": 20, ""processing_time"": 52, ""weight"": 1, ""due_date"": 1074}, {""job_id"": 21, ""processing_time"": 16, ""weight"": 4, ""due_date"": 1026}, {""job_id"": 22, ""processing_time"": 84, ""weight"": 10, ""due_date"": 906}, {""job_id"": 23, ""processing_time"": 10, ""weight"": 4, ""due_date"": 1022}, {""job_id"": 24, ""processing_time"": 99, ""weight"": 10, ""due_date"": 1075}]}","[15, 22, 0, 2, 1, 8, 19, 6, 7, 11, 17, 18, 9, 14, 3, 23, 10, 13, 21, 4, 16, 5, 24, 12, 20]"
SMTWT_L_034,SMTWT,L,34,"Many people schedule shoots and then hand over a stack of galleries to a single editor, and that’s the exact setup here: one editing station, multiple galleries, each taking a certain number of hours, each with a promised delivery time, and each client assigned a level of importance. The editor needs to pick a sequence so the station edits one gallery at a time and finishes each gallery in one uninterrupted session — nothing skipped, nothing doubled. If a gallery gets finished after its promised time, count the hours of delay; if it’s on time or early, count zero. Multiply each delay (in hours) by that gallery’s client importance and add those products across all galleries; the aim is to have that overall sum as small as possible. The concrete details are listed below.

They list 30 galleries identified as 1, 2, 3, 4, 5, 6, 7, 8, 9, 10, 11, 12, 13, 14, 15, 16, 17, 18, 19, 20, 21, 22, 23, 24, 25, 26, 27, 28, 29, 30.

| gallery_id | edit_hours | client_importance | promised_delivery_time |
|---|---|---|---|
| 1 | 70 | 3 | 1032 |
| 2 | 24 | 5 | 1002 |
| 3 | 16 | 3 | 799 |
| 4 | 36 | 2 | 890 |
| 5 | 39 | 5 | 766 |
| 6 | 56 | 8 | 811 |
| 7 | 3 | 5 | 1029 |
| 8 | 88 | 2 | 812 |
| 9 | 64 | 6 | 851 |
| 10 | 48 | 7 | 843 |
| 11 | 40 | 6 | 764 |
| 12 | 55 | 1 | 957 |
| 13 | 77 | 9 | 831 |
| 14 | 36 | 1 | 858 |
| 15 | 69 | 5 | 832 |
| 16 | 3 | 4 | 863 |
| 17 | 56 | 1 | 993 |
| 18 | 2 | 8 | 827 |
| 19 | 96 | 6 | 1005 |
| 20 | 56 | 4 | 962 |
| 21 | 46 | 5 | 855 |
| 22 | 59 | 3 | 916 |
| 23 | 45 | 1 | 933 |
| 24 | 28 | 3 | 958 |
| 25 | 86 | 8 | 821 |
| 26 | 93 | 10 | 1007 |
| 27 | 6 | 4 | 810 |
| 28 | 53 | 8 | 909 |
| 29 | 60 | 1 | 964 |
| 30 | 83 | 4 | 817 |

The editor must sequence them on the single station to minimize the total weighted delay across these 30 galleries.

Also, when you send the final ordering back, a relaxed little JSON snippet like the one below is perfect — just list the galleries in the order the editor should tackle them.

{
  ""solution"": [
    <gallery_id_first>,
    <gallery_id_second>,
    ...,
    <gallery_id_last>
  ]
}

""solution"" is just the sequence: the first entry is the gallery to edit first, the second entry is next, and so on until the last gallery. Think of it like filling out a simple form that tells the editor which gallery to open first, second, etc. This JSON is only a sketch of the expected shape — not the actual answer itself.

Please use the exact identifiers from the instance input — do not rename them or invent new labels. For example: ""Valid identifiers look like plain numbers such as “1” or “23”, single capital letters like “A” or “B”, or a capital letter followed by digits like “A1” or “X7”.""",markdown_table,one_based,"{""n_jobs"": 30, ""processing_times"": [70, 24, 16, 36, 39, 56, 3, 88, 64, 48, 40, 55, 77, 36, 69, 3, 56, 2, 96, 56, 46, 59, 45, 28, 86, 93, 6, 53, 60, 83], ""weights"": [3, 5, 3, 2, 5, 8, 5, 2, 6, 7, 6, 1, 9, 1, 5, 4, 1, 8, 6, 4, 5, 3, 1, 3, 8, 10, 4, 8, 1, 4], ""due_dates"": [1032, 1002, 799, 890, 766, 811, 1029, 812, 851, 843, 764, 957, 831, 858, 832, 863, 993, 827, 1005, 962, 855, 916, 933, 958, 821, 1007, 810, 909, 964, 817]}","{""start_times"": [1083, 0, 24, 40, 76, 115, 171, 1189, 259, 790, 673, 1322, 713, 1153, 539, 450, 1377, 174, 987, 838, 404, 614, 1277, 323, 453, 894, 608, 351, 1433, 176], ""end_times"": [1153, 24, 40, 76, 115, 171, 174, 1277, 323, 838, 713, 1377, 790, 1189, 608, 453, 1433, 176, 1083, 894, 450, 673, 1322, 351, 539, 987, 614, 404, 1493, 259], ""tardiness"": [121, 0, 0, 0, 0, 0, 0, 465, 0, 0, 0, 420, 0, 331, 0, 0, 440, 0, 78, 0, 0, 0, 389, 0, 0, 0, 0, 0, 529, 0]}",3870.0,"{""problem_type"": ""SMTWT"", ""n_jobs"": 30, ""jobs"": [1, 2, 3, 4, 5, 6, 7, 8, 9, 10, 11, 12, 13, 14, 15, 16, 17, 18, 19, 20, 21, 22, 23, 24, 25, 26, 27, 28, 29, 30], ""job_records"": [{""job_id"": 1, ""processing_time"": 70, ""weight"": 3, ""due_date"": 1032}, {""job_id"": 2, ""processing_time"": 24, ""weight"": 5, ""due_date"": 1002}, {""job_id"": 3, ""processing_time"": 16, ""weight"": 3, ""due_date"": 799}, {""job_id"": 4, ""processing_time"": 36, ""weight"": 2, ""due_date"": 890}, {""job_id"": 5, ""processing_time"": 39, ""weight"": 5, ""due_date"": 766}, {""job_id"": 6, ""processing_time"": 56, ""weight"": 8, ""due_date"": 811}, {""job_id"": 7, ""processing_time"": 3, ""weight"": 5, ""due_date"": 1029}, {""job_id"": 8, ""processing_time"": 88, ""weight"": 2, ""due_date"": 812}, {""job_id"": 9, ""processing_time"": 64, ""weight"": 6, ""due_date"": 851}, {""job_id"": 10, ""processing_time"": 48, ""weight"": 7, ""due_date"": 843}, {""job_id"": 11, ""processing_time"": 40, ""weight"": 6, ""due_date"": 764}, {""job_id"": 12, ""processing_time"": 55, ""weight"": 1, ""due_date"": 957}, {""job_id"": 13, ""processing_time"": 77, ""weight"": 9, ""due_date"": 831}, {""job_id"": 14, ""processing_time"": 36, ""weight"": 1, ""due_date"": 858}, {""job_id"": 15, ""processing_time"": 69, ""weight"": 5, ""due_date"": 832}, {""job_id"": 16, ""processing_time"": 3, ""weight"": 4, ""due_date"": 863}, {""job_id"": 17, ""processing_time"": 56, ""weight"": 1, ""due_date"": 993}, {""job_id"": 18, ""processing_time"": 2, ""weight"": 8, ""due_date"": 827}, {""job_id"": 19, ""processing_time"": 96, ""weight"": 6, ""due_date"": 1005}, {""job_id"": 20, ""processing_time"": 56, ""weight"": 4, ""due_date"": 962}, {""job_id"": 21, ""processing_time"": 46, ""weight"": 5, ""due_date"": 855}, {""job_id"": 22, ""processing_time"": 59, ""weight"": 3, ""due_date"": 916}, {""job_id"": 23, ""processing_time"": 45, ""weight"": 1, ""due_date"": 933}, {""job_id"": 24, ""processing_time"": 28, ""weight"": 3, ""due_date"": 958}, {""job_id"": 25, ""processing_time"": 86, ""weight"": 8, ""due_date"": 821}, {""job_id"": 26, ""processing_time"": 93, ""weight"": 10, ""due_date"": 1007}, {""job_id"": 27, ""processing_time"": 6, ""weight"": 4, ""due_date"": 810}, {""job_id"": 28, ""processing_time"": 53, ""weight"": 8, ""due_date"": 909}, {""job_id"": 29, ""processing_time"": 60, ""weight"": 1, ""due_date"": 964}, {""job_id"": 30, ""processing_time"": 83, ""weight"": 4, ""due_date"": 817}]}","[2, 3, 4, 5, 6, 7, 18, 30, 9, 24, 28, 21, 16, 25, 15, 27, 22, 11, 13, 10, 20, 26, 19, 1, 14, 8, 23, 12, 17, 29]"
SMTWT_L_035,SMTWT,L,35,"After a long week the single analyzer needs to process a batch of samples; each one requires a specific processing length, has a due date, and carries a priority showing how bad it is to miss that date. The coordinator’s decision is just the order to run them in, making sure every sample is run once, the machine does only one at a time, and each run goes to completion. For samples finishing after their due date, multiply the amount of time they’re late by their priority and add all those values together — the aim is to arrange the order so that total late-priority penalty is as small as possible. The concrete runtimes, due dates and priorities appear below.

# n_samples=26
# sample_ids=A, B, C, D, E, F, G, H, I, J, K, L, M, N, O, P, Q, R, S, T, U, V, W, X, Y, Z
sample_id,processing_duration,priority_weight,deadline_time
A,98,7,580
B,69,6,554
C,66,3,591
D,95,3,502
E,70,3,621
F,17,7,595
G,64,6,463
H,4,10,468
I,18,3,442
J,2,10,416
K,77,7,408
L,11,10,510
M,81,5,600
N,36,9,519
O,25,3,665
P,6,2,641
Q,73,2,485
R,93,6,602
S,68,8,625
T,78,5,473
U,25,1,458
V,81,1,632
W,84,6,636
X,14,9,497
Y,47,9,566
Z,36,10,552

Also, when you want to hand me the chosen order, a little JSON snippet like the one below is perfect — neat and machine-friendly but still human-readable.

{
  ""solution"": [
    <sample_id_first>,
    <sample_id_second>,
    ...,
    <sample_id_last>
  ]
}

This just means: put the samples in the ""solution"" list in the exact order you plan to run them (first to last). The angled-bracket items are placeholders showing where each sample identifier goes. Think of it like a simple form: the key ""solution"" holds the run sequence, and each entry in the array is one sample ID.

This JSON is just a sketch of the shape I expect, not the real answer — replace those placeholders with the actual sample IDs from the instance.

Please make sure to use each identifier exactly as it appears in the input — do not rename identifiers or invent new labels. To be clear, valid identifiers look like plain numbers such as “1” or “23”, single capital letters like “A” or “B”, or a capital letter followed by digits like “A1” or “X7”.",csv,names,"{""n_jobs"": 26, ""processing_times"": [98, 69, 66, 95, 70, 17, 64, 4, 18, 2, 77, 11, 81, 36, 25, 6, 73, 93, 68, 78, 25, 81, 84, 14, 47, 36], ""weights"": [7, 6, 3, 3, 3, 7, 6, 10, 3, 10, 7, 10, 5, 9, 3, 2, 2, 6, 8, 5, 1, 1, 6, 9, 9, 10], ""due_dates"": [580, 554, 591, 502, 621, 595, 463, 468, 442, 416, 408, 510, 600, 519, 665, 641, 485, 602, 625, 473, 458, 632, 636, 497, 566, 552]}","{""start_times"": [0, 98, 928, 1089, 994, 554, 167, 231, 235, 253, 255, 332, 847, 343, 645, 639, 1184, 754, 571, 379, 1064, 1257, 670, 457, 507, 471], ""end_times"": [98, 167, 994, 1184, 1064, 571, 231, 235, 253, 255, 332, 343, 928, 379, 670, 645, 1257, 847, 639, 457, 1089, 1338, 754, 471, 554, 507], ""tardiness"": [0, 0, 403, 682, 443, 0, 0, 0, 0, 0, 0, 0, 328, 0, 5, 4, 772, 245, 14, 0, 631, 706, 118, 0, 0, 0]}",11418.0,"{""problem_type"": ""SMTWT"", ""n_jobs"": 26, ""jobs"": [""A"", ""B"", ""C"", ""D"", ""E"", ""F"", ""G"", ""H"", ""I"", ""J"", ""K"", ""L"", ""M"", ""N"", ""O"", ""P"", ""Q"", ""R"", ""S"", ""T"", ""U"", ""V"", ""W"", ""X"", ""Y"", ""Z""], ""job_records"": [{""job_id"": ""A"", ""processing_time"": 98, ""weight"": 7, ""due_date"": 580}, {""job_id"": ""B"", ""processing_time"": 69, ""weight"": 6, ""due_date"": 554}, {""job_id"": ""C"", ""processing_time"": 66, ""weight"": 3, ""due_date"": 591}, {""job_id"": ""D"", ""processing_time"": 95, ""weight"": 3, ""due_date"": 502}, {""job_id"": ""E"", ""processing_time"": 70, ""weight"": 3, ""due_date"": 621}, {""job_id"": ""F"", ""processing_time"": 17, ""weight"": 7, ""due_date"": 595}, {""job_id"": ""G"", ""processing_time"": 64, ""weight"": 6, ""due_date"": 463}, {""job_id"": ""H"", ""processing_time"": 4, ""weight"": 10, ""due_date"": 468}, {""job_id"": ""I"", ""processing_time"": 18, ""weight"": 3, ""due_date"": 442}, {""job_id"": ""J"", ""processing_time"": 2, ""weight"": 10, ""due_date"": 416}, {""job_id"": ""K"", ""processing_time"": 77, ""weight"": 7, ""due_date"": 408}, {""job_id"": ""L"", ""processing_time"": 11, ""weight"": 10, ""due_date"": 510}, {""job_id"": ""M"", ""processing_time"": 81, ""weight"": 5, ""due_date"": 600}, {""job_id"": ""N"", ""processing_time"": 36, ""weight"": 9, ""due_date"": 519}, {""job_id"": ""O"", ""processing_time"": 25, ""weight"": 3, ""due_date"": 665}, {""job_id"": ""P"", ""processing_time"": 6, ""weight"": 2, ""due_date"": 641}, {""job_id"": ""Q"", ""processing_time"": 73, ""weight"": 2, ""due_date"": 485}, {""job_id"": ""R"", ""processing_time"": 93, ""weight"": 6, ""due_date"": 602}, {""job_id"": ""S"", ""processing_time"": 68, ""weight"": 8, ""due_date"": 625}, {""job_id"": ""T"", ""processing_time"": 78, ""weight"": 5, ""due_date"": 473}, {""job_id"": ""U"", ""processing_time"": 25, ""weight"": 1, ""due_date"": 458}, {""job_id"": ""V"", ""processing_time"": 81, ""weight"": 1, ""due_date"": 632}, {""job_id"": ""W"", ""processing_time"": 84, ""weight"": 6, ""due_date"": 636}, {""job_id"": ""X"", ""processing_time"": 14, ""weight"": 9, ""due_date"": 497}, {""job_id"": ""Y"", ""processing_time"": 47, ""weight"": 9, ""due_date"": 566}, {""job_id"": ""Z"", ""processing_time"": 36, ""weight"": 10, ""due_date"": 552}]}","[""A"", ""B"", ""G"", ""H"", ""I"", ""J"", ""K"", ""L"", ""N"", ""T"", ""X"", ""Z"", ""Y"", ""F"", ""S"", ""P"", ""O"", ""W"", ""R"", ""M"", ""C"", ""E"", ""U"", ""D"", ""Q"", ""V""]"
SMTWT_L_036,SMTWT,L,36,"Recently the bakery had a full morning of orders and one oven, and the manager had to decide the baking sequence. Every tray came with its own bake time, a pickup promise, and a rating for how bad it is to be late. The aim was straightforward: keep the total lateness cost low by, for each tray, multiplying its importance by how many minutes it finished after the promised pickup (if it’s on time, that counts as zero) and adding those results across all trays. Since the oven handles only one tray at a time, no overlapping is allowed and every tray must go through once. The concrete tray numbers and deadlines are listed below.

# number_of_trays=30
# tray_ids=1, 2, 3, 4, 5, 6, 7, 8, 9, 10, 11, 12, 13, 14, 15, 16, 17, 18, 19, 20, 21, 22, 23, 24, 25, 26, 27, 28, 29, 30
tray_id,bake_time_minutes,importance_weight,promised_pickup_time_minutes
1,48,6,352
2,41,9,343
3,87,9,182
4,51,6,238
5,27,1,373
6,13,3,295
7,44,1,248
8,98,2,155
9,6,8,292
10,90,9,201
11,3,4,251
12,22,6,223
13,53,2,285
14,83,3,353
15,41,10,144
16,12,2,386
17,33,9,203
18,44,5,221
19,46,10,168
20,36,5,136
21,17,5,369
22,65,4,278
23,2,7,138
24,74,7,220
25,62,10,162
26,70,1,312
27,62,5,224
28,57,9,171
29,41,6,395
30,32,10,272

Oh, and before you go—whatever answer you send back, please follow this simple JSON layout so I can read the baking order automatically. Here's a little sketch of the shape I expect:

{
  ""solution"": [
    <tray_id_first>,
    <tray_id_second>,
    ...,
    <tray_id_last>
  ]
}

This just says: put the tray identifiers in order from the first thing the oven bakes to the last. It's just a template — not the actual schedule — so fill in the real IDs from the instance when you submit the answer.

Please make sure you use the exact identifiers from the instance input — don't rename them or invent new ones. 
- for example: ""Valid identifiers look like plain numbers such as “1” or “23”, single capital letters like “A” or “B”, or a capital letter followed by digits like “A1” or “X7”.""",csv,one_based,"{""n_jobs"": 30, ""processing_times"": [48, 41, 87, 51, 27, 13, 44, 98, 6, 90, 3, 22, 53, 83, 41, 12, 33, 44, 46, 36, 17, 65, 2, 74, 62, 70, 62, 57, 41, 32], ""weights"": [6, 9, 9, 6, 1, 3, 1, 2, 8, 9, 4, 6, 2, 3, 10, 2, 9, 5, 10, 5, 5, 4, 7, 7, 10, 1, 5, 9, 6, 10], ""due_dates"": [352, 343, 182, 238, 373, 295, 248, 155, 292, 201, 251, 223, 285, 353, 144, 386, 203, 221, 168, 136, 369, 278, 138, 220, 162, 312, 224, 171, 395, 272]}","{""start_times"": [464, 296, 607, 512, 1038, 283, 1148, 1192, 277, 694, 242, 220, 985, 1065, 0, 411, 187, 563, 141, 41, 337, 920, 77, 784, 79, 1290, 858, 354, 423, 245], ""end_times"": [512, 337, 694, 563, 1065, 296, 1192, 1290, 283, 784, 245, 242, 1038, 1148, 41, 423, 220, 607, 187, 77, 354, 985, 79, 858, 141, 1360, 920, 411, 464, 277], ""tardiness"": [160, 0, 512, 325, 692, 1, 944, 1135, 0, 583, 0, 19, 753, 795, 0, 37, 17, 386, 19, 0, 0, 707, 0, 638, 0, 1048, 696, 240, 69, 5]}",37472.0,"{""problem_type"": ""SMTWT"", ""n_jobs"": 30, ""jobs"": [1, 2, 3, 4, 5, 6, 7, 8, 9, 10, 11, 12, 13, 14, 15, 16, 17, 18, 19, 20, 21, 22, 23, 24, 25, 26, 27, 28, 29, 30], ""job_records"": [{""job_id"": 1, ""processing_time"": 48, ""weight"": 6, ""due_date"": 352}, {""job_id"": 2, ""processing_time"": 41, ""weight"": 9, ""due_date"": 343}, {""job_id"": 3, ""processing_time"": 87, ""weight"": 9, ""due_date"": 182}, {""job_id"": 4, ""processing_time"": 51, ""weight"": 6, ""due_date"": 238}, {""job_id"": 5, ""processing_time"": 27, ""weight"": 1, ""due_date"": 373}, {""job_id"": 6, ""processing_time"": 13, ""weight"": 3, ""due_date"": 295}, {""job_id"": 7, ""processing_time"": 44, ""weight"": 1, ""due_date"": 248}, {""job_id"": 8, ""processing_time"": 98, ""weight"": 2, ""due_date"": 155}, {""job_id"": 9, ""processing_time"": 6, ""weight"": 8, ""due_date"": 292}, {""job_id"": 10, ""processing_time"": 90, ""weight"": 9, ""due_date"": 201}, {""job_id"": 11, ""processing_time"": 3, ""weight"": 4, ""due_date"": 251}, {""job_id"": 12, ""processing_time"": 22, ""weight"": 6, ""due_date"": 223}, {""job_id"": 13, ""processing_time"": 53, ""weight"": 2, ""due_date"": 285}, {""job_id"": 14, ""processing_time"": 83, ""weight"": 3, ""due_date"": 353}, {""job_id"": 15, ""processing_time"": 41, ""weight"": 10, ""due_date"": 144}, {""job_id"": 16, ""processing_time"": 12, ""weight"": 2, ""due_date"": 386}, {""job_id"": 17, ""processing_time"": 33, ""weight"": 9, ""due_date"": 203}, {""job_id"": 18, ""processing_time"": 44, ""weight"": 5, ""due_date"": 221}, {""job_id"": 19, ""processing_time"": 46, ""weight"": 10, ""due_date"": 168}, {""job_id"": 20, ""processing_time"": 36, ""weight"": 5, ""due_date"": 136}, {""job_id"": 21, ""processing_time"": 17, ""weight"": 5, ""due_date"": 369}, {""job_id"": 22, ""processing_time"": 65, ""weight"": 4, ""due_date"": 278}, {""job_id"": 23, ""processing_time"": 2, ""weight"": 7, ""due_date"": 138}, {""job_id"": 24, ""processing_time"": 74, ""weight"": 7, ""due_date"": 220}, {""job_id"": 25, ""processing_time"": 62, ""weight"": 10, ""due_date"": 162}, {""job_id"": 26, ""processing_time"": 70, ""weight"": 1, ""due_date"": 312}, {""job_id"": 27, ""processing_time"": 62, ""weight"": 5, ""due_date"": 224}, {""job_id"": 28, ""processing_time"": 57, ""weight"": 9, ""due_date"": 171}, {""job_id"": 29, ""processing_time"": 41, ""weight"": 6, ""due_date"": 395}, {""job_id"": 30, ""processing_time"": 32, ""weight"": 10, ""due_date"": 272}]}","[15, 20, 23, 25, 19, 17, 12, 11, 30, 9, 6, 2, 21, 28, 16, 29, 1, 4, 18, 3, 10, 24, 27, 22, 13, 5, 14, 7, 8, 26]"
SMTWT_L_037,SMTWT,L,37,"At the shop the foreperson has one lift and a stack of jobs, each with a set repair time and an expected handover time; some customers are much fussier about delays. The job is to pick the sequence cars are worked on — only one can be on the lift at a time, and every repair needs to be done once. After scheduling, any car finished late has its minutes-late counted (on-time is zero), that lateness is multiplied by how important that customer is, and all those products are summed. The better the schedule, the smaller that total sum of weighted lateness. The exact repair lengths, promised return times, and customer importance numbers follow below.

# num_repairs=22
# repair_ids=0, 1, 2, 3, 4, 5, 6, 7, 8, 9, 10, 11, 12, 13, 14, 15, 16, 17, 18, 19, 20, 21
repair_id,repair_duration_minutes,customer_criticality_weight,promised_handover_time_minutes
0,46,1,972
1,74,7,748
2,6,5,1147
3,46,6,961
4,54,1,1091
5,8,8,777
6,61,4,1119
7,37,9,893
8,94,3,776
9,87,7,1121
10,72,3,856
11,9,10,948
12,64,9,787
13,26,4,1054
14,51,5,847
15,5,10,966
16,84,9,735
17,91,3,1148
18,98,4,1109
19,47,9,791
20,1,4,719
21,100,7,1161

Oh, and one more thing — when you send the answer, please stick to this simple JSON shape so it's easy to read:

{
  ""solution"": [
    <car_id_first>,
    <car_id_second>,
    ...,
    <car_id_last>
  ]
}

This just means ""solution"" is the ordered list of cars to work on, from the first one you put on the lift to the last. The angle-bracket entries are placeholders showing where each car's identifier goes — it's just a sketch of the shape I expect, not the actual sequence.

Please use the exact identifiers from the instance input — no renaming and no new labels. Valid identifiers look like plain numbers such as “1” or “23”, single capital letters like “A” or “B”, or a capital letter followed by digits like “A1” or “X7”.",csv,zero_based,"{""n_jobs"": 22, ""processing_times"": [46, 74, 6, 46, 54, 8, 61, 37, 94, 87, 72, 9, 64, 26, 51, 5, 84, 91, 98, 47, 1, 100], ""weights"": [1, 7, 5, 6, 1, 8, 4, 9, 3, 7, 3, 10, 9, 4, 5, 10, 9, 3, 4, 9, 4, 7], ""due_dates"": [972, 748, 1147, 961, 1091, 777, 1119, 893, 776, 1121, 856, 948, 787, 1054, 847, 966, 735, 1148, 1109, 791, 719, 1161]}","{""start_times"": [578, 84, 1055, 532, 1001, 364, 940, 495, 158, 827, 372, 624, 253, 914, 444, 633, 0, 736, 638, 317, 252, 1061], ""end_times"": [624, 158, 1061, 578, 1055, 372, 1001, 532, 252, 914, 444, 633, 317, 940, 495, 638, 84, 827, 736, 364, 253, 1161], ""tardiness"": [0, 0, 0, 0, 0, 0, 0, 0, 0, 0, 0, 0, 0, 0, 0, 0, 0, 0, 0, 0, 0, 0]}",0.0,"{""problem_type"": ""SMTWT"", ""n_jobs"": 22, ""jobs"": [0, 1, 2, 3, 4, 5, 6, 7, 8, 9, 10, 11, 12, 13, 14, 15, 16, 17, 18, 19, 20, 21], ""job_records"": [{""job_id"": 0, ""processing_time"": 46, ""weight"": 1, ""due_date"": 972}, {""job_id"": 1, ""processing_time"": 74, ""weight"": 7, ""due_date"": 748}, {""job_id"": 2, ""processing_time"": 6, ""weight"": 5, ""due_date"": 1147}, {""job_id"": 3, ""processing_time"": 46, ""weight"": 6, ""due_date"": 961}, {""job_id"": 4, ""processing_time"": 54, ""weight"": 1, ""due_date"": 1091}, {""job_id"": 5, ""processing_time"": 8, ""weight"": 8, ""due_date"": 777}, {""job_id"": 6, ""processing_time"": 61, ""weight"": 4, ""due_date"": 1119}, {""job_id"": 7, ""processing_time"": 37, ""weight"": 9, ""due_date"": 893}, {""job_id"": 8, ""processing_time"": 94, ""weight"": 3, ""due_date"": 776}, {""job_id"": 9, ""processing_time"": 87, ""weight"": 7, ""due_date"": 1121}, {""job_id"": 10, ""processing_time"": 72, ""weight"": 3, ""due_date"": 856}, {""job_id"": 11, ""processing_time"": 9, ""weight"": 10, ""due_date"": 948}, {""job_id"": 12, ""processing_time"": 64, ""weight"": 9, ""due_date"": 787}, {""job_id"": 13, ""processing_time"": 26, ""weight"": 4, ""due_date"": 1054}, {""job_id"": 14, ""processing_time"": 51, ""weight"": 5, ""due_date"": 847}, {""job_id"": 15, ""processing_time"": 5, ""weight"": 10, ""due_date"": 966}, {""job_id"": 16, ""processing_time"": 84, ""weight"": 9, ""due_date"": 735}, {""job_id"": 17, ""processing_time"": 91, ""weight"": 3, ""due_date"": 1148}, {""job_id"": 18, ""processing_time"": 98, ""weight"": 4, ""due_date"": 1109}, {""job_id"": 19, ""processing_time"": 47, ""weight"": 9, ""due_date"": 791}, {""job_id"": 20, ""processing_time"": 1, ""weight"": 4, ""due_date"": 719}, {""job_id"": 21, ""processing_time"": 100, ""weight"": 7, ""due_date"": 1161}]}","[16, 1, 8, 20, 12, 19, 5, 10, 14, 7, 3, 0, 11, 15, 18, 17, 9, 13, 6, 4, 2, 21]"
SMTWT_L_038,SMTWT,L,38,"On a hectic morning the dryer queue looked like a puzzle: a bunch of loads, each with its own drying time, pickup slot, and a priority level that makes some customers more sensitive to delays. The job is to pick an order so the overall damage is low — for each load, if it’s finished late count how many minutes it missed the pickup, multiply that by its priority, and add those values up; on-time or early is zero. Only one load can be running at once, nothing gets left out or repeated, and the concrete schedule details are shown below.

# num_loads=21
# load_ids=1, 2, 3, 4, 5, 6, 7, 8, 9, 10, 11, 12, 13, 14, 15, 16, 17, 18, 19, 20, 21
load_id,drying_time_minutes,priority_weight,pickup_time_minutes
1,52,7,438
2,49,10,652
3,26,10,539
4,77,4,620
5,23,6,708
6,30,7,476
7,32,4,671
8,18,3,700
9,98,8,536
10,12,3,745
11,33,10,671
12,94,6,461
13,50,2,618
14,68,9,501
15,88,2,545
16,90,8,801
17,69,6,517
18,12,7,817
19,80,1,840
20,63,5,661
21,26,9,739

If you want the answer in a tidy, machine-friendly package, just follow this JSON layout when you send back the schedule:

{
  ""solution"": [
    <load_id_first>,
    <load_id_second>,
    ...,
    <load_id_last>
  ]
}

Think of the ""solution"" array as the run order for the dryer loads: the first placeholder is the load that goes on the machine first, the second is next, and so on. The angle-bracket placeholders are just a sketch showing where the real load IDs belong — they’re not the final values.

Please make sure to use the exact identifiers from the instance input — don’t rename them or invent new labels.  
Valid identifiers look like plain numbers such as “1” or “23”, single capital letters like “A” or “B”, or a capital letter followed by digits like “A1” or “X7”.",csv,one_based,"{""n_jobs"": 21, ""processing_times"": [52, 49, 26, 77, 23, 30, 32, 18, 98, 12, 33, 94, 50, 68, 88, 90, 69, 12, 80, 63, 26], ""weights"": [7, 10, 10, 4, 6, 7, 4, 3, 8, 3, 10, 6, 2, 9, 2, 8, 6, 7, 1, 5, 9], ""due_dates"": [438, 652, 539, 620, 708, 476, 671, 700, 536, 745, 671, 461, 618, 501, 545, 801, 517, 817, 840, 661, 739]}","{""start_times"": [0, 411, 493, 519, 691, 381, 659, 752, 52, 740, 460, 287, 872, 219, 922, 782, 150, 770, 1010, 596, 714], ""end_times"": [52, 460, 519, 596, 714, 411, 691, 770, 150, 752, 493, 381, 922, 287, 1010, 872, 219, 782, 1090, 659, 740], ""tardiness"": [0, 0, 0, 0, 6, 0, 20, 70, 0, 7, 0, 0, 304, 0, 465, 71, 0, 0, 250, 0, 1]}",2712.0,"{""problem_type"": ""SMTWT"", ""n_jobs"": 21, ""jobs"": [1, 2, 3, 4, 5, 6, 7, 8, 9, 10, 11, 12, 13, 14, 15, 16, 17, 18, 19, 20, 21], ""job_records"": [{""job_id"": 1, ""processing_time"": 52, ""weight"": 7, ""due_date"": 438}, {""job_id"": 2, ""processing_time"": 49, ""weight"": 10, ""due_date"": 652}, {""job_id"": 3, ""processing_time"": 26, ""weight"": 10, ""due_date"": 539}, {""job_id"": 4, ""processing_time"": 77, ""weight"": 4, ""due_date"": 620}, {""job_id"": 5, ""processing_time"": 23, ""weight"": 6, ""due_date"": 708}, {""job_id"": 6, ""processing_time"": 30, ""weight"": 7, ""due_date"": 476}, {""job_id"": 7, ""processing_time"": 32, ""weight"": 4, ""due_date"": 671}, {""job_id"": 8, ""processing_time"": 18, ""weight"": 3, ""due_date"": 700}, {""job_id"": 9, ""processing_time"": 98, ""weight"": 8, ""due_date"": 536}, {""job_id"": 10, ""processing_time"": 12, ""weight"": 3, ""due_date"": 745}, {""job_id"": 11, ""processing_time"": 33, ""weight"": 10, ""due_date"": 671}, {""job_id"": 12, ""processing_time"": 94, ""weight"": 6, ""due_date"": 461}, {""job_id"": 13, ""processing_time"": 50, ""weight"": 2, ""due_date"": 618}, {""job_id"": 14, ""processing_time"": 68, ""weight"": 9, ""due_date"": 501}, {""job_id"": 15, ""processing_time"": 88, ""weight"": 2, ""due_date"": 545}, {""job_id"": 16, ""processing_time"": 90, ""weight"": 8, ""due_date"": 801}, {""job_id"": 17, ""processing_time"": 69, ""weight"": 6, ""due_date"": 517}, {""job_id"": 18, ""processing_time"": 12, ""weight"": 7, ""due_date"": 817}, {""job_id"": 19, ""processing_time"": 80, ""weight"": 1, ""due_date"": 840}, {""job_id"": 20, ""processing_time"": 63, ""weight"": 5, ""due_date"": 661}, {""job_id"": 21, ""processing_time"": 26, ""weight"": 9, ""due_date"": 739}]}","[1, 9, 17, 14, 12, 6, 2, 11, 3, 4, 20, 7, 5, 21, 10, 8, 18, 16, 13, 15, 19]"
SMTWT_L_039,SMTWT,L,39,"Someone has to run the single espresso machine and decide which coffees to make first. Each ticket takes a certain amount of time to pull and has a target pickup time, and different customers have different importance levels, so finishing a drink after its target creates a penalty equal to the customer’s importance times how many minutes late it was (no penalty if it’s on time or early). The job is to arrange all the drinks in a non‑overlapping order, making each once, to minimize the total of those penalties. The detailed list of orders and timings appears below.

Someone must schedule 24 orders, identified as 0, 1, 2, 3, 4, 5, 6, 7, 8, 9, 10, 11, 12, 13, 14, 15, 16, 17, 18, 19, 20, 21, 22, 23.

| order_id | pull_time_minutes | customer_importance | target_pickup_time_minutes |
|---|---|---|---|
| 0 | 19 | 5 | 332 |
| 1 | 59 | 4 | 677 |
| 2 | 59 | 3 | 260 |
| 3 | 99 | 3 | 714 |
| 4 | 23 | 4 | 587 |
| 5 | 91 | 6 | 368 |
| 6 | 51 | 6 | 476 |
| 7 | 94 | 7 | 656 |
| 8 | 45 | 4 | 573 |
| 9 | 56 | 7 | 719 |
| 10 | 65 | 8 | 708 |
| 11 | 15 | 9 | 445 |
| 12 | 69 | 5 | 311 |
| 13 | 16 | 7 | 566 |
| 14 | 11 | 3 | 530 |
| 15 | 95 | 2 | 634 |
| 16 | 59 | 3 | 273 |
| 17 | 34 | 1 | 558 |
| 18 | 7 | 10 | 373 |
| 19 | 85 | 7 | 614 |
| 20 | 83 | 3 | 563 |
| 21 | 27 | 10 | 643 |
| 22 | 43 | 3 | 722 |
| 23 | 30 | 4 | 506 |

Someone should sequence these orders to minimize the total importance-weighted minutes of lateness.

If you prefer to hand the answer over in a tidy, machine-friendly way, just use this little JSON shape and drop the ordered ticket IDs into it:

{
  ""solution"": [
    <ticket_id_first>,
    <ticket_id_second>,
    ...,
    <ticket_id_last>
  ]
}

Pretty straightforward: ""solution"" is the ordered list of tickets to make, from the one you pull first through to the last. Each placeholder in that array should be replaced by the exact ticket identifier from the instance (this JSON is just a sketch of the shape you should follow, not the actual schedule).

Please make sure you use the identifiers exactly as they appear in the problem input — no renaming and no new labels. Valid identifiers look like:
- plain numbers such as ""1"" or ""23""
- single capital letters like ""A"" or ""B""
- a capital letter followed by digits like ""A1"" or ""X7""",markdown_table,zero_based,"{""n_jobs"": 24, ""processing_times"": [19, 59, 59, 99, 23, 91, 51, 94, 45, 56, 65, 15, 69, 16, 11, 95, 59, 34, 7, 85, 83, 27, 43, 30], ""weights"": [5, 4, 3, 3, 4, 6, 6, 7, 4, 7, 8, 9, 5, 7, 3, 2, 3, 1, 10, 7, 3, 10, 3, 4], ""due_dates"": [332, 677, 260, 714, 587, 368, 476, 656, 573, 719, 708, 445, 311, 566, 530, 634, 273, 558, 373, 614, 563, 643, 722, 506]}","{""start_times"": [0, 865, 19, 1007, 78, 229, 327, 728, 378, 672, 607, 423, 101, 438, 484, 1140, 170, 1106, 320, 495, 924, 580, 822, 454], ""end_times"": [19, 924, 78, 1106, 101, 320, 378, 822, 423, 728, 672, 438, 170, 454, 495, 1235, 229, 1140, 327, 580, 1007, 607, 865, 484], ""tardiness"": [0, 247, 0, 392, 0, 0, 0, 166, 0, 9, 0, 0, 0, 0, 0, 601, 0, 582, 0, 0, 444, 0, 143, 0]}",6934.0,"{""problem_type"": ""SMTWT"", ""n_jobs"": 24, ""jobs"": [0, 1, 2, 3, 4, 5, 6, 7, 8, 9, 10, 11, 12, 13, 14, 15, 16, 17, 18, 19, 20, 21, 22, 23], ""job_records"": [{""job_id"": 0, ""processing_time"": 19, ""weight"": 5, ""due_date"": 332}, {""job_id"": 1, ""processing_time"": 59, ""weight"": 4, ""due_date"": 677}, {""job_id"": 2, ""processing_time"": 59, ""weight"": 3, ""due_date"": 260}, {""job_id"": 3, ""processing_time"": 99, ""weight"": 3, ""due_date"": 714}, {""job_id"": 4, ""processing_time"": 23, ""weight"": 4, ""due_date"": 587}, {""job_id"": 5, ""processing_time"": 91, ""weight"": 6, ""due_date"": 368}, {""job_id"": 6, ""processing_time"": 51, ""weight"": 6, ""due_date"": 476}, {""job_id"": 7, ""processing_time"": 94, ""weight"": 7, ""due_date"": 656}, {""job_id"": 8, ""processing_time"": 45, ""weight"": 4, ""due_date"": 573}, {""job_id"": 9, ""processing_time"": 56, ""weight"": 7, ""due_date"": 719}, {""job_id"": 10, ""processing_time"": 65, ""weight"": 8, ""due_date"": 708}, {""job_id"": 11, ""processing_time"": 15, ""weight"": 9, ""due_date"": 445}, {""job_id"": 12, ""processing_time"": 69, ""weight"": 5, ""due_date"": 311}, {""job_id"": 13, ""processing_time"": 16, ""weight"": 7, ""due_date"": 566}, {""job_id"": 14, ""processing_time"": 11, ""weight"": 3, ""due_date"": 530}, {""job_id"": 15, ""processing_time"": 95, ""weight"": 2, ""due_date"": 634}, {""job_id"": 16, ""processing_time"": 59, ""weight"": 3, ""due_date"": 273}, {""job_id"": 17, ""processing_time"": 34, ""weight"": 1, ""due_date"": 558}, {""job_id"": 18, ""processing_time"": 7, ""weight"": 10, ""due_date"": 373}, {""job_id"": 19, ""processing_time"": 85, ""weight"": 7, ""due_date"": 614}, {""job_id"": 20, ""processing_time"": 83, ""weight"": 3, ""due_date"": 563}, {""job_id"": 21, ""processing_time"": 27, ""weight"": 10, ""due_date"": 643}, {""job_id"": 22, ""processing_time"": 43, ""weight"": 3, ""due_date"": 722}, {""job_id"": 23, ""processing_time"": 30, ""weight"": 4, ""due_date"": 506}]}","[0, 2, 4, 12, 16, 5, 18, 6, 8, 11, 13, 23, 14, 19, 21, 10, 9, 7, 22, 1, 20, 3, 17, 15]"
SMTWT_L_040,SMTWT,L,40,"On a busy afternoon the single 3D printer has a queue of projects, each with its own print duration, a hoped-for completion time, and an importance rating that measures how bad being late is. The problem to solve is the order to run the prints — one job at a time and every project must go through once — so the overall penalty is kept small. That penalty is simply calculated by, for each project, taking how many minutes it finishes after its hoped-for time (zero if it’s not late), multiplying that lateness by the project’s importance, and summing those figures for every project. The concrete job durations, desired finish times, and importance ratings follow below.

There are 25 projects waiting for the single 3D printer: 1, 2, 3, 4, 5, 6, 7, 8, 9, 10, 11, 12, 13, 14, 15, 16, 17, 18, 19, 20, 21, 22, 23, 24, 25.
Project 1 requires 75 minutes of continuous print time, requests completion at minute 446, and carries importance 6.
Project 2 requires 25 minutes of continuous print time, requests completion at minute 237, and carries importance 4.
Project 3 requires 70 minutes of continuous print time, requests completion at minute 110, and carries importance 8.
Project 4 requires 46 minutes of continuous print time, requests completion at minute 273, and carries importance 6.
Project 5 requires 60 minutes of continuous print time, requests completion at minute 48, and carries importance 4.
Project 6 requires 7 minutes of continuous print time, requests completion at minute 176, and carries importance 7.
Project 7 requires 85 minutes of continuous print time, requests completion at minute 407, and carries importance 7.
Project 8 requires 65 minutes of continuous print time, requests completion at minute 11, and carries importance 4.
Project 9 requires 28 minutes of continuous print time, requests completion at minute 189, and carries importance 2.
Project 10 requires 78 minutes of continuous print time, requests completion at minute 360, and carries importance 7.
Project 11 requires 29 minutes of continuous print time, requests completion at minute 184, and carries importance 8.
Project 12 requires 37 minutes of continuous print time, requests completion at minute 4, and carries importance 5.
Project 13 requires 63 minutes of continuous print time, requests completion at minute 134, and carries importance 4.
Project 14 requires 89 minutes of continuous print time, requests completion at minute 288, and carries importance 2.
Project 15 requires 28 minutes of continuous print time, requests completion at minute 419, and carries importance 10.
Project 16 requires 43 minutes of continuous print time, requests completion at minute 78, and carries importance 6.
Project 17 requires 57 minutes of continuous print time, requests completion at minute 17, and carries importance 5.
Project 18 requires 10 minutes of continuous print time, requests completion at minute 221, and carries importance 7.
Project 19 requires 33 minutes of continuous print time, requests completion at minute 92, and carries importance 7.
Project 20 requires 25 minutes of continuous print time, requests completion at minute 142, and carries importance 4.
Project 21 requires 21 minutes of continuous print time, requests completion at minute 33, and carries importance 7.
Project 22 requires 12 minutes of continuous print time, requests completion at minute 390, and carries importance 2.
Project 23 requires 57 minutes of continuous print time, requests completion at minute 77, and carries importance 7.
Project 24 requires 99 minutes of continuous print time, requests completion at minute 207, and carries importance 7.
Project 25 requires 69 minutes of continuous print time, requests completion at minute 350, and carries importance 1.
The lines below enumerate each project’s print duration, requested finish minute, and importance.

If you prefer to send the schedule in a tidy machine-readable way, just use a small JSON object like this:

{
  ""solution"": [
    <job_id_first>,
    <job_id_second>,
    ...,
    <job_id_last>
  ]
}

This is just a simple sketch: ""solution"" is the ordered list of job IDs that says which print to run first, second, and so on. Think of it like filling out a form where each entry is the next job in the queue. The block above shows the expected shape, not the actual answer — you'll replace those placeholders with the real job IDs from the instance.

Please make sure to use the job identifiers exactly as they appear in the instance input — do not rename them or invent new labels. Valid identifiers look like plain numbers such as “1” or “23”, single capital letters like “A” or “B”, or a capital letter followed by digits like “A1” or “X7”.",nl,one_based,"{""n_jobs"": 25, ""processing_times"": [75, 25, 70, 46, 60, 7, 85, 65, 28, 78, 29, 37, 63, 89, 28, 43, 57, 10, 33, 25, 21, 12, 57, 99, 69], ""weights"": [6, 4, 8, 6, 4, 7, 7, 4, 2, 7, 8, 5, 4, 2, 10, 6, 5, 7, 7, 4, 7, 2, 7, 7, 1], ""due_dates"": [446, 237, 110, 273, 48, 176, 407, 11, 189, 360, 184, 4, 134, 288, 419, 78, 17, 221, 92, 142, 33, 390, 77, 207, 350]}","{""start_times"": [663, 205, 333, 230, 865, 159, 578, 988, 738, 443, 166, 21, 925, 1053, 403, 91, 521, 195, 58, 134, 0, 431, 276, 766, 1142], ""end_times"": [738, 230, 403, 276, 925, 166, 663, 1053, 766, 521, 195, 58, 988, 1142, 431, 134, 578, 205, 91, 159, 21, 443, 333, 865, 1211], ""tardiness"": [292, 0, 293, 3, 877, 0, 256, 1042, 577, 161, 11, 54, 854, 854, 12, 56, 561, 0, 0, 17, 0, 53, 256, 658, 861]}",32039.0,"{""problem_type"": ""SMTWT"", ""n_jobs"": 25, ""jobs"": [1, 2, 3, 4, 5, 6, 7, 8, 9, 10, 11, 12, 13, 14, 15, 16, 17, 18, 19, 20, 21, 22, 23, 24, 25], ""job_records"": [{""job_id"": 1, ""processing_time"": 75, ""weight"": 6, ""due_date"": 446}, {""job_id"": 2, ""processing_time"": 25, ""weight"": 4, ""due_date"": 237}, {""job_id"": 3, ""processing_time"": 70, ""weight"": 8, ""due_date"": 110}, {""job_id"": 4, ""processing_time"": 46, ""weight"": 6, ""due_date"": 273}, {""job_id"": 5, ""processing_time"": 60, ""weight"": 4, ""due_date"": 48}, {""job_id"": 6, ""processing_time"": 7, ""weight"": 7, ""due_date"": 176}, {""job_id"": 7, ""processing_time"": 85, ""weight"": 7, ""due_date"": 407}, {""job_id"": 8, ""processing_time"": 65, ""weight"": 4, ""due_date"": 11}, {""job_id"": 9, ""processing_time"": 28, ""weight"": 2, ""due_date"": 189}, {""job_id"": 10, ""processing_time"": 78, ""weight"": 7, ""due_date"": 360}, {""job_id"": 11, ""processing_time"": 29, ""weight"": 8, ""due_date"": 184}, {""job_id"": 12, ""processing_time"": 37, ""weight"": 5, ""due_date"": 4}, {""job_id"": 13, ""processing_time"": 63, ""weight"": 4, ""due_date"": 134}, {""job_id"": 14, ""processing_time"": 89, ""weight"": 2, ""due_date"": 288}, {""job_id"": 15, ""processing_time"": 28, ""weight"": 10, ""due_date"": 419}, {""job_id"": 16, ""processing_time"": 43, ""weight"": 6, ""due_date"": 78}, {""job_id"": 17, ""processing_time"": 57, ""weight"": 5, ""due_date"": 17}, {""job_id"": 18, ""processing_time"": 10, ""weight"": 7, ""due_date"": 221}, {""job_id"": 19, ""processing_time"": 33, ""weight"": 7, ""due_date"": 92}, {""job_id"": 20, ""processing_time"": 25, ""weight"": 4, ""due_date"": 142}, {""job_id"": 21, ""processing_time"": 21, ""weight"": 7, ""due_date"": 33}, {""job_id"": 22, ""processing_time"": 12, ""weight"": 2, ""due_date"": 390}, {""job_id"": 23, ""processing_time"": 57, ""weight"": 7, ""due_date"": 77}, {""job_id"": 24, ""processing_time"": 99, ""weight"": 7, ""due_date"": 207}, {""job_id"": 25, ""processing_time"": 69, ""weight"": 1, ""due_date"": 350}]}","[21, 12, 19, 16, 20, 6, 11, 18, 2, 4, 23, 3, 15, 22, 10, 17, 7, 1, 9, 24, 5, 13, 8, 14, 25]"
SMTWT_L_041,SMTWT,L,41,"We have a one-person cabinet shop and a single table saw, and there’s always a pile of cutting orders with different lengths, deadlines, and urgencies. The only decision is the sequence to run them in—one job at a time, no overlaps, and every job has to be done exactly once. For each order, if it finishes after its promised date count how many hours (or days) it’s late; if it’s on or before the date, count zero. Because some orders matter more than others, the tardiness for each job gets scaled by its importance, and the shop wants the total of those scaled tardiness numbers to be as small as possible. The concrete job list and numbers follow below.

There are 24 cutting orders waiting: 0, 1, 2, 3, 4, 5, 6, 7, 8, 9, 10, 11, 12, 13, 14, 15, 16, 17, 18, 19, 20, 21, 22, 23.

| order_id | cutting_time | priority_weight | promised_due_date |
|---|---|---|---|
| 0 | 92 | 4 | 865 |
| 1 | 59 | 2 | 1185 |
| 2 | 93 | 3 | 1115 |
| 3 | 90 | 10 | 1186 |
| 4 | 95 | 9 | 842 |
| 5 | 28 | 5 | 1370 |
| 6 | 89 | 3 | 1181 |
| 7 | 10 | 7 | 948 |
| 8 | 78 | 10 | 687 |
| 9 | 95 | 7 | 1138 |
| 10 | 16 | 4 | 794 |
| 11 | 84 | 10 | 779 |
| 12 | 49 | 10 | 1075 |
| 13 | 60 | 4 | 1170 |
| 14 | 44 | 2 | 903 |
| 15 | 87 | 6 | 747 |
| 16 | 16 | 4 | 1137 |
| 17 | 63 | 10 | 1001 |
| 18 | 11 | 4 | 744 |
| 19 | 17 | 10 | 1318 |
| 20 | 29 | 9 | 1361 |
| 21 | 75 | 8 | 737 |
| 22 | 4 | 5 | 958 |
| 23 | 6 | 5 | 1141 |

We'll sequence these 24 orders to minimize the total weighted tardiness.

If you want the final sequence in a simple, machine-friendly shape, send it back in a tiny JSON object like this:

{
  ""solution"": [
    <order_id_first>,
    <order_id_second>,
    ...,
    <order_id_last>
  ]
}

Here ""solution"" is just a list of the orders in the exact sequence you want the shop to run them — first item is the first cut, second is next, and so on. The angle-bracket names above are placeholders to show the shape; when you give the real answer, replace each placeholder with the actual identifier for that order.

This JSON is only a sketch of the expected shape, not the actual schedule.

Please be sure to use the identifiers exactly as they appear in the instance input — no renaming and no new labels. For example: ""Valid identifiers look like plain numbers such as “1” or “23”, single capital letters like “A” or “B”, or a capital letter followed by digits like “A1” or “X7”.""",markdown_table,zero_based,"{""n_jobs"": 24, ""processing_times"": [92, 59, 93, 90, 95, 28, 89, 10, 78, 95, 16, 84, 49, 60, 44, 87, 16, 63, 11, 17, 29, 75, 4, 6], ""weights"": [4, 2, 3, 10, 9, 5, 3, 7, 10, 7, 4, 10, 10, 4, 2, 6, 4, 10, 4, 10, 9, 8, 5, 5], ""due_dates"": [865, 1185, 1115, 1186, 842, 1370, 1181, 948, 687, 1138, 794, 779, 1075, 1170, 903, 747, 1137, 1001, 744, 1318, 1361, 737, 958, 1141]}","{""start_times"": [430, 1157, 754, 1001, 335, 1245, 896, 582, 0, 659, 522, 165, 847, 1097, 538, 78, 985, 592, 324, 1273, 1216, 249, 655, 1091], ""end_times"": [522, 1216, 847, 1091, 430, 1273, 985, 592, 78, 754, 538, 249, 896, 1157, 582, 165, 1001, 655, 335, 1290, 1245, 324, 659, 1097], ""tardiness"": [0, 31, 0, 0, 0, 0, 0, 0, 0, 0, 0, 0, 0, 0, 0, 0, 0, 0, 0, 0, 0, 0, 0, 0]}",62.0,"{""problem_type"": ""SMTWT"", ""n_jobs"": 24, ""jobs"": [0, 1, 2, 3, 4, 5, 6, 7, 8, 9, 10, 11, 12, 13, 14, 15, 16, 17, 18, 19, 20, 21, 22, 23], ""job_records"": [{""job_id"": 0, ""processing_time"": 92, ""weight"": 4, ""due_date"": 865}, {""job_id"": 1, ""processing_time"": 59, ""weight"": 2, ""due_date"": 1185}, {""job_id"": 2, ""processing_time"": 93, ""weight"": 3, ""due_date"": 1115}, {""job_id"": 3, ""processing_time"": 90, ""weight"": 10, ""due_date"": 1186}, {""job_id"": 4, ""processing_time"": 95, ""weight"": 9, ""due_date"": 842}, {""job_id"": 5, ""processing_time"": 28, ""weight"": 5, ""due_date"": 1370}, {""job_id"": 6, ""processing_time"": 89, ""weight"": 3, ""due_date"": 1181}, {""job_id"": 7, ""processing_time"": 10, ""weight"": 7, ""due_date"": 948}, {""job_id"": 8, ""processing_time"": 78, ""weight"": 10, ""due_date"": 687}, {""job_id"": 9, ""processing_time"": 95, ""weight"": 7, ""due_date"": 1138}, {""job_id"": 10, ""processing_time"": 16, ""weight"": 4, ""due_date"": 794}, {""job_id"": 11, ""processing_time"": 84, ""weight"": 10, ""due_date"": 779}, {""job_id"": 12, ""processing_time"": 49, ""weight"": 10, ""due_date"": 1075}, {""job_id"": 13, ""processing_time"": 60, ""weight"": 4, ""due_date"": 1170}, {""job_id"": 14, ""processing_time"": 44, ""weight"": 2, ""due_date"": 903}, {""job_id"": 15, ""processing_time"": 87, ""weight"": 6, ""due_date"": 747}, {""job_id"": 16, ""processing_time"": 16, ""weight"": 4, ""due_date"": 1137}, {""job_id"": 17, ""processing_time"": 63, ""weight"": 10, ""due_date"": 1001}, {""job_id"": 18, ""processing_time"": 11, ""weight"": 4, ""due_date"": 744}, {""job_id"": 19, ""processing_time"": 17, ""weight"": 10, ""due_date"": 1318}, {""job_id"": 20, ""processing_time"": 29, ""weight"": 9, ""due_date"": 1361}, {""job_id"": 21, ""processing_time"": 75, ""weight"": 8, ""due_date"": 737}, {""job_id"": 22, ""processing_time"": 4, ""weight"": 5, ""due_date"": 958}, {""job_id"": 23, ""processing_time"": 6, ""weight"": 5, ""due_date"": 1141}]}","[8, 15, 11, 21, 18, 4, 0, 10, 14, 7, 17, 22, 9, 2, 12, 6, 16, 3, 23, 13, 1, 20, 5, 19]"
SMTWT_L_042,SMTWT,L,42,"Recently the shop got a backlog and the single spray booth became the bottleneck. Each job has a spray plus cure duration, a promised pickup day, and a weight that captures how bad a late pickup would be for that customer. The plan is about ordering the cars: whenever a car finishes after its promised day, its lateness equals finish day minus promised day (if it’s on time or early, lateness is zero). That lateness is then scaled by the car’s importance, and the total pain is the sum of all those scaled latenesses — smaller totals mean happier overall customers. Only one car can occupy the booth at any moment, every vehicle must go through the booth exactly once, and nothing can overlap or be omitted. The exact job timings and urgencies are listed below.

There are 22 vehicles waiting: A, B, C, D, E, F, G, H, I, J, K, L, M, N, O, P, Q, R, S, T, U, V.
Vehicle A requires 3 days in the spray booth (spray + cure), is promised on day 437, and has weight 4.
Vehicle B requires 26 days in the spray booth (spray + cure), is promised on day 528, and has weight 10.
Vehicle C requires 94 days in the spray booth (spray + cure), is promised on day 694, and has weight 5.
Vehicle D requires 99 days in the spray booth (spray + cure), is promised on day 620, and has weight 7.
Vehicle E requires 30 days in the spray booth (spray + cure), is promised on day 343, and has weight 6.
Vehicle F requires 51 days in the spray booth (spray + cure), is promised on day 628, and has weight 10.
Vehicle G requires 43 days in the spray booth (spray + cure), is promised on day 474, and has weight 3.
Vehicle H requires 1 days in the spray booth (spray + cure), is promised on day 366, and has weight 5.
Vehicle I requires 92 days in the spray booth (spray + cure), is promised on day 311, and has weight 7.
Vehicle J requires 17 days in the spray booth (spray + cure), is promised on day 742, and has weight 1.
Vehicle K requires 3 days in the spray booth (spray + cure), is promised on day 758, and has weight 8.
Vehicle L requires 22 days in the spray booth (spray + cure), is promised on day 405, and has weight 8.
Vehicle M requires 14 days in the spray booth (spray + cure), is promised on day 494, and has weight 9.
Vehicle N requires 19 days in the spray booth (spray + cure), is promised on day 422, and has weight 4.
Vehicle O requires 16 days in the spray booth (spray + cure), is promised on day 453, and has weight 5.
Vehicle P requires 10 days in the spray booth (spray + cure), is promised on day 805, and has weight 3.
Vehicle Q requires 84 days in the spray booth (spray + cure), is promised on day 456, and has weight 10.
Vehicle R requires 97 days in the spray booth (spray + cure), is promised on day 310, and has weight 1.
Vehicle S requires 43 days in the spray booth (spray + cure), is promised on day 657, and has weight 2.
Vehicle T requires 48 days in the spray booth (spray + cure), is promised on day 302, and has weight 1.
Vehicle U requires 83 days in the spray booth (spray + cure), is promised on day 418, and has weight 10.
Vehicle V requires 8 days in the spray booth (spray + cure), is promised on day 743, and has weight 2.
Details for each vehicle are listed below, one line per vehicle.

Also, when you return the chosen order, just drop it into this simple JSON shape so it's easy to read and reuse:

{
  ""solution"": [
    <car_id_first>,
    <car_id_second>,
    ...,
    <car_id_last>
  ]
}

This just shows that the top-level key is ""solution"" and the value is an ordered list of the cars (first processed to last processed). Think of each placeholder like a blank on a form where you put the exact car identifier from the instance.

This JSON is only a sketch of the shape I expect — fill the array with the actual identifiers in the exact order you want to run them. Please do not rename any identifiers or invent new labels; use the ones from the instance exactly as given.

For example: ""Valid identifiers look like plain numbers such as “1” or “23”, single capital letters like “A” or “B”, or a capital letter followed by digits like “A1” or “X7”.""",nl,names,"{""n_jobs"": 22, ""processing_times"": [3, 26, 94, 99, 30, 51, 43, 1, 92, 17, 3, 22, 14, 19, 16, 10, 84, 97, 43, 48, 83, 8], ""weights"": [4, 10, 5, 7, 6, 10, 3, 5, 7, 1, 8, 8, 9, 4, 5, 3, 10, 1, 2, 1, 10, 2], ""due_dates"": [437, 528, 694, 620, 343, 628, 474, 366, 311, 742, 758, 405, 494, 422, 453, 805, 456, 310, 657, 302, 418, 743]}","{""start_times"": [368, 455, 631, 481, 0, 580, 295, 113, 114, 733, 750, 254, 354, 276, 338, 796, 371, 806, 753, 206, 30, 725], ""end_times"": [371, 481, 725, 580, 30, 631, 338, 114, 206, 750, 753, 276, 368, 295, 354, 806, 455, 903, 796, 254, 113, 733], ""tardiness"": [0, 0, 31, 0, 0, 3, 0, 0, 0, 8, 0, 0, 0, 0, 0, 1, 0, 593, 139, 0, 0, 0]}",1067.0,"{""problem_type"": ""SMTWT"", ""n_jobs"": 22, ""jobs"": [""A"", ""B"", ""C"", ""D"", ""E"", ""F"", ""G"", ""H"", ""I"", ""J"", ""K"", ""L"", ""M"", ""N"", ""O"", ""P"", ""Q"", ""R"", ""S"", ""T"", ""U"", ""V""], ""job_records"": [{""job_id"": ""A"", ""processing_time"": 3, ""weight"": 4, ""due_date"": 437}, {""job_id"": ""B"", ""processing_time"": 26, ""weight"": 10, ""due_date"": 528}, {""job_id"": ""C"", ""processing_time"": 94, ""weight"": 5, ""due_date"": 694}, {""job_id"": ""D"", ""processing_time"": 99, ""weight"": 7, ""due_date"": 620}, {""job_id"": ""E"", ""processing_time"": 30, ""weight"": 6, ""due_date"": 343}, {""job_id"": ""F"", ""processing_time"": 51, ""weight"": 10, ""due_date"": 628}, {""job_id"": ""G"", ""processing_time"": 43, ""weight"": 3, ""due_date"": 474}, {""job_id"": ""H"", ""processing_time"": 1, ""weight"": 5, ""due_date"": 366}, {""job_id"": ""I"", ""processing_time"": 92, ""weight"": 7, ""due_date"": 311}, {""job_id"": ""J"", ""processing_time"": 17, ""weight"": 1, ""due_date"": 742}, {""job_id"": ""K"", ""processing_time"": 3, ""weight"": 8, ""due_date"": 758}, {""job_id"": ""L"", ""processing_time"": 22, ""weight"": 8, ""due_date"": 405}, {""job_id"": ""M"", ""processing_time"": 14, ""weight"": 9, ""due_date"": 494}, {""job_id"": ""N"", ""processing_time"": 19, ""weight"": 4, ""due_date"": 422}, {""job_id"": ""O"", ""processing_time"": 16, ""weight"": 5, ""due_date"": 453}, {""job_id"": ""P"", ""processing_time"": 10, ""weight"": 3, ""due_date"": 805}, {""job_id"": ""Q"", ""processing_time"": 84, ""weight"": 10, ""due_date"": 456}, {""job_id"": ""R"", ""processing_time"": 97, ""weight"": 1, ""due_date"": 310}, {""job_id"": ""S"", ""processing_time"": 43, ""weight"": 2, ""due_date"": 657}, {""job_id"": ""T"", ""processing_time"": 48, ""weight"": 1, ""due_date"": 302}, {""job_id"": ""U"", ""processing_time"": 83, ""weight"": 10, ""due_date"": 418}, {""job_id"": ""V"", ""processing_time"": 8, ""weight"": 2, ""due_date"": 743}]}","[""E"", ""U"", ""H"", ""I"", ""T"", ""L"", ""N"", ""G"", ""O"", ""M"", ""A"", ""Q"", ""B"", ""D"", ""F"", ""C"", ""V"", ""J"", ""K"", ""S"", ""P"", ""R""]"
SMTWT_L_043,SMTWT,L,43,"Many folks forget how tense a one‑mill schedule can be: the supervisor has to order a bunch of parts that all require known cut times and have target dates, and the mill only handles one at a time. Nothing can be left out or done twice, so the only freedom is the sequence. The way to tell which sequence is kinder to the customers is to add up each part’s penalty — minutes late times that part’s criticality, with zero if it’s not late — and prefer the sequence with the smaller overall penalty. The detailed parts list and numbers are given below.

There are 27 parts to sequence: 0, 1, 2, 3, 4, 5, 6, 7, 8, 9, 10, 11, 12, 13, 14, 15, 16, 17, 18, 19, 20, 21, 22, 23, 24, 25, 26.

| part_id | cutting_time_minutes | criticality_weight | target_completion_time |
|---|---|---|---|
| 0 | 76 | 4 | 435 |
| 1 | 45 | 3 | 861 |
| 2 | 75 | 10 | 406 |
| 3 | 14 | 5 | 716 |
| 4 | 1 | 9 | 268 |
| 5 | 40 | 5 | 251 |
| 6 | 68 | 1 | 703 |
| 7 | 99 | 6 | 630 |
| 8 | 74 | 10 | 939 |
| 9 | 43 | 2 | 538 |
| 10 | 38 | 6 | 503 |
| 11 | 21 | 3 | 733 |
| 12 | 45 | 7 | 923 |
| 13 | 22 | 9 | 152 |
| 14 | 97 | 9 | 699 |
| 15 | 19 | 10 | 333 |
| 16 | 13 | 8 | 346 |
| 17 | 85 | 10 | 196 |
| 18 | 51 | 9 | 762 |
| 19 | 45 | 7 | 328 |
| 20 | 22 | 10 | 465 |
| 21 | 56 | 5 | 915 |
| 22 | 79 | 9 | 878 |
| 23 | 50 | 2 | 573 |
| 24 | 59 | 10 | 600 |
| 25 | 64 | 7 | 935 |
| 26 | 87 | 6 | 735 |

Order them to minimize the total penalty — the sum over parts of minutes late × criticality — for these 27 parts.

If you want to hand me the sequence that minimizes the total penalty, just drop it in a tiny JSON form — nothing fancy, just an array named ""solution"" with the job ids in the order they should run.

{
  ""solution"": [
    <part_id_first>,
    <part_id_second>,
    ...,
    <part_id_last>
  ]
}

This little sketch just says: ""solution"" is the ordered list, and each placeholder like <part_id_first> stands for the identifier of the part/job that goes in that position on the mill. Think of it like filling out a simple schedule form: write the exact id of the first job, then the second, and so on. The JSON is just the shape I expect, not the final answer.

Please make sure to use the job identifiers exactly as they appear in the instance input — don't rename them or invent new labels. 
- for example: ""Valid identifiers look like plain numbers such as “1” or “23”, single capital letters like “A” or “B”, or a capital letter followed by digits like “A1” or “X7”.""",markdown_table,zero_based,"{""n_jobs"": 27, ""processing_times"": [76, 45, 75, 14, 1, 40, 68, 99, 74, 43, 38, 21, 45, 22, 97, 19, 13, 85, 51, 45, 22, 56, 79, 50, 59, 64, 87], ""weights"": [4, 3, 10, 5, 9, 5, 1, 6, 10, 2, 6, 3, 7, 9, 9, 10, 8, 10, 9, 7, 10, 5, 9, 2, 10, 7, 6], ""due_dates"": [435, 861, 406, 716, 268, 251, 703, 630, 939, 538, 503, 733, 923, 152, 699, 333, 346, 196, 762, 328, 465, 915, 878, 573, 600, 935, 735]}","{""start_times"": [0, 1182, 301, 691, 76, 184, 1320, 436, 901, 1227, 376, 756, 856, 77, 594, 224, 243, 99, 705, 256, 414, 1039, 777, 1270, 535, 975, 1095], ""end_times"": [76, 1227, 376, 705, 77, 224, 1388, 535, 975, 1270, 414, 777, 901, 99, 691, 243, 256, 184, 756, 301, 436, 1095, 856, 1320, 594, 1039, 1182], ""tardiness"": [0, 366, 0, 0, 0, 0, 685, 0, 36, 732, 0, 44, 0, 0, 0, 0, 0, 0, 0, 0, 0, 180, 0, 747, 0, 104, 447]}",9543.0,"{""problem_type"": ""SMTWT"", ""n_jobs"": 27, ""jobs"": [0, 1, 2, 3, 4, 5, 6, 7, 8, 9, 10, 11, 12, 13, 14, 15, 16, 17, 18, 19, 20, 21, 22, 23, 24, 25, 26], ""job_records"": [{""job_id"": 0, ""processing_time"": 76, ""weight"": 4, ""due_date"": 435}, {""job_id"": 1, ""processing_time"": 45, ""weight"": 3, ""due_date"": 861}, {""job_id"": 2, ""processing_time"": 75, ""weight"": 10, ""due_date"": 406}, {""job_id"": 3, ""processing_time"": 14, ""weight"": 5, ""due_date"": 716}, {""job_id"": 4, ""processing_time"": 1, ""weight"": 9, ""due_date"": 268}, {""job_id"": 5, ""processing_time"": 40, ""weight"": 5, ""due_date"": 251}, {""job_id"": 6, ""processing_time"": 68, ""weight"": 1, ""due_date"": 703}, {""job_id"": 7, ""processing_time"": 99, ""weight"": 6, ""due_date"": 630}, {""job_id"": 8, ""processing_time"": 74, ""weight"": 10, ""due_date"": 939}, {""job_id"": 9, ""processing_time"": 43, ""weight"": 2, ""due_date"": 538}, {""job_id"": 10, ""processing_time"": 38, ""weight"": 6, ""due_date"": 503}, {""job_id"": 11, ""processing_time"": 21, ""weight"": 3, ""due_date"": 733}, {""job_id"": 12, ""processing_time"": 45, ""weight"": 7, ""due_date"": 923}, {""job_id"": 13, ""processing_time"": 22, ""weight"": 9, ""due_date"": 152}, {""job_id"": 14, ""processing_time"": 97, ""weight"": 9, ""due_date"": 699}, {""job_id"": 15, ""processing_time"": 19, ""weight"": 10, ""due_date"": 333}, {""job_id"": 16, ""processing_time"": 13, ""weight"": 8, ""due_date"": 346}, {""job_id"": 17, ""processing_time"": 85, ""weight"": 10, ""due_date"": 196}, {""job_id"": 18, ""processing_time"": 51, ""weight"": 9, ""due_date"": 762}, {""job_id"": 19, ""processing_time"": 45, ""weight"": 7, ""due_date"": 328}, {""job_id"": 20, ""processing_time"": 22, ""weight"": 10, ""due_date"": 465}, {""job_id"": 21, ""processing_time"": 56, ""weight"": 5, ""due_date"": 915}, {""job_id"": 22, ""processing_time"": 79, ""weight"": 9, ""due_date"": 878}, {""job_id"": 23, ""processing_time"": 50, ""weight"": 2, ""due_date"": 573}, {""job_id"": 24, ""processing_time"": 59, ""weight"": 10, ""due_date"": 600}, {""job_id"": 25, ""processing_time"": 64, ""weight"": 7, ""due_date"": 935}, {""job_id"": 26, ""processing_time"": 87, ""weight"": 6, ""due_date"": 735}]}","[0, 4, 13, 17, 5, 15, 16, 19, 2, 10, 20, 7, 24, 14, 3, 18, 11, 22, 12, 8, 25, 21, 26, 1, 9, 23, 6]"
SMTWT_L_044,SMTWT,L,44,"On a busy morning the owner looks at a list of bikes to tune, each with an expected service time, a requested return time, and a customer priority score that weights how bad lateness is. The owner must pick an order so that any bike finished after its requested time contributes its minutes-late times its priority to a running total — and the smaller that total, the better for the shop’s customers. Every job on the list gets done once, nothing overlaps because there’s just the one stand, and the concrete job timings and priorities are given below.

There are 26 bikes on the list: 0, 1, 2, 3, 4, 5, 6, 7, 8, 9, 10, 11, 12, 13, 14, 15, 16, 17, 18, 19, 20, 21, 22, 23, 24, 25.
The owner notes bike 0: expected 17 minutes, requested return at 1264, customer priority 7.
The owner notes bike 1: expected 92 minutes, requested return at 1256, customer priority 4.
The owner notes bike 2: expected 11 minutes, requested return at 1248, customer priority 10.
The owner notes bike 3: expected 85 minutes, requested return at 639, customer priority 1.
The owner notes bike 4: expected 50 minutes, requested return at 686, customer priority 10.
The owner notes bike 5: expected 94 minutes, requested return at 1065, customer priority 8.
The owner notes bike 6: expected 36 minutes, requested return at 824, customer priority 1.
The owner notes bike 7: expected 49 minutes, requested return at 1017, customer priority 6.
The owner notes bike 8: expected 26 minutes, requested return at 636, customer priority 6.
The owner notes bike 9: expected 11 minutes, requested return at 480, customer priority 4.
The owner notes bike 10: expected 39 minutes, requested return at 688, customer priority 4.
The owner notes bike 11: expected 28 minutes, requested return at 1263, customer priority 9.
The owner notes bike 12: expected 24 minutes, requested return at 1051, customer priority 8.
The owner notes bike 13: expected 26 minutes, requested return at 1262, customer priority 4.
The owner notes bike 14: expected 92 minutes, requested return at 947, customer priority 1.
The owner notes bike 15: expected 41 minutes, requested return at 1325, customer priority 2.
The owner notes bike 16: expected 25 minutes, requested return at 954, customer priority 8.
The owner notes bike 17: expected 15 minutes, requested return at 648, customer priority 10.
The owner notes bike 18: expected 25 minutes, requested return at 563, customer priority 2.
The owner notes bike 19: expected 11 minutes, requested return at 996, customer priority 7.
The owner notes bike 20: expected 72 minutes, requested return at 1110, customer priority 3.
The owner notes bike 21: expected 55 minutes, requested return at 607, customer priority 6.
The owner notes bike 22: expected 14 minutes, requested return at 513, customer priority 4.
The owner notes bike 23: expected 69 minutes, requested return at 1204, customer priority 8.
The owner notes bike 24: expected 42 minutes, requested return at 1082, customer priority 1.
The owner notes bike 25: expected 85 minutes, requested return at 638, customer priority 6.
The owner will pick an order to minimize the total weighted minutes late.

If you want the final order handed back in a tidy, machine-friendly way, just use this simple JSON shape — nothing fancy, just the list in order:

{
  ""solution"": [
    <bike_id_first>,
    <bike_id_second>,
    ...,
    <bike_id_last>
  ]
}

Here ""solution"" is the ordered list of bikes to work on. Each placeholder like <bike_id_first> is just standing in for the actual bike identifier that goes first, <bike_id_second> for the one that goes second, and so on. Think of it like filling out a little form — this block is the shape I need, not the final filled-in schedule.

Please make sure all identifiers you put into that array match the instance input exactly — don't rename them or invent new labels. For example: ""Valid identifiers look like plain numbers such as “1” or “23”, single capital letters like “A” or “B”, or a capital letter followed by digits like “A1” or “X7”.""",nl,zero_based,"{""n_jobs"": 26, ""processing_times"": [17, 92, 11, 85, 50, 94, 36, 49, 26, 11, 39, 28, 24, 26, 92, 41, 25, 15, 25, 11, 72, 55, 14, 69, 42, 85], ""weights"": [7, 4, 10, 1, 10, 8, 1, 6, 6, 4, 4, 9, 8, 4, 1, 2, 8, 10, 2, 7, 3, 6, 4, 8, 1, 6], ""due_dates"": [1264, 1256, 1248, 639, 686, 1065, 824, 1017, 636, 480, 688, 1263, 1051, 1262, 947, 1325, 954, 648, 563, 996, 1110, 607, 513, 1204, 1082, 638]}","{""start_times"": [1106, 850, 1123, 190, 316, 607, 405, 558, 275, 0, 366, 1052, 712, 1080, 441, 1011, 533, 301, 25, 701, 736, 50, 11, 942, 808, 105], ""end_times"": [1123, 942, 1134, 275, 366, 701, 441, 607, 301, 11, 405, 1080, 736, 1106, 533, 1052, 558, 316, 50, 712, 808, 105, 25, 1011, 850, 190], ""tardiness"": [0, 0, 0, 0, 0, 0, 0, 0, 0, 0, 0, 0, 0, 0, 0, 0, 0, 0, 0, 0, 0, 0, 0, 0, 0, 0]}",0.0,"{""problem_type"": ""SMTWT"", ""n_jobs"": 26, ""jobs"": [0, 1, 2, 3, 4, 5, 6, 7, 8, 9, 10, 11, 12, 13, 14, 15, 16, 17, 18, 19, 20, 21, 22, 23, 24, 25], ""job_records"": [{""job_id"": 0, ""processing_time"": 17, ""weight"": 7, ""due_date"": 1264}, {""job_id"": 1, ""processing_time"": 92, ""weight"": 4, ""due_date"": 1256}, {""job_id"": 2, ""processing_time"": 11, ""weight"": 10, ""due_date"": 1248}, {""job_id"": 3, ""processing_time"": 85, ""weight"": 1, ""due_date"": 639}, {""job_id"": 4, ""processing_time"": 50, ""weight"": 10, ""due_date"": 686}, {""job_id"": 5, ""processing_time"": 94, ""weight"": 8, ""due_date"": 1065}, {""job_id"": 6, ""processing_time"": 36, ""weight"": 1, ""due_date"": 824}, {""job_id"": 7, ""processing_time"": 49, ""weight"": 6, ""due_date"": 1017}, {""job_id"": 8, ""processing_time"": 26, ""weight"": 6, ""due_date"": 636}, {""job_id"": 9, ""processing_time"": 11, ""weight"": 4, ""due_date"": 480}, {""job_id"": 10, ""processing_time"": 39, ""weight"": 4, ""due_date"": 688}, {""job_id"": 11, ""processing_time"": 28, ""weight"": 9, ""due_date"": 1263}, {""job_id"": 12, ""processing_time"": 24, ""weight"": 8, ""due_date"": 1051}, {""job_id"": 13, ""processing_time"": 26, ""weight"": 4, ""due_date"": 1262}, {""job_id"": 14, ""processing_time"": 92, ""weight"": 1, ""due_date"": 947}, {""job_id"": 15, ""processing_time"": 41, ""weight"": 2, ""due_date"": 1325}, {""job_id"": 16, ""processing_time"": 25, ""weight"": 8, ""due_date"": 954}, {""job_id"": 17, ""processing_time"": 15, ""weight"": 10, ""due_date"": 648}, {""job_id"": 18, ""processing_time"": 25, ""weight"": 2, ""due_date"": 563}, {""job_id"": 19, ""processing_time"": 11, ""weight"": 7, ""due_date"": 996}, {""job_id"": 20, ""processing_time"": 72, ""weight"": 3, ""due_date"": 1110}, {""job_id"": 21, ""processing_time"": 55, ""weight"": 6, ""due_date"": 607}, {""job_id"": 22, ""processing_time"": 14, ""weight"": 4, ""due_date"": 513}, {""job_id"": 23, ""processing_time"": 69, ""weight"": 8, ""due_date"": 1204}, {""job_id"": 24, ""processing_time"": 42, ""weight"": 1, ""due_date"": 1082}, {""job_id"": 25, ""processing_time"": 85, ""weight"": 6, ""due_date"": 638}]}","[9, 22, 18, 21, 25, 3, 8, 17, 4, 10, 6, 14, 16, 7, 5, 19, 12, 20, 24, 1, 23, 15, 11, 13, 0, 2]"
SMTWT_L_045,SMTWT,L,45,"At the shop there’s a stack of book orders, each with a binding duration, a customer-requested date, and an importance rating for lateness. The operator must pick the order to run them in because the binding machine does one batch at a time and nothing can be skipped or repeated. The way to judge any lineup is to calculate how late each job finishes compared to its requested date (treat on-time as zero), multiply that lateness by the job’s importance, add up those numbers for all jobs, and aim for the smallest possible total. The exact times, dates, and importances are listed below.

{
  ""total_orders"": 23,
  ""order_ids"": [
    ""A"",
    ""B"",
    ""C"",
    ""D"",
    ""E"",
    ""F"",
    ""G"",
    ""H"",
    ""I"",
    ""J"",
    ""K"",
    ""L"",
    ""M"",
    ""N"",
    ""O"",
    ""P"",
    ""Q"",
    ""R"",
    ""S"",
    ""T"",
    ""U"",
    ""V"",
    ""W""
  ],
  ""data"": [
    {
      ""order_id"": ""A"",
      ""binding_duration"": 36,
      ""importance_weight"": 9,
      ""requested_date"": 620
    },
    {
      ""order_id"": ""B"",
      ""binding_duration"": 30,
      ""importance_weight"": 9,
      ""requested_date"": 873
    },
    {
      ""order_id"": ""C"",
      ""binding_duration"": 59,
      ""importance_weight"": 6,
      ""requested_date"": 717
    },
    {
      ""order_id"": ""D"",
      ""binding_duration"": 58,
      ""importance_weight"": 2,
      ""requested_date"": 346
    },
    {
      ""order_id"": ""E"",
      ""binding_duration"": 71,
      ""importance_weight"": 9,
      ""requested_date"": 1083
    },
    {
      ""order_id"": ""F"",
      ""binding_duration"": 8,
      ""importance_weight"": 3,
      ""requested_date"": 494
    },
    {
      ""order_id"": ""G"",
      ""binding_duration"": 13,
      ""importance_weight"": 1,
      ""requested_date"": 928
    },
    {
      ""order_id"": ""H"",
      ""binding_duration"": 30,
      ""importance_weight"": 6,
      ""requested_date"": 443
    },
    {
      ""order_id"": ""I"",
      ""binding_duration"": 65,
      ""importance_weight"": 10,
      ""requested_date"": 1024
    },
    {
      ""order_id"": ""J"",
      ""binding_duration"": 64,
      ""importance_weight"": 4,
      ""requested_date"": 688
    },
    {
      ""order_id"": ""K"",
      ""binding_duration"": 39,
      ""importance_weight"": 3,
      ""requested_date"": 760
    },
    {
      ""order_id"": ""L"",
      ""binding_duration"": 73,
      ""importance_weight"": 10,
      ""requested_date"": 810
    },
    {
      ""order_id"": ""M"",
      ""binding_duration"": 67,
      ""importance_weight"": 3,
      ""requested_date"": 886
    },
    {
      ""order_id"": ""N"",
      ""binding_duration"": 11,
      ""importance_weight"": 7,
      ""requested_date"": 1059
    },
    {
      ""order_id"": ""O"",
      ""binding_duration"": 31,
      ""importance_weight"": 8,
      ""requested_date"": 1036
    },
    {
      ""order_id"": ""P"",
      ""binding_duration"": 58,
      ""importance_weight"": 3,
      ""requested_date"": 338
    },
    {
      ""order_id"": ""Q"",
      ""binding_duration"": 65,
      ""importance_weight"": 7,
      ""requested_date"": 902
    },
    {
      ""order_id"": ""R"",
      ""binding_duration"": 36,
      ""importance_weight"": 6,
      ""requested_date"": 272
    },
    {
      ""order_id"": ""S"",
      ""binding_duration"": 55,
      ""importance_weight"": 3,
      ""requested_date"": 495
    },
    {
      ""order_id"": ""T"",
      ""binding_duration"": 86,
      ""importance_weight"": 3,
      ""requested_date"": 698
    },
    {
      ""order_id"": ""U"",
      ""binding_duration"": 22,
      ""importance_weight"": 1,
      ""requested_date"": 582
    },
    {
      ""order_id"": ""V"",
      ""binding_duration"": 40,
      ""importance_weight"": 1,
      ""requested_date"": 822
    },
    {
      ""order_id"": ""W"",
      ""binding_duration"": 94,
      ""importance_weight"": 7,
      ""requested_date"": 1004
    }
  ]
}

If you want to hand me a schedule, keep it simple and in JSON so it's easy to check — something casual like this layout will do fine:

{
  ""solution"": [
    <order_id_first>,
    <order_id_second>,
    ...,
    <order_id_last>
  ]
}

This just means ""solution"" holds the sequence of orders to run on the binder, in the exact order they'll be processed. Replace each placeholder with the actual order identifier from the instance: the first entry is the one you run first, the next is run after that, and so on. Think of it like filling out a short form — no need for extra fields.

Please make sure to use the exact identifiers from the instance input — do not rename or invent labels.
- for example: ""Valid identifiers look like plain numbers such as “1” or “23”, single capital letters like “A” or “B”, or a capital letter followed by digits like “A1” or “X7”.""",json,names,"{""n_jobs"": 23, ""processing_times"": [36, 30, 59, 58, 71, 8, 13, 30, 65, 64, 39, 73, 67, 11, 31, 58, 65, 36, 55, 86, 22, 40, 94], ""weights"": [9, 9, 6, 2, 9, 3, 1, 6, 10, 4, 3, 10, 3, 7, 8, 3, 7, 6, 3, 3, 1, 1, 7], ""due_dates"": [620, 873, 717, 346, 1083, 494, 928, 443, 1024, 688, 760, 810, 886, 1059, 1036, 338, 902, 272, 495, 698, 582, 822, 1004]}","{""start_times"": [437, 473, 589, 161, 1040, 219, 648, 321, 933, 351, 227, 661, 94, 1029, 998, 0, 774, 58, 266, 503, 415, 734, 839], ""end_times"": [473, 503, 648, 219, 1111, 227, 661, 351, 998, 415, 266, 734, 161, 1040, 1029, 58, 839, 94, 321, 589, 437, 774, 933], ""tardiness"": [0, 0, 0, 0, 28, 0, 0, 0, 0, 0, 0, 0, 0, 0, 0, 0, 0, 0, 0, 0, 0, 0, 0]}",252.0,"{""problem_type"": ""SMTWT"", ""n_jobs"": 23, ""jobs"": [""A"", ""B"", ""C"", ""D"", ""E"", ""F"", ""G"", ""H"", ""I"", ""J"", ""K"", ""L"", ""M"", ""N"", ""O"", ""P"", ""Q"", ""R"", ""S"", ""T"", ""U"", ""V"", ""W""], ""job_records"": [{""job_id"": ""A"", ""processing_time"": 36, ""weight"": 9, ""due_date"": 620}, {""job_id"": ""B"", ""processing_time"": 30, ""weight"": 9, ""due_date"": 873}, {""job_id"": ""C"", ""processing_time"": 59, ""weight"": 6, ""due_date"": 717}, {""job_id"": ""D"", ""processing_time"": 58, ""weight"": 2, ""due_date"": 346}, {""job_id"": ""E"", ""processing_time"": 71, ""weight"": 9, ""due_date"": 1083}, {""job_id"": ""F"", ""processing_time"": 8, ""weight"": 3, ""due_date"": 494}, {""job_id"": ""G"", ""processing_time"": 13, ""weight"": 1, ""due_date"": 928}, {""job_id"": ""H"", ""processing_time"": 30, ""weight"": 6, ""due_date"": 443}, {""job_id"": ""I"", ""processing_time"": 65, ""weight"": 10, ""due_date"": 1024}, {""job_id"": ""J"", ""processing_time"": 64, ""weight"": 4, ""due_date"": 688}, {""job_id"": ""K"", ""processing_time"": 39, ""weight"": 3, ""due_date"": 760}, {""job_id"": ""L"", ""processing_time"": 73, ""weight"": 10, ""due_date"": 810}, {""job_id"": ""M"", ""processing_time"": 67, ""weight"": 3, ""due_date"": 886}, {""job_id"": ""N"", ""processing_time"": 11, ""weight"": 7, ""due_date"": 1059}, {""job_id"": ""O"", ""processing_time"": 31, ""weight"": 8, ""due_date"": 1036}, {""job_id"": ""P"", ""processing_time"": 58, ""weight"": 3, ""due_date"": 338}, {""job_id"": ""Q"", ""processing_time"": 65, ""weight"": 7, ""due_date"": 902}, {""job_id"": ""R"", ""processing_time"": 36, ""weight"": 6, ""due_date"": 272}, {""job_id"": ""S"", ""processing_time"": 55, ""weight"": 3, ""due_date"": 495}, {""job_id"": ""T"", ""processing_time"": 86, ""weight"": 3, ""due_date"": 698}, {""job_id"": ""U"", ""processing_time"": 22, ""weight"": 1, ""due_date"": 582}, {""job_id"": ""V"", ""processing_time"": 40, ""weight"": 1, ""due_date"": 822}, {""job_id"": ""W"", ""processing_time"": 94, ""weight"": 7, ""due_date"": 1004}]}","[""P"", ""R"", ""M"", ""D"", ""F"", ""K"", ""S"", ""H"", ""J"", ""U"", ""A"", ""B"", ""T"", ""C"", ""G"", ""L"", ""V"", ""Q"", ""W"", ""I"", ""O"", ""N"", ""E""]"
SMTWT_L_046,SMTWT,L,46,"Someone at the photo lab is juggling a day’s worth of film rolls through a single processor. Each job takes a fixed stretch of time, each customer expects their film by a certain pickup time, and some customers have higher priority so delays sting more. For each roll, if it comes out after the requested pickup, count how many minutes it’s late (zero if it’s ready on or before the pickup), weight that lateness by the customer’s priority, and then add those weighted late amounts for all the rolls — the schedule that yields the smallest total of those weighted latenesses is the sensible one. Every roll must be developed exactly once and they can’t overlap. The full set of roll details appears below.

There are 26 rolls in total, listed as 1, 2, 3, 4, 5, 6, 7, 8, 9, 10, 11, 12, 13, 14, 15, 16, 17, 18, 19, 20, 21, 22, 23, 24, 25, 26.

| roll_id | development_time_minutes | priority_weight | requested_pickup_time_minutes |
|---|---|---|---|
| 1 | 50 | 10 | 337 |
| 2 | 77 | 4 | 626 |
| 3 | 32 | 5 | 287 |
| 4 | 53 | 5 | 414 |
| 5 | 62 | 6 | 559 |
| 6 | 92 | 6 | 367 |
| 7 | 36 | 9 | 7 |
| 8 | 82 | 2 | 547 |
| 9 | 70 | 7 | 288 |
| 10 | 89 | 9 | 25 |
| 11 | 10 | 8 | 949 |
| 12 | 70 | 5 | 822 |
| 13 | 54 | 3 | 412 |
| 14 | 65 | 4 | 433 |
| 15 | 41 | 5 | 998 |
| 16 | 96 | 7 | 1038 |
| 17 | 6 | 8 | 923 |
| 18 | 15 | 4 | 656 |
| 19 | 66 | 3 | 1053 |
| 20 | 11 | 8 | 1028 |
| 21 | 20 | 4 | 754 |
| 22 | 57 | 2 | 91 |
| 23 | 81 | 8 | 636 |
| 24 | 2 | 6 | 800 |
| 25 | 68 | 6 | 874 |
| 26 | 55 | 4 | 1070 |

Every roll must be developed exactly once without overlap; the sensible schedule minimizes the sum of weighted minutes late.

Oh, and when you send back the schedule, just slip it into a tiny JSON snippet so it's easy to read and machine-friendly. Something like this:

{
  ""solution"": [
    <roll_id_first>,
    <roll_id_second>,
    ...,
    <roll_id_last>
  ]
}

This just shows the shape I need: ""solution"" holds an ordered list of the roll IDs in the sequence they should go into the processor. The angle-bracket placeholders (like <roll_id_first>) are just stand-ins for the actual roll identifiers from the instance — think of them like blanks on a form, not the actual values.

The JSON above is only a sketch of the expected shape, not the actual answer. Please use the exact identifiers from the input — no renaming and no new labels. 
- for example: ""Valid identifiers look like plain numbers such as “1” or “23”, single capital letters like “A” or “B”, or a capital letter followed by digits like “A1” or “X7”.""",markdown_table,one_based,"{""n_jobs"": 26, ""processing_times"": [50, 77, 32, 53, 62, 92, 36, 82, 70, 89, 10, 70, 54, 65, 41, 96, 6, 15, 66, 11, 20, 57, 81, 2, 68, 55], ""weights"": [10, 4, 5, 5, 6, 6, 9, 2, 7, 9, 8, 5, 3, 4, 5, 7, 8, 4, 3, 8, 4, 2, 8, 6, 6, 4], ""due_dates"": [337, 626, 287, 414, 559, 367, 7, 547, 288, 25, 949, 822, 412, 433, 998, 1038, 923, 656, 1053, 1028, 754, 91, 636, 800, 874, 1070]}","{""start_times"": [125, 645, 175, 369, 487, 277, 0, 1278, 207, 36, 942, 744, 888, 422, 952, 1004, 882, 630, 1155, 993, 722, 1221, 549, 742, 814, 1100], ""end_times"": [175, 722, 207, 422, 549, 369, 36, 1360, 277, 125, 952, 814, 942, 487, 993, 1100, 888, 645, 1221, 1004, 742, 1278, 630, 744, 882, 1155], ""tardiness"": [0, 96, 0, 8, 0, 2, 29, 813, 0, 100, 3, 0, 530, 54, 0, 62, 0, 0, 168, 0, 0, 1187, 0, 0, 8, 85]}",8753.0,"{""problem_type"": ""SMTWT"", ""n_jobs"": 26, ""jobs"": [1, 2, 3, 4, 5, 6, 7, 8, 9, 10, 11, 12, 13, 14, 15, 16, 17, 18, 19, 20, 21, 22, 23, 24, 25, 26], ""job_records"": [{""job_id"": 1, ""processing_time"": 50, ""weight"": 10, ""due_date"": 337}, {""job_id"": 2, ""processing_time"": 77, ""weight"": 4, ""due_date"": 626}, {""job_id"": 3, ""processing_time"": 32, ""weight"": 5, ""due_date"": 287}, {""job_id"": 4, ""processing_time"": 53, ""weight"": 5, ""due_date"": 414}, {""job_id"": 5, ""processing_time"": 62, ""weight"": 6, ""due_date"": 559}, {""job_id"": 6, ""processing_time"": 92, ""weight"": 6, ""due_date"": 367}, {""job_id"": 7, ""processing_time"": 36, ""weight"": 9, ""due_date"": 7}, {""job_id"": 8, ""processing_time"": 82, ""weight"": 2, ""due_date"": 547}, {""job_id"": 9, ""processing_time"": 70, ""weight"": 7, ""due_date"": 288}, {""job_id"": 10, ""processing_time"": 89, ""weight"": 9, ""due_date"": 25}, {""job_id"": 11, ""processing_time"": 10, ""weight"": 8, ""due_date"": 949}, {""job_id"": 12, ""processing_time"": 70, ""weight"": 5, ""due_date"": 822}, {""job_id"": 13, ""processing_time"": 54, ""weight"": 3, ""due_date"": 412}, {""job_id"": 14, ""processing_time"": 65, ""weight"": 4, ""due_date"": 433}, {""job_id"": 15, ""processing_time"": 41, ""weight"": 5, ""due_date"": 998}, {""job_id"": 16, ""processing_time"": 96, ""weight"": 7, ""due_date"": 1038}, {""job_id"": 17, ""processing_time"": 6, ""weight"": 8, ""due_date"": 923}, {""job_id"": 18, ""processing_time"": 15, ""weight"": 4, ""due_date"": 656}, {""job_id"": 19, ""processing_time"": 66, ""weight"": 3, ""due_date"": 1053}, {""job_id"": 20, ""processing_time"": 11, ""weight"": 8, ""due_date"": 1028}, {""job_id"": 21, ""processing_time"": 20, ""weight"": 4, ""due_date"": 754}, {""job_id"": 22, ""processing_time"": 57, ""weight"": 2, ""due_date"": 91}, {""job_id"": 23, ""processing_time"": 81, ""weight"": 8, ""due_date"": 636}, {""job_id"": 24, ""processing_time"": 2, ""weight"": 6, ""due_date"": 800}, {""job_id"": 25, ""processing_time"": 68, ""weight"": 6, ""due_date"": 874}, {""job_id"": 26, ""processing_time"": 55, ""weight"": 4, ""due_date"": 1070}]}","[7, 10, 1, 3, 9, 6, 4, 14, 5, 23, 18, 2, 21, 24, 12, 25, 17, 13, 11, 15, 20, 16, 26, 19, 22, 8]"
SMTWT_L_047,SMTWT,L,47,"Someone dropped off several gadgets with repair time estimates, promised return times, and notes about how important it is to the customer; there’s just a single bench, so jobs can’t overlap. The decision to make is the order in which the bench will handle each device, making sure every job is done exactly once. What makes an order better is easy to see on the end-of-day tally: for each late repair, multiply its lateness in minutes by that customer’s urgency score and then add all those values together — the lower that sum, the better. The concrete list of repairs follows below.

{
  ""n_repairs"": 25,
  ""device_ids"": [
    ""A"",
    ""B"",
    ""C"",
    ""D"",
    ""E"",
    ""F"",
    ""G"",
    ""H"",
    ""I"",
    ""J"",
    ""K"",
    ""L"",
    ""M"",
    ""N"",
    ""O"",
    ""P"",
    ""Q"",
    ""R"",
    ""S"",
    ""T"",
    ""U"",
    ""V"",
    ""W"",
    ""X"",
    ""Y""
  ],
  ""data"": [
    {
      ""device_id"": ""A"",
      ""repair_time_minutes"": 4,
      ""urgency_score"": 5,
      ""promised_return_time_minutes"": 593
    },
    {
      ""device_id"": ""B"",
      ""repair_time_minutes"": 84,
      ""urgency_score"": 1,
      ""promised_return_time_minutes"": 642
    },
    {
      ""device_id"": ""C"",
      ""repair_time_minutes"": 93,
      ""urgency_score"": 9,
      ""promised_return_time_minutes"": 386
    },
    {
      ""device_id"": ""D"",
      ""repair_time_minutes"": 36,
      ""urgency_score"": 6,
      ""promised_return_time_minutes"": 671
    },
    {
      ""device_id"": ""E"",
      ""repair_time_minutes"": 3,
      ""urgency_score"": 3,
      ""promised_return_time_minutes"": 1294
    },
    {
      ""device_id"": ""F"",
      ""repair_time_minutes"": 62,
      ""urgency_score"": 10,
      ""promised_return_time_minutes"": 499
    },
    {
      ""device_id"": ""G"",
      ""repair_time_minutes"": 71,
      ""urgency_score"": 4,
      ""promised_return_time_minutes"": 1385
    },
    {
      ""device_id"": ""H"",
      ""repair_time_minutes"": 45,
      ""urgency_score"": 10,
      ""promised_return_time_minutes"": 522
    },
    {
      ""device_id"": ""I"",
      ""repair_time_minutes"": 31,
      ""urgency_score"": 5,
      ""promised_return_time_minutes"": 1387
    },
    {
      ""device_id"": ""J"",
      ""repair_time_minutes"": 56,
      ""urgency_score"": 8,
      ""promised_return_time_minutes"": 557
    },
    {
      ""device_id"": ""K"",
      ""repair_time_minutes"": 4,
      ""urgency_score"": 8,
      ""promised_return_time_minutes"": 767
    },
    {
      ""device_id"": ""L"",
      ""repair_time_minutes"": 9,
      ""urgency_score"": 3,
      ""promised_return_time_minutes"": 998
    },
    {
      ""device_id"": ""M"",
      ""repair_time_minutes"": 39,
      ""urgency_score"": 5,
      ""promised_return_time_minutes"": 958
    },
    {
      ""device_id"": ""N"",
      ""repair_time_minutes"": 17,
      ""urgency_score"": 7,
      ""promised_return_time_minutes"": 613
    },
    {
      ""device_id"": ""O"",
      ""repair_time_minutes"": 77,
      ""urgency_score"": 5,
      ""promised_return_time_minutes"": 432
    },
    {
      ""device_id"": ""P"",
      ""repair_time_minutes"": 39,
      ""urgency_score"": 4,
      ""promised_return_time_minutes"": 1284
    },
    {
      ""device_id"": ""Q"",
      ""repair_time_minutes"": 64,
      ""urgency_score"": 4,
      ""promised_return_time_minutes"": 543
    },
    {
      ""device_id"": ""R"",
      ""repair_time_minutes"": 37,
      ""urgency_score"": 1,
      ""promised_return_time_minutes"": 812
    },
    {
      ""device_id"": ""S"",
      ""repair_time_minutes"": 39,
      ""urgency_score"": 1,
      ""promised_return_time_minutes"": 810
    },
    {
      ""device_id"": ""T"",
      ""repair_time_minutes"": 56,
      ""urgency_score"": 8,
      ""promised_return_time_minutes"": 1297
    },
    {
      ""device_id"": ""U"",
      ""repair_time_minutes"": 44,
      ""urgency_score"": 3,
      ""promised_return_time_minutes"": 739
    },
    {
      ""device_id"": ""V"",
      ""repair_time_minutes"": 51,
      ""urgency_score"": 1,
      ""promised_return_time_minutes"": 546
    },
    {
      ""device_id"": ""W"",
      ""repair_time_minutes"": 25,
      ""urgency_score"": 10,
      ""promised_return_time_minutes"": 644
    },
    {
      ""device_id"": ""X"",
      ""repair_time_minutes"": 60,
      ""urgency_score"": 5,
      ""promised_return_time_minutes"": 896
    },
    {
      ""device_id"": ""Y"",
      ""repair_time_minutes"": 50,
      ""urgency_score"": 9,
      ""promised_return_time_minutes"": 962
    }
  ]
}

Also, when you hand back the final ordering, please use this little JSON shape so it's easy to parse and check:

{
  ""solution"": [
    <repair_id_first>,
    <repair_id_second>,
    ...,
    <repair_id_last>
  ]
}

""solution"" is just the list that says which repair goes on the bench first, then second, and so on until the last. The angle-bracket placeholders are where the actual job IDs go — think of this as a lightweight form, not the real answer.

One more thing: use the exact identifiers from the repair list — no renaming and no new labels. 
- for example: ""Valid identifiers look like plain numbers such as “1” or “23”, single capital letters like “A” or “B”, or a capital letter followed by digits like “A1” or “X7”.""",json,names,"{""n_jobs"": 25, ""processing_times"": [4, 84, 93, 36, 3, 62, 71, 45, 31, 56, 4, 9, 39, 17, 77, 39, 64, 37, 39, 56, 44, 51, 25, 60, 50], ""weights"": [5, 1, 9, 6, 3, 10, 4, 10, 5, 8, 8, 3, 5, 7, 5, 4, 4, 1, 1, 8, 3, 1, 10, 5, 9], ""due_dates"": [593, 642, 386, 671, 1294, 499, 1385, 522, 1387, 557, 767, 998, 958, 613, 432, 1284, 543, 812, 810, 1297, 739, 546, 644, 896, 962]}","{""start_times"": [532, 448, 0, 578, 1093, 170, 896, 232, 1062, 392, 658, 887, 848, 536, 93, 1023, 277, 701, 662, 967, 614, 341, 553, 738, 798], ""end_times"": [536, 532, 93, 614, 1096, 232, 967, 277, 1093, 448, 662, 896, 887, 553, 170, 1062, 341, 738, 701, 1023, 658, 392, 578, 798, 848], ""tardiness"": [0, 0, 0, 0, 0, 0, 0, 0, 0, 0, 0, 0, 0, 0, 0, 0, 0, 0, 0, 0, 0, 0, 0, 0, 0]}",0.0,"{""problem_type"": ""SMTWT"", ""n_jobs"": 25, ""jobs"": [""A"", ""B"", ""C"", ""D"", ""E"", ""F"", ""G"", ""H"", ""I"", ""J"", ""K"", ""L"", ""M"", ""N"", ""O"", ""P"", ""Q"", ""R"", ""S"", ""T"", ""U"", ""V"", ""W"", ""X"", ""Y""], ""job_records"": [{""job_id"": ""A"", ""processing_time"": 4, ""weight"": 5, ""due_date"": 593}, {""job_id"": ""B"", ""processing_time"": 84, ""weight"": 1, ""due_date"": 642}, {""job_id"": ""C"", ""processing_time"": 93, ""weight"": 9, ""due_date"": 386}, {""job_id"": ""D"", ""processing_time"": 36, ""weight"": 6, ""due_date"": 671}, {""job_id"": ""E"", ""processing_time"": 3, ""weight"": 3, ""due_date"": 1294}, {""job_id"": ""F"", ""processing_time"": 62, ""weight"": 10, ""due_date"": 499}, {""job_id"": ""G"", ""processing_time"": 71, ""weight"": 4, ""due_date"": 1385}, {""job_id"": ""H"", ""processing_time"": 45, ""weight"": 10, ""due_date"": 522}, {""job_id"": ""I"", ""processing_time"": 31, ""weight"": 5, ""due_date"": 1387}, {""job_id"": ""J"", ""processing_time"": 56, ""weight"": 8, ""due_date"": 557}, {""job_id"": ""K"", ""processing_time"": 4, ""weight"": 8, ""due_date"": 767}, {""job_id"": ""L"", ""processing_time"": 9, ""weight"": 3, ""due_date"": 998}, {""job_id"": ""M"", ""processing_time"": 39, ""weight"": 5, ""due_date"": 958}, {""job_id"": ""N"", ""processing_time"": 17, ""weight"": 7, ""due_date"": 613}, {""job_id"": ""O"", ""processing_time"": 77, ""weight"": 5, ""due_date"": 432}, {""job_id"": ""P"", ""processing_time"": 39, ""weight"": 4, ""due_date"": 1284}, {""job_id"": ""Q"", ""processing_time"": 64, ""weight"": 4, ""due_date"": 543}, {""job_id"": ""R"", ""processing_time"": 37, ""weight"": 1, ""due_date"": 812}, {""job_id"": ""S"", ""processing_time"": 39, ""weight"": 1, ""due_date"": 810}, {""job_id"": ""T"", ""processing_time"": 56, ""weight"": 8, ""due_date"": 1297}, {""job_id"": ""U"", ""processing_time"": 44, ""weight"": 3, ""due_date"": 739}, {""job_id"": ""V"", ""processing_time"": 51, ""weight"": 1, ""due_date"": 546}, {""job_id"": ""W"", ""processing_time"": 25, ""weight"": 10, ""due_date"": 644}, {""job_id"": ""X"", ""processing_time"": 60, ""weight"": 5, ""due_date"": 896}, {""job_id"": ""Y"", ""processing_time"": 50, ""weight"": 9, ""due_date"": 962}]}","[""C"", ""O"", ""F"", ""H"", ""Q"", ""V"", ""J"", ""B"", ""A"", ""N"", ""W"", ""D"", ""U"", ""K"", ""S"", ""R"", ""X"", ""Y"", ""M"", ""L"", ""G"", ""T"", ""P"", ""I"", ""E""]"
SMTWT_L_048,SMTWT,L,48,"Recently the bench got slammed with a handful of repairs, each with its own time-to-do, a hoped-for completion time, and an urgency rating that magnifies how costly lateness is. The question becomes the order to run them in, because the bench handles one repair at a time and each item must be completed once. For any item finished late, note how many minutes it’s late, multiply that lateness by that item’s urgency, and sum those numbers across all items — the plan with the smallest sum is the one to aim for. The specific repair durations and targets are shown below.

They are the 22 repairs identified as 1, 2, 3, 4, 5, 6, 7, 8, 9, 10, 11, 12, 13, 14, 15, 16, 17, 18, 19, 20, 21, 22.
Repair 1: time-to-do 31 minutes, target 627, urgency 2.
Repair 2: time-to-do 73 minutes, target 821, urgency 8.
Repair 3: time-to-do 13 minutes, target 457, urgency 7.
Repair 4: time-to-do 44 minutes, target 1177, urgency 2.
Repair 5: time-to-do 86 minutes, target 508, urgency 10.
Repair 6: time-to-do 32 minutes, target 1095, urgency 9.
Repair 7: time-to-do 81 minutes, target 816, urgency 5.
Repair 8: time-to-do 80 minutes, target 282, urgency 6.
Repair 9: time-to-do 7 minutes, target 1196, urgency 9.
Repair 10: time-to-do 20 minutes, target 399, urgency 7.
Repair 11: time-to-do 67 minutes, target 318, urgency 10.
Repair 12: time-to-do 68 minutes, target 726, urgency 8.
Repair 13: time-to-do 87 minutes, target 796, urgency 4.
Repair 14: time-to-do 67 minutes, target 239, urgency 8.
Repair 15: time-to-do 38 minutes, target 542, urgency 4.
Repair 16: time-to-do 75 minutes, target 1003, urgency 6.
Repair 17: time-to-do 9 minutes, target 282, urgency 10.
Repair 18: time-to-do 69 minutes, target 671, urgency 5.
Repair 19: time-to-do 48 minutes, target 810, urgency 2.
Repair 20: time-to-do 44 minutes, target 293, urgency 2.
Repair 21: time-to-do 91 minutes, target 561, urgency 3.
Repair 22: time-to-do 14 minutes, target 596, urgency 10.
Aim for the sequence that minimizes the total minutes late multiplied by each repair’s urgency.

Also, when you send back the planned order, just drop it into this little JSON sketch so it’s easy to read and machine-friendly:

{
  ""solution"": [
    <repair_id_first>,
    <repair_id_second>,
    <repair_id_third>,
    <repair_id_fourth>,
    <repair_id_fifth>,
    <repair_id_sixth>,
    <repair_id_seventh>,
    <repair_id_eighth>,
    <repair_id_ninth>,
    <repair_id_last>
  ]
}

The ""solution"" array should be the repairs in the exact order you want them run — first item finished first on the bench, and so on. The angled-bracket placeholders are just a template to show the shape; replace them with the actual repair identifiers from the instance when you answer.

Please make sure to use the identifiers exactly as they appear in the input — don’t rename or invent new labels.  
- for example: ""Valid identifiers look like plain numbers such as “1” or “23”, single capital letters like “A” or “B”, or a capital letter followed by digits like “A1” or “X7”.",nl,one_based,"{""n_jobs"": 22, ""processing_times"": [31, 73, 13, 44, 86, 32, 81, 80, 7, 20, 67, 68, 87, 67, 38, 75, 9, 69, 48, 44, 91, 14], ""weights"": [2, 8, 7, 2, 10, 9, 5, 6, 9, 7, 10, 8, 4, 8, 4, 6, 10, 5, 2, 2, 3, 10], ""due_dates"": [627, 821, 457, 1177, 508, 1095, 816, 282, 1196, 399, 318, 726, 796, 239, 542, 1003, 282, 671, 810, 293, 561, 596]}","{""start_times"": [0, 697, 318, 1093, 331, 1061, 770, 171, 1137, 31, 251, 629, 851, 51, 417, 938, 118, 560, 1013, 127, 469, 455], ""end_times"": [31, 770, 331, 1137, 417, 1093, 851, 251, 1144, 51, 318, 697, 938, 118, 455, 1013, 127, 629, 1061, 171, 560, 469], ""tardiness"": [0, 0, 0, 0, 0, 0, 35, 0, 0, 0, 0, 0, 142, 0, 0, 10, 0, 0, 251, 0, 0, 0]}",1305.0,"{""problem_type"": ""SMTWT"", ""n_jobs"": 22, ""jobs"": [1, 2, 3, 4, 5, 6, 7, 8, 9, 10, 11, 12, 13, 14, 15, 16, 17, 18, 19, 20, 21, 22], ""job_records"": [{""job_id"": 1, ""processing_time"": 31, ""weight"": 2, ""due_date"": 627}, {""job_id"": 2, ""processing_time"": 73, ""weight"": 8, ""due_date"": 821}, {""job_id"": 3, ""processing_time"": 13, ""weight"": 7, ""due_date"": 457}, {""job_id"": 4, ""processing_time"": 44, ""weight"": 2, ""due_date"": 1177}, {""job_id"": 5, ""processing_time"": 86, ""weight"": 10, ""due_date"": 508}, {""job_id"": 6, ""processing_time"": 32, ""weight"": 9, ""due_date"": 1095}, {""job_id"": 7, ""processing_time"": 81, ""weight"": 5, ""due_date"": 816}, {""job_id"": 8, ""processing_time"": 80, ""weight"": 6, ""due_date"": 282}, {""job_id"": 9, ""processing_time"": 7, ""weight"": 9, ""due_date"": 1196}, {""job_id"": 10, ""processing_time"": 20, ""weight"": 7, ""due_date"": 399}, {""job_id"": 11, ""processing_time"": 67, ""weight"": 10, ""due_date"": 318}, {""job_id"": 12, ""processing_time"": 68, ""weight"": 8, ""due_date"": 726}, {""job_id"": 13, ""processing_time"": 87, ""weight"": 4, ""due_date"": 796}, {""job_id"": 14, ""processing_time"": 67, ""weight"": 8, ""due_date"": 239}, {""job_id"": 15, ""processing_time"": 38, ""weight"": 4, ""due_date"": 542}, {""job_id"": 16, ""processing_time"": 75, ""weight"": 6, ""due_date"": 1003}, {""job_id"": 17, ""processing_time"": 9, ""weight"": 10, ""due_date"": 282}, {""job_id"": 18, ""processing_time"": 69, ""weight"": 5, ""due_date"": 671}, {""job_id"": 19, ""processing_time"": 48, ""weight"": 2, ""due_date"": 810}, {""job_id"": 20, ""processing_time"": 44, ""weight"": 2, ""due_date"": 293}, {""job_id"": 21, ""processing_time"": 91, ""weight"": 3, ""due_date"": 561}, {""job_id"": 22, ""processing_time"": 14, ""weight"": 10, ""due_date"": 596}]}","[1, 10, 14, 17, 20, 8, 11, 3, 5, 15, 22, 21, 18, 12, 2, 7, 13, 16, 19, 6, 4, 9]"
SMTWT_L_049,SMTWT,L,49,"Someone at the bindery has to sort the day’s jobs for the only binding machine: every task has a duration, a due date, and a fine per unit of tardiness. The better schedule is the one that keeps the combined fines smallest — when a task finishes past its due date, measure how late it is, multiply that lateness by its fine, and total those values across all tasks (on-time tasks add zero). Each job gets processed exactly once, there’s no multitasking, and the full list of job details is given below.

# num_binding_tasks=24
# task_ids=0, 1, 2, 3, 4, 5, 6, 7, 8, 9, 10, 11, 12, 13, 14, 15, 16, 17, 18, 19, 20, 21, 22, 23
task_id,processing_duration,fine_rate,promised_due_time
0,92,9,953
1,81,1,983
2,24,4,1022
3,40,10,1076
4,13,3,1134
5,90,7,1152
6,47,5,1061
7,38,2,1034
8,99,10,1041
9,3,1,1090
10,39,9,1091
11,43,6,1019
12,4,6,991
13,78,10,1078
14,64,8,1213
15,66,7,1041
16,78,2,1058
17,44,8,1012
18,73,4,1041
19,67,5,1214
20,19,1,1051
21,75,8,1089
22,88,2,1031
23,93,8,1017

Also, when you hand back the schedule, a little JSON snippet like the one below is perfect — just list the jobs in the order they should run, first to last.

{
  ""solution"": [
    <bindery_job_first>,
    <bindery_job_second>,
    ...,
    <bindery_job_last>
  ]
}

This just shows the shape I expect: the ""solution"" array is the ordered list of job IDs (first processed through last processed). Think of it like a simple form — replace each placeholder with the actual job identifier from the instance when you give the real answer. This JSON is only a sketch of the shape, not the schedule itself.

Please use the exact job identifiers from the instance input with no renaming or extra labels. 
- for example: ""Valid identifiers look like plain numbers such as “1” or “23”, single capital letters like “A” or “B”, or a capital letter followed by digits like “A1” or “X7”.""",csv,zero_based,"{""n_jobs"": 24, ""processing_times"": [92, 81, 24, 40, 13, 90, 47, 38, 99, 3, 39, 43, 4, 78, 64, 66, 78, 44, 73, 67, 19, 75, 88, 93], ""weights"": [9, 1, 4, 10, 3, 7, 5, 2, 10, 1, 9, 6, 6, 10, 8, 7, 2, 8, 4, 5, 1, 8, 2, 8], ""due_dates"": [953, 983, 1022, 1076, 1134, 1152, 1061, 1034, 1041, 1090, 1091, 1019, 991, 1078, 1213, 1041, 1058, 1012, 1041, 1214, 1051, 1089, 1031, 1017]}","{""start_times"": [192, 1277, 871, 793, 1040, 1056, 746, 833, 0, 1053, 982, 939, 589, 593, 1146, 523, 445, 895, 372, 1210, 1021, 671, 284, 99], ""end_times"": [284, 1358, 895, 833, 1053, 1146, 793, 871, 99, 1056, 1021, 982, 593, 671, 1210, 589, 523, 939, 445, 1277, 1040, 746, 372, 192], ""tardiness"": [0, 375, 0, 0, 0, 0, 0, 0, 0, 0, 0, 0, 0, 0, 0, 0, 0, 0, 0, 63, 0, 0, 0, 0]}",690.0,"{""problem_type"": ""SMTWT"", ""n_jobs"": 24, ""jobs"": [0, 1, 2, 3, 4, 5, 6, 7, 8, 9, 10, 11, 12, 13, 14, 15, 16, 17, 18, 19, 20, 21, 22, 23], ""job_records"": [{""job_id"": 0, ""processing_time"": 92, ""weight"": 9, ""due_date"": 953}, {""job_id"": 1, ""processing_time"": 81, ""weight"": 1, ""due_date"": 983}, {""job_id"": 2, ""processing_time"": 24, ""weight"": 4, ""due_date"": 1022}, {""job_id"": 3, ""processing_time"": 40, ""weight"": 10, ""due_date"": 1076}, {""job_id"": 4, ""processing_time"": 13, ""weight"": 3, ""due_date"": 1134}, {""job_id"": 5, ""processing_time"": 90, ""weight"": 7, ""due_date"": 1152}, {""job_id"": 6, ""processing_time"": 47, ""weight"": 5, ""due_date"": 1061}, {""job_id"": 7, ""processing_time"": 38, ""weight"": 2, ""due_date"": 1034}, {""job_id"": 8, ""processing_time"": 99, ""weight"": 10, ""due_date"": 1041}, {""job_id"": 9, ""processing_time"": 3, ""weight"": 1, ""due_date"": 1090}, {""job_id"": 10, ""processing_time"": 39, ""weight"": 9, ""due_date"": 1091}, {""job_id"": 11, ""processing_time"": 43, ""weight"": 6, ""due_date"": 1019}, {""job_id"": 12, ""processing_time"": 4, ""weight"": 6, ""due_date"": 991}, {""job_id"": 13, ""processing_time"": 78, ""weight"": 10, ""due_date"": 1078}, {""job_id"": 14, ""processing_time"": 64, ""weight"": 8, ""due_date"": 1213}, {""job_id"": 15, ""processing_time"": 66, ""weight"": 7, ""due_date"": 1041}, {""job_id"": 16, ""processing_time"": 78, ""weight"": 2, ""due_date"": 1058}, {""job_id"": 17, ""processing_time"": 44, ""weight"": 8, ""due_date"": 1012}, {""job_id"": 18, ""processing_time"": 73, ""weight"": 4, ""due_date"": 1041}, {""job_id"": 19, ""processing_time"": 67, ""weight"": 5, ""due_date"": 1214}, {""job_id"": 20, ""processing_time"": 19, ""weight"": 1, ""due_date"": 1051}, {""job_id"": 21, ""processing_time"": 75, ""weight"": 8, ""due_date"": 1089}, {""job_id"": 22, ""processing_time"": 88, ""weight"": 2, ""due_date"": 1031}, {""job_id"": 23, ""processing_time"": 93, ""weight"": 8, ""due_date"": 1017}]}","[8, 23, 0, 22, 18, 16, 15, 12, 13, 21, 6, 3, 7, 2, 17, 11, 10, 20, 4, 9, 5, 14, 19, 1]"
SMTWT_L_050,SMTWT,L,50,"We’ve got a stack of parts queued for the single shop lathe, each with its own machining time, a pickup deadline, and a penalty weight that measures how badly a client minds lateness. The lathe will work through the parts one by one, every part must be machined once and none can overlap, so a part’s completion time is whatever time it finishes after all earlier parts. If a part finishes after its deadline, take the minutes late, multiply by its penalty weight, and sum that for all parts — the goal is to pick an order that makes that total as small as possible. The exact times, deadlines and penalties are listed below.

# num_parts=23
# part_ids=0, 1, 2, 3, 4, 5, 6, 7, 8, 9, 10, 11, 12, 13, 14, 15, 16, 17, 18, 19, 20, 21, 22
part_id,machining_time,client_penalty_weight,pickup_due_time
0,37,5,660
1,24,7,810
2,95,1,629
3,69,6,614
4,86,4,656
5,97,3,797
6,71,8,641
7,97,1,658
8,56,9,767
9,14,9,653
10,11,8,827
11,55,7,696
12,81,2,805
13,32,1,733
14,23,4,701
15,33,4,710
16,36,8,768
17,27,7,707
18,61,8,665
19,75,9,745
20,3,10,754
21,52,10,671
22,91,9,802

If you want to hand me back the chosen order, just drop it into a tiny JSON object like this:

{
  ""solution"": [
    <part_id_first>,
    <part_id_second>,
    ...,
    <part_id_last>
  ]
}

""solution"" should be an array listing the part IDs in the sequence they’ll be machined, from the one to do first to the one to do last. This is just a sketch of the shape I expect — don’t fill it in here, it shows the format I need.

Please use the identifiers exactly as they appear in the instance input — no renaming and no new labels.

for example: ""Valid identifiers look like plain numbers such as “1” or “23”, single capital letters like “A” or “B”, or a capital letter followed by digits like “A1” or “X7”.""",csv,zero_based,"{""n_jobs"": 23, ""processing_times"": [37, 24, 95, 69, 86, 97, 71, 97, 56, 14, 11, 55, 81, 32, 23, 33, 36, 27, 61, 75, 3, 52, 91], ""weights"": [5, 7, 1, 6, 4, 3, 8, 1, 9, 9, 8, 7, 2, 1, 4, 4, 8, 7, 8, 9, 10, 10, 9], ""due_dates"": [660, 810, 629, 614, 656, 797, 641, 658, 767, 653, 827, 696, 805, 733, 701, 710, 768, 707, 665, 745, 754, 671, 802]}","{""start_times"": [268, 789, 1034, 0, 69, 856, 567, 1129, 472, 305, 813, 319, 953, 824, 449, 638, 528, 671, 155, 374, 564, 216, 698], ""end_times"": [305, 813, 1129, 69, 155, 953, 638, 1226, 528, 319, 824, 374, 1034, 856, 472, 671, 564, 698, 216, 449, 567, 268, 789], ""tardiness"": [0, 3, 500, 0, 0, 156, 0, 568, 0, 0, 0, 0, 229, 123, 0, 0, 0, 0, 0, 0, 0, 0, 0]}",2138.0,"{""problem_type"": ""SMTWT"", ""n_jobs"": 23, ""jobs"": [0, 1, 2, 3, 4, 5, 6, 7, 8, 9, 10, 11, 12, 13, 14, 15, 16, 17, 18, 19, 20, 21, 22], ""job_records"": [{""job_id"": 0, ""processing_time"": 37, ""weight"": 5, ""due_date"": 660}, {""job_id"": 1, ""processing_time"": 24, ""weight"": 7, ""due_date"": 810}, {""job_id"": 2, ""processing_time"": 95, ""weight"": 1, ""due_date"": 629}, {""job_id"": 3, ""processing_time"": 69, ""weight"": 6, ""due_date"": 614}, {""job_id"": 4, ""processing_time"": 86, ""weight"": 4, ""due_date"": 656}, {""job_id"": 5, ""processing_time"": 97, ""weight"": 3, ""due_date"": 797}, {""job_id"": 6, ""processing_time"": 71, ""weight"": 8, ""due_date"": 641}, {""job_id"": 7, ""processing_time"": 97, ""weight"": 1, ""due_date"": 658}, {""job_id"": 8, ""processing_time"": 56, ""weight"": 9, ""due_date"": 767}, {""job_id"": 9, ""processing_time"": 14, ""weight"": 9, ""due_date"": 653}, {""job_id"": 10, ""processing_time"": 11, ""weight"": 8, ""due_date"": 827}, {""job_id"": 11, ""processing_time"": 55, ""weight"": 7, ""due_date"": 696}, {""job_id"": 12, ""processing_time"": 81, ""weight"": 2, ""due_date"": 805}, {""job_id"": 13, ""processing_time"": 32, ""weight"": 1, ""due_date"": 733}, {""job_id"": 14, ""processing_time"": 23, ""weight"": 4, ""due_date"": 701}, {""job_id"": 15, ""processing_time"": 33, ""weight"": 4, ""due_date"": 710}, {""job_id"": 16, ""processing_time"": 36, ""weight"": 8, ""due_date"": 768}, {""job_id"": 17, ""processing_time"": 27, ""weight"": 7, ""due_date"": 707}, {""job_id"": 18, ""processing_time"": 61, ""weight"": 8, ""due_date"": 665}, {""job_id"": 19, ""processing_time"": 75, ""weight"": 9, ""due_date"": 745}, {""job_id"": 20, ""processing_time"": 3, ""weight"": 10, ""due_date"": 754}, {""job_id"": 21, ""processing_time"": 52, ""weight"": 10, ""due_date"": 671}, {""job_id"": 22, ""processing_time"": 91, ""weight"": 9, ""due_date"": 802}]}","[3, 4, 18, 21, 0, 9, 11, 19, 14, 8, 16, 20, 6, 15, 17, 22, 1, 10, 13, 5, 12, 2, 7]"
